1769904000000000,2451.96000000,2467.75000000,2446.12000000,2465.07000000,8211.97750000,1769904899999999,20188476.37917000,82694,3649.46040000,8974934.68040000,0
1769904900000000,2465.07000000,2475.98000000,2455.04000000,2455.97000000,11478.29460000,1769905799999999,28326508.11727400,139066,4661.47830000,11509770.99244000,0
1769905800000000,2455.97000000,2464.34000000,2448.00000000,2450.04000000,6697.49270000,1769906699999999,16441226.82772800,119723,2031.21610000,4986317.61494300,0
1769906700000000,2450.04000000,2459.21000000,2448.95000000,2452.18000000,5608.31100000,1769907599999999,13768093.55557600,99959,2184.10810000,5361478.41483500,0
1769907600000000,2452.18000000,2455.61000000,2432.31000000,2440.96000000,9515.47520000,1769908499999999,23221758.96784800,120770,3335.36580000,8136992.34036900,0
1769908500000000,2440.96000000,2454.00000000,2429.15000000,2452.51000000,7292.01800000,1769909399999999,17774220.22471100,106046,3255.80370000,7942464.65466500,0
1769909400000000,2452.51000000,2453.00000000,2435.00000000,2436.94000000,4894.81840000,1769910299999999,11958842.59524100,97474,1723.71280000,4211561.91014000,0
1769910300000000,2436.95000000,2447.17000000,2435.87000000,2444.70000000,3344.49640000,1769911199999999,8170689.07104300,76799,1626.86440000,3974777.05766700,0
1769911200000000,2444.70000000,2458.19000000,2440.24000000,2456.77000000,4292.22180000,1769912099999999,10504177.28046500,82961,2025.99230000,4959160.80081900,0
1769912100000000,2456.76000000,2458.28000000,2444.17000000,2446.26000000,3747.72510000,1769912999999999,9177561.50777200,77670,1528.30370000,3741718.25752900,0
1769913000000000,2446.26000000,2455.20000000,2445.98000000,2451.57000000,4414.60240000,1769913899999999,10820173.80856200,83141,1511.90930000,3705574.86510000,0
1769913900000000,2451.57000000,2461.81000000,2451.41000000,2452.61000000,6139.22850000,1769914799999999,15076876.49699400,91434,3033.90140000,7450534.68683200,0
1769914800000000,2452.61000000,2456.62000000,2446.53000000,2449.55000000,4519.29670000,1769915699999999,11074097.27829300,77528,1580.22780000,3872475.03466700,0
1769915700000000,2449.56000000,2450.88000000,2438.13000000,2443.11000000,4473.10980000,1769916599999999,10930223.58902700,75536,947.52360000,2315781.58597300,0
1769916600000000,2443.11000000,2446.39000000,2438.50000000,2440.97000000,4253.96600000,1769917499999999,10391803.15201300,68330,1056.45680000,2580746.46188600,0
1769917500000000,2440.97000000,2445.86000000,2440.66000000,2445.46000000,4103.20350000,1769918399999999,10025421.80478600,55500,987.69590000,2413376.99324800,0
1769918400000000,2445.46000000,2453.66000000,2441.52000000,2452.11000000,4613.39320000,1769919299999999,11283776.10705000,68785,1883.47610000,4607689.40787900,0
1769919300000000,2452.10000000,2454.66000000,2445.96000000,2448.22000000,4039.05900000,1769920199999999,9896148.14495600,65129,1072.01170000,2626768.81375400,0
1769920200000000,2448.21000000,2453.29000000,2447.40000000,2452.66000000,3006.92430000,1769921099999999,7367416.15536400,53651,963.21590000,2359996.76081700,0
1769921100000000,2452.66000000,2454.25000000,2448.11000000,2448.23000000,2852.76630000,1769921999999999,6994105.28989700,48008,716.98190000,1757785.06497700,0
1769922000000000,2448.23000000,2449.44000000,2435.42000000,2441.03000000,8050.49590000,1769922899999999,19653280.72248700,81798,2411.43340000,5886455.17645000,0
1769922900000000,2441.02000000,2448.80000000,2435.81000000,2447.40000000,6457.27700000,1769923799999999,15774859.94169300,54877,2585.95710000,6317936.52509300,0
1769923800000000,2447.40000000,2448.15000000,2424.56000000,2427.11000000,7048.31700000,1769924699999999,17172318.54000500,67821,1807.02010000,4401795.23626700,0
1769924700000000,2427.11000000,2432.31000000,2425.21000000,2430.51000000,5808.58370000,1769925599999999,14111709.82907900,71937,2701.13530000,6561725.03542800,0
1769925600000000,2430.52000000,2438.22000000,2430.51000000,2437.56000000,4317.22350000,1769926499999999,10512678.37665800,58437,1199.19660000,2920053.65494400,0
1769926500000000,2437.56000000,2440.00000000,2433.29000000,2433.47000000,5013.20460000,1769927399999999,12215521.88011300,62346,958.09530000,2334458.37103000,0
1769927400000000,2433.48000000,2436.48000000,2408.17000000,2419.09000000,20062.20560000,1769928299999999,48615782.69104200,131994,9143.64870000,22164875.93746800,0
1769928300000000,2419.09000000,2423.21000000,2411.01000000,2418.65000000,10004.17520000,1769929199999999,24198323.92831100,120945,3728.77730000,9020142.00265400,0
1769929200000000,2418.66000000,2419.36000000,2397.24000000,2399.47000000,15394.15240000,1769930099999999,37080759.74018000,178278,5408.15280000,13024259.14224300,0
1769930100000000,2399.47000000,2408.60000000,2393.46000000,2407.30000000,9980.71090000,1769930999999999,23955317.50792600,103090,4516.17490000,10839566.01881400,0
1769931000000000,2407.31000000,2438.79000000,2405.07000000,2430.90000000,9637.30330000,1769931899999999,23338254.54032500,116229,4769.70990000,11549647.29343400,0
1769931900000000,2430.90000000,2431.46000000,2410.15000000,2411.22000000,6348.42410000,1769932799999999,15367941.31481100,75685,1841.81830000,4458460.01075800,0
1769932800000000,2411.22000000,2417.56000000,2409.38000000,2412.57000000,4038.26090000,1769933699999999,9746587.11272000,60459,1611.15970000,3888777.58031900,0
1769933700000000,2412.58000000,2414.05000000,2396.57000000,2404.57000000,11142.25100000,1769934599999999,26787656.05316000,128234,4155.87430000,9998085.67920500,0
1769934600000000,2404.57000000,2428.37000000,2403.21000000,2426.01000000,6331.93080000,1769935499999999,15306251.78974400,104766,3422.10860000,8270995.89552000,0
1769935500000000,2426.02000000,2426.02000000,2412.02000000,2412.95000000,5274.81680000,1769936399999999,12750674.66943200,76561,1443.52390000,3488071.92211500,0
1769936400000000,2412.95000000,2420.84000000,2406.63000000,2417.50000000,3299.62850000,1769937299999999,7967573.14002000,67022,1300.28270000,3140117.99871000,0
1769937300000000,2417.51000000,2418.32000000,2410.10000000,2413.43000000,3261.78440000,1769938199999999,7877531.78499500,54314,1220.64680000,2948152.97911700,0
1769938200000000,2413.44000000,2428.96000000,2413.09000000,2426.70000000,3459.57760000,1769939099999999,8380206.75091600,53452,1821.64240000,4411954.47716300,0
1769939100000000,2426.70000000,2438.22000000,2421.69000000,2432.23000000,3055.88920000,1769939999999999,7423391.48028200,58830,1735.82430000,4217924.49480600,0
1769940000000000,2432.23000000,2438.98000000,2426.81000000,2437.74000000,3829.76760000,1769940899999999,9315198.36843500,68127,1526.53780000,3713062.81615300,0
1769940900000000,2437.74000000,2437.74000000,2426.85000000,2429.80000000,4030.00380000,1769941799999999,9794173.44078900,74654,867.13440000,2107176.35334400,0
1769941800000000,2429.79000000,2431.01000000,2385.73000000,2386.00000000,17458.43980000,1769942699999999,41922872.81191000,195622,5026.11600000,12063981.89957200,0
1769942700000000,2386.00000000,2395.13000000,2376.10000000,2381.03000000,10632.15760000,1769943599999999,25365461.28858200,145370,3343.08530000,7977335.81249300,0
1769943600000000,2381.04000000,2394.04000000,2381.03000000,2393.55000000,5627.67680000,1769944499999999,13441085.00473000,83461,2762.72160000,6597610.59578900,0
1769944500000000,2393.55000000,2393.55000000,2383.73000000,2387.37000000,4275.29390000,1769945399999999,10210990.29335800,70473,1362.14470000,3253011.96188500,0
1769945400000000,2387.38000000,2423.90000000,2387.38000000,2420.12000000,9110.34500000,1769946299999999,21936619.24618600,111812,5200.11950000,12523717.87350600,0
1769946300000000,2420.12000000,2422.56000000,2409.32000000,2411.86000000,5002.69050000,1769947199999999,12080084.31564100,73934,1802.68320000,4354437.39056000,0
1769947200000000,2411.86000000,2412.47000000,2405.64000000,2406.87000000,3078.08160000,1769948099999999,7414172.96505500,65172,1154.26820000,2780259.36654300,0
1769948100000000,2406.88000000,2406.88000000,2365.00000000,2394.37000000,21533.37780000,1769948999999999,51503956.99320500,102390,4830.28940000,11552265.98803200,0
1769949000000000,2394.37000000,2408.75000000,2392.28000000,2392.99000000,9124.44350000,1769949899999999,21912795.92894700,79901,5633.88420000,13536422.75278900,0
1769949900000000,2393.00000000,2398.78000000,2393.00000000,2396.02000000,1476.41190000,1769950799999999,3537557.65256600,43946,677.58900000,1623518.59106000,0
1769950800000000,2396.01000000,2410.53000000,2396.01000000,2405.63000000,3633.75690000,1769951699999999,8740367.61527200,74847,2157.07170000,5188580.92832400,0
1769951700000000,2405.63000000,2409.85000000,2398.01000000,2399.60000000,1955.65280000,1769952599999999,4700465.63981100,53113,770.08630000,1850755.04162200,0
1769952600000000,2399.59000000,2401.93000000,2387.33000000,2393.35000000,4251.27290000,1769953499999999,10177357.75542800,65110,1412.00370000,3381602.67446900,0
1769953500000000,2393.35000000,2395.95000000,2370.10000000,2381.13000000,6834.36350000,1769954399999999,16270132.14447300,113272,3284.41450000,7818711.98142100,0
1769954400000000,2381.13000000,2389.57000000,2372.55000000,2377.44000000,5837.65350000,1769955299999999,13892272.50912600,107539,2809.56380000,6687205.72055500,0
1769955300000000,2377.44000000,2379.26000000,2355.84000000,2360.28000000,10610.08370000,1769956199999999,25118214.09548400,172336,4532.06330000,10731611.49343700,0
1769956200000000,2360.27000000,2366.70000000,2326.96000000,2351.15000000,26403.24830000,1769957099999999,61930959.85569000,273282,10895.60650000,25561620.46372600,0
1769957100000000,2351.16000000,2387.83000000,2345.44000000,2373.07000000,16145.71670000,1769957999999999,38259910.87910400,224031,7925.26590000,18789052.65927600,0
1769958000000000,2373.07000000,2373.07000000,2334.62000000,2337.71000000,11639.31310000,1769958899999999,27385560.91603400,151826,4139.74610000,9733904.18003700,0
1769958900000000,2337.71000000,2343.24000000,2305.82000000,2308.35000000,30847.19570000,1769959799999999,71599691.86469800,276633,13261.67340000,30781681.52995800,0
1769959800000000,2308.34000000,2317.41000000,2285.40000000,2301.50000000,39264.74930000,1769960699999999,90355533.74914300,293626,15797.83210000,36379311.66569900,0
1769960700000000,2301.50000000,2336.34000000,2298.15000000,2315.39000000,22733.81270000,1769961599999999,52714167.56434000,198919,7147.33410000,16572209.13305300,0
1769961600000000,2315.47000000,2325.47000000,2293.20000000,2310.58000000,20138.01230000,1769962499999999,46455404.73017100,207694,7832.57840000,18068190.31197200,0
1769962500000000,2310.58000000,2333.15000000,2284.17000000,2320.41000000,18075.55840000,1769963399999999,41708096.80464000,218533,7276.82430000,16793608.39649600,0
1769963400000000,2320.40000000,2330.68000000,2299.64000000,2305.35000000,15752.83260000,1769964299999999,36425494.42106000,151520,6936.51010000,16034608.85822900,0
1769964300000000,2305.35000000,2315.10000000,2296.01000000,2304.06000000,11309.99120000,1769965199999999,26082568.28617400,139694,4429.37050000,10215481.17331000,0
1769965200000000,2304.07000000,2321.94000000,2302.76000000,2318.27000000,9484.73570000,1769966099999999,21945448.06739900,139023,4540.77610000,10506967.55114900,0
1769966100000000,2318.28000000,2321.64000000,2297.20000000,2312.93000000,10547.14580000,1769966999999999,24346826.53148100,129147,5242.90560000,12100716.47317700,0
1769967000000000,2312.92000000,2316.70000000,2296.92000000,2303.16000000,22512.58170000,1769967899999999,51825222.28604900,110436,14380.40070000,33093168.94187500,0
1769967900000000,2303.16000000,2314.00000000,2297.06000000,2313.96000000,23842.77190000,1769968799999999,54987968.84822200,84225,17800.63310000,41052364.39361800,0
1769968800000000,2313.96000000,2364.83000000,2313.33000000,2357.31000000,26251.55090000,1769969699999999,61486844.06260500,203028,12525.84260000,29313607.20468800,0
1769969700000000,2357.30000000,2377.99000000,2349.38000000,2360.63000000,12821.07020000,1769970599999999,30311557.60783700,154006,6686.15130000,15814413.26361000,0
1769970600000000,2360.63000000,2362.99000000,2342.19000000,2344.90000000,15659.52330000,1769971499999999,36837724.02317500,112966,11253.12650000,26474260.08462900,0
1769971500000000,2344.89000000,2352.12000000,2336.23000000,2350.97000000,7751.75130000,1769972399999999,18169896.46935900,95375,3466.45930000,8130537.70082700,0
1769972400000000,2350.96000000,2356.00000000,2336.71000000,2340.59000000,6902.19640000,1769973299999999,16177460.74187400,98794,2626.50080000,6157911.29869000,0
1769973300000000,2340.64000000,2345.82000000,2330.59000000,2341.02000000,6915.44730000,1769974199999999,16174074.92529900,110711,3229.75530000,7554656.32653800,0
1769974200000000,2341.02000000,2347.99000000,2335.17000000,2338.73000000,8903.79970000,1769975099999999,20831651.06097000,84588,5477.98230000,12814790.35537200,0
1769975100000000,2338.74000000,2338.74000000,2306.29000000,2320.35000000,19585.45270000,1769975999999999,45429705.23179400,144719,11588.98100000,26879861.47188300,0
1769976000000000,2320.35000000,2329.96000000,2311.39000000,2318.58000000,7867.03730000,1769976899999999,18258860.55222200,104309,3836.58690000,8904980.97063600,0
1769976900000000,2318.58000000,2329.94000000,2298.56000000,2300.54000000,21989.74930000,1769977799999999,50950701.06514100,139862,13565.37070000,31466115.88496900,0
1769977800000000,2300.55000000,2349.24000000,2300.55000000,2333.97000000,13084.05490000,1769978699999999,30473380.09255400,170701,7076.30040000,16483319.99414100,0
1769978700000000,2333.96000000,2334.64000000,2313.44000000,2316.36000000,6661.15420000,1769979599999999,15473360.26523300,85303,2383.09210000,5532363.03995200,0
1769979600000000,2316.35000000,2317.69000000,2291.86000000,2301.74000000,12165.16440000,1769980499999999,28017756.29153900,134758,5487.26270000,12640997.21269700,0
1769980500000000,2301.74000000,2312.65000000,2295.08000000,2309.60000000,6525.12900000,1769981399999999,15025164.80879100,105008,3152.08810000,7261533.94351600,0
1769981400000000,2309.61000000,2319.57000000,2302.14000000,2308.46000000,4565.68720000,1769982299999999,10558830.36326300,98258,2112.09580000,4886439.61028400,0
1769982300000000,2308.47000000,2308.47000000,2279.16000000,2290.58000000,19049.86120000,1769983199999999,43691500.94819800,190154,8523.75180000,19544740.11826100,0
1769983200000000,2290.59000000,2334.90000000,2287.18000000,2324.67000000,11537.75810000,1769984099999999,26656519.45714000,153211,6234.62460000,14403596.43153700,0
1769984100000000,2324.68000000,2325.02000000,2293.24000000,2315.39000000,10006.68200000,1769984999999999,23090471.59271900,116820,4858.77310000,11209490.75239000,0
1769985000000000,2315.39000000,2330.77000000,2313.13000000,2321.53000000,5178.33580000,1769985899999999,12017789.40686700,78737,2533.58480000,5879345.29706200,0
1769985900000000,2321.54000000,2326.59000000,2311.00000000,2319.33000000,3610.89750000,1769986799999999,8372461.64790500,60792,1760.65130000,4084179.14155900,0
1769986800000000,2319.33000000,2321.69000000,2222.00000000,2259.56000000,60779.78530000,1769987699999999,137098446.12145200,321111,27291.16660000,61575883.27310200,0
1769987700000000,2259.57000000,2268.34000000,2228.38000000,2258.36000000,34901.74280000,1769988599999999,78493158.29436000,254090,13601.19540000,30594483.61084800,0
1769988600000000,2258.37000000,2302.57000000,2248.44000000,2296.52000000,19536.74440000,1769989499999999,44576337.31731000,178567,10179.54640000,23236090.41641700,0
1769989500000000,2296.52000000,2297.65000000,2265.67000000,2270.15000000,21839.64010000,1769990399999999,49669995.25926600,125822,12111.63320000,27526307.59753400,0
1769990400000000,2270.16000000,2299.18000000,2242.33000000,2290.86000000,22645.02620000,1769991299999999,51422371.22446600,248643,11362.48040000,25813739.91309800,0
1769991300000000,2290.86000000,2322.02000000,2288.78000000,2313.93000000,19981.73020000,1769992199999999,46149214.57871700,215701,9626.16180000,22234243.82830600,0
1769992200000000,2313.92000000,2324.17000000,2306.81000000,2311.40000000,9638.35240000,1769993099999999,22303240.38985400,163065,5124.77070000,11860178.97760500,0
1769993100000000,2311.40000000,2313.80000000,2287.86000000,2293.20000000,8424.67490000,1769993999999999,19377478.96226100,123797,3341.69920000,7686314.97844600,0
1769994000000000,2293.21000000,2308.07000000,2256.30000000,2258.72000000,12073.56540000,1769994899999999,27540146.49938300,160809,5010.38350000,11448197.79816400,0
1769994900000000,2258.72000000,2318.66000000,2250.13000000,2311.02000000,19022.64360000,1769995799999999,43497303.85072400,197438,10597.65100000,24232833.21847100,0
1769995800000000,2311.03000000,2311.41000000,2294.32000000,2302.89000000,6322.52660000,1769996699999999,14559245.31329000,111218,2930.15080000,6747751.64400500,0
1769996700000000,2302.89000000,2304.07000000,2287.46000000,2291.29000000,5585.54380000,1769997599999999,12824368.53477800,95131,2453.89450000,5635530.00903300,0
1769997600000000,2291.30000000,2295.17000000,2275.73000000,2282.90000000,6998.30960000,1769998499999999,15992200.47631200,88599,3272.92880000,7480029.29172700,0
1769998500000000,2282.90000000,2300.51000000,2280.88000000,2294.01000000,8081.54590000,1769999399999999,18524409.89774600,88292,4732.83550000,10847006.59989100,0
1769999400000000,2294.01000000,2299.20000000,2269.28000000,2274.94000000,10609.86040000,1770000299999999,24223537.12376900,127899,3780.38940000,8626798.72826400,0
1770000300000000,2274.95000000,2278.43000000,2259.48000000,2262.27000000,13315.66390000,1770001199999999,30206225.76011400,153139,5981.99950000,13572632.67785800,0
1770001200000000,2262.27000000,2267.67000000,2229.31000000,2231.68000000,19304.50230000,1770002099999999,43440600.64760000,156207,7039.93840000,15844842.97649100,0
1770002100000000,2231.68000000,2235.47000000,2168.02000000,2173.58000000,68875.94220000,1770002999999999,151327496.00189400,358790,27573.99860000,60556652.39977200,0
1770003000000000,2173.59000000,2202.00000000,2166.14000000,2180.20000000,29451.41930000,1770003899999999,64226802.58346600,261288,14728.49050000,32125613.95191500,0
1770003900000000,2180.24000000,2249.05000000,2178.94000000,2239.02000000,38028.60640000,1770004799999999,84547297.80098700,251144,19898.27260000,44223466.88727000,0
1770004800000000,2239.01000000,2240.00000000,2207.55000000,2213.68000000,14326.28060000,1770005699999999,31824885.23626900,146966,7343.24540000,16315502.85975000,0
1770005700000000,2213.67000000,2268.00000000,2212.12000000,2263.16000000,13669.42950000,1770006599999999,30660958.58854000,153760,7845.76030000,17595670.76143300,0
1770006600000000,2263.15000000,2265.78000000,2253.21000000,2255.32000000,6861.48380000,1770007499999999,15500216.33694900,82713,3224.16870000,7283413.92383500,0
1770007500000000,2255.32000000,2257.40000000,2240.27000000,2240.54000000,6296.83050000,1770008399999999,14155910.94969500,68712,3009.60040000,6765848.03890500,0
1770008400000000,2240.54000000,2243.11000000,2214.33000000,2218.66000000,12021.35330000,1770009299999999,26767267.38448500,105415,4930.59260000,10978313.10564300,0
1770009300000000,2218.66000000,2219.71000000,2185.25000000,2194.73000000,18266.54770000,1770010199999999,40243800.32030700,159073,8724.67550000,19228078.34249200,0
1770010200000000,2194.73000000,2208.33000000,2184.95000000,2200.58000000,15468.91000000,1770011099999999,34004648.64124000,152967,7728.04510000,16993947.31382400,0
1770011100000000,2200.57000000,2213.87000000,2189.09000000,2198.02000000,15390.55160000,1770011999999999,33851310.25491200,153967,7687.75500000,16912584.11464000,0
1770012000000000,2198.02000000,2201.98000000,2177.05000000,2194.11000000,38812.73610000,1770012899999999,85062334.91837500,165948,26412.72430000,57907127.50392800,0
1770012900000000,2194.10000000,2215.23000000,2189.65000000,2198.02000000,17399.93630000,1770013799999999,38353297.42100200,176713,8615.12250000,18993218.55806100,0
1770013800000000,2198.02000000,2240.50000000,2157.14000000,2220.93000000,67199.64260000,1770014699999999,146863580.60797100,256078,32016.52440000,70011221.76875400,0
1770014700000000,2220.93000000,2236.24000000,2206.90000000,2227.44000000,18169.35920000,1770015599999999,40357545.74157000,184202,9504.17160000,21115265.34570500,0
1770015600000000,2227.43000000,2248.27000000,2218.39000000,2228.10000000,18350.35770000,1770016499999999,40980686.74160800,164367,9959.63640000,22249861.48738500,0
1770016500000000,2228.07000000,2238.34000000,2217.57000000,2227.75000000,8427.46400000,1770017399999999,18774264.57508300,94333,4461.10450000,9939015.72055100,0
1770017400000000,2227.76000000,2242.89000000,2225.16000000,2236.04000000,12920.23070000,1770018299999999,28851549.63334500,116641,8011.60140000,17889841.92213400,0
1770018300000000,2236.04000000,2253.16000000,2228.29000000,2228.93000000,18213.82710000,1770019199999999,40762675.00892200,133150,10379.13290000,23231573.28170500,0
1770019200000000,2228.93000000,2248.20000000,2228.93000000,2243.36000000,12330.50350000,1770020099999999,27612793.89989300,132719,6936.63130000,15534396.20428300,0
1770020100000000,2243.37000000,2256.76000000,2236.73000000,2240.93000000,11758.70500000,1770020999999999,26394008.58229500,132162,6244.68340000,14018011.23298100,0
1770021000000000,2240.94000000,2254.25000000,2239.64000000,2247.33000000,6963.05600000,1770021899999999,15645804.08983500,87690,3953.57530000,8883140.48366600,0
1770021900000000,2247.32000000,2258.62000000,2244.29000000,2249.33000000,6214.91020000,1770022799999999,13999402.72223200,73179,2638.44890000,5943794.96345900,0
1770022800000000,2249.33000000,2252.23000000,2237.57000000,2244.10000000,6780.72380000,1770023699999999,15211757.34190700,97448,2736.44610000,6140300.46235800,0
1770023700000000,2244.10000000,2282.76000000,2238.27000000,2280.35000000,11271.17340000,1770024599999999,25470871.44417500,122833,6496.04270000,14684759.10976400,0
1770024600000000,2280.35000000,2303.84000000,2274.41000000,2290.43000000,19424.59140000,1770025499999999,44429939.93774800,167538,9463.50240000,21653391.82895000,0
1770025500000000,2290.42000000,2319.00000000,2287.96000000,2291.57000000,18948.80100000,1770026399999999,43605355.41826800,147724,9700.77550000,22327628.56376200,0
1770026400000000,2291.58000000,2299.67000000,2285.68000000,2288.22000000,8916.94730000,1770027299999999,20446135.74653600,97661,5142.60950000,11793505.67830300,0
1770027300000000,2288.22000000,2291.32000000,2275.42000000,2288.24000000,10542.34370000,1770028199999999,24071282.45565400,104160,4319.81220000,9863547.35269800,0
1770028200000000,2288.23000000,2293.99000000,2273.52000000,2279.44000000,14450.10200000,1770029099999999,32967406.99662900,99926,7609.43980000,17362203.39752300,0
1770029100000000,2279.44000000,2281.00000000,2275.88000000,2277.80000000,7561.82250000,1770029999999999,17230507.38388100,49635,4770.27870000,10870736.09557900,0
1770030000000000,2277.80000000,2287.00000000,2273.50000000,2282.53000000,19180.44900000,1770030899999999,43738657.30061100,74796,12740.96510000,29057186.09415200,0
1770030900000000,2282.53000000,2283.86000000,2273.80000000,2283.45000000,7566.90530000,1770031799999999,17247940.10268700,59181,2872.62930000,6549369.61133800,0
1770031800000000,2283.45000000,2292.00000000,2281.43000000,2288.98000000,18347.87420000,1770032699999999,41967670.83487100,81974,9330.23430000,21340014.33447800,0
1770032700000000,2288.99000000,2298.01000000,2275.25000000,2282.32000000,22171.13640000,1770033599999999,50683520.38282700,79945,7906.87220000,18098723.71339000,0
1770033600000000,2282.32000000,2299.98000000,2282.01000000,2298.61000000,5444.93650000,1770034499999999,12477885.00886700,63736,2645.39150000,6063395.19782900,0
1770034500000000,2298.61000000,2317.64000000,2294.00000000,2309.02000000,14170.47930000,1770035399999999,32691849.07745100,108491,7240.51940000,16705074.13202100,0
1770035400000000,2309.01000000,2311.50000000,2297.34000000,2300.54000000,6989.72110000,1770036299999999,16101710.46783200,87561,2973.57330000,6850657.15031900,0
1770036300000000,2300.53000000,2318.13000000,2298.93000000,2311.66000000,9720.57740000,1770037199999999,22423647.56385000,89849,4933.13530000,11383079.52924700,0
1770037200000000,2311.65000000,2313.81000000,2302.45000000,2311.34000000,5754.06350000,1770038099999999,13278046.03177100,92847,2960.73390000,6832033.85514500,0
1770038100000000,2311.33000000,2325.87000000,2304.00000000,2313.36000000,6819.99030000,1770038999999999,15799171.37608400,84516,3282.70580000,7604697.44443300,0
1770039000000000,2313.37000000,2327.95000000,2306.77000000,2321.62000000,6629.49300000,1770039899999999,15362506.85141100,69556,3609.29630000,8366038.70514100,0
1770039900000000,2321.63000000,2335.90000000,2316.75000000,2327.93000000,10347.02480000,1770040799999999,24070149.90502700,77001,5893.84330000,13713411.45726800,0
1770040800000000,2327.93000000,2331.40000000,2274.19000000,2306.35000000,24678.50430000,1770041699999999,57010449.27200100,120928,7227.68840000,16719580.87788200,0
1770041700000000,2306.35000000,2320.00000000,2298.62000000,2316.81000000,21699.33220000,1770042599999999,50092194.05360100,118379,13644.50450000,31497673.74379000,0
1770042600000000,2316.81000000,2367.68000000,2315.62000000,2352.50000000,45530.61050000,1770043499999999,106810757.16089400,388577,25348.36640000,59443261.21557600,0
1770043500000000,2352.49000000,2362.46000000,2323.19000000,2328.94000000,23240.44370000,1770044399999999,54463425.27157700,223971,11056.46040000,25911267.94857500,0
1770044400000000,2328.93000000,2353.89000000,2320.00000000,2349.18000000,21055.73010000,1770045299999999,49146086.57333800,206606,11138.18360000,25999588.50825500,0
1770045300000000,2349.17000000,2381.81000000,2342.12000000,2367.82000000,22683.76120000,1770046199999999,53691644.84245000,244292,10098.65360000,23903283.79406900,0
1770046200000000,2367.82000000,2396.62000000,2361.26000000,2377.37000000,22774.12890000,1770047099999999,54194284.45444000,179801,10893.51240000,25933377.03110500,0
1770047100000000,2377.38000000,2384.62000000,2361.78000000,2372.71000000,13292.21380000,1770047999999999,31542485.96263500,136065,5437.97830000,12909115.45219400,0
1770048000000000,2372.71000000,2381.63000000,2363.00000000,2375.66000000,10546.00040000,1770048899999999,25031584.37906200,109436,4757.78420000,11295086.77834700,0
1770048900000000,2375.65000000,2387.31000000,2371.50000000,2384.82000000,8717.31560000,1770049799999999,20750501.08693800,102937,3906.87520000,9302312.63287400,0
1770049800000000,2384.81000000,2386.75000000,2368.63000000,2372.64000000,7854.32010000,1770050699999999,18679895.06144100,80685,3594.32600000,8547351.59261000,0
1770050700000000,2372.63000000,2372.87000000,2349.90000000,2358.71000000,12968.47190000,1770051599999999,30570576.87890900,93750,4010.90010000,9457513.04630800,0
1770051600000000,2358.71000000,2378.63000000,2357.08000000,2375.00000000,8037.44180000,1770052499999999,19071266.26293500,87457,4485.02280000,10643081.48299900,0
1770052500000000,2375.00000000,2381.59000000,2365.39000000,2367.03000000,5439.35000000,1770053399999999,12906917.16148000,72703,2753.92370000,6537057.67744500,0
1770053400000000,2367.02000000,2374.53000000,2346.12000000,2353.84000000,15968.96260000,1770054299999999,37626078.49262800,79587,6999.83270000,16492858.83527700,0
1770054300000000,2353.83000000,2360.46000000,2345.74000000,2356.54000000,5389.68270000,1770055199999999,12683631.66948800,65777,1778.41650000,4185981.08753500,0
1770055200000000,2356.53000000,2357.05000000,2338.62000000,2344.52000000,5947.13060000,1770056099999999,13957719.46669800,63714,2122.15850000,4978561.66429000,0
1770056100000000,2344.52000000,2346.58000000,2332.74000000,2336.65000000,4107.97910000,1770056999999999,9616727.84228100,76056,1700.94880000,3982729.04780300,0
1770057000000000,2336.64000000,2359.78000000,2336.29000000,2346.17000000,13551.56700000,1770057899999999,31842293.64501900,92576,5925.42350000,13927612.69002400,0
1770057900000000,2346.16000000,2352.22000000,2344.36000000,2345.22000000,5750.42700000,1770058799999999,13493458.54518200,67095,2188.07110000,5135346.49412200,0
1770058800000000,2345.22000000,2351.17000000,2339.56000000,2346.08000000,6087.52790000,1770059699999999,14270476.73416800,75486,2825.27630000,6623605.58365500,0
1770059700000000,2346.08000000,2350.55000000,2336.71000000,2342.80000000,4107.92050000,1770060599999999,9628031.80061700,49593,2256.05780000,5288661.89584500,0
1770060600000000,2342.79000000,2343.39000000,2332.44000000,2341.94000000,4528.63950000,1770061499999999,10587452.57340800,63386,2248.59740000,5256353.69343700,0
1770061500000000,2341.93000000,2342.28000000,2327.68000000,2331.54000000,4746.83460000,1770062399999999,11078976.57545000,66410,2167.28840000,5059099.87085000,0
1770062400000000,2331.52000000,2340.78000000,2323.47000000,2327.00000000,8602.51370000,1770063299999999,20057481.53773500,104807,4552.93970000,10616753.46020800,0
1770063300000000,2327.01000000,2333.73000000,2321.75000000,2328.21000000,5189.03460000,1770064199999999,12080552.31716500,78486,2952.74120000,6874898.95592700,0
1770064200000000,2328.20000000,2328.20000000,2313.52000000,2318.30000000,5734.32720000,1770065099999999,13300194.48270900,92188,2367.65850000,5491171.63454800,0
1770065100000000,2318.29000000,2324.97000000,2313.33000000,2322.07000000,6118.66500000,1770065999999999,14191676.38782500,92843,3329.75290000,7722829.02889900,0
1770066000000000,2322.07000000,2342.67000000,2319.21000000,2334.92000000,6392.92840000,1770066899999999,14912129.38835700,88754,3526.58580000,8225543.43718200,0
1770066900000000,2334.91000000,2339.98000000,2329.09000000,2332.73000000,2278.22060000,1770067799999999,5314991.90087900,45178,1113.83670000,2598771.39151600,0
1770067800000000,2332.73000000,2345.20000000,2332.21000000,2339.83000000,3585.19910000,1770068699999999,8389800.76639000,48002,2334.54570000,5462691.27645700,0
1770068700000000,2339.83000000,2345.05000000,2338.71000000,2342.04000000,2480.11000000,1770069599999999,5807535.65067400,32697,1425.96500000,3339002.56648400,0
1770069600000000,2342.04000000,2352.51000000,2342.04000000,2343.47000000,2969.50840000,1770070499999999,6970235.61378000,41493,1846.24310000,4333645.96352600,0
1770070500000000,2343.47000000,2344.65000000,2336.00000000,2342.52000000,2574.38260000,1770071399999999,6025793.60689500,37238,1111.70060000,2602033.97081700,0
1770071400000000,2342.52000000,2354.99000000,2342.27000000,2351.70000000,2581.79170000,1770072299999999,6065766.18303200,35163,1532.49370000,3600340.53030200,0
1770072300000000,2351.70000000,2353.92000000,2344.27000000,2351.29000000,2229.95690000,1770073199999999,5238741.41499800,37494,935.24290000,2197454.61047600,0
1770073200000000,2351.30000000,2355.55000000,2346.72000000,2351.58000000,2715.95360000,1770074099999999,6387012.58166100,60884,1428.31480000,3358992.73099100,0
1770074100000000,2351.59000000,2354.00000000,2340.00000000,2341.75000000,2965.07630000,1770074999999999,6955667.48639400,35655,1090.35490000,2557676.46758700,0
1770075000000000,2341.76000000,2354.45000000,2340.76000000,2349.13000000,2872.29630000,1770075899999999,6747415.76520400,32833,1574.22940000,3697632.28027500,0
1770075900000000,2349.13000000,2350.80000000,2343.41000000,2347.02000000,2079.76660000,1770076799999999,4880482.46317600,21881,1016.03480000,2384443.87655800,0
1770076800000000,2347.01000000,2348.47000000,2325.23000000,2334.07000000,6207.36110000,1770077699999999,14493401.44206000,74848,2439.56680000,5695939.65649500,0
1770077700000000,2334.07000000,2346.54000000,2332.35000000,2346.53000000,5022.88550000,1770078599999999,11750149.68245200,72142,2624.09970000,6138808.07724400,0
1770078600000000,2346.54000000,2347.81000000,2338.18000000,2347.23000000,4217.17690000,1770079499999999,9884802.53432900,72831,1792.77970000,4202121.24539800,0
1770079500000000,2347.22000000,2355.77000000,2342.50000000,2353.98000000,4705.49320000,1770080399999999,11051307.03136900,74970,2113.54820000,4964588.09517500,0
1770080400000000,2353.98000000,2359.88000000,2343.96000000,2348.44000000,5212.58840000,1770081299999999,12255609.46073400,96491,2223.08230000,5227081.12758600,0
1770081300000000,2348.43000000,2352.12000000,2337.87000000,2351.59000000,4832.65010000,1770082199999999,11334277.46629600,88471,2142.59580000,5027089.67885300,0
1770082200000000,2351.59000000,2352.60000000,2343.96000000,2352.51000000,5684.91700000,1770083099999999,13347643.90375800,70595,1345.08490000,3158035.54978700,0
1770083100000000,2352.51000000,2356.25000000,2348.04000000,2354.68000000,2514.06350000,1770083999999999,5914272.05568300,58712,1286.98140000,3027610.64581000,0
1770084000000000,2354.69000000,2354.87000000,2328.30000000,2329.05000000,5087.54170000,1770084899999999,11896479.68190000,86199,1701.48140000,3978281.44638500,0
1770084900000000,2329.05000000,2341.33000000,2328.14000000,2330.37000000,6019.24190000,1770085799999999,14044482.54259600,78289,2901.11650000,6767464.77125600,0
1770085800000000,2330.37000000,2330.40000000,2315.01000000,2316.34000000,6167.36300000,1770086699999999,14315139.49800700,85484,2454.97480000,5696050.94918500,0
1770086700000000,2316.33000000,2318.88000000,2297.13000000,2298.72000000,8616.16980000,1770087599999999,19873377.90304700,109632,3249.43540000,7497888.19829700,0
1770087600000000,2298.72000000,2307.53000000,2284.48000000,2304.24000000,9854.40000000,1770088499999999,22617011.65909400,116639,5101.27600000,11708948.09423200,0
1770088500000000,2304.24000000,2316.42000000,2292.29000000,2314.73000000,6353.34410000,1770089399999999,14637180.92784900,90991,3554.75600000,8192919.29795300,0
1770089400000000,2314.72000000,2333.18000000,2312.35000000,2328.60000000,5358.38650000,1770090299999999,12451845.79591700,88186,3178.96850000,7387370.57016500,0
1770090300000000,2328.60000000,2345.15000000,2323.03000000,2344.03000000,6626.74690000,1770091199999999,15472666.48835900,79410,3906.88210000,9124242.49289000,0
1770091200000000,2343.99000000,2350.71000000,2336.80000000,2346.87000000,23433.03660000,1770092099999999,54906601.00560800,72737,17652.74140000,41361384.49963900,0
1770092100000000,2346.88000000,2347.99000000,2333.31000000,2333.73000000,11477.53060000,1770092999999999,26873289.30252800,46657,5947.63700000,13929173.79007200,0
1770093000000000,2333.73000000,2354.00000000,2333.72000000,2353.46000000,16529.57280000,1770093899999999,38767856.30971500,60026,11926.38540000,27968123.67399900,0
1770093900000000,2353.47000000,2354.99000000,2344.60000000,2345.57000000,6802.91760000,1770094799999999,15977690.35340100,43186,4250.23510000,9982257.38369500,0
1770094800000000,2345.57000000,2345.79000000,2325.85000000,2326.59000000,13163.14710000,1770095699999999,30749267.52964900,52091,6750.64550000,15772692.39473600,0
1770095700000000,2326.58000000,2330.50000000,2318.60000000,2329.00000000,10787.63700000,1770096599999999,25073127.73374400,55550,7041.41230000,16362818.09473600,0
1770096600000000,2328.99000000,2332.15000000,2319.89000000,2322.94000000,8613.87160000,1770097499999999,20053197.89703300,61657,4500.92050000,10482582.67649100,0
1770097500000000,2322.94000000,2327.47000000,2315.00000000,2316.12000000,3873.63070000,1770098399999999,8993188.91365800,50422,1520.91550000,3531816.95651000,0
1770098400000000,2316.13000000,2322.33000000,2298.44000000,2306.67000000,9210.57410000,1770099299999999,21253102.44911800,79432,4080.30070000,9414347.87756600,0
1770099300000000,2306.66000000,2328.49000000,2303.19000000,2324.36000000,5980.68090000,1770100199999999,13848199.07268700,62530,3545.50220000,8211153.84261300,0
1770100200000000,2324.34000000,2326.44000000,2317.94000000,2318.08000000,3736.04810000,1770101099999999,8673827.08195800,51363,1816.41320000,4216816.80540100,0
1770101100000000,2318.10000000,2324.76000000,2316.40000000,2320.48000000,3679.33940000,1770101999999999,8540492.87052100,52403,1836.72070000,4263449.59771400,0
1770102000000000,2320.48000000,2333.61000000,2312.80000000,2323.36000000,7465.61590000,1770102899999999,17344672.83510600,74897,4237.46780000,9846800.65673700,0
1770102900000000,2323.35000000,2326.01000000,2317.60000000,2321.51000000,7435.94440000,1770103799999999,17270015.66620700,54202,4267.61760000,9912650.64513900,0
1770103800000000,2321.52000000,2333.10000000,2320.08000000,2328.37000000,6911.84630000,1770104699999999,16088713.36585300,76772,3364.40810000,7831670.04631300,0
1770104700000000,2328.36000000,2328.82000000,2320.85000000,2323.12000000,3836.20300000,1770105599999999,8919690.69903500,45240,1493.67830000,3473109.70358400,0
1770105600000000,2323.13000000,2325.26000000,2309.20000000,2312.28000000,6020.56030000,1770106499999999,13962207.55526400,78985,2267.26850000,5258366.54470100,0
1770106500000000,2312.28000000,2332.57000000,2310.33000000,2327.65000000,5497.44050000,1770107399999999,12769080.69178500,70353,3320.62590000,7713182.53180400,0
1770107400000000,2327.65000000,2330.30000000,2320.99000000,2329.26000000,4741.46200000,1770108299999999,11028537.64647300,60315,2775.03860000,6454779.21582800,0
1770108300000000,2329.26000000,2329.70000000,2314.69000000,2315.77000000,4070.58610000,1770109199999999,9444829.97001400,48132,2143.95320000,4973376.38240200,0
1770109200000000,2315.77000000,2318.90000000,2281.78000000,2283.03000000,18174.77350000,1770110099999999,41768261.49499000,115826,8430.47510000,19370448.97179400,0
1770110100000000,2283.03000000,2291.52000000,2262.15000000,2273.80000000,19613.55870000,1770110999999999,44718985.66216000,174537,9033.93700000,20597365.95224700,0
1770111000000000,2273.81000000,2299.20000000,2273.81000000,2293.94000000,7660.49120000,1770111899999999,17528498.51945800,90844,4729.20520000,10820839.77448700,0
1770111900000000,2293.94000000,2297.58000000,2289.48000000,2292.06000000,2838.89990000,1770112799999999,6509634.84090100,47286,1522.70460000,3492768.05951700,0
1770112800000000,2292.06000000,2299.94000000,2287.89000000,2295.00000000,3003.90390000,1770113699999999,6891708.82911100,51644,1636.33820000,3755111.79307900,0
1770113700000000,2294.99000000,2296.42000000,2284.32000000,2292.60000000,5326.77670000,1770114599999999,12202145.36410500,59200,2758.21690000,6319016.25871400,0
1770114600000000,2292.59000000,2292.59000000,2276.70000000,2280.11000000,5585.79290000,1770115499999999,12752099.48608200,81850,2799.02940000,6388489.47621200,0
1770115500000000,2280.11000000,2284.99000000,2278.74000000,2281.79000000,2566.01480000,1770116399999999,5855959.35293300,45562,1652.44160000,3770996.07526600,0
1770116400000000,2281.79000000,2288.49000000,2278.49000000,2280.79000000,7206.66010000,1770117299999999,16450440.83937600,57308,2257.92510000,5155464.02820700,0
1770117300000000,2280.79000000,2284.95000000,2272.63000000,2272.81000000,11095.62390000,1770118199999999,25267658.89284200,69153,6647.98390000,15137294.64862700,0
1770118200000000,2272.81000000,2281.80000000,2270.39000000,2277.75000000,15964.94310000,1770119099999999,36326214.51867100,83310,7922.09260000,18026183.74795400,0
1770119100000000,2277.76000000,2287.89000000,2276.24000000,2276.68000000,6427.17150000,1770119999999999,14671346.89537600,55522,3169.07850000,7235062.52023400,0
1770120000000000,2276.68000000,2297.97000000,2272.21000000,2292.09000000,7797.79830000,1770120899999999,17806793.75342000,78015,4473.03360000,10213621.15170600,0
1770120900000000,2292.09000000,2297.05000000,2285.27000000,2294.72000000,5446.10350000,1770121799999999,12471056.31054500,72492,2688.04250000,6155722.95396900,0
1770121800000000,2294.71000000,2298.86000000,2288.59000000,2292.65000000,4986.85700000,1770122699999999,11439206.34508000,68828,2601.56100000,5967228.66188800,0
1770122700000000,2292.64000000,2306.01000000,2292.29000000,2301.32000000,8773.49820000,1770123599999999,20193614.62850100,68216,4455.04360000,10250486.68124600,0
1770123600000000,2301.31000000,2309.00000000,2298.12000000,2304.00000000,6953.53140000,1770124499999999,16015192.03676600,69295,2479.20400000,5708878.22899000,0
1770124500000000,2303.99000000,2307.66000000,2296.44000000,2306.18000000,4902.00060000,1770125399999999,11280387.09904400,62920,2885.83140000,6640008.41864800,0
1770125400000000,2306.18000000,2313.57000000,2301.94000000,2307.37000000,5106.81170000,1770126299999999,11788447.83679600,83011,2884.49820000,6658095.00230600,0
1770126300000000,2307.37000000,2317.65000000,2303.50000000,2312.21000000,5567.07880000,1770127199999999,12862747.30297700,69973,2814.22020000,6500171.02154300,0
1770127200000000,2312.22000000,2316.96000000,2308.34000000,2312.19000000,4104.27420000,1770128099999999,9488609.56753200,62449,1829.04180000,4227847.61733900,0
1770128100000000,2312.19000000,2314.71000000,2299.26000000,2308.86000000,7026.98180000,1770128999999999,16197221.56048400,86348,3341.36540000,7702087.53178400,0
1770129000000000,2308.85000000,2310.38000000,2274.45000000,2282.94000000,20665.86720000,1770129899999999,47308533.03446500,272228,9985.35140000,22855128.55310800,0
1770129900000000,2282.92000000,2296.61000000,2255.02000000,2257.20000000,18579.14220000,1770130799999999,42211752.76718600,263968,8517.67150000,19360093.92468300,0
1770130800000000,2257.19000000,2277.98000000,2251.94000000,2258.44000000,16972.20860000,1770131699999999,38460790.75324600,220190,8806.82070000,19964514.07632800,0
1770131700000000,2258.48000000,2309.85000000,2254.92000000,2294.44000000,23926.80830000,1770132599999999,54735378.32310200,238939,12030.88080000,27509734.61798100,0
1770132600000000,2294.44000000,2313.43000000,2281.05000000,2281.26000000,14407.13220000,1770133499999999,33100802.79357500,203269,7254.34400000,16682777.50076000,0
1770133500000000,2281.26000000,2307.57000000,2276.50000000,2303.20000000,10470.92830000,1770134399999999,24036870.27786600,177770,5232.41380000,12013701.19854300,0
1770134400000000,2303.21000000,2303.40000000,2274.86000000,2277.77000000,7147.11280000,1770135299999999,16340272.80727200,130902,2780.12110000,6352097.74559500,0
1770135300000000,2277.78000000,2281.09000000,2250.00000000,2253.00000000,23771.65930000,1770136199999999,53745401.04117300,180131,8501.38180000,19242398.89611600,0
1770136200000000,2252.99000000,2260.59000000,2239.24000000,2247.86000000,41154.34590000,1770137099999999,92611283.10144600,209129,22603.26380000,50864410.85510100,0
1770137100000000,2247.86000000,2251.82000000,2235.19000000,2240.60000000,35061.43020000,1770137999999999,78667165.29728200,187512,21196.13000000,47562928.61263700,0
1770138000000000,2240.60000000,2244.58000000,2218.40000000,2222.01000000,16813.61300000,1770138899999999,37512916.73115000,198276,6823.60490000,15217722.27052500,0
1770138900000000,2222.02000000,2237.12000000,2216.89000000,2228.61000000,28439.20920000,1770139799999999,63411736.39783200,199802,19661.59110000,43849358.86469500,0
1770139800000000,2228.60000000,2234.23000000,2204.86000000,2206.04000000,15401.59190000,1770140699999999,34172347.48307200,167450,6195.01800000,13747706.69001200,0
1770140700000000,2206.03000000,2221.56000000,2193.50000000,2195.11000000,51071.37570000,1770141599999999,112663811.70447400,219871,31543.84360000,69588795.56674700,0
1770141600000000,2195.11000000,2206.98000000,2173.65000000,2175.64000000,35378.61690000,1770142499999999,77491007.79373700,242460,14421.78950000,31604227.11379000,0
1770142500000000,2175.64000000,2183.98000000,2128.00000000,2137.19000000,68418.40500000,1770143399999999,147217175.38178400,377190,31000.41530000,66702244.05506900,0
1770143400000000,2137.19000000,2149.46000000,2122.23000000,2127.03000000,28051.80930000,1770144299999999,59944272.68974900,251391,14100.19200000,30143558.98574500,0
1770144300000000,2127.03000000,2134.11000000,2110.00000000,2120.65000000,39543.64180000,1770145199999999,83855984.53180500,257722,16832.89630000,35715911.50161400,0
1770145200000000,2120.65000000,2187.77000000,2112.08000000,2179.52000000,40760.55130000,1770146099999999,87648192.91289900,300574,22013.50880000,47318010.56575800,0
1770146100000000,2179.43000000,2200.43000000,2167.64000000,2189.98000000,29054.52600000,1770146999999999,63453010.17554700,238708,14373.52630000,31393582.15999800,0
1770147000000000,2189.98000000,2218.40000000,2187.57000000,2198.39000000,25141.87460000,1770147899999999,55398145.43167200,212437,12799.14400000,28199699.73715200,0
1770147900000000,2198.39000000,2215.62000000,2186.85000000,2205.28000000,14350.35730000,1770148799999999,31569166.49464500,155740,8096.34400000,17815081.87086800,0
1770148800000000,2205.27000000,2209.45000000,2189.01000000,2193.21000000,10167.47690000,1770149699999999,22330645.96900100,151671,4255.91700000,9346396.65100700,0
1770149700000000,2193.21000000,2255.33000000,2188.25000000,2248.48000000,34682.13360000,1770150599999999,77319446.59624000,247281,20208.37270000,45046244.96377500,0
1770150600000000,2248.48000000,2343.82000000,2246.01000000,2296.47000000,78726.88080000,1770151499999999,180921630.18781600,368039,34773.96220000,79918951.09111000,0
1770151500000000,2296.47000000,2318.75000000,2287.64000000,2299.46000000,26866.41770000,1770152399999999,61774923.89660600,224375,14455.47530000,33243269.66342300,0
1770152400000000,2299.46000000,2337.58000000,2297.48000000,2318.59000000,26993.82090000,1770153299999999,62688714.97278900,224552,14448.30620000,33549712.29580200,0
1770153300000000,2318.60000000,2321.67000000,2299.32000000,2300.49000000,15961.35350000,1770154199999999,36827215.53273400,165974,7141.85790000,16477853.62029100,0
1770154200000000,2300.50000000,2307.28000000,2289.33000000,2295.80000000,7388.15090000,1770155099999999,16969987.63854900,103266,3533.49780000,8118376.33888200,0
1770155100000000,2295.80000000,2299.42000000,2279.76000000,2283.92000000,8439.99930000,1770155999999999,19304386.10384800,102602,4155.41920000,9504838.87406900,0
1770156000000000,2283.93000000,2286.17000000,2255.90000000,2261.70000000,13607.43080000,1770156899999999,30848126.79692800,121617,5742.63880000,13014737.11668200,0
1770156900000000,2261.69000000,2276.79000000,2252.96000000,2267.28000000,7980.91750000,1770157799999999,18077583.10002900,120018,4186.15090000,9484134.97438400,0
1770157800000000,2267.28000000,2271.27000000,2253.55000000,2255.19000000,6010.20510000,1770158699999999,13594567.78160900,89042,2423.41760000,5481987.21822800,0
1770158700000000,2255.19000000,2255.40000000,2229.01000000,2236.38000000,14370.67370000,1770159599999999,32164743.66649800,148449,6303.56550000,14104414.22934600,0
1770159600000000,2236.38000000,2238.66000000,2212.84000000,2237.09000000,18558.24360000,1770160499999999,41303107.67235400,162531,8635.41160000,19221803.67363700,0
1770160500000000,2237.10000000,2243.66000000,2226.43000000,2235.21000000,7635.85660000,1770161399999999,17067053.11138600,112984,3873.63320000,8658971.39094500,0
1770161400000000,2235.21000000,2248.62000000,2232.99000000,2238.76000000,6283.82240000,1770162299999999,14091952.11807300,97674,3278.78470000,7353236.96523900,0
1770162300000000,2238.76000000,2238.94000000,2217.59000000,2233.72000000,10966.27610000,1770163199999999,24426908.89146900,103607,4463.76560000,9939096.27369100,0
1770163200000000,2233.72000000,2234.14000000,2223.88000000,2226.31000000,5185.72310000,1770164099999999,11556315.07443400,99153,2442.25400000,5442491.74377200,0
1770164100000000,2226.31000000,2249.39000000,2226.16000000,2247.50000000,6337.47240000,1770164999999999,14204215.73570000,84472,3082.66010000,6908153.99124900,0
1770165000000000,2247.50000000,2256.62000000,2243.07000000,2248.49000000,7238.26510000,1770165899999999,16296974.91330300,79883,3907.97020000,8798404.04199600,0
1770165900000000,2248.49000000,2253.50000000,2238.83000000,2241.02000000,6576.07510000,1770166799999999,14778449.34381900,70450,2759.09720000,6203919.47348400,0
1770166800000000,2241.03000000,2275.32000000,2241.03000000,2273.77000000,7545.50190000,1770167699999999,17071854.45537200,97881,4144.30590000,9371535.06463700,0
1770167700000000,2273.77000000,2277.04000000,2264.79000000,2271.89000000,6796.97330000,1770168599999999,15437787.45051500,80605,3148.51330000,7150623.52270300,0
1770168600000000,2271.89000000,2281.82000000,2269.55000000,2275.79000000,4757.96550000,1770169499999999,10838631.49999400,70125,2315.62100000,5274742.24301000,0
1770169500000000,2275.80000000,2276.06000000,2258.83000000,2268.64000000,5316.67770000,1770170399999999,12045799.06171600,59416,2138.04000000,4843060.07737200,0
1770170400000000,2268.65000000,2275.99000000,2264.50000000,2269.80000000,4705.37140000,1770171299999999,10682073.70961400,87972,2048.48470000,4650552.75066200,0
1770171300000000,2269.81000000,2276.61000000,2259.32000000,2260.95000000,5554.32380000,1770172199999999,12603520.36294500,81457,1990.44800000,4517761.03668200,0
1770172200000000,2260.94000000,2262.28000000,2245.57000000,2255.73000000,5024.31890000,1770173099999999,11329794.81350800,84217,2281.76700000,5145942.04467900,0
1770173100000000,2255.73000000,2259.29000000,2242.55000000,2251.82000000,4373.22090000,1770173999999999,9841654.53722400,70810,1860.25780000,4187164.31621300,0
1770174000000000,2251.82000000,2281.14000000,2249.14000000,2276.73000000,8503.80080000,1770174899999999,19287698.70710500,102496,4932.31750000,11187061.05549500,0
1770174900000000,2276.73000000,2279.05000000,2265.00000000,2267.65000000,2804.48580000,1770175799999999,6366727.53712600,59203,1345.43490000,3054183.15178600,0
1770175800000000,2267.65000000,2295.74000000,2266.61000000,2283.32000000,10785.31460000,1770176699999999,24628734.26530800,89864,6252.13350000,14274964.01396800,0
1770176700000000,2283.33000000,2285.98000000,2279.87000000,2283.37000000,2655.08270000,1770177599999999,6061645.02666300,39626,1303.12410000,2975064.13458700,0
1770177600000000,2283.37000000,2290.09000000,2279.16000000,2285.68000000,2528.10790000,1770178499999999,5778693.93607700,45650,1340.33060000,3063892.89911400,0
1770178500000000,2285.68000000,2285.82000000,2272.78000000,2276.12000000,2895.38710000,1770179399999999,6595502.57433200,35295,923.54250000,2103782.73966300,0
1770179400000000,2276.12000000,2282.13000000,2274.97000000,2275.00000000,1513.23630000,1770180299999999,3447656.18733600,30243,802.60780000,1828471.07665100,0
1770180300000000,2275.00000000,2277.46000000,2270.21000000,2273.78000000,6709.42840000,1770181199999999,15255723.74151900,32491,3764.05120000,8556930.26005200,0
1770181200000000,2273.78000000,2279.96000000,2270.76000000,2278.75000000,2925.97770000,1770182099999999,6656494.00316500,43695,1193.27150000,2714576.56819000,0
1770182100000000,2278.75000000,2280.54000000,2267.76000000,2273.48000000,3465.76060000,1770182999999999,7881247.53447300,41983,1318.98850000,2999597.98137300,0
1770183000000000,2273.47000000,2273.47000000,2262.25000000,2264.03000000,4148.30220000,1770183899999999,9410225.81147700,49999,1256.18020000,2849131.30722400,0
1770183900000000,2264.03000000,2268.72000000,2256.00000000,2265.40000000,5660.60870000,1770184799999999,12810769.78090800,55103,2538.89940000,5747425.54209700,0
1770184800000000,2265.39000000,2278.12000000,2258.17000000,2274.84000000,5520.30240000,1770185699999999,12521555.09899200,50073,2980.73620000,6761717.54349100,0
1770185700000000,2274.84000000,2275.41000000,2264.38000000,2270.15000000,3286.66490000,1770186599999999,7458606.96690800,49253,1327.98310000,3012973.71273900,0
1770186600000000,2270.12000000,2283.30000000,2266.04000000,2278.41000000,3609.04400000,1770187499999999,8212821.17488500,49425,2044.20850000,4653267.07478900,0
1770187500000000,2278.42000000,2284.30000000,2273.88000000,2277.54000000,4038.64850000,1770188399999999,9200580.53425900,44025,1811.30500000,4127049.60362100,0
1770188400000000,2277.54000000,2283.05000000,2263.74000000,2282.32000000,7273.14310000,1770189299999999,16539981.82598100,58020,3435.72470000,7815088.91957800,0
1770189300000000,2282.32000000,2283.11000000,2273.67000000,2280.17000000,6309.63590000,1770190199999999,14380495.24315000,46450,2391.73400000,5451549.98658900,0
1770190200000000,2280.17000000,2293.99000000,2278.79000000,2287.61000000,9189.17030000,1770191099999999,21000830.37603100,74235,4406.20910000,10069447.10390300,0
1770191100000000,2287.61000000,2289.87000000,2277.79000000,2283.85000000,9078.34710000,1770191999999999,20735407.70015200,47502,4556.55550000,10409348.35785500,0
1770192000000000,2283.84000000,2285.90000000,2273.38000000,2280.26000000,3935.06350000,1770192899999999,8965073.45387200,64244,1456.87510000,3319259.70356900,0
1770192900000000,2280.26000000,2285.88000000,2268.44000000,2270.07000000,6580.95860000,1770193799999999,14978798.95703800,76987,1922.01940000,4376603.49117600,0
1770193800000000,2270.07000000,2278.32000000,2266.49000000,2278.31000000,3154.81030000,1770194699999999,7172828.96938200,51893,1318.10290000,2997357.63300500,0
1770194700000000,2278.32000000,2284.48000000,2276.04000000,2279.73000000,3427.97000000,1770195599999999,7816595.20640500,43867,1825.24840000,4161914.34356800,0
1770195600000000,2279.73000000,2279.91000000,2270.20000000,2270.29000000,3461.34630000,1770196499999999,7874115.38638300,44753,1168.47030000,2658407.64287100,0
1770196500000000,2270.29000000,2271.60000000,2256.76000000,2260.80000000,4675.94970000,1770197399999999,10581877.87965600,59441,1891.45120000,4279725.39067400,0
1770197400000000,2260.79000000,2264.35000000,2251.46000000,2255.11000000,5589.16620000,1770198299999999,12615554.80241500,68249,1929.89210000,4355742.47710100,0
1770198300000000,2255.10000000,2265.26000000,2254.77000000,2260.65000000,4521.04840000,1770199199999999,10222268.68248400,43221,1733.60070000,3919093.75613700,0
1770199200000000,2260.65000000,2262.91000000,2250.58000000,2254.70000000,4256.92400000,1770200099999999,9602078.70282500,53940,1496.00440000,3374010.29720600,0
1770200100000000,2254.70000000,2260.33000000,2253.82000000,2255.99000000,2318.42420000,1770200999999999,5232099.38758800,37810,1055.64370000,2382629.92798100,0
1770201000000000,2255.99000000,2262.84000000,2255.51000000,2259.93000000,2620.51610000,1770201899999999,5919553.16687800,35389,1036.92310000,2342831.84790700,0
1770201900000000,2259.92000000,2264.44000000,2258.74000000,2260.74000000,2785.56690000,1770202799999999,6299706.26406800,29536,1311.30440000,2965690.45367300,0
1770202800000000,2260.74000000,2261.62000000,2221.47000000,2233.55000000,60721.15250000,1770203699999999,135611981.40285800,196745,16578.22170000,37055545.39578300,0
1770203700000000,2233.55000000,2246.31000000,2227.87000000,2240.76000000,9259.81180000,1770204599999999,20724280.44892900,96578,4841.72390000,10837913.59985300,0
1770204600000000,2240.76000000,2267.32000000,2238.38000000,2255.30000000,10271.36080000,1770205499999999,23159190.05739600,84269,5213.29320000,11754193.25503800,0
1770205500000000,2255.31000000,2261.03000000,2251.64000000,2254.86000000,4822.74680000,1770206399999999,10884466.78323900,54609,2136.95670000,4823736.84846600,0
1770206400000000,2254.86000000,2258.78000000,2251.78000000,2254.99000000,5244.70470000,1770207299999999,11829005.18602000,67400,3020.75350000,6811926.82169500,0
1770207300000000,2254.99000000,2263.30000000,2226.43000000,2234.55000000,34647.55810000,1770208199999999,77553085.64258100,124528,8289.95050000,18567675.64802900,0
1770208200000000,2234.55000000,2245.17000000,2228.80000000,2241.36000000,9134.28670000,1770209099999999,20444178.55953300,95101,3377.46190000,7560302.44016100,0
1770209100000000,2241.36000000,2246.88000000,2237.08000000,2243.92000000,4029.80010000,1770209999999999,9035867.14487700,53980,1370.25010000,3073507.78744700,0
1770210000000000,2243.91000000,2246.09000000,2237.79000000,2241.18000000,3101.60130000,1770210899999999,6955924.74387400,45762,1095.75900000,2457210.48522100,0
1770210900000000,2241.18000000,2243.92000000,2227.06000000,2234.09000000,17756.83070000,1770211799999999,39682242.12956800,89311,3224.12360000,7204556.99472400,0
1770211800000000,2234.09000000,2236.62000000,2209.12000000,2212.73000000,15471.12290000,1770212699999999,34349825.66576900,125595,6449.61930000,14315992.08636700,0
1770212700000000,2212.74000000,2217.84000000,2197.47000000,2198.63000000,20873.83390000,1770213599999999,46050117.38108700,205310,9720.84630000,21455525.60606900,0
1770213600000000,2198.63000000,2208.88000000,2192.17000000,2203.93000000,15271.63910000,1770214499999999,33615908.83304100,160580,8446.61340000,18593782.94101100,0
1770214500000000,2203.92000000,2209.55000000,2200.00000000,2202.95000000,10863.53280000,1770215399999999,23959370.18420400,117078,6014.45650000,13264254.25832500,0
1770215400000000,2202.95000000,2226.28000000,2177.76000000,2199.06000000,33895.64000000,1770216299999999,74576510.05109600,313208,16497.34890000,36303778.38163100,0
1770216300000000,2199.05000000,2213.49000000,2168.82000000,2171.87000000,27557.74580000,1770217199999999,60306064.52897300,264317,14073.80090000,30800654.51281300,0
1770217200000000,2171.87000000,2188.88000000,2150.82000000,2178.47000000,33666.05520000,1770218099999999,73130081.29163800,350220,15856.82270000,34453904.93665900,0
1770218100000000,2178.47000000,2197.26000000,2163.95000000,2181.66000000,23151.04450000,1770218999999999,50411090.03195800,244470,10047.64670000,21892584.52386300,0
1770219000000000,2181.66000000,2184.94000000,2136.60000000,2156.50000000,40160.02850000,1770219899999999,86572314.62357900,303988,19796.43380000,42692861.54328700,0
1770219900000000,2156.50000000,2161.57000000,2141.67000000,2151.83000000,27702.65210000,1770220799999999,59585313.00943300,230210,16059.44520000,34544133.56231600,0
1770220800000000,2151.84000000,2161.14000000,2128.04000000,2144.26000000,25505.23810000,1770221699999999,54731605.43994900,240048,12159.26300000,26109265.67277200,0
1770221700000000,2144.28000000,2145.88000000,2111.84000000,2137.91000000,35381.76820000,1770222599999999,75182738.92641900,280962,18368.80580000,39050889.29896200,0
1770222600000000,2137.93000000,2140.69000000,2106.00000000,2116.31000000,40561.91740000,1770223499999999,85825584.38807900,250169,20726.98840000,43845025.84272600,0
1770223500000000,2116.30000000,2140.18000000,2111.44000000,2135.05000000,27641.94030000,1770224399999999,58778867.68025300,233598,16734.45670000,35590835.46430700,0
1770224400000000,2135.04000000,2151.39000000,2114.33000000,2140.24000000,36704.23310000,1770225299999999,78344580.57613300,239482,22701.80310000,48461033.69664400,0
1770225300000000,2140.25000000,2154.59000000,2106.40000000,2108.66000000,27835.04620000,1770226199999999,59085011.05394700,207941,15405.29450000,32680460.71578100,0
1770226200000000,2108.66000000,2128.14000000,2093.50000000,2119.23000000,47352.04830000,1770227099999999,99929671.72777500,258120,23806.31010000,50281309.76620100,0
1770227100000000,2119.14000000,2133.31000000,2109.92000000,2126.07000000,26069.10620000,1770227999999999,55291284.00328500,175564,17689.14390000,37515916.35672800,0
1770228000000000,2126.07000000,2127.16000000,2086.85000000,2090.02000000,45495.15410000,1770228899999999,95768411.96885100,253541,23197.61910000,48834010.25434700,0
1770228900000000,2090.04000000,2142.81000000,2076.68000000,2123.73000000,36813.35820000,1770229799999999,77234307.03667600,252487,19673.22720000,41301320.94389600,0
1770229800000000,2123.72000000,2185.63000000,2116.48000000,2168.32000000,40012.86430000,1770230699999999,86164070.31975400,314373,22128.56760000,47645584.45460300,0
1770230700000000,2168.32000000,2169.59000000,2144.89000000,2147.97000000,16816.19880000,1770231599999999,36218635.12092700,139959,8288.02420000,17850098.67415300,0
1770231600000000,2147.97000000,2169.10000000,2146.08000000,2151.85000000,14514.93170000,1770232499999999,31308612.74398300,142181,7678.50690000,16567097.53178500,0
1770232500000000,2151.84000000,2163.69000000,2134.10000000,2135.77000000,15831.74450000,1770233399999999,33991485.81876200,125378,7470.57240000,16049526.32500700,0
1770233400000000,2135.76000000,2156.32000000,2133.31000000,2153.30000000,10527.53400000,1770234299999999,22573846.30254600,113720,6607.24870000,14170196.79631100,0
1770234300000000,2153.30000000,2194.71000000,2152.53000000,2188.27000000,28167.93940000,1770235199999999,61205456.61188700,181598,15504.73480000,33679256.22274600,0
1770235200000000,2188.26000000,2192.70000000,2163.52000000,2166.70000000,15827.64930000,1770236099999999,34459943.75991000,126262,6593.77930000,14351623.72572100,0
1770236100000000,2166.71000000,2178.55000000,2165.69000000,2171.20000000,6265.99700000,1770236999999999,13612816.63173600,81836,3374.03740000,7330047.61006700,0
1770237000000000,2171.19000000,2176.31000000,2161.79000000,2172.92000000,5709.20100000,1770237899999999,12384148.94192200,71414,3137.96400000,6807107.92967800,0
1770237900000000,2172.92000000,2175.99000000,2166.78000000,2172.02000000,4774.54160000,1770238799999999,10370143.75381500,50378,2175.52570000,4725318.01202800,0
1770238800000000,2172.03000000,2180.90000000,2158.65000000,2163.74000000,12088.05920000,1770239699999999,26223580.00441500,106788,5920.62710000,12845740.22360500,0
1770239700000000,2163.74000000,2164.90000000,2139.13000000,2143.19000000,9770.30180000,1770240599999999,20994508.11978700,66739,4328.65460000,9301502.22785400,0
1770240600000000,2143.19000000,2149.63000000,2116.92000000,2124.02000000,9497.49200000,1770241499999999,20277644.96149300,85547,4264.49010000,9103688.65071600,0
1770241500000000,2124.02000000,2132.36000000,2108.56000000,2129.80000000,10406.03040000,1770242399999999,22042574.01387300,117569,5594.66050000,11854030.02480400,0
1770242400000000,2129.80000000,2133.03000000,2088.01000000,2113.90000000,17502.21290000,1770243299999999,36830890.61151800,161308,8379.79220000,17637382.44845100,0
1770243300000000,2113.90000000,2168.46000000,2113.37000000,2163.67000000,21073.98420000,1770244199999999,45273501.60951900,205297,11672.37140000,25066106.91643700,0
1770244200000000,2163.67000000,2163.67000000,2125.96000000,2130.00000000,11218.99260000,1770245099999999,24083108.35495900,117737,5636.54830000,12093969.72250500,0
1770245100000000,2130.01000000,2140.99000000,2116.11000000,2120.16000000,5561.87930000,1770245999999999,11830665.43270200,70876,2023.41010000,4307413.81575300,0
1770246000000000,2120.16000000,2133.66000000,2115.47000000,2133.51000000,5697.30580000,1770246899999999,12098768.27714000,88385,2849.41070000,6051587.16101000,0
1770246900000000,2133.50000000,2159.50000000,2131.31000000,2155.26000000,11140.34810000,1770247799999999,23919889.24211100,104425,5956.71480000,12794685.10221500,0
1770247800000000,2155.26000000,2165.65000000,2151.80000000,2156.66000000,8966.68110000,1770248699999999,19350079.80585400,129075,4578.83670000,9881207.82854500,0
1770248700000000,2156.65000000,2160.42000000,2145.98000000,2148.26000000,6768.50030000,1770249599999999,14585567.55027600,76122,2966.88540000,6394041.49626900,0
1770249600000000,2148.25000000,2148.39000000,2136.81000000,2137.48000000,4393.79390000,1770250499999999,9417817.97435800,74161,2268.92070000,4864439.35907200,0
1770250500000000,2137.49000000,2164.15000000,2136.85000000,2161.99000000,5677.80750000,1770251399999999,12223037.13279300,90714,3165.14560000,6813635.74016900,0
1770251400000000,2161.99000000,2162.21000000,2145.62000000,2156.11000000,4816.07090000,1770252299999999,10378187.10815200,84971,2182.00690000,4703039.61117800,0
1770252300000000,2156.10000000,2157.23000000,2146.79000000,2149.78000000,3532.62640000,1770253199999999,7601378.49814600,61154,1434.41510000,3086964.64962500,0
1770253200000000,2149.78000000,2169.83000000,2148.42000000,2165.91000000,5651.91170000,1770254099999999,12205495.26509100,91030,3145.71530000,6792587.17091200,0
1770254100000000,2165.91000000,2169.38000000,2123.04000000,2163.53000000,14849.38790000,1770254999999999,31853873.65940600,187194,6573.53750000,14102151.66820000,0
1770255000000000,2163.53000000,2173.77000000,2142.67000000,2156.62000000,12353.61490000,1770255899999999,26665312.82053200,156753,6264.13040000,13521032.67327500,0
1770255900000000,2156.62000000,2161.06000000,2146.34000000,2148.55000000,4669.52980000,1770256799999999,10055687.80925300,90818,2361.50240000,5086707.78304000,0
1770256800000000,2148.54000000,2153.44000000,2125.34000000,2126.62000000,9321.83840000,1770257699999999,19912873.67639500,137283,4099.03620000,8756780.96482500,0
1770257700000000,2126.63000000,2139.79000000,2113.32000000,2137.73000000,12290.05700000,1770258599999999,26161163.47863700,188514,6239.24600000,13285928.56930200,0
1770258600000000,2137.73000000,2163.67000000,2136.07000000,2158.32000000,14085.28700000,1770259499999999,30316553.86616200,150701,7896.06380000,16989754.50311400,0
1770259500000000,2158.32000000,2159.62000000,2120.00000000,2124.31000000,11185.54540000,1770260399999999,23876370.44826500,154769,4873.60780000,10402096.73013500,0
1770260400000000,2124.30000000,2136.68000000,2112.85000000,2117.85000000,22216.03800000,1770261299999999,47120399.34287900,182166,12421.82490000,26336865.51963600,0
1770261300000000,2117.83000000,2127.09000000,2097.94000000,2112.92000000,32141.67450000,1770262199999999,67802401.56357800,216955,18717.79460000,39458527.38090400,0
1770262200000000,2112.92000000,2118.40000000,2104.25000000,2114.93000000,9288.17710000,1770263099999999,19612050.85957200,149961,4509.22100000,9521118.40435700,0
1770263100000000,2114.92000000,2118.28000000,2106.38000000,2110.00000000,6779.98950000,1770263999999999,14319298.44304200,112974,2880.53020000,6084260.70700000,0
1770264000000000,2110.00000000,2115.98000000,2083.19000000,2092.30000000,22238.95070000,1770264899999999,46648867.86299500,205138,9357.71620000,19630642.99029100,0
1770264900000000,2092.29000000,2107.60000000,2078.32000000,2097.72000000,24459.12990000,1770265799999999,51231792.29807900,208256,11660.35240000,24418418.88740000,0
1770265800000000,2097.70000000,2125.26000000,2092.43000000,2122.70000000,14382.38310000,1770266699999999,30325970.99836600,176810,8002.09120000,16875990.32981900,0
1770266700000000,2122.69000000,2123.51000000,2096.90000000,2104.03000000,6679.53280000,1770267599999999,14087572.68031800,108635,2747.36040000,5797774.80714800,0
1770267600000000,2104.03000000,2115.95000000,2096.06000000,2108.79000000,9100.32440000,1770268499999999,19167144.99474500,94528,4560.49390000,9608541.80781700,0
1770268500000000,2108.80000000,2113.18000000,2077.70000000,2094.84000000,18751.00930000,1770269399999999,39213067.18292300,156760,7371.18440000,15419038.15756600,0
1770269400000000,2094.81000000,2124.55000000,2084.84000000,2119.27000000,12726.31340000,1770270299999999,26810968.52346900,130826,6765.92380000,14258325.99894400,0
1770270300000000,2119.27000000,2120.47000000,2092.33000000,2101.42000000,14099.19780000,1770271199999999,29659311.67593500,114789,5590.24670000,11756196.90090800,0
1770271200000000,2101.42000000,2107.72000000,2079.10000000,2093.24000000,22929.90900000,1770272099999999,47900160.82011100,166110,11325.77290000,23654193.51848700,0
1770272100000000,2093.24000000,2099.00000000,2076.43000000,2080.21000000,12141.10580000,1770272999999999,25316293.82728700,106507,5413.20730000,11290958.47878200,0
1770273000000000,2080.20000000,2095.40000000,2079.70000000,2089.35000000,7611.97910000,1770273899999999,15904319.12454700,94835,3924.30710000,8199840.88554400,0
1770273900000000,2089.37000000,2098.48000000,2068.20000000,2087.57000000,17521.60560000,1770274799999999,36464012.28652600,128882,8074.09520000,16805343.41259900,0
1770274800000000,2087.57000000,2122.79000000,2085.72000000,2105.90000000,17210.17820000,1770275699999999,36297326.75691600,163347,9058.16370000,19101213.54919700,0
1770275700000000,2105.91000000,2124.32000000,2100.62000000,2116.26000000,11075.36690000,1770276599999999,23425009.65801400,107958,5989.56190000,12669492.25753700,0
1770276600000000,2116.25000000,2118.27000000,2096.62000000,2103.29000000,13086.92500000,1770277499999999,27592072.61972300,101060,7109.70000000,14993185.90186700,0
1770277500000000,2103.30000000,2106.19000000,2086.75000000,2091.40000000,8542.24190000,1770278399999999,17920044.82562300,75116,4318.65740000,9064893.21083600,0
1770278400000000,2091.50000000,2105.74000000,2091.32000000,2103.40000000,6460.52510000,1770279299999999,13563846.21273900,92403,3358.11400000,7050844.04104900,0
1770279300000000,2103.40000000,2120.58000000,2097.76000000,2112.77000000,15084.83990000,1770280199999999,31788043.74237900,113503,7127.74280000,15016115.20929300,0
1770280200000000,2112.76000000,2121.27000000,2109.01000000,2115.05000000,5830.26630000,1770281099999999,12337545.18754700,84650,2858.35590000,6048584.27235000,0
1770281100000000,2115.05000000,2120.98000000,2108.99000000,2111.76000000,6819.89520000,1770281999999999,14421570.64292300,77057,4195.15750000,8872263.31152200,0
1770282000000000,2111.80000000,2146.05000000,2111.16000000,2139.39000000,15779.26330000,1770282899999999,33659344.88500700,136375,8727.91040000,18609038.38174100,0
1770282900000000,2139.40000000,2149.75000000,2134.46000000,2137.96000000,9598.66190000,1770283799999999,20547765.49446600,96899,4700.96640000,10067062.07729500,0
1770283800000000,2137.96000000,2143.30000000,2128.84000000,2130.20000000,4740.68600000,1770284699999999,10121059.79080700,63856,2325.52530000,4965880.20546300,0
1770284700000000,2130.20000000,2136.99000000,2127.41000000,2133.45000000,3966.95440000,1770285599999999,8460453.17839800,43787,2048.35090000,4368585.44758700,0
1770285600000000,2133.46000000,2136.96000000,2121.58000000,2131.49000000,10048.82740000,1770286499999999,21370900.23213500,71835,4303.96860000,9156453.78881500,0
1770286500000000,2131.50000000,2140.50000000,2129.76000000,2139.01000000,4893.09700000,1770287399999999,10454231.94180100,57170,3032.11580000,6477843.08402600,0
1770287400000000,2139.01000000,2139.89000000,2122.88000000,2123.36000000,7298.09740000,1770288299999999,15550975.00992900,63858,3914.49780000,8340152.46373700,0
1770288300000000,2123.36000000,2124.64000000,2086.54000000,2097.72000000,19812.89040000,1770289199999999,41674461.50283800,138869,9875.10220000,20783785.77090000,0
1770289200000000,2097.72000000,2105.30000000,2084.95000000,2087.73000000,10120.01420000,1770290099999999,21218529.73109700,112171,5131.42130000,10761733.46239900,0
1770290100000000,2087.73000000,2097.69000000,2061.96000000,2069.00000000,27665.46090000,1770290999999999,57389846.60238000,214608,13086.76270000,27144161.04915600,0
1770291000000000,2069.01000000,2098.13000000,2066.07000000,2089.01000000,15674.49180000,1770291899999999,32610071.61116300,164726,8104.99230000,16860699.23797200,0
1770291900000000,2089.01000000,2093.34000000,2073.80000000,2079.98000000,8089.23820000,1770292799999999,16844888.04341700,99448,3880.59050000,8080735.87635700,0
1770292800000000,2079.98000000,2092.71000000,2071.47000000,2071.63000000,10726.04920000,1770293699999999,22329881.08556600,115119,5444.93280000,11340306.13986200,0
1770293700000000,2071.63000000,2080.64000000,2050.49000000,2069.75000000,33311.63200000,1770294599999999,68714945.41197100,236295,17658.25690000,36433891.75279300,0
1770294600000000,2069.75000000,2078.27000000,2052.16000000,2057.90000000,23213.19810000,1770295499999999,47872067.12602100,168728,14488.72850000,29878764.26223200,0
1770295500000000,2057.88000000,2070.00000000,2043.16000000,2063.99000000,24316.35400000,1770296399999999,50008939.53455200,135589,14111.01590000,29023401.68122400,0
1770296400000000,2063.98000000,2080.76000000,2057.47000000,2058.80000000,15408.89220000,1770297299999999,31847118.73094800,97536,9571.19790000,19784806.64530300,0
1770297300000000,2058.81000000,2063.70000000,2049.74000000,2053.38000000,8878.28730000,1770298199999999,18261307.13285600,80000,4373.54760000,8997351.27184300,0
1770298200000000,2053.38000000,2066.28000000,2048.38000000,2056.67000000,13485.94880000,1770299099999999,27763861.12938500,100214,6873.50260000,14150871.24350200,0
1770299100000000,2056.67000000,2063.81000000,2052.28000000,2058.64000000,5388.69910000,1770299999999999,11088978.51939900,61070,2949.39490000,6069729.08096900,0
1770300000000000,2058.64000000,2085.02000000,2058.64000000,2065.66000000,21724.96200000,1770300899999999,45011271.48958700,127654,11167.20200000,23134567.13310700,0
1770300900000000,2065.67000000,2079.17000000,2055.08000000,2076.88000000,9926.76610000,1770301799999999,20520066.44957100,68594,5663.80390000,11711994.02566800,0
1770301800000000,2076.89000000,2106.51000000,2068.12000000,2086.35000000,38309.67720000,1770302699999999,79965672.00950200,252955,20021.37960000,41797896.44774300,0
1770302700000000,2086.34000000,2097.08000000,2042.42000000,2046.60000000,27149.11560000,1770303599999999,56081353.12640800,188174,12572.51390000,25960092.25413100,0
1770303600000000,2046.59000000,2054.16000000,1994.70000000,1997.36000000,60502.01460000,1770304499999999,122066847.05368000,257239,24535.62520000,49577119.90106700,0
1770304500000000,1997.36000000,2015.49000000,1932.37000000,1933.74000000,90734.29790000,1770305399999999,178962346.91425200,325901,41290.55230000,81507424.07020600,0
1770305400000000,1933.68000000,1973.09000000,1927.33000000,1964.83000000,62292.98010000,1770306299999999,121354592.20085600,266554,30991.45240000,60404307.85729000,0
1770306300000000,1964.84000000,1985.59000000,1942.44000000,1961.12000000,42176.45540000,1770307199999999,82849251.37449200,218925,22964.96560000,45129218.10976000,0
1770307200000000,1961.12000000,1968.32000000,1944.94000000,1952.48000000,33162.91230000,1770308099999999,64838385.26505000,196245,19408.27620000,37947028.20381600,0
1770308100000000,1952.48000000,1994.90000000,1950.91000000,1987.33000000,33962.60020000,1770308999999999,67128715.39147700,208003,19530.15840000,38598278.16965300,0
1770309000000000,1987.34000000,2000.72000000,1972.21000000,1975.19000000,19805.36070000,1770309899999999,39347291.33783200,132756,10900.55600000,21656429.86292800,0
1770309900000000,1975.19000000,2018.33000000,1962.37000000,1998.68000000,29463.05920000,1770310799999999,58763425.00948200,185058,15173.29960000,30256258.76790500,0
1770310800000000,1998.68000000,2001.77000000,1967.76000000,1975.60000000,16918.46050000,1770311699999999,33549910.75980900,145372,8488.80280000,16833265.30183200,0
1770311700000000,1975.59000000,1993.92000000,1943.57000000,1981.24000000,29501.49250000,1770312599999999,58081113.86015000,178008,13683.20690000,26965539.65014400,0
1770312600000000,1981.23000000,1986.26000000,1953.68000000,1973.53000000,20797.60680000,1770313499999999,40895369.38114300,171741,10154.78790000,19967833.72753900,0
1770313500000000,1973.53000000,1980.91000000,1953.99000000,1955.09000000,11896.31940000,1770314399999999,23374385.67111800,122192,6163.30000000,12109608.41362500,0
1770314400000000,1955.09000000,1968.73000000,1949.50000000,1962.06000000,13141.19350000,1770315299999999,25752733.19951500,111753,7616.75720000,14930298.70419500,0
1770315300000000,1962.05000000,1968.02000000,1929.01000000,1936.80000000,29297.52170000,1770316199999999,56946793.22536700,152048,13189.14600000,25656899.36661900,0
1770316200000000,1936.78000000,1943.49000000,1921.58000000,1923.76000000,25172.82680000,1770317099999999,48620828.06110900,157914,11704.21080000,22606822.03632300,0
1770317100000000,1923.75000000,1957.34000000,1913.76000000,1950.30000000,35211.15720000,1770317999999999,68097749.57203400,185375,18019.05510000,34827363.02235300,0
1770318000000000,1950.35000000,1953.81000000,1930.89000000,1937.17000000,20762.78260000,1770318899999999,40319909.36256700,136218,10692.64620000,20761417.92779900,0
1770318900000000,1937.17000000,1948.14000000,1926.75000000,1937.79000000,18782.02750000,1770319799999999,36376837.66371900,122938,9953.26810000,19275727.68574400,0
1770319800000000,1937.75000000,1946.49000000,1932.82000000,1933.63000000,15143.46710000,1770320699999999,29353346.41215700,122086,8648.78320000,16761731.15355900,0
1770320700000000,1933.64000000,1936.35000000,1918.14000000,1928.76000000,24503.36160000,1770321599999999,47208024.91415200,128799,13277.24730000,25580143.49961200,0
1770321600000000,1928.78000000,1943.06000000,1919.96000000,1922.55000000,18523.91840000,1770322499999999,35749501.88299600,106007,10788.83020000,20818345.97683200,0
1770322500000000,1922.55000000,1923.12000000,1855.00000000,1874.93000000,79964.07070000,1770323399999999,150675026.53954400,288991,34341.19230000,64714791.43517800,0
1770323400000000,1874.93000000,1880.39000000,1843.00000000,1867.54000000,65220.36980000,1770324299999999,121526513.99735000,284021,27598.73400000,51424283.87651600,0
1770324300000000,1867.54000000,1872.89000000,1825.06000000,1869.59000000,57317.14510000,1770325199999999,105949966.52637800,252534,24945.35390000,46132499.80335500,0
1770325200000000,1869.60000000,1912.35000000,1867.24000000,1876.16000000,43161.54190000,1770326099999999,81494922.41522200,232064,22880.68450000,43198762.77052500,0
1770326100000000,1876.25000000,1900.47000000,1855.90000000,1880.21000000,44209.81260000,1770326999999999,82830347.02753500,227271,19306.84160000,36179193.53017000,0
1770327000000000,1880.22000000,1891.15000000,1851.77000000,1858.75000000,25140.94100000,1770327899999999,46981689.81368600,168640,12288.20410000,22969093.54479300,0
1770327900000000,1858.76000000,1867.95000000,1840.04000000,1850.48000000,20872.96130000,1770328799999999,38639119.86813900,140721,10564.19890000,19557922.25242800,0
1770328800000000,1850.42000000,1870.58000000,1830.00000000,1854.30000000,24090.65090000,1770329699999999,44607430.17091100,148137,11953.94560000,22133844.65894300,0
1770329700000000,1854.30000000,1881.53000000,1818.18000000,1876.26000000,30481.52970000,1770330599999999,56143453.06904800,136356,15879.70200000,29279926.74295600,0
1770330600000000,1876.27000000,1890.17000000,1860.59000000,1875.18000000,14944.24020000,1770331499999999,27973891.60243600,90150,8369.36860000,15669186.56409800,0
1770331500000000,1875.18000000,1884.51000000,1862.95000000,1870.79000000,10898.96620000,1770332399999999,20417898.60702200,68155,5618.51480000,10526123.15261100,0
1770332400000000,1870.78000000,1907.66000000,1862.50000000,1900.22000000,22610.76130000,1770333299999999,42804388.20683900,137056,11093.69750000,20999695.47891500,0
1770333300000000,1900.22000000,1904.25000000,1870.37000000,1881.83000000,10858.26220000,1770334199999999,20456672.58273900,79162,5354.20260000,10086442.76231200,0
1770334200000000,1881.83000000,1888.53000000,1839.70000000,1845.06000000,18886.87310000,1770335099999999,35093137.35363500,115874,8129.49860000,15108851.62472600,0
1770335100000000,1845.06000000,1852.09000000,1820.46000000,1826.83000000,22344.45930000,1770335999999999,40977459.85579200,134505,10597.63220000,19441462.60907100,0
1770336000000000,1826.83000000,1833.55000000,1760.00000000,1769.49000000,80896.34610000,1770336899999999,145733745.96008400,301254,33759.16320000,60842498.91261700,0
1770336900000000,1769.34000000,1800.64000000,1747.80000000,1787.81000000,82206.52110000,1770337799999999,145915056.88128700,332961,41604.20670000,73898211.92866900,0
1770337800000000,1787.70000000,1890.00000000,1785.31000000,1863.99000000,44709.84810000,1770338699999999,82335099.73756600,314276,22658.56420000,41728976.71405800,0
1770338700000000,1863.99000000,1892.65000000,1851.12000000,1870.61000000,43730.34240000,1770339599999999,81923641.25109100,239624,24991.97790000,46804942.62141200,0
1770339600000000,1870.63000000,1914.87000000,1870.37000000,1894.70000000,39830.69860000,1770340499999999,75468451.30546300,228399,22611.52830000,42835902.63094100,0
1770340500000000,1894.70000000,1905.72000000,1886.93000000,1896.84000000,27603.58670000,1770341399999999,52359304.63437000,185463,16761.07320000,31810555.98046200,0
1770341400000000,1896.80000000,1929.18000000,1890.94000000,1921.16000000,23372.17100000,1770342299999999,44607109.02619600,177767,13272.31880000,25321596.86432800,0
1770342300000000,1921.16000000,1940.16000000,1915.03000000,1932.17000000,22601.49480000,1770343199999999,43630969.71462900,182907,10181.67090000,19649743.14056500,0
1770343200000000,1932.17000000,1947.84000000,1908.55000000,1911.82000000,15593.96400000,1770344099999999,30085557.07951200,158534,7792.29870000,15041586.54784800,0
1770344100000000,1911.82000000,1920.92000000,1891.46000000,1906.85000000,10153.92950000,1770344999999999,19338107.33681400,122083,4769.79840000,9086173.55226300,0
1770345000000000,1906.84000000,1928.16000000,1904.28000000,1919.09000000,12919.99180000,1770345899999999,24769524.88382800,116620,7404.89170000,14203673.00514500,0
1770345900000000,1919.09000000,1922.31000000,1900.10000000,1907.49000000,9788.46600000,1770346799999999,18685560.42114800,97548,4366.06840000,8334322.48511200,0
1770346800000000,1907.50000000,1917.88000000,1894.45000000,1894.74000000,19136.50240000,1770347699999999,36392903.49437500,127492,9184.23020000,17458944.43431400,0
1770347700000000,1894.74000000,1907.01000000,1887.69000000,1896.45000000,12343.68320000,1770348599999999,23406895.79967400,130501,4465.39310000,8466864.13359600,0
1770348600000000,1896.45000000,1909.31000000,1887.80000000,1890.35000000,10773.37510000,1770349499999999,20458711.29198200,103333,4240.15590000,8054445.19943500,0
1770349500000000,1890.36000000,1895.20000000,1879.24000000,1891.82000000,12294.53490000,1770350399999999,23198534.37373100,112352,5776.39670000,10900123.06088300,0
1770350400000000,1891.81000000,1905.00000000,1885.95000000,1900.68000000,10353.90220000,1770351299999999,19619951.29679300,85073,4490.18490000,8511781.50177500,0
1770351300000000,1900.68000000,1917.80000000,1899.38000000,1911.83000000,10523.81690000,1770352199999999,20085946.07189600,93931,5770.11350000,11017599.34641700,0
1770352200000000,1911.82000000,1915.92000000,1899.60000000,1906.70000000,8513.91510000,1770353099999999,16237240.28667000,79529,4258.06480000,8121555.08904400,0
1770353100000000,1906.70000000,1912.62000000,1906.15000000,1909.03000000,4840.41720000,1770353999999999,9241452.46920500,55814,2309.26980000,4408936.13960900,0
1770354000000000,1909.02000000,1925.39000000,1906.60000000,1923.43000000,10397.87820000,1770354899999999,19943302.74534900,85993,5822.67820000,11166583.05582100,0
1770354900000000,1923.42000000,1926.63000000,1912.72000000,1917.92000000,9494.75400000,1770355799999999,18212179.43087700,68598,4937.15420000,9472977.39810600,0
1770355800000000,1917.92000000,1940.94000000,1916.24000000,1939.01000000,13596.56090000,1770356699999999,26259967.57694000,99317,6341.90460000,12247577.99802900,0
1770356700000000,1939.00000000,1975.75000000,1934.01000000,1958.69000000,19867.24200000,1770357599999999,38879705.60570700,144502,11088.37890000,21701339.55106100,0
1770357600000000,1958.69000000,1967.27000000,1945.52000000,1947.16000000,15632.67130000,1770358499999999,30615045.29889800,104937,8776.17500000,17193638.25746000,0
1770358500000000,1947.16000000,1949.32000000,1933.99000000,1940.68000000,9183.02160000,1770359399999999,17840824.72902200,90484,4598.41150000,8936019.07593800,0
1770359400000000,1940.68000000,1941.15000000,1916.10000000,1919.25000000,17649.65450000,1770360299999999,34009357.99203300,97530,9458.66120000,18228673.11151900,0
1770360300000000,1919.20000000,1925.81000000,1906.89000000,1908.32000000,35482.75810000,1770361199999999,68066665.68070600,145118,23010.91630000,44157772.90071900,0
1770361200000000,1908.32000000,1909.77000000,1887.29000000,1898.87000000,32533.38740000,1770362099999999,61652562.38076400,143955,18594.55400000,35210567.64302300,0
1770362100000000,1898.88000000,1909.05000000,1889.64000000,1903.23000000,18079.75840000,1770362999999999,34349167.78488200,116535,8845.86070000,16804641.96250400,0
1770363000000000,1903.24000000,1915.15000000,1900.72000000,1905.63000000,29285.76420000,1770363899999999,55891110.34932500,107099,19564.84410000,37329835.07304000,0
1770363900000000,1905.63000000,1907.66000000,1891.75000000,1899.42000000,22332.95400000,1770364799999999,42439836.67710600,104440,13279.55830000,25232973.85701800,0
1770364800000000,1899.41000000,1907.01000000,1887.62000000,1901.98000000,30795.57510000,1770365699999999,58403883.97188900,119922,21155.20880000,40111044.75660400,0
1770365700000000,1901.98000000,1903.24000000,1869.11000000,1875.16000000,42566.85630000,1770366599999999,80337312.50585300,136566,23762.99260000,44874927.72484200,0
1770366600000000,1875.17000000,1883.25000000,1866.42000000,1868.77000000,18688.96290000,1770367499999999,35013169.75634400,118862,9785.96260000,18328009.20484000,0
1770367500000000,1868.77000000,1882.37000000,1866.13000000,1874.46000000,22992.67340000,1770368399999999,43046760.55226200,93256,15077.99530000,28217324.16972300,0
1770368400000000,1874.46000000,1891.16000000,1871.10000000,1886.33000000,17927.49480000,1770369299999999,33688188.06303500,82830,10032.84970000,18861215.52142500,0
1770369300000000,1886.32000000,1905.21000000,1880.00000000,1904.29000000,37013.23760000,1770370199999999,70158115.74685000,114346,22811.01940000,43225735.71752900,0
1770370200000000,1904.29000000,1917.00000000,1902.95000000,1914.84000000,29433.76360000,1770371099999999,56239805.47773200,107673,21138.97670000,40392745.97944100,0
1770371100000000,1914.83000000,1929.18000000,1908.25000000,1919.00000000,15482.19230000,1770371999999999,29751337.07564500,83999,7313.94530000,14049936.61727400,0
1770372000000000,1919.08000000,1931.03000000,1909.69000000,1914.72000000,41646.57420000,1770372899999999,79843389.48565700,101819,29008.57440000,55604587.24335300,0
1770372900000000,1914.72000000,1934.98000000,1914.63000000,1926.50000000,32445.66440000,1770373799999999,62450649.65547300,94520,22360.92290000,43037392.45932800,0
1770373800000000,1926.49000000,1931.65000000,1924.03000000,1926.71000000,10022.39280000,1770374699999999,19323143.13995800,67649,5265.36520000,10152317.15694700,0
1770374700000000,1926.70000000,1930.00000000,1921.06000000,1926.94000000,18634.11110000,1770375599999999,35875303.13113400,69713,11568.35790000,22272810.13478600,0
1770375600000000,1926.93000000,1930.31000000,1919.96000000,1929.46000000,12877.19930000,1770376499999999,24792486.26617400,63142,6066.58660000,11678748.03160400,0
1770376500000000,1929.45000000,1935.68000000,1924.18000000,1927.52000000,14390.30290000,1770377399999999,27755522.86285100,69877,7404.37100000,14287397.12223500,0
1770377400000000,1927.52000000,1937.00000000,1924.61000000,1927.36000000,17205.28680000,1770378299999999,33203973.95026000,67069,11825.28360000,22822241.34628200,0
1770378300000000,1927.36000000,1939.35000000,1922.20000000,1932.68000000,10481.34380000,1770379199999999,20233430.66934300,62608,6139.11760000,11849230.96128600,0
1770379200000000,1932.67000000,1932.67000000,1920.10000000,1925.90000000,5990.66410000,1770380099999999,11535752.83691200,57760,2369.96560000,4564028.25741800,0
1770380100000000,1925.90000000,1926.34000000,1915.66000000,1922.15000000,20937.37740000,1770380999999999,40219322.11046000,80915,13543.68470000,26019531.52809800,0
1770381000000000,1922.15000000,1925.00000000,1914.88000000,1922.57000000,8274.20620000,1770381899999999,15884498.81471800,62734,3985.72900000,7655496.47884800,0
1770381900000000,1922.57000000,1924.64000000,1918.13000000,1920.91000000,6396.15900000,1770382799999999,12295436.99522600,56809,3809.08720000,7323258.56892600,0
1770382800000000,1920.91000000,1944.17000000,1919.29000000,1942.80000000,17091.22290000,1770383699999999,33006368.65904100,125564,10861.17570000,20975884.57234300,0
1770383700000000,1942.70000000,1957.00000000,1933.03000000,1944.06000000,29917.30030000,1770384599999999,58235892.96674500,150328,20861.93650000,40614850.64236200,0
1770384600000000,1944.05000000,1956.41000000,1938.01000000,1951.87000000,10134.18260000,1770385499999999,19742407.65623200,126708,4423.12590000,8617728.72534300,0
1770385500000000,1951.87000000,1962.39000000,1949.24000000,1950.31000000,18509.41840000,1770386399999999,36202358.18227700,116998,10913.50700000,21350191.59844600,0
1770386400000000,1950.31000000,1953.18000000,1938.11000000,1944.82000000,10171.94370000,1770387299999999,19794072.94168100,105501,4987.29830000,9708906.70198800,0
1770387300000000,1944.83000000,1950.00000000,1933.33000000,1949.81000000,21757.66200000,1770388199999999,42211711.34003200,121993,12802.96410000,24830010.44827800,0
1770388200000000,1949.81000000,1989.40000000,1948.41000000,1984.99000000,69401.63800000,1770389099999999,136586163.22184400,350532,40393.67140000,79393370.56335100,0
1770389100000000,1985.00000000,2002.18000000,1969.99000000,1978.88000000,42314.64880000,1770389999999999,84167937.83608300,241531,26521.55310000,52792406.29278300,0
1770390000000000,1978.89000000,1986.80000000,1963.16000000,1963.56000000,29120.30120000,1770390899999999,57501609.66342500,284523,15332.23410000,30274840.15623100,0
1770390900000000,1963.57000000,1982.31000000,1961.24000000,1972.96000000,19925.89460000,1770391799999999,39286948.47464800,207728,10730.56150000,21158527.23606500,0
1770391800000000,1972.99000000,1991.55000000,1969.62000000,1987.86000000,15937.18580000,1770392699999999,31574677.91148400,167938,7279.60550000,14418149.06321700,0
1770392700000000,1987.87000000,1997.68000000,1974.58000000,1980.81000000,21997.12440000,1770393599999999,43723608.28428000,167657,8402.53920000,16692055.51140400,0
1770393600000000,1980.80000000,2006.00000000,1970.17000000,1998.00000000,33682.57660000,1770394499999999,67142015.21519100,158251,22708.71000000,45285447.60545100,0
1770394500000000,1998.00000000,2044.91000000,1991.44000000,2032.13000000,36887.90050000,1770395399999999,74392378.38150900,222081,21756.91500000,43877843.72237400,0
1770395400000000,2032.12000000,2041.35000000,2023.07000000,2034.13000000,24506.18530000,1770396299999999,49788493.36610000,198951,13616.94980000,27670456.72859000,0
1770396300000000,2034.13000000,2046.60000000,2025.50000000,2036.17000000,28216.50300000,1770397199999999,57468654.35598300,169844,18340.30810000,37357541.86137500,0
1770397200000000,2036.17000000,2052.02000000,2027.73000000,2042.03000000,29849.67760000,1770398099999999,60979485.81522100,150001,17612.32760000,35988349.15577400,0
1770398100000000,2042.03000000,2072.46000000,2040.77000000,2069.99000000,31057.41130000,1770398999999999,63918637.21221100,173830,17200.52710000,35411934.40629800,0
1770399000000000,2070.00000000,2090.13000000,2063.51000000,2079.16000000,42630.65750000,1770399899999999,88549007.11789000,222646,27569.76950000,57264031.27636400,0
1770399900000000,2079.16000000,2083.50000000,2058.07000000,2067.01000000,27304.78420000,1770400799999999,56465384.91189500,155683,16114.55260000,33311226.94574300,0
1770400800000000,2067.01000000,2070.19000000,2031.08000000,2049.19000000,41458.45630000,1770401699999999,84926741.81198100,268251,23388.22490000,47918209.69965400,0
1770401700000000,2049.20000000,2049.51000000,2030.59000000,2038.41000000,17655.01830000,1770402599999999,36008652.37790400,195940,7039.98930000,14356897.52724100,0
1770402600000000,2038.42000000,2061.78000000,2033.87000000,2054.78000000,14146.51090000,1770403499999999,29019716.59166100,139045,7944.56560000,16309171.32424100,0
1770403500000000,2054.78000000,2059.99000000,2042.07000000,2044.61000000,16956.47750000,1770404399999999,34775508.84440700,103314,10179.79790000,20879357.30979700,0
1770404400000000,2044.61000000,2052.00000000,2037.56000000,2042.08000000,11511.71430000,1770405299999999,23555886.17574600,110534,5335.32740000,10919979.44881500,0
1770405300000000,2042.07000000,2058.00000000,2033.37000000,2052.19000000,15538.92640000,1770406199999999,31837386.59425600,110970,9669.51510000,19825399.83368800,0
1770406200000000,2052.19000000,2056.00000000,2047.90000000,2054.37000000,16220.07770000,1770407099999999,33306012.86118100,87123,10518.80450000,21600268.91415000,0
1770407100000000,2054.37000000,2072.00000000,2052.11000000,2065.63000000,20619.41540000,1770407999999999,42525988.08506500,122190,13471.45030000,27778995.00522100,0
1770408000000000,2065.63000000,2068.00000000,2049.49000000,2052.96000000,8151.51920000,1770408899999999,16790901.96388800,97039,3043.31630000,6269815.06604500,0
1770408900000000,2052.95000000,2056.02000000,2043.68000000,2054.36000000,7235.78910000,1770409799999999,14841159.20507000,92395,3219.86020000,6604586.27294500,0
1770409800000000,2054.36000000,2093.94000000,2051.95000000,2067.99000000,39767.54240000,1770410699999999,82596336.23883700,166814,22301.34380000,46291536.95715100,0
1770410700000000,2068.00000000,2075.25000000,2052.60000000,2054.23000000,7546.40630000,1770411599999999,15576688.81504700,119030,3130.69200000,6462552.58835400,0
1770411600000000,2054.23000000,2061.99000000,2039.93000000,2048.83000000,18624.56480000,1770412499999999,38214706.66229200,123901,9794.61630000,20104412.14893100,0
1770412500000000,2048.83000000,2059.50000000,2047.53000000,2057.46000000,12254.56760000,1770413399999999,25187865.54364500,69678,8607.47890000,17692283.43043900,0
1770413400000000,2057.45000000,2057.46000000,2046.23000000,2050.00000000,7839.87750000,1770414299999999,16082202.58022400,54909,3936.09890000,8074731.69908000,0
1770414300000000,2049.99000000,2056.27000000,2049.67000000,2053.97000000,6619.53270000,1770415199999999,13587321.79850700,49120,3734.28630000,7663610.94523000,0
1770415200000000,2053.98000000,2069.00000000,2046.08000000,2052.52000000,27598.45500000,1770416099999999,56834336.63975000,78244,17791.20260000,36642477.75062200,0
1770416100000000,2052.53000000,2066.90000000,2051.55000000,2064.37000000,17312.04020000,1770416999999999,35656246.59652500,51340,11054.85020000,22768125.63632400,0
1770417000000000,2064.34000000,2085.47000000,2062.67000000,2070.82000000,22897.47560000,1770417899999999,47446421.84748200,86910,13614.83600000,28197012.82300800,0
1770417900000000,2070.83000000,2083.35000000,2067.02000000,2075.10000000,6204.51590000,1770418799999999,12880531.28219700,54153,2893.21960000,6008333.00902800,0
1770418800000000,2075.09000000,2087.98000000,2068.05000000,2068.23000000,18733.73420000,1770419699999999,38887793.05565100,79353,9005.53990000,18690582.94443000,0
1770419700000000,2068.23000000,2070.22000000,2049.28000000,2069.92000000,27821.17350000,1770420599999999,57317774.90789700,108403,18397.82460000,37899262.96231900,0
1770420600000000,2069.93000000,2078.99000000,2063.21000000,2064.38000000,6121.78120000,1770421499999999,12677346.79625600,67161,2580.86620000,5345559.25908000,0
1770421500000000,2064.37000000,2069.64000000,2059.23000000,2063.38000000,3135.81690000,1770422399999999,6472357.58689900,42588,1296.17510000,2675460.82735900,0
1770422400000000,2063.37000000,2064.56000000,2045.20000000,2052.25000000,18195.61960000,1770423299999999,37336509.32744000,109351,10854.56310000,22266899.47112200,0
1770423300000000,2052.26000000,2058.41000000,2041.92000000,2046.15000000,8069.97870000,1770424199999999,16549040.76661400,94477,3417.14970000,7010051.79056400,0
1770424200000000,2046.15000000,2050.23000000,2036.75000000,2037.48000000,8026.89750000,1770425099999999,16396565.54772400,81420,3318.83310000,6780420.56123300,0
1770425100000000,2037.47000000,2055.45000000,2037.39000000,2043.50000000,15813.67520000,1770425999999999,32326368.09208900,71084,10228.52810000,20903406.47439100,0
1770426000000000,2043.49000000,2047.60000000,2032.60000000,2035.70000000,8168.94750000,1770426899999999,16667948.77638700,64496,2943.18470000,6005792.95012000,0
1770426900000000,2035.70000000,2049.30000000,2034.41000000,2044.77000000,8701.16650000,1770427799999999,17770360.35127200,56689,4695.75480000,9590410.21379800,0
1770427800000000,2044.77000000,2056.97000000,2043.54000000,2050.90000000,4590.77480000,1770428699999999,9415497.54987900,51199,2189.68940000,4491787.28482100,0
1770428700000000,2050.90000000,2066.64000000,2050.30000000,2061.94000000,5355.12410000,1770429599999999,11035003.17074000,68783,3010.17780000,6202641.52812500,0
1770429600000000,2061.94000000,2064.06000000,2054.78000000,2059.71000000,4910.12400000,1770430499999999,10111636.57137000,62168,1892.49870000,3897317.02203100,0
1770430500000000,2059.71000000,2065.35000000,2056.55000000,2059.33000000,2787.45470000,1770431399999999,5743765.29187200,42815,1285.24000000,2648361.28489400,0
1770431400000000,2059.34000000,2062.75000000,2054.09000000,2056.64000000,4855.98750000,1770432299999999,9990396.12114800,44369,1681.58290000,3459328.13246900,0
1770432300000000,2056.64000000,2060.99000000,2048.78000000,2059.39000000,4479.49880000,1770433199999999,9200510.67954400,47697,2060.23090000,4232473.55294200,0
1770433200000000,2059.39000000,2082.52000000,2057.58000000,2076.48000000,11089.21270000,1770434099999999,22940568.47365700,79938,6785.95870000,14040581.99768900,0
1770434100000000,2076.45000000,2081.28000000,2068.69000000,2078.40000000,6664.55880000,1770434999999999,13831671.27126800,59610,4217.55620000,8756939.51354500,0
1770435000000000,2078.39000000,2084.01000000,2069.37000000,2078.49000000,7064.39480000,1770435899999999,14661950.82486700,56032,4465.41100000,9270291.68230900,0
1770435900000000,2078.51000000,2086.00000000,2074.40000000,2080.81000000,4999.70670000,1770436799999999,10397700.40173000,48250,2938.28970000,6110824.68914200,0
1770436800000000,2080.80000000,2108.85000000,2078.83000000,2104.74000000,19960.80570000,1770437699999999,41817258.90255400,151210,12487.70410000,26158034.84826800,0
1770437700000000,2104.73000000,2119.46000000,2094.02000000,2097.05000000,19068.53360000,1770438599999999,40185276.22706900,136908,7519.73370000,15848366.66482300,0
1770438600000000,2097.06000000,2104.40000000,2078.81000000,2080.53000000,12406.10910000,1770439499999999,25930084.56454000,95861,6723.91800000,14050525.28652900,0
1770439500000000,2080.53000000,2088.04000000,2079.59000000,2087.40000000,5089.63190000,1770440399999999,10606888.46218300,53713,2233.51520000,4654948.04887300,0
1770440400000000,2087.39000000,2096.73000000,2085.55000000,2093.37000000,4307.54840000,1770441299999999,9008978.34471500,52206,2267.13420000,4741186.96027100,0
1770441300000000,2093.36000000,2103.99000000,2085.05000000,2086.88000000,7316.02710000,1770442199999999,15334433.96759600,86359,3676.74470000,7709918.11343600,0
1770442200000000,2086.87000000,2092.73000000,2083.28000000,2085.54000000,5046.78490000,1770443099999999,10532790.63442900,60936,3039.82570000,6344326.25701100,0
1770443100000000,2085.54000000,2087.89000000,2077.79000000,2083.79000000,4512.88780000,1770443999999999,9400038.04382000,50052,2107.74880000,4391871.58872400,0
1770444000000000,2083.78000000,2093.52000000,2078.35000000,2082.78000000,4892.74420000,1770444899999999,10202201.68140400,60274,2002.85810000,4178239.40268300,0
1770444900000000,2082.78000000,2082.99000000,2068.91000000,2079.09000000,5485.25540000,1770445799999999,11385695.45322200,55077,2632.22650000,5463411.17515300,0
1770445800000000,2079.08000000,2085.02000000,2076.16000000,2077.46000000,3351.04260000,1770446699999999,6975287.02836700,44463,1399.72130000,2913679.08047500,0
1770446700000000,2077.45000000,2078.35000000,2047.20000000,2047.73000000,10962.05330000,1770447599999999,22618533.34589000,132466,4045.81510000,8347798.01443300,0
1770447600000000,2047.73000000,2055.70000000,2013.02000000,2014.85000000,25874.38000000,1770448499999999,52627806.49580000,208722,11611.14430000,23634346.00618200,0
1770448500000000,2014.84000000,2024.19000000,1994.57000000,2023.80000000,31766.31730000,1770449399999999,63789187.12729600,239013,15481.85320000,31089437.41813900,0
1770449400000000,2023.80000000,2042.99000000,2007.71000000,2034.56000000,13304.37700000,1770450299999999,26932846.04717700,162123,6146.33820000,12444390.61327000,0
1770450300000000,2034.56000000,2034.90000000,2022.23000000,2027.10000000,7478.24790000,1770451199999999,15168107.08354600,81332,3001.02020000,6087568.14739100,0
1770451200000000,2027.10000000,2032.60000000,2017.32000000,2023.71000000,8378.60310000,1770452099999999,16973119.86605900,93275,3121.96140000,6326900.69194600,0
1770452100000000,2023.72000000,2029.61000000,2015.33000000,2020.11000000,8524.19680000,1770452999999999,17246170.54541300,86966,2965.69380000,6001289.10640400,0
1770453000000000,2020.11000000,2029.61000000,2015.99000000,2020.21000000,7902.61810000,1770453899999999,15980397.11867800,71942,2056.46770000,4160367.08926900,0
1770453900000000,2020.21000000,2027.81000000,2019.01000000,2019.02000000,5922.77630000,1770454799999999,11986220.33530500,55759,1945.17950000,3937148.38682400,0
1770454800000000,2019.02000000,2029.58000000,2019.02000000,2028.99000000,5996.30860000,1770455699999999,12135257.72170900,56833,2126.05120000,4303116.61853100,0
1770455700000000,2028.99000000,2029.84000000,2021.13000000,2021.86000000,3160.50950000,1770456599999999,6401528.10739700,43308,1367.61400000,2770172.25802000,0
1770456600000000,2021.87000000,2023.42000000,2006.74000000,2011.89000000,7284.13560000,1770457499999999,14661005.49438900,75777,2288.72720000,4606868.64311700,0
1770457500000000,2011.90000000,2014.51000000,2005.26000000,2014.45000000,4823.58940000,1770458399999999,9695249.51221500,55588,2160.85490000,4343796.73938300,0
1770458400000000,2014.45000000,2019.56000000,2004.15000000,2008.32000000,6491.07980000,1770459299999999,13049510.39258600,64311,2227.54580000,4479457.42129300,0
1770459300000000,2008.39000000,2013.95000000,2004.99000000,2008.92000000,4970.53950000,1770460199999999,9990402.30735700,47490,1859.31940000,3737578.71566600,0
1770460200000000,2008.91000000,2010.85000000,1999.57000000,2005.38000000,6051.68170000,1770461099999999,12131074.24779100,65665,2499.82920000,5011140.03945300,0
1770461100000000,2005.38000000,2012.60000000,2001.68000000,2010.68000000,4197.94130000,1770461999999999,8430828.96425800,48169,1915.63950000,3846575.49383800,0
1770462000000000,2010.67000000,2016.62000000,2007.50000000,2010.99000000,5230.35190000,1770462899999999,10528063.68336000,50398,2130.48340000,4288530.04441000,0
1770462900000000,2010.99000000,2015.33000000,2007.09000000,2008.34000000,3975.30030000,1770463799999999,7992790.72905600,39501,1350.96610000,2716199.48833800,0
1770463800000000,2008.34000000,2014.15000000,2007.05000000,2007.09000000,3065.24350000,1770464699999999,6162569.13976500,38339,1332.77960000,2679682.39177100,0
1770464700000000,2007.10000000,2021.79000000,2007.10000000,2018.77000000,4196.21400000,1770465599999999,8450127.07176000,48854,2359.55090000,4751936.15643400,0
1770465600000000,2018.77000000,2048.77000000,2017.02000000,2040.73000000,18714.30460000,1770466499999999,38125457.32962400,141761,11346.38860000,23125773.23627700,0
1770466500000000,2040.72000000,2075.21000000,2037.30000000,2054.88000000,20576.49560000,1770467399999999,42330618.97441600,197968,10870.22150000,22361526.42879800,0
1770467400000000,2054.87000000,2069.93000000,2039.39000000,2042.77000000,16197.94550000,1770468299999999,33251699.11811100,130814,8674.77690000,17801672.18056300,0
1770468300000000,2042.77000000,2052.43000000,2037.28000000,2041.33000000,10327.25920000,1770469199999999,21101267.82621900,80682,6171.52720000,12607827.00960600,0
1770469200000000,2041.33000000,2050.43000000,2036.46000000,2039.73000000,14575.69410000,1770470099999999,29783021.24020500,91858,8176.40310000,16711697.66517700,0
1770470100000000,2039.73000000,2047.75000000,2038.70000000,2046.80000000,6509.01230000,1770470999999999,13312492.09890300,55589,4493.98540000,9191999.17294000,0
1770471000000000,2046.80000000,2049.74000000,2028.37000000,2033.32000000,20226.48950000,1770471899999999,41159350.26495800,87950,12665.76710000,25764897.36216200,0
1770471900000000,2033.33000000,2041.49000000,2032.56000000,2041.49000000,8706.88140000,1770472799999999,17737524.02554200,40324,5204.99300000,10603149.97299500,0
1770472800000000,2041.48000000,2046.53000000,2037.96000000,2043.30000000,4984.44820000,1770473699999999,10176505.65346700,53356,1940.17930000,3960524.63290400,0
1770473700000000,2043.29000000,2049.53000000,2038.21000000,2042.32000000,3247.08570000,1770474599999999,6636585.68764800,42707,1257.54730000,2570672.55438800,0
1770474600000000,2042.32000000,2045.28000000,2022.80000000,2030.26000000,8270.63950000,1770475499999999,16802515.65173500,76033,3505.82680000,7119959.82186300,0
1770475500000000,2030.26000000,2031.31000000,2009.82000000,2020.41000000,7656.54040000,1770476399999999,15457006.21645700,82423,3238.50750000,6536356.57732100,0
1770476400000000,2020.41000000,2041.80000000,2014.38000000,2039.44000000,8729.00660000,1770477299999999,17726769.79988000,103117,4497.78140000,9134875.63147900,0
1770477300000000,2039.48000000,2053.42000000,2033.45000000,2046.75000000,9588.87680000,1770478199999999,19602456.99235900,95461,3803.95390000,7775990.58873300,0
1770478200000000,2046.76000000,2063.46000000,2044.53000000,2047.41000000,7484.06550000,1770479099999999,15370495.73661700,89545,3209.72720000,6595540.94363500,0
1770479100000000,2047.41000000,2054.59000000,2042.45000000,2052.54000000,5949.01240000,1770479999999999,12190839.40582500,66797,3007.66360000,6164194.72493000,0
1770480000000000,2052.55000000,2121.70000000,2009.54000000,2055.16000000,256455.46250000,1770480899999999,528528352.42188500,739119,128877.60880000,265769458.56536600,0
1770480900000000,2055.16000000,2071.74000000,2036.00000000,2053.54000000,116708.91350000,1770481799999999,239620826.58163000,334227,58809.15920000,120880316.47587900,0
1770481800000000,2053.54000000,2059.12000000,2046.65000000,2056.84000000,7252.64610000,1770482699999999,14898326.12977300,90581,3597.53510000,7392226.57707300,0
1770482700000000,2056.85000000,2057.43000000,2047.45000000,2050.30000000,9298.06390000,1770483599999999,19086494.65229700,98445,3221.20680000,6612209.68408700,0
1770483600000000,2050.30000000,2053.00000000,2032.96000000,2041.21000000,12440.73230000,1770484499999999,25395611.54660000,153893,6330.81910000,12919118.87543700,0
1770484500000000,2041.21000000,2058.08000000,2038.20000000,2055.86000000,9433.48550000,1770485399999999,19333731.67921400,96359,4937.00950000,10114419.74844400,0
1770485400000000,2055.86000000,2073.13000000,2051.23000000,2068.35000000,8696.55420000,1770486299999999,17929970.40819500,77451,4149.29440000,8559439.24686900,0
1770486300000000,2068.36000000,2072.45000000,2056.82000000,2061.16000000,4627.44620000,1770487199999999,9550718.61955600,58728,1547.07450000,3191672.65868000,0
1770487200000000,2061.16000000,2073.01000000,2059.00000000,2066.28000000,13318.52400000,1770488099999999,27550404.54448200,55905,4854.30650000,10036425.98463800,0
1770488100000000,2066.27000000,2096.71000000,2065.87000000,2090.42000000,19488.07810000,1770488999999999,40594485.84858200,101464,8431.83690000,17566499.30135100,0
1770489000000000,2090.43000000,2105.60000000,2084.07000000,2100.70000000,14038.41710000,1770489899999999,29424873.21842400,96799,5659.89570000,11869251.07963500,0
1770489900000000,2100.69000000,2109.66000000,2095.17000000,2097.10000000,10852.34480000,1770490799999999,22809553.93638700,85828,3614.07160000,7596114.32981700,0
1770490800000000,2097.10000000,2101.35000000,2086.88000000,2088.73000000,6397.04070000,1770491699999999,13387923.17752400,67579,2227.59870000,4664166.47767900,0
1770491700000000,2088.73000000,2097.32000000,2088.35000000,2092.79000000,3862.64110000,1770492599999999,8082179.02558900,37096,1460.46900000,3055982.44954700,0
1770492600000000,2092.79000000,2095.11000000,2083.74000000,2094.69000000,3324.86640000,1770493499999999,6948812.59460500,44167,1358.72570000,2839629.20425100,0
1770493500000000,2094.69000000,2096.97000000,2088.26000000,2091.29000000,4185.21600000,1770494399999999,8762033.64398500,46348,1311.66780000,2745583.08812600,0
1770494400000000,2091.29000000,2098.73000000,2084.60000000,2087.18000000,6680.53340000,1770495299999999,13978818.78429600,51102,1631.03930000,3411974.37494500,0
1770495300000000,2087.18000000,2099.95000000,2086.25000000,2096.04000000,4656.81640000,1770496199999999,9749557.81807000,31402,1357.01780000,2841216.60880800,0
1770496200000000,2096.04000000,2102.25000000,2092.67000000,2094.72000000,3518.33510000,1770497099999999,7380189.30991000,39454,1461.95500000,3067086.08883200,0
1770497100000000,2094.72000000,2115.00000000,2094.72000000,2105.32000000,7993.33520000,1770497999999999,16830173.81420800,55462,4456.02590000,9382383.24381500,0
1770498000000000,2105.33000000,2109.58000000,2094.46000000,2105.99000000,12862.83820000,1770498899999999,27034895.70887300,64569,3130.53890000,6580325.16073000,0
1770498900000000,2105.99000000,2109.04000000,2096.84000000,2105.83000000,4975.20170000,1770499799999999,10462641.22039200,39817,1961.37970000,4126881.28749500,0
1770499800000000,2105.83000000,2110.35000000,2103.18000000,2103.32000000,3273.97330000,1770500699999999,6896900.90998600,44080,1391.46430000,2931041.64589300,0
1770500700000000,2103.33000000,2103.42000000,2097.63000000,2100.42000000,2806.74890000,1770501599999999,5895274.57509900,39174,987.70460000,2074577.73154100,0
1770501600000000,2100.43000000,2107.56000000,2095.70000000,2100.48000000,5548.20920000,1770502499999999,11657191.65226100,38046,3454.37140000,7256799.68464900,0
1770502500000000,2100.48000000,2100.88000000,2093.24000000,2099.10000000,2967.90640000,1770503399999999,6221960.32163100,33309,1008.20570000,2113771.83829500,0
1770503400000000,2099.09000000,2099.19000000,2088.66000000,2090.98000000,2473.60190000,1770504299999999,5178677.82400100,29438,1020.84240000,2137244.18076100,0
1770504300000000,2090.99000000,2093.79000000,2087.62000000,2088.58000000,1592.01900000,1770505199999999,3328911.23926300,29041,633.92380000,1325462.90941500,0
1770505200000000,2088.58000000,2091.50000000,2076.68000000,2083.92000000,4145.93260000,1770506099999999,8639917.21430700,56430,1693.81340000,3529852.74664700,0
1770506100000000,2083.92000000,2085.69000000,2073.00000000,2081.24000000,3804.06700000,1770506999999999,7907524.92807200,43574,1494.63510000,3105904.73910500,0
1770507000000000,2081.24000000,2089.28000000,2081.24000000,2088.50000000,5011.30380000,1770507899999999,10452757.20239000,39384,2328.17870000,4857270.41547400,0
1770507900000000,2088.49000000,2095.63000000,2086.65000000,2087.08000000,3414.47940000,1770508799999999,7141732.67374900,32436,2050.70330000,4288850.81114300,0
1770508800000000,2087.08000000,2094.60000000,2085.46000000,2090.57000000,2305.09450000,1770509699999999,4816937.48571000,31936,1098.18030000,2294744.41737800,0
1770509700000000,2090.58000000,2091.11000000,2078.76000000,2080.51000000,4303.64860000,1770510599999999,8966361.11380100,39251,1496.62730000,3117785.40159500,0
1770510600000000,2080.50000000,2087.64000000,2077.00000000,2078.41000000,4005.31100000,1770511499999999,8336917.82084400,44973,1491.76810000,3105230.84968300,0
1770511500000000,2078.41000000,2084.65000000,2076.86000000,2084.58000000,3594.54590000,1770512399999999,7479659.54436500,34107,1360.30110000,2830382.19574600,0
1770512400000000,2084.58000000,2093.11000000,2083.29000000,2091.58000000,3577.36210000,1770513299999999,7469857.60869700,36168,1977.65860000,4130467.17841100,0
1770513300000000,2091.57000000,2091.57000000,2082.69000000,2084.14000000,3813.93990000,1770514199999999,7962708.15329300,28978,1042.15560000,2175154.78363800,0
1770514200000000,2084.15000000,2095.11000000,2082.23000000,2090.38000000,3005.70040000,1770515099999999,6282570.21392700,37581,1680.57050000,3513276.36726800,0
1770515100000000,2090.38000000,2097.76000000,2088.83000000,2096.35000000,2364.08290000,1770515999999999,4950712.09893800,37875,1363.13170000,2854774.18936400,0
1770516000000000,2096.36000000,2102.21000000,2091.65000000,2099.11000000,3205.12530000,1770516899999999,6721709.05323400,36146,1998.24050000,4190416.23276300,0
1770516900000000,2099.12000000,2107.44000000,2094.70000000,2095.87000000,3907.82160000,1770517799999999,8210937.39449500,50056,1936.49160000,4069792.22705000,0
1770517800000000,2095.88000000,2099.21000000,2086.41000000,2089.89000000,4179.46940000,1770518699999999,8737295.26399900,42274,1939.08670000,4052882.21257900,0
1770518700000000,2089.89000000,2091.06000000,2082.48000000,2088.84000000,2706.10880000,1770519599999999,5647544.04112500,32006,1054.14710000,2199825.81736100,0
1770519600000000,2088.90000000,2090.84000000,2082.00000000,2086.26000000,5423.44480000,1770520499999999,11310290.79144800,52902,2744.86920000,5724126.55689400,0
1770520500000000,2086.25000000,2091.49000000,2082.91000000,2089.45000000,4193.36320000,1770521399999999,8755248.22652500,37879,2411.17460000,5035065.13167400,0
1770521400000000,2089.44000000,2093.29000000,2084.23000000,2085.40000000,2506.63850000,1770522299999999,5237778.81324000,28672,1360.89110000,2844410.46517600,0
1770522300000000,2085.41000000,2086.50000000,2077.00000000,2078.77000000,2754.58160000,1770523199999999,5734760.13850900,30150,1014.99720000,2113314.56592000,0
1770523200000000,2078.78000000,2082.62000000,2072.40000000,2073.42000000,4055.54100000,1770524099999999,8426684.87613600,34055,1486.60150000,3089445.75066300,0
1770524100000000,2073.57000000,2082.75000000,2064.91000000,2080.32000000,12377.23310000,1770524999999999,25629337.84075900,43170,6174.36600000,12775870.41063100,0
1770525000000000,2080.33000000,2082.12000000,2075.02000000,2078.43000000,2618.39670000,1770525899999999,5443673.56876700,27548,1048.01410000,2178667.84856400,0
1770525900000000,2078.43000000,2090.01000000,2076.27000000,2087.72000000,12760.78990000,1770526799999999,26611986.92786800,29461,4949.44170000,10314804.60862500,0
1770526800000000,2087.72000000,2087.99000000,2080.00000000,2087.05000000,3450.33920000,1770527699999999,7191630.34252000,27921,1731.82380000,3609628.73097300,0
1770527700000000,2087.05000000,2088.41000000,2083.81000000,2085.10000000,3322.08540000,1770528599999999,6929337.22075800,27008,2078.62770000,4335737.12110400,0
1770528600000000,2085.10000000,2085.10000000,2078.76000000,2084.08000000,3028.79830000,1770529499999999,6307927.81271200,23477,1733.18550000,3609830.55416500,0
1770529500000000,2084.07000000,2086.06000000,2082.20000000,2084.77000000,1528.76560000,1770530399999999,3186267.73286300,15221,831.77710000,1733728.16323100,0
1770530400000000,2084.76000000,2087.00000000,2077.72000000,2086.79000000,2049.45220000,1770531299999999,4266402.27158100,25487,962.93960000,2004458.63532200,0
1770531300000000,2086.80000000,2089.10000000,2083.74000000,2087.19000000,1976.12680000,1770532199999999,4124195.74477200,28023,1082.04450000,2258236.60300700,0
1770532200000000,2087.19000000,2087.19000000,2079.55000000,2081.75000000,2224.00100000,1770533099999999,4633402.50291100,19960,706.60760000,1472013.85004500,0
1770533100000000,2081.75000000,2083.94000000,2077.19000000,2079.30000000,2451.35540000,1770533999999999,5098008.88232100,25216,906.05840000,1884274.87295400,0
1770534000000000,2079.30000000,2082.14000000,2064.10000000,2075.60000000,20834.41180000,1770534899999999,43165869.37614200,61447,4946.28220000,10252390.85109500,0
1770534900000000,2075.60000000,2077.99000000,2069.11000000,2074.38000000,3576.96150000,1770535799999999,7419427.12279300,31248,1551.41350000,3217780.90102900,0
1770535800000000,2074.38000000,2081.01000000,2072.40000000,2078.34000000,3026.12240000,1770536699999999,6287962.78911000,27686,1431.47000000,2974092.41799600,0
1770536700000000,2078.34000000,2084.42000000,2077.52000000,2084.41000000,2621.50830000,1770537599999999,5455771.72829300,24078,1349.16510000,2808010.53856800,0
1770537600000000,2084.41000000,2088.87000000,2078.77000000,2080.79000000,3318.78510000,1770538499999999,6914345.44454200,35363,1494.99180000,3114839.08787500,0
1770538500000000,2080.79000000,2107.21000000,2078.04000000,2102.45000000,11113.54250000,1770539399999999,23299667.56159600,69101,8040.56590000,16858680.92941900,0
1770539400000000,2102.44000000,2124.55000000,2098.38000000,2108.71000000,11672.60120000,1770540299999999,24670657.50632600,125206,5815.68150000,12294409.73733900,0
1770540300000000,2108.71000000,2117.80000000,2107.37000000,2116.03000000,5230.10570000,1770541199999999,11047540.69647900,63406,2374.00010000,5014628.65778300,0
1770541200000000,2116.04000000,2123.00000000,2104.77000000,2108.66000000,5807.13170000,1770542099999999,12271809.07163300,67998,2609.77270000,5515460.02678900,0
1770542100000000,2108.66000000,2111.47000000,2106.19000000,2107.17000000,3073.19250000,1770542999999999,6480234.01237600,42539,1486.48320000,3134538.72770900,0
1770543000000000,2107.17000000,2114.58000000,2095.53000000,2098.59000000,5902.75880000,1770543899999999,12415825.73151300,68771,2977.51400000,6264088.94975500,0
1770543900000000,2098.58000000,2104.27000000,2097.21000000,2100.55000000,2441.41290000,1770544799999999,5128075.34954200,41022,1290.09600000,2709989.04648300,0
1770544800000000,2100.54000000,2114.17000000,2100.51000000,2107.00000000,3451.04990000,1770545699999999,7273214.84017000,45982,1891.52640000,3986526.16655000,0
1770545700000000,2107.00000000,2110.00000000,2083.41000000,2090.60000000,9205.76290000,1770546599999999,19273134.65768500,80210,3915.19480000,8198895.42772200,0
1770546600000000,2090.60000000,2097.76000000,2089.00000000,2095.61000000,2225.48360000,1770547499999999,4658090.46614200,39575,1101.47160000,2305636.95116400,0
1770547500000000,2095.61000000,2100.18000000,2095.00000000,2096.08000000,2216.20710000,1770548399999999,4647754.68545500,29797,999.80700000,2096931.68160700,0
1770548400000000,2096.08000000,2111.06000000,2094.45000000,2110.99000000,2998.59080000,1770549299999999,6307541.62156700,41717,1780.27560000,3744101.09657200,0
1770549300000000,2111.00000000,2120.32000000,2107.00000000,2114.46000000,3845.62750000,1770550199999999,8125443.75003200,57191,1923.69770000,4065280.61947500,0
1770550200000000,2114.47000000,2137.57000000,2113.55000000,2124.07000000,13347.79670000,1770551099999999,28410739.75223700,97161,7368.95340000,15689883.33259100,0
1770551100000000,2124.08000000,2135.61000000,2121.93000000,2132.35000000,6898.55170000,1770551999999999,14694913.04404800,60443,3867.41010000,8239600.46851900,0
1770552000000000,2132.36000000,2134.11000000,2125.42000000,2126.99000000,4430.99450000,1770552899999999,9431018.38706700,45232,1855.42950000,3948999.28904000,0
1770552900000000,2127.00000000,2139.74000000,2126.33000000,2138.36000000,5493.36950000,1770553799999999,11719297.98677400,49999,2812.14500000,5997711.69273900,0
1770553800000000,2138.36000000,2145.26000000,2129.07000000,2131.47000000,6536.39260000,1770554699999999,13969171.98222500,70755,3171.17140000,6778024.51489000,0
1770554700000000,2131.46000000,2138.08000000,2125.82000000,2131.43000000,9213.36820000,1770555599999999,19628370.15922300,67234,3969.73500000,8457134.48770500,0
1770555600000000,2131.44000000,2141.00000000,2120.68000000,2125.50000000,10708.05200000,1770556499999999,22813245.70613600,73716,5546.80810000,11823232.46427100,0
1770556500000000,2125.51000000,2137.35000000,2124.00000000,2133.03000000,4684.60110000,1770557399999999,9990432.97591100,55260,2271.76590000,4845121.73751100,0
1770557400000000,2133.03000000,2134.64000000,2118.39000000,2120.01000000,8556.85530000,1770558299999999,18192356.87550800,52686,3782.06870000,8038916.64391700,0
1770558300000000,2120.01000000,2126.59000000,2120.01000000,2126.59000000,4899.91810000,1770559199999999,10403070.00104000,43864,2477.83310000,5260127.11967600,0
1770559200000000,2126.59000000,2129.49000000,2118.72000000,2120.57000000,5551.36450000,1770560099999999,11789401.51377900,50521,1861.81030000,3954778.76305400,0
1770560100000000,2120.56000000,2124.00000000,2116.32000000,2120.73000000,3730.60990000,1770560999999999,7908285.72921900,48352,1501.10410000,3182020.44863600,0
1770561000000000,2120.73000000,2125.63000000,2118.18000000,2122.55000000,2046.07220000,1770561899999999,4342201.89995200,29961,960.24280000,2037807.91146600,0
1770561900000000,2122.54000000,2128.86000000,2121.00000000,2128.62000000,1765.57370000,1770562799999999,3749950.46206500,24744,1038.74700000,2206489.36181600,0
1770562800000000,2128.61000000,2130.78000000,2125.46000000,2129.91000000,3075.51590000,1770563699999999,6545707.36665200,42913,1701.50900000,3621267.00713700,0
1770563700000000,2129.90000000,2129.90000000,2097.57000000,2102.85000000,12263.83090000,1770564599999999,25892526.63526200,94070,6186.35010000,13053348.93250600,0
1770564600000000,2102.84000000,2116.06000000,2101.83000000,2112.45000000,5477.30700000,1770565499999999,11550526.20592000,70261,2575.02990000,5430227.22275800,0
1770565500000000,2112.44000000,2112.95000000,2104.30000000,2108.64000000,3775.67400000,1770566399999999,7961090.37185200,38235,1469.51990000,3098205.23289000,0
1770566400000000,2108.63000000,2114.88000000,2105.96000000,2106.87000000,3412.90830000,1770567299999999,7203269.93809400,43822,1581.21700000,3337187.58572400,0
1770567300000000,2106.89000000,2116.08000000,2106.89000000,2113.02000000,2569.41490000,1770568199999999,5429156.66328000,31996,1276.84570000,2698117.04405900,0
1770568200000000,2113.01000000,2115.95000000,2094.03000000,2096.21000000,4890.09380000,1770569099999999,10284612.87221100,52188,1917.62020000,4034461.04654500,0
1770569100000000,2096.20000000,2097.46000000,2072.80000000,2080.97000000,10169.72360000,1770569999999999,21184765.92204800,101406,3895.89310000,8116161.87823400,0
1770570000000000,2080.96000000,2094.40000000,2080.10000000,2089.53000000,4390.51770000,1770570899999999,9173661.35455600,49516,2345.53070000,4900504.74816000,0
1770570900000000,2089.53000000,2099.31000000,2082.43000000,2085.83000000,3630.94920000,1770571799999999,7591841.44365000,45845,1426.83010000,2985079.30619500,0
1770571800000000,2085.83000000,2094.80000000,2085.83000000,2094.14000000,2207.13780000,1770572699999999,4615939.50422200,27875,1100.54650000,2301640.69010800,0
1770572700000000,2094.14000000,2095.53000000,2087.38000000,2092.13000000,2755.55070000,1770573599999999,5764174.80582200,30419,1088.91460000,2277679.70677900,0
1770573600000000,2092.13000000,2098.51000000,2090.69000000,2094.90000000,2161.75290000,1770574499999999,4530002.71526700,28551,1107.79230000,2321818.30255300,0
1770574500000000,2094.90000000,2099.33000000,2091.53000000,2098.28000000,2722.04220000,1770575399999999,5706503.54326000,29158,1364.45370000,2860845.96929800,0
1770575400000000,2098.28000000,2122.13000000,2098.27000000,2115.19000000,8020.18070000,1770576299999999,16937184.94906000,68768,4204.23000000,8873892.60736600,0
1770576300000000,2115.19000000,2119.34000000,2107.94000000,2109.47000000,3541.42830000,1770577199999999,7480719.47116600,30955,1235.86130000,2610160.94253300,0
1770577200000000,2109.47000000,2116.04000000,2107.66000000,2109.27000000,2363.84270000,1770578099999999,4990788.14439900,30721,1023.94550000,2161565.05565500,0
1770578100000000,2109.29000000,2115.99000000,2109.29000000,2113.01000000,2434.98760000,1770578999999999,5146694.57193600,25223,946.01250000,1999217.22508900,0
1770579000000000,2113.01000000,2119.63000000,2112.09000000,2119.42000000,1488.67160000,1770579899999999,3149202.40304500,23699,662.26250000,1401091.85810100,0
1770579900000000,2119.42000000,2129.73000000,2117.09000000,2126.77000000,4077.50040000,1770580799999999,8663299.48171500,42017,2017.05500000,4285287.28801700,0
1770580800000000,2126.79000000,2127.25000000,2114.15000000,2117.50000000,2033.83340000,1770581699999999,4307517.62187200,38599,723.75080000,1532603.52095500,0
1770581700000000,2117.50000000,2122.18000000,2111.35000000,2113.90000000,3112.67570000,1770582599999999,6592887.86600000,29479,1202.42520000,2547224.51934700,0
1770582600000000,2113.89000000,2117.76000000,2112.30000000,2112.30000000,1431.10150000,1770583499999999,3026525.97791200,23235,629.97560000,1332264.98844700,0
1770583500000000,2112.31000000,2115.57000000,2100.26000000,2104.59000000,4120.78740000,1770584399999999,8681624.91411900,41008,1607.61350000,3387444.18394000,0
1770584400000000,2104.58000000,2112.51000000,2102.02000000,2110.57000000,2117.82980000,1770585299999999,4463886.51725200,29271,1241.08230000,2616625.48758200,0
1770585300000000,2110.58000000,2115.10000000,2108.88000000,2108.88000000,1863.58400000,1770586199999999,3936595.18313800,28982,916.05760000,1935275.96363300,0
1770586200000000,2108.89000000,2111.16000000,2091.90000000,2095.52000000,5150.86270000,1770587099999999,10807859.04950500,42125,2061.21330000,4324273.09004400,0
1770587100000000,2095.52000000,2101.57000000,2090.00000000,2093.90000000,4303.98440000,1770587999999999,9018745.15866400,32386,1799.02990000,3770495.08331200,0
1770588000000000,2093.91000000,2102.55000000,2093.91000000,2101.69000000,4012.35460000,1770588899999999,8418757.37594400,28634,1985.37830000,4165704.63456000,0
1770588900000000,2101.69000000,2106.65000000,2099.67000000,2100.65000000,2378.11540000,1770589799999999,5001291.40766100,25603,1260.85240000,2652155.61993500,0
1770589800000000,2100.65000000,2105.07000000,2093.83000000,2099.17000000,2903.27280000,1770590699999999,6093220.62262500,25509,1400.18490000,2939191.11050000,0
1770590700000000,2099.17000000,2112.68000000,2099.12000000,2108.43000000,3007.28240000,1770591599999999,6334902.11958500,27518,1610.98760000,3393975.36354400,0
1770591600000000,2108.45000000,2152.03000000,2107.62000000,2119.17000000,24058.10120000,1770592499999999,51360033.79298100,141247,13338.15600000,28496632.87135800,0
1770592500000000,2119.17000000,2123.41000000,2081.90000000,2092.03000000,15621.42630000,1770593399999999,32782224.67987500,115275,7408.79260000,15542840.74882200,0
1770593400000000,2092.02000000,2096.23000000,2071.60000000,2092.77000000,15993.37010000,1770594299999999,33322122.82628900,116254,8480.36290000,17672044.03061800,0
1770594300000000,2092.76000000,2107.70000000,2087.84000000,2089.74000000,7185.74030000,1770595199999999,15064138.00935700,76516,4101.06490000,8598425.33712600,0
1770595200000000,2089.73000000,2097.00000000,2086.91000000,2093.84000000,6000.79180000,1770596099999999,12552476.33676500,81006,3181.49240000,6655423.50807400,0
1770596100000000,2093.81000000,2097.20000000,2080.75000000,2082.54000000,6243.20710000,1770596999999999,13040372.68450700,59261,2791.68450000,5834943.62356800,0
1770597000000000,2082.55000000,2088.16000000,2076.75000000,2081.84000000,5764.78970000,1770597899999999,12010363.72176200,53376,3107.53130000,6475721.32543800,0
1770597900000000,2081.83000000,2087.75000000,2076.33000000,2084.48000000,3156.29060000,1770598799999999,6575390.47456400,45726,1736.61580000,3618220.49963000,0
1770598800000000,2084.47000000,2090.17000000,2077.24000000,2081.73000000,3777.98530000,1770599699999999,7866887.61243000,53110,1650.54630000,3438508.43824600,0
1770599700000000,2081.73000000,2101.24000000,2077.70000000,2091.90000000,4425.07510000,1770600599999999,9262106.06904700,59607,2459.33890000,5146557.65045500,0
1770600600000000,2091.90000000,2092.97000000,2056.60000000,2064.97000000,14851.98930000,1770601499999999,30772796.58394600,82102,7164.23510000,14834660.26667400,0
1770601500000000,2064.96000000,2073.52000000,2055.01000000,2070.89000000,11482.90550000,1770602399999999,23716898.82820000,89244,6029.50100000,12451233.81790300,0
1770602400000000,2070.89000000,2076.56000000,2065.71000000,2070.10000000,4103.59330000,1770603299999999,8496249.56304300,58163,2152.34740000,4457205.31469200,0
1770603300000000,2070.10000000,2075.89000000,2068.29000000,2072.65000000,2754.16310000,1770604199999999,5707845.08215000,41256,1525.79190000,3162212.68349100,0
1770604200000000,2072.65000000,2095.52000000,2072.11000000,2090.47000000,8395.09360000,1770605099999999,17517213.08079600,62053,6123.36180000,12777738.32898700,0
1770605100000000,2090.47000000,2091.70000000,2080.28000000,2081.29000000,2722.95140000,1770605999999999,5678161.70660300,40080,1105.58790000,2305500.55313100,0
1770606000000000,2081.29000000,2088.27000000,2081.29000000,2083.56000000,2269.70510000,1770606899999999,4730666.73492600,37219,1169.59380000,2437624.43764500,0
1770606900000000,2083.56000000,2090.29000000,2081.78000000,2087.12000000,3751.14320000,1770607799999999,7823158.82328900,43952,2306.67030000,4810924.77073200,0
1770607800000000,2087.11000000,2099.40000000,2086.87000000,2093.49000000,5581.74540000,1770608699999999,11682528.67378600,65574,3495.82250000,7316328.49143200,0
1770608700000000,2093.50000000,2103.02000000,2091.36000000,2100.25000000,4945.69290000,1770609599999999,10367750.73622300,51255,2990.74690000,6270112.19322100,0
1770609600000000,2100.25000000,2102.03000000,2090.25000000,2090.79000000,3515.18870000,1770610499999999,7367309.24343600,37628,1615.52650000,3386852.74010300,0
1770610500000000,2090.79000000,2098.14000000,2089.59000000,2096.57000000,2263.55300000,1770611399999999,4741461.76381600,24881,1076.07890000,2254484.77174400,0
1770611400000000,2096.56000000,2096.76000000,2086.66000000,2090.19000000,3104.19210000,1770612299999999,6489481.58589200,27967,1036.28910000,2166498.63930300,0
1770612300000000,2090.20000000,2093.37000000,2087.61000000,2090.35000000,3036.70810000,1770613199999999,6347070.85618700,24057,1345.88050000,2812821.01700200,0
1770613200000000,2090.35000000,2090.36000000,2083.75000000,2084.01000000,3687.52490000,1770614099999999,7693251.71821100,24107,1448.19690000,3021481.00612400,0
1770614100000000,2084.02000000,2092.62000000,2083.77000000,2092.55000000,2078.71380000,1770614999999999,4342295.96881900,25044,1458.69280000,3047348.44341000,0
1770615000000000,2092.55000000,2097.01000000,2089.21000000,2092.80000000,2114.92560000,1770615899999999,4427952.37245800,27251,1447.02840000,3029402.27645100,0
1770615900000000,2092.79000000,2096.43000000,2088.68000000,2095.82000000,3191.82820000,1770616799999999,6681685.61508500,28039,1938.03310000,4057415.87876500,0
1770616800000000,2095.81000000,2095.82000000,2084.17000000,2090.61000000,8034.96190000,1770617699999999,16786710.32412100,76420,4952.62970000,10347062.04867000,0
1770617700000000,2090.61000000,2090.61000000,2072.43000000,2074.29000000,10415.18390000,1770618599999999,21657486.60645300,77694,5283.54950000,10987986.55602500,0
1770618600000000,2074.28000000,2081.31000000,2073.61000000,2079.43000000,2991.63380000,1770619499999999,6217090.59805000,27969,1933.85230000,4019306.31891100,0
1770619500000000,2079.42000000,2084.24000000,2078.00000000,2081.43000000,1837.59370000,1770620399999999,3822631.18867900,19727,963.75380000,2004848.30538700,0
1770620400000000,2081.43000000,2086.93000000,2074.53000000,2085.60000000,3603.12430000,1770621299999999,7496774.95945500,37362,1979.40040000,4119377.56842700,0
1770621300000000,2085.60000000,2087.70000000,2081.00000000,2081.40000000,2832.76140000,1770622199999999,5903701.80941500,33055,1479.28810000,3082887.27160100,0
1770622200000000,2081.40000000,2081.40000000,2064.67000000,2067.25000000,6483.58360000,1770623099999999,13434964.33682100,45731,2526.68280000,5235015.28585800,0
1770623100000000,2067.25000000,2072.39000000,2065.15000000,2065.74000000,4770.68430000,1770623999999999,9871305.63315100,35906,2057.04870000,4256702.69381400,0
1770624000000000,2065.74000000,2070.21000000,2060.67000000,2066.97000000,6016.28320000,1770624899999999,12430065.75782200,49961,2545.82380000,5260183.20441700,0
1770624900000000,2066.97000000,2068.53000000,2049.07000000,2053.02000000,9161.47870000,1770625799999999,18842480.98545400,68370,3818.13740000,7853045.63797700,0
1770625800000000,2053.01000000,2053.03000000,2034.56000000,2050.17000000,14378.84170000,1770626699999999,29392347.38646200,109289,6495.74650000,13277453.92951400,0
1770626700000000,2050.16000000,2056.34000000,2048.88000000,2050.07000000,6125.67860000,1770627599999999,12571661.33151200,43355,2136.72200000,4384819.74276600,0
1770627600000000,2050.02000000,2057.43000000,2049.21000000,2049.21000000,5013.16720000,1770628499999999,10294010.25937900,33728,2009.75340000,4126858.77981800,0
1770628500000000,2049.21000000,2051.22000000,2043.63000000,2047.50000000,6495.97320000,1770629399999999,13302634.46650400,37427,2752.85240000,5639319.78754300,0
1770629400000000,2047.50000000,2049.68000000,2036.14000000,2040.80000000,5132.48970000,1770630299999999,10480548.20816500,41917,1978.74040000,4039432.04052400,0
1770630300000000,2040.82000000,2042.85000000,2034.61000000,2042.27000000,5798.28430000,1770631199999999,11822506.81257700,41170,3453.88980000,7043438.53017200,0
1770631200000000,2042.27000000,2047.32000000,2035.21000000,2039.78000000,4751.63190000,1770632099999999,9703517.57796200,41987,2729.97250000,5575286.39258800,0
1770632100000000,2039.78000000,2041.08000000,2024.63000000,2027.90000000,9941.83890000,1770632999999999,20192290.84005600,72051,3555.46800000,7221438.21991700,0
1770633000000000,2027.90000000,2028.65000000,2013.25000000,2020.63000000,13852.22620000,1770633899999999,27963658.70277700,97847,6850.59320000,13824058.86318800,0
1770633900000000,2020.60000000,2024.86000000,2015.57000000,2022.70000000,4145.73540000,1770634799999999,8378652.58878400,53022,2113.51040000,4272065.89803600,0
1770634800000000,2022.70000000,2036.83000000,2022.70000000,2023.13000000,7340.29500000,1770635699999999,14903523.95073400,59102,4291.63490000,8714605.34768500,0
1770635700000000,2023.12000000,2030.69000000,2021.23000000,2027.74000000,4871.35510000,1770636599999999,9872678.01302200,38250,2843.66190000,5763776.02848800,0
1770636600000000,2027.74000000,2033.31000000,2023.80000000,2027.44000000,4190.83680000,1770637499999999,8498887.18195600,36985,1924.63150000,3902694.90879900,0
1770637500000000,2027.45000000,2029.40000000,2020.89000000,2028.23000000,3012.74700000,1770638399999999,6100372.72184100,29533,1431.98710000,2900050.82496100,0
1770638400000000,2028.26000000,2038.40000000,2027.53000000,2036.96000000,4814.90510000,1770639299999999,9790333.88968900,48156,3086.26630000,6276403.61284900,0
1770639300000000,2036.95000000,2036.95000000,2031.41000000,2033.12000000,2882.42120000,1770640199999999,5863867.14011600,28929,1269.53870000,2582785.25267000,0
1770640200000000,2033.11000000,2039.40000000,2029.92000000,2036.81000000,2820.63500000,1770641099999999,5739496.90024000,33739,1405.56700000,2860328.40768200,0
1770641100000000,2036.81000000,2037.33000000,2033.30000000,2035.65000000,2191.94370000,1770641999999999,4461722.18265500,29379,1279.82920000,2605134.97249500,0
1770642000000000,2035.65000000,2047.99000000,2030.78000000,2046.06000000,6333.24180000,1770642899999999,12926460.21573900,52648,3897.17670000,7955128.87985200,0
1770642900000000,2046.07000000,2050.17000000,2039.00000000,2047.70000000,3885.42080000,1770643799999999,7947941.50380500,47090,2023.32290000,4139080.63691700,0
1770643800000000,2047.70000000,2047.70000000,2036.50000000,2039.76000000,4156.46370000,1770644699999999,8480353.05226400,53956,1749.57130000,3569427.48513400,0
1770644700000000,2039.76000000,2041.55000000,2022.30000000,2022.52000000,7588.65920000,1770645599999999,15415958.41573000,70453,3248.78810000,6599126.20369500,0
1770645600000000,2022.52000000,2027.48000000,2008.62000000,2014.62000000,10220.27020000,1770646499999999,20619951.35552600,97589,4265.58340000,8608336.08014400,0
1770646500000000,2014.63000000,2027.73000000,2010.26000000,2025.78000000,6949.47930000,1770647399999999,14036353.69562200,89915,4259.26850000,8602466.78206000,0
1770647400000000,2025.78000000,2049.15000000,2013.21000000,2035.77000000,22489.62770000,1770648299999999,45619588.58559700,288347,11246.67900000,22813844.73827200,0
1770648300000000,2035.78000000,2049.99000000,2033.12000000,2043.70000000,10295.99940000,1770649199999999,21024732.79027000,155137,4909.71290000,10026200.00456300,0
1770649200000000,2043.71000000,2073.47000000,2043.71000000,2056.31000000,15075.48160000,1770650099999999,31039970.75681400,147467,8053.84840000,16586083.30482600,0
1770650100000000,2056.32000000,2064.15000000,2032.10000000,2037.13000000,9139.29260000,1770650999999999,18678358.11547900,100751,3989.77750000,8157397.57148300,0
1770651000000000,2037.12000000,2065.55000000,2035.45000000,2061.41000000,8592.72430000,1770651899999999,17636889.11375400,121457,5342.55950000,10965121.53513900,0
1770651900000000,2061.46000000,2067.00000000,2051.59000000,2061.61000000,5756.65870000,1770652799999999,11854031.66711100,90530,2839.24950000,5846892.29944800,0
1770652800000000,2061.61000000,2065.88000000,2047.78000000,2050.99000000,5426.58950000,1770653699999999,11152855.11602700,90691,2643.48590000,5433106.40100500,0
1770653700000000,2050.99000000,2062.22000000,2049.03000000,2060.70000000,4299.10100000,1770654599999999,8837564.86695800,74067,2430.48310000,4996839.92203700,0
1770654600000000,2060.69000000,2085.77000000,2051.82000000,2081.07000000,8539.19160000,1770655499999999,17664867.62213100,108974,5080.37760000,10510192.10348800,0
1770655500000000,2081.06000000,2109.57000000,2080.99000000,2091.21000000,17429.13250000,1770656399999999,36551049.65770300,181486,8741.30710000,18328747.15287800,0
1770656400000000,2091.22000000,2099.08000000,2078.94000000,2083.60000000,9309.29390000,1770657299999999,19445635.36101700,98804,4099.40970000,8565502.08790000,0
1770657300000000,2083.61000000,2090.56000000,2078.00000000,2085.75000000,4450.96240000,1770658199999999,9281520.05248800,57474,2586.50270000,5394350.45637000,0
1770658200000000,2085.72000000,2136.90000000,2083.65000000,2131.88000000,24196.52190000,1770659099999999,51227469.20009200,203168,14220.02930000,30082399.61158000,0
1770659100000000,2131.89000000,2136.03000000,2121.06000000,2127.33000000,8056.56520000,1770659999999999,17139195.80947700,111563,3594.32810000,7646275.69990200,0
1770660000000000,2127.33000000,2143.00000000,2125.23000000,2126.17000000,12187.05510000,1770660899999999,26005459.24955800,138331,6110.23460000,13040418.32486700,0
1770660900000000,2126.17000000,2131.12000000,2109.53000000,2116.32000000,11167.82230000,1770661799999999,23656043.90211900,119925,5259.86840000,11139628.51972500,0
1770661800000000,2116.33000000,2133.92000000,2113.89000000,2129.33000000,9560.18390000,1770662699999999,20331363.05991100,114844,4801.92770000,10210457.39549800,0
1770662700000000,2129.33000000,2137.88000000,2122.34000000,2130.67000000,6119.93570000,1770663599999999,13032402.98300700,80355,2769.70830000,5899310.82004700,0
1770663600000000,2130.67000000,2131.42000000,2122.17000000,2125.85000000,3880.32660000,1770664499999999,8251795.75390300,62811,1907.21570000,4055569.02277700,0
1770664500000000,2125.86000000,2129.45000000,2119.25000000,2127.32000000,3903.86490000,1770665399999999,8293594.98738800,59254,1929.86830000,4100703.81141100,0
1770665400000000,2127.32000000,2138.35000000,2125.26000000,2130.59000000,6099.66890000,1770666299999999,13004814.26928000,85289,2690.43610000,5736605.29830900,0
1770666300000000,2130.58000000,2136.51000000,2127.69000000,2131.34000000,8062.03810000,1770667199999999,17184988.87704700,81177,5033.17260000,10727311.27755600,0
1770667200000000,2131.34000000,2147.73000000,2122.92000000,2140.68000000,9608.90510000,1770668099999999,20531479.91995000,84977,4515.27860000,9649635.68197500,0
1770668100000000,2140.67000000,2140.67000000,2118.36000000,2119.81000000,9246.22780000,1770668999999999,19644667.69225400,87568,4900.37360000,10408644.43989600,0
1770669000000000,2119.82000000,2130.71000000,2118.34000000,2129.37000000,4285.32870000,1770669899999999,9108042.32208000,62279,2475.13960000,5260596.10192900,0
1770669900000000,2129.38000000,2132.37000000,2124.29000000,2124.86000000,5423.78390000,1770670799999999,11539880.70255800,56618,2150.44160000,4575992.56746500,0
1770670800000000,2124.87000000,2127.28000000,2114.47000000,2117.36000000,3527.10950000,1770671699999999,7476090.68639200,52118,1456.54570000,3087395.58843700,0
1770671700000000,2117.36000000,2118.89000000,2110.82000000,2113.26000000,3475.22440000,1770672599999999,7347788.97797200,40433,1792.76900000,3790272.19282400,0
1770672600000000,2113.27000000,2114.30000000,2089.00000000,2099.10000000,11378.40760000,1770673499999999,23878815.48215000,79096,4487.70560000,9415540.91750200,0
1770673500000000,2099.10000000,2129.78000000,2091.82000000,2122.24000000,14675.56140000,1770674399999999,30979126.00289800,80813,7699.91280000,16287097.66114200,0
1770674400000000,2122.24000000,2125.90000000,2116.52000000,2124.01000000,4446.66420000,1770675299999999,9430453.73138700,48791,2378.21920000,5044033.88597100,0
1770675300000000,2124.00000000,2124.00000000,2113.60000000,2117.93000000,10106.82600000,1770676199999999,21411343.55598600,39866,4390.77010000,9302574.11410100,0
1770676200000000,2117.93000000,2121.40000000,2115.50000000,2116.81000000,3186.75040000,1770677099999999,6751088.03929500,31179,2211.75080000,4685612.01288600,0
1770677100000000,2116.80000000,2119.71000000,2111.40000000,2115.22000000,2969.61090000,1770677999999999,6278571.63935500,29071,1398.00930000,2955801.99370200,0
1770678000000000,2115.22000000,2122.47000000,2111.27000000,2113.60000000,3131.17580000,1770678899999999,6630333.37045800,55381,1626.77780000,3445750.79701000,0
1770678900000000,2113.60000000,2115.80000000,2105.96000000,2109.12000000,3341.02590000,1770679799999999,7051667.25023100,42002,1678.22500000,3542349.29025900,0
1770679800000000,2109.11000000,2113.30000000,2106.29000000,2111.34000000,3218.84140000,1770680699999999,6790485.39485400,37749,1682.65350000,3549698.17061500,0
1770680700000000,2111.31000000,2111.36000000,2101.67000000,2105.02000000,3057.48950000,1770681599999999,6438464.81184900,30391,1370.94050000,2886865.27667400,0
1770681600000000,2105.02000000,2110.86000000,2100.32000000,2110.30000000,2826.71460000,1770682499999999,5953104.88094900,40106,1512.00830000,3185118.54623800,0
1770682500000000,2110.30000000,2112.92000000,2100.39000000,2104.19000000,3085.75040000,1770683399999999,6495319.03483900,36439,1704.14600000,3587526.50256600,0
1770683400000000,2104.19000000,2107.60000000,2097.73000000,2098.54000000,2046.72000000,1770684299999999,4304351.20859100,35867,961.01290000,2021202.44444100,0
1770684300000000,2098.53000000,2102.50000000,2096.49000000,2096.72000000,1675.69120000,1770685199999999,3517409.66303800,29317,782.36490000,1642338.06574300,0
1770685200000000,2096.72000000,2112.58000000,2096.40000000,2111.06000000,3166.57750000,1770686099999999,6671178.67782700,46984,2025.32100000,4267343.97223300,0
1770686100000000,2111.06000000,2120.20000000,2108.55000000,2116.75000000,2795.98110000,1770686999999999,5913866.73666300,52487,1614.25730000,3414839.70985700,0
1770687000000000,2116.75000000,2121.86000000,2110.55000000,2120.78000000,2249.24520000,1770687899999999,4759862.39067500,42169,1235.76410000,2615643.08493000,0
1770687900000000,2120.79000000,2124.71000000,2114.59000000,2117.35000000,2188.52230000,1770688799999999,4637848.50450900,41160,1173.06950000,2486291.09768000,0
1770688800000000,2117.35000000,2119.15000000,2113.69000000,2115.77000000,2170.18710000,1770689699999999,4592011.39462500,32976,921.28180000,1949376.15206500,0
1770689700000000,2115.77000000,2121.71000000,2109.63000000,2110.06000000,2304.75660000,1770690599999999,4875322.91478400,33301,1094.20110000,2315098.88566700,0
1770690600000000,2110.06000000,2111.69000000,2104.21000000,2104.80000000,1784.20480000,1770691499999999,3760708.15498400,33674,811.82660000,1710942.87652800,0
1770691500000000,2104.79000000,2111.23000000,2102.73000000,2108.18000000,2534.15640000,1770692399999999,5338601.42081400,28620,820.83940000,1729845.07502000,0
1770692400000000,2108.18000000,2110.70000000,2096.13000000,2099.40000000,3822.39590000,1770693299999999,8029957.29461600,46823,1479.98490000,3108592.43561000,0
1770693300000000,2099.39000000,2102.00000000,2067.48000000,2071.34000000,13068.08060000,1770694199999999,27196302.78691200,83130,4536.17000000,9437565.08484200,0
1770694200000000,2071.33000000,2071.33000000,2052.14000000,2061.54000000,14200.73960000,1770695099999999,29266499.13031200,91924,6678.72750000,13763285.16389000,0
1770695100000000,2061.55000000,2066.30000000,2060.01000000,2064.96000000,3842.90190000,1770695999999999,7929352.34330100,44720,1738.46710000,3587552.57479300,0
1770696000000000,2064.96000000,2074.35000000,2063.70000000,2073.08000000,3750.77540000,1770696899999999,7764445.07011500,43043,1785.60330000,3696164.03425000,0
1770696900000000,2073.08000000,2073.60000000,2063.67000000,2070.18000000,3093.14540000,1770697799999999,6400376.56982200,36513,933.15040000,1930315.04119200,0
1770697800000000,2070.21000000,2073.67000000,2062.91000000,2065.39000000,2932.44050000,1770698699999999,6062937.79919900,24337,896.68700000,1853604.08171200,0
1770698700000000,2065.39000000,2072.16000000,2063.88000000,2070.44000000,1939.66370000,1770699599999999,4012102.66721200,17850,858.16940000,1775230.73962200,0
1770699600000000,2070.44000000,2072.00000000,2067.11000000,2070.11000000,2022.82950000,1770700499999999,4185524.95115600,22722,677.90650000,1402569.98162600,0
1770700500000000,2070.10000000,2070.53000000,2062.53000000,2063.25000000,2391.86830000,1770701399999999,4940682.99614500,25071,678.25780000,1400953.40370600,0
1770701400000000,2063.24000000,2071.71000000,2054.50000000,2056.42000000,6287.35160000,1770702299999999,12966839.84732300,59051,2570.37570000,5302840.67759100,0
1770702300000000,2056.42000000,2057.88000000,2045.57000000,2053.07000000,9057.28120000,1770703199999999,18573321.84864200,70448,4220.08360000,8652720.40238900,0
1770703200000000,2053.07000000,2057.71000000,2049.19000000,2051.55000000,8775.65180000,1770704099999999,18012489.84163200,67336,4170.34550000,8559546.74908400,0
1770704100000000,2051.55000000,2054.00000000,2039.09000000,2040.91000000,12270.87460000,1770704999999999,25098300.36926900,94940,4849.41020000,9918894.25207300,0
1770705000000000,2040.92000000,2044.95000000,2026.49000000,2029.22000000,15956.09710000,1770705899999999,32459255.44960000,90440,7910.36540000,16086307.27929600,0
1770705900000000,2029.23000000,2029.49000000,1997.59000000,2008.79000000,85546.69740000,1770706799999999,171750918.28767300,218763,53538.69210000,107410130.88665700,0
1770706800000000,2008.79000000,2019.84000000,2006.16000000,2011.55000000,14238.06080000,1770707699999999,28648722.31284100,75872,6687.49900000,13457733.38260600,0
1770707700000000,2011.55000000,2014.87000000,1999.99000000,2013.42000000,10488.21300000,1770708599999999,21059811.22251700,61088,5532.56720000,11112473.23117900,0
1770708600000000,2013.41000000,2015.74000000,2006.08000000,2011.21000000,9710.59530000,1770709499999999,19525698.63196400,42105,3298.69420000,6632354.85529400,0
1770709500000000,2011.21000000,2013.44000000,2006.33000000,2007.47000000,7152.01130000,1770710399999999,14377367.47742400,35442,3727.38160000,7493367.47990700,0
1770710400000000,2007.47000000,2010.82000000,2002.05000000,2004.62000000,6389.96710000,1770711299999999,12823387.86277800,42230,3188.78870000,6400049.34508700,0
1770711300000000,2004.63000000,2017.05000000,1995.83000000,2011.41000000,9671.89580000,1770712199999999,19394471.51253200,61425,4607.51960000,9242411.93911100,0
1770712200000000,2011.40000000,2013.04000000,1999.32000000,2008.80000000,27327.45180000,1770713099999999,54773167.99271500,85081,6966.72440000,13965471.11017900,0
1770713100000000,2008.80000000,2017.47000000,2008.55000000,2014.88000000,11103.51270000,1770713999999999,22364855.92440800,33353,3544.80150000,7137492.88918700,0
1770714000000000,2014.87000000,2029.98000000,2013.34000000,2021.63000000,9113.91910000,1770714899999999,18438672.19642400,54909,4796.81120000,9707262.47115200,0
1770714900000000,2021.64000000,2027.74000000,2021.64000000,2022.81000000,5254.37420000,1770715799999999,10634420.24736600,38224,2642.79310000,5349399.23309300,0
1770715800000000,2022.81000000,2022.91000000,2018.22000000,2022.69000000,3004.46750000,1770716699999999,6070928.37820300,28835,1276.70760000,2579159.88986800,0
1770716700000000,2022.69000000,2023.90000000,2009.87000000,2016.80000000,12727.86130000,1770717599999999,25619790.40765300,32171,5581.31080000,11228841.95977500,0
1770717600000000,2016.80000000,2019.70000000,2012.59000000,2015.75000000,3170.72360000,1770718499999999,6390251.54137700,24004,1021.44360000,2058676.34125700,0
1770718500000000,2015.75000000,2022.02000000,2009.54000000,2017.99000000,4436.85870000,1770719399999999,8944556.56846900,35614,1960.09500000,3952016.05263700,0
1770719400000000,2017.99000000,2017.99000000,2012.81000000,2014.96000000,4686.43550000,1770720299999999,9449331.18143500,22544,734.91830000,1481335.48848100,0
1770720300000000,2014.97000000,2017.72000000,2013.34000000,2014.01000000,1721.97970000,1770721199999999,3471218.64043800,19271,722.26910000,1456022.58721900,0
1770721200000000,2014.00000000,2016.91000000,2010.73000000,2012.53000000,2560.85070000,1770722099999999,5156971.37780000,32037,1037.39740000,2088553.69268600,0
1770722100000000,2012.53000000,2018.00000000,2011.81000000,2017.34000000,2449.40560000,1770722999999999,4934536.59950100,23637,1574.56970000,3172150.73332900,0
1770723000000000,2017.34000000,2022.82000000,2004.02000000,2009.20000000,5318.13760000,1770723899999999,10705898.64714700,38005,2420.68340000,4878073.04395000,0
1770723900000000,2009.19000000,2013.29000000,2001.05000000,2003.21000000,5648.95410000,1770724799999999,11330338.19249300,51158,2241.79810000,4497393.08204400,0
1770724800000000,2003.20000000,2016.80000000,2003.20000000,2011.27000000,4361.15040000,1770725699999999,8774429.88416000,42800,2719.75280000,5471580.68743800,0
1770725700000000,2011.27000000,2017.07000000,2011.26000000,2014.27000000,2171.30590000,1770726599999999,4373308.03452500,28960,1126.97100000,2270089.75687800,0
1770726600000000,2014.27000000,2017.52000000,2005.50000000,2006.38000000,2386.77310000,1770727499999999,4797871.58700500,36405,893.78460000,1796748.02904200,0
1770727500000000,2006.40000000,2010.26000000,2002.60000000,2008.16000000,3151.98060000,1770728399999999,6327420.74414100,41063,1123.50530000,2255676.65887600,0
1770728400000000,2008.15000000,2015.48000000,1999.00000000,2011.19000000,9714.33530000,1770729299999999,19504565.65331500,70628,5205.19470000,10458364.33973800,0
1770729300000000,2011.20000000,2016.70000000,2009.23000000,2013.65000000,3600.61520000,1770730199999999,7248374.83550900,44178,2477.72090000,4987670.72776600,0
1770730200000000,2013.64000000,2027.68000000,2011.28000000,2023.44000000,6462.62310000,1770731099999999,13061272.40887600,72471,4015.85160000,8117584.27037400,0
1770731100000000,2023.45000000,2026.24000000,2018.38000000,2022.49000000,3088.94300000,1770731999999999,6246206.77102000,40382,1590.43820000,3216309.71172300,0
1770732000000000,2022.49000000,2022.74000000,2014.61000000,2022.35000000,3045.86850000,1770732899999999,6149815.69048800,40338,1221.94890000,2467358.72984800,0
1770732900000000,2022.35000000,2040.01000000,2022.00000000,2027.61000000,8119.35750000,1770733799999999,16497941.09520500,91237,4773.75320000,9698799.22559900,0
1770733800000000,2027.61000000,2035.54000000,1989.38000000,2003.68000000,18897.41040000,1770734699999999,37927509.67779000,209092,7967.48940000,15995039.02124600,0
1770734700000000,2003.69000000,2016.32000000,1992.92000000,2009.80000000,9581.67650000,1770735599999999,19209204.74087000,165062,5230.80250000,10489197.04679500,0
1770735600000000,2009.79000000,2027.60000000,2004.02000000,2010.85000000,11943.76170000,1770736499999999,24084349.54471700,147373,6660.12110000,13433365.17176500,0
1770736500000000,2010.84000000,2028.18000000,2007.00000000,2021.74000000,6081.88970000,1770737399999999,12282916.00269500,107640,3400.59810000,6867415.18967000,0
1770737400000000,2021.74000000,2029.99000000,2020.72000000,2025.33000000,7205.43880000,1770738299999999,14595037.00143200,107862,3941.94100000,7984373.47995200,0
1770738300000000,2025.33000000,2028.88000000,2016.74000000,2022.66000000,7007.97330000,1770739199999999,14181242.30064500,98573,3169.03720000,6414128.46169300,0
1770739200000000,2022.67000000,2037.75000000,2012.22000000,2034.52000000,6310.64860000,1770740099999999,12772518.90759000,77013,3629.40820000,7353206.00061200,0
1770740100000000,2034.52000000,2037.51000000,2022.12000000,2027.41000000,4896.84530000,1770740999999999,9940398.89803100,89020,2184.73340000,4435622.82600600,0
1770741000000000,2027.40000000,2036.31000000,2023.40000000,2031.44000000,3253.82150000,1770741899999999,6604879.66106900,65126,1478.39730000,3002094.30370800,0
1770741900000000,2031.44000000,2034.27000000,2021.93000000,2026.09000000,3820.73590000,1770742799999999,7744779.95242600,60288,1227.94140000,2489512.33051300,0
1770742800000000,2026.08000000,2027.68000000,2020.00000000,2024.62000000,2240.27420000,1770743699999999,4533681.76741200,41297,875.36720000,1771742.41508300,0
1770743700000000,2024.63000000,2036.48000000,2023.74000000,2031.19000000,3585.03940000,1770744599999999,7284456.39464900,59034,1918.28930000,3897878.17825200,0
1770744600000000,2031.18000000,2046.94000000,2030.00000000,2043.48000000,6011.16780000,1770745499999999,12269250.89261200,68592,3417.44760000,6975676.75764400,0
1770745500000000,2043.48000000,2043.93000000,2035.48000000,2040.20000000,2420.33130000,1770746399999999,4937126.05737500,42461,1147.18500000,2340498.55152200,0
1770746400000000,2040.20000000,2042.65000000,2027.29000000,2028.13000000,2821.06970000,1770747299999999,5736868.35213100,52871,1124.27480000,2287125.81475000,0
1770747300000000,2028.12000000,2030.65000000,2003.86000000,2007.50000000,8244.03300000,1770748199999999,16607650.28480700,86872,3104.45400000,6257277.14405000,0
1770748200000000,2007.50000000,2014.68000000,2003.43000000,2010.10000000,3897.88040000,1770749099999999,7833397.09195400,68470,2082.36850000,4186418.06559400,0
1770749100000000,2010.10000000,2015.70000000,1996.18000000,2009.44000000,5774.07140000,1770749999999999,11579799.60148700,77581,2992.72770000,6002113.65116200,0
1770750000000000,2009.44000000,2014.91000000,2005.07000000,2012.19000000,2453.21540000,1770750899999999,4931876.55238100,69608,1170.48810000,2353267.44885200,0
1770750900000000,2012.18000000,2013.42000000,2003.74000000,2010.64000000,2717.82130000,1770751799999999,5457504.95144900,66291,1314.60810000,2639932.28230200,0
1770751800000000,2010.64000000,2025.72000000,2009.99000000,2022.33000000,3594.60380000,1770752699999999,7254362.98246200,61411,2441.15590000,4925328.81701300,0
1770752700000000,2022.33000000,2024.50000000,2014.96000000,2017.95000000,1268.25460000,1770753599999999,2560729.87764100,34896,438.69980000,885891.91326500,0
1770753600000000,2017.95000000,2021.52000000,2008.18000000,2008.44000000,1529.76750000,1770754499999999,3081099.44977100,39590,633.37990000,1275865.44665300,0
1770754500000000,2008.43000000,2012.95000000,2007.40000000,2009.80000000,1362.55700000,1770755399999999,2739046.27916900,35828,727.85540000,1463211.67727400,0
1770755400000000,2009.79000000,2015.85000000,2004.75000000,2014.47000000,2362.87840000,1770756299999999,4750826.55208200,39992,1395.82960000,2807205.13538400,0
1770756300000000,2014.48000000,2015.32000000,2008.44000000,2011.55000000,1616.96240000,1770757199999999,3253750.79032400,33849,765.54730000,1540573.10947800,0
1770757200000000,2011.56000000,2017.95000000,2010.69000000,2013.10000000,1119.33580000,1770758099999999,2255720.94136600,28863,647.02470000,1303867.94434900,0
1770758100000000,2013.10000000,2015.64000000,2007.68000000,2007.68000000,799.45530000,1770758999999999,1608499.37143800,18541,290.14920000,583760.80549200,0
1770759000000000,2007.69000000,2007.69000000,1997.00000000,2003.61000000,4425.83790000,1770759899999999,8862511.60251300,55739,1969.43200000,3944043.66544800,0
1770759900000000,2003.62000000,2010.73000000,2003.08000000,2008.45000000,2075.67000000,1770760799999999,4166543.26834000,27568,1204.81890000,2418614.99251900,0
1770760800000000,2008.46000000,2013.16000000,2007.11000000,2007.12000000,2194.07460000,1770761699999999,4410914.15850500,27212,1212.30030000,2437496.86930800,0
1770761700000000,2007.12000000,2014.99000000,2007.12000000,2014.64000000,1693.47720000,1770762599999999,3406697.15824700,24064,947.95760000,1907048.22757800,0
1770762600000000,2014.64000000,2020.35000000,2013.03000000,2017.00000000,1869.46680000,1770763499999999,3770338.34160200,21059,815.63980000,1645120.45837900,0
1770763500000000,2016.99000000,2018.50000000,2011.68000000,2017.95000000,1360.04950000,1770764399999999,2741143.62619500,19583,594.84440000,1198904.68385400,0
1770764400000000,2017.95000000,2018.18000000,2013.04000000,2017.77000000,2344.03190000,1770765299999999,4725442.72926000,31957,963.05790000,1941170.86980300,0
1770765300000000,2017.76000000,2017.76000000,2012.64000000,2013.90000000,2085.08270000,1770766199999999,4201451.53574400,24779,976.07450000,1966634.28722000,0
1770766200000000,2013.90000000,2021.65000000,2012.87000000,2020.80000000,1512.62470000,1770767099999999,3051228.78620400,20052,932.01270000,1879991.12853300,0
1770767100000000,2020.80000000,2022.85000000,2018.37000000,2022.67000000,1876.52540000,1770767999999999,3791737.76923100,18607,1104.62120000,2232136.72491500,0
1770768000000000,2022.67000000,2025.64000000,2019.29000000,2020.05000000,2144.09750000,1770768899999999,4335884.43446900,31873,1001.38480000,2025066.37589200,0
1770768900000000,2020.05000000,2029.66000000,2020.05000000,2027.14000000,2334.65560000,1770769799999999,4731741.78786600,37501,1220.73940000,2474057.40634900,0
1770769800000000,2027.15000000,2027.20000000,2020.40000000,2022.14000000,1251.08580000,1770770699999999,2532274.13754200,23675,409.38390000,828579.27212000,0
1770770700000000,2022.14000000,2027.90000000,2020.69000000,2025.41000000,1158.67590000,1770771599999999,2346530.42194600,18498,422.98170000,856505.95966000,0
1770771600000000,2025.41000000,2031.02000000,2022.72000000,2025.99000000,1732.73210000,1770772499999999,3511312.01579000,26139,797.83170000,1617257.86866300,0
1770772500000000,2025.99000000,2028.57000000,2017.95000000,2018.08000000,1813.37570000,1770773399999999,3666072.88105300,22475,342.73010000,693021.80188900,0
1770773400000000,2018.07000000,2028.28000000,2016.60000000,2026.36000000,2282.29500000,1770774299999999,4613218.55017800,28310,1090.12110000,2204494.15645100,0
1770774300000000,2026.36000000,2028.41000000,2021.61000000,2024.45000000,1310.27110000,1770775199999999,2652764.44043900,22521,449.97050000,910967.32551700,0
1770775200000000,2024.45000000,2030.99000000,2024.45000000,2024.50000000,1444.28550000,1770776099999999,2928165.23089100,31005,674.22370000,1367079.12515800,0
1770776100000000,2024.50000000,2032.31000000,2024.50000000,2029.92000000,1262.15600000,1770776999999999,2561379.81152200,25543,773.17020000,1569133.29745300,0
1770777000000000,2029.93000000,2031.38000000,2023.01000000,2023.01000000,1633.85650000,1770777899999999,3313284.28934900,24526,522.30310000,1059183.06590800,0
1770777900000000,2023.00000000,2023.01000000,2014.39000000,2017.85000000,1914.46460000,1770778799999999,3863552.36658700,32987,740.34650000,1493711.76433900,0
1770778800000000,2017.84000000,2019.03000000,2010.00000000,2010.26000000,2233.28830000,1770779699999999,4499544.35090400,39080,907.26240000,1828539.84065200,0
1770779700000000,2010.26000000,2017.64000000,1998.00000000,2011.07000000,6393.60410000,1770780599999999,12826857.78755400,67823,2975.95850000,5972620.36748000,0
1770780600000000,2011.06000000,2021.38000000,2010.24000000,2016.85000000,2690.36260000,1770781499999999,5422803.82981200,47682,1445.09130000,2912813.25800200,0
1770781500000000,2016.88000000,2018.52000000,2009.07000000,2009.59000000,1594.90340000,1770782399999999,3212120.31802400,24243,550.25510000,1108594.87251000,0
1770782400000000,2009.59000000,2011.23000000,2001.53000000,2001.78000000,2690.72660000,1770783299999999,5399352.30034100,33932,1048.69390000,2104568.53895200,0
1770783300000000,2001.78000000,2003.96000000,1977.02000000,1984.38000000,13456.17050000,1770784199999999,26750932.99768400,83986,5421.12540000,10775016.88579000,0
1770784200000000,1984.38000000,1987.27000000,1966.88000000,1974.19000000,13098.47260000,1770785099999999,25885416.86873700,100853,6778.72500000,13394696.62346700,0
1770785100000000,1974.19000000,1978.42000000,1963.29000000,1971.39000000,5307.61450000,1770785999999999,10461737.72314500,78767,2410.71900000,4752592.91402500,0
1770786000000000,1971.40000000,1980.26000000,1971.28000000,1977.57000000,2835.80600000,1770786899999999,5605002.51668700,51470,1384.81910000,2736649.39812900,0
1770786900000000,1977.57000000,1981.40000000,1973.11000000,1979.38000000,2516.90000000,1770787799999999,4977256.91503400,37614,1284.40910000,2540541.10006400,0
1770787800000000,1979.37000000,1980.23000000,1972.49000000,1974.24000000,2398.92750000,1770788699999999,4740809.09261100,38798,1092.81830000,2160088.95904200,0
1770788700000000,1974.23000000,1977.99000000,1971.70000000,1974.45000000,1611.37660000,1770789599999999,3182689.96889700,30125,856.18180000,1691078.02122100,0
1770789600000000,1974.45000000,1977.49000000,1949.58000000,1953.25000000,12886.75320000,1770790499999999,25260327.09125200,92672,4140.33460000,8119506.90551600,0
1770790500000000,1953.26000000,1960.87000000,1939.21000000,1959.23000000,16193.41200000,1770791399999999,31583312.67024300,110447,7498.48330000,14624268.27143700,0
1770791400000000,1959.22000000,1961.16000000,1953.22000000,1953.32000000,6455.29430000,1770792299999999,12640248.54291800,47193,2544.11290000,4980728.55531000,0
1770792300000000,1953.32000000,1954.74000000,1943.41000000,1949.19000000,5456.18670000,1770793199999999,10633609.29970900,74309,2771.19190000,5400901.10857800,0
1770793200000000,1949.19000000,1957.35000000,1945.50000000,1949.63000000,4517.01190000,1770794099999999,8812783.80422000,63904,2333.80750000,4552579.81607200,0
1770794100000000,1949.62000000,1954.32000000,1945.60000000,1952.46000000,3088.21910000,1770794999999999,6022681.76468500,53011,1713.36150000,3341550.75150800,0
1770795000000000,1952.45000000,1958.21000000,1949.00000000,1955.23000000,4682.81700000,1770795899999999,9150677.12302000,52299,3309.39560000,6467672.43148400,0
1770795900000000,1955.23000000,1958.57000000,1950.49000000,1950.89000000,3332.99010000,1770796799999999,6517146.77942500,38024,1667.48170000,3261341.32669000,0
1770796800000000,1950.90000000,1953.72000000,1937.11000000,1944.49000000,6738.87790000,1770797699999999,13107635.96917700,63243,2986.25450000,5809640.38544100,0
1770797700000000,1944.48000000,1951.54000000,1942.49000000,1948.51000000,3251.24990000,1770798599999999,6333020.60273100,42528,2095.82560000,4082601.86917300,0
1770798600000000,1948.51000000,1953.09000000,1945.00000000,1951.61000000,2359.65290000,1770799499999999,4600303.77890800,39199,1183.91190000,2308382.13565800,0
1770799500000000,1951.60000000,1952.08000000,1946.58000000,1950.12000000,2169.38410000,1770800399999999,4230060.58379500,28068,1244.98190000,2427674.45750800,0
1770800400000000,1950.13000000,1954.32000000,1947.38000000,1951.53000000,2747.08760000,1770801299999999,5357786.09671100,42751,1505.47500000,2935887.32570200,0
1770801300000000,1951.52000000,1952.38000000,1946.32000000,1951.36000000,2540.14540000,1770802199999999,4951506.06290700,31853,1472.91490000,2871976.10116100,0
1770802200000000,1951.36000000,1953.72000000,1945.85000000,1947.33000000,2228.74640000,1770803099999999,4344583.24121000,29748,1061.27540000,2068930.24959500,0
1770803100000000,1947.33000000,1948.81000000,1943.31000000,1947.00000000,2267.10400000,1770803999999999,4411544.93544400,28975,1527.07830000,2971641.68807200,0
1770804000000000,1947.00000000,1947.00000000,1938.18000000,1940.46000000,3838.34410000,1770804899999999,7450942.25173800,56583,1879.88620000,3649421.06355900,0
1770804900000000,1940.46000000,1946.39000000,1938.88000000,1945.80000000,1483.36210000,1770805799999999,2880878.70602200,28229,845.03840000,1641482.70651100,0
1770805800000000,1945.80000000,1946.26000000,1932.02000000,1938.05000000,5566.60210000,1770806699999999,10780006.34267100,56886,2175.30050000,4212058.22028200,0
1770806700000000,1938.05000000,1940.45000000,1933.50000000,1939.30000000,3111.47100000,1770807599999999,6026227.80713800,50415,1507.91200000,2920615.26805200,0
1770807600000000,1939.29000000,1944.50000000,1936.75000000,1942.30000000,3266.42060000,1770808499999999,6341910.35842700,45508,2024.53220000,3931601.15781000,0
1770808500000000,1942.30000000,1954.02000000,1941.34000000,1951.47000000,3624.68450000,1770809399999999,7068293.35031400,47325,2464.80210000,4805960.20373300,0
1770809400000000,1951.46000000,1952.49000000,1947.64000000,1949.54000000,2482.11280000,1770810299999999,4839819.98479200,33285,1543.26050000,3009204.13641100,0
1770810300000000,1949.55000000,1956.52000000,1949.54000000,1953.66000000,2157.70680000,1770811199999999,4215345.49546200,29216,1296.02370000,2531752.71811100,0
1770811200000000,1953.65000000,1967.10000000,1951.50000000,1958.68000000,5745.85540000,1770812099999999,11263763.71124300,53924,3587.27880000,7033219.82972300,0
1770812100000000,1958.68000000,1966.53000000,1958.13000000,1960.10000000,4511.50310000,1770812999999999,8853998.68538400,45136,1843.53230000,3618164.18079200,0
1770813000000000,1960.09000000,1960.77000000,1949.08000000,1950.17000000,3577.72310000,1770813899999999,6994662.32151900,47232,1630.32670000,3188389.36758500,0
1770813900000000,1950.16000000,1954.05000000,1949.35000000,1952.34000000,1427.97230000,1770814799999999,2786951.03397500,29078,797.37250000,1556176.18599500,0
1770814800000000,1952.34000000,1954.67000000,1942.93000000,1946.15000000,2251.22290000,1770815699999999,4385685.90329200,45627,890.91540000,1736281.88877900,0
1770815700000000,1946.16000000,1950.96000000,1943.20000000,1948.72000000,6648.51190000,1770816599999999,12947545.10120900,42498,3611.37130000,7031560.24584700,0
1770816600000000,1948.70000000,1968.93000000,1942.82000000,1955.38000000,18285.79710000,1770817499999999,35799190.76389100,151864,9312.50010000,18230083.57087000,0
1770817500000000,1955.38000000,1964.52000000,1947.00000000,1960.60000000,5826.90490000,1770818399999999,11399303.59027900,82811,3076.13380000,6020148.55761200,0
1770818400000000,1960.60000000,2015.81000000,1959.60000000,2003.74000000,25942.68280000,1770819299999999,51652930.23264100,207680,15419.44010000,30692484.42995000,0
1770819300000000,2003.75000000,2006.52000000,1982.77000000,1987.81000000,11379.28960000,1770820199999999,22681496.09591400,137875,5243.49080000,10449824.18232600,0
1770820200000000,1987.82000000,1996.51000000,1952.70000000,1963.66000000,20259.34510000,1770821099999999,39992529.95813700,217017,8617.43820000,16994475.03272900,0
1770821100000000,1963.66000000,1968.60000000,1937.23000000,1943.30000000,18021.20270000,1770821999999999,35161701.11308900,240930,8059.41220000,15727569.92753400,0
1770822000000000,1943.34000000,1950.49000000,1903.19000000,1917.71000000,29594.93160000,1770822899999999,56907235.79172000,258196,12114.76250000,23309612.04327300,0
1770822900000000,1917.72000000,1929.10000000,1908.99000000,1922.30000000,14754.45860000,1770823799999999,28323696.06869800,210402,7791.85110000,14959546.78024100,0
1770823800000000,1922.30000000,1940.02000000,1919.27000000,1937.14000000,12647.19410000,1770824699999999,24407980.58841300,178592,6832.76230000,13185604.57763600,0
1770824700000000,1937.14000000,1939.29000000,1916.88000000,1929.46000000,9923.99410000,1770825599999999,19143140.40325000,148779,4904.33240000,9458509.14623800,0
1770825600000000,1929.46000000,1956.34000000,1928.12000000,1953.55000000,10929.01450000,1770826499999999,21219959.68385400,131786,5697.92990000,11062403.26289600,0
1770826500000000,1953.56000000,1954.99000000,1934.99000000,1936.26000000,7291.62810000,1770827399999999,14184844.97742400,113542,3162.88070000,6154949.27833000,0
1770827400000000,1936.25000000,1940.76000000,1918.07000000,1918.31000000,8939.65050000,1770828299999999,17235128.35174700,109245,3783.61570000,7295818.67834100,0
1770828300000000,1918.31000000,1924.40000000,1910.02000000,1915.33000000,6914.43100000,1770829199999999,13254845.41374200,93847,2952.23260000,5660244.74777000,0
1770829200000000,1915.34000000,1923.09000000,1908.80000000,1918.72000000,6850.03640000,1770830099999999,13121164.24121100,106772,3402.14620000,6519552.66900500,0
1770830100000000,1918.73000000,1935.87000000,1916.91000000,1932.50000000,7329.40950000,1770830999999999,14126366.18252400,88101,3677.57270000,7087207.03179600,0
1770831000000000,1932.50000000,1940.75000000,1930.28000000,1933.99000000,6461.34000000,1770831899999999,12508927.38545200,86471,3138.04520000,6075813.11156400,0
1770831900000000,1934.00000000,1942.48000000,1929.36000000,1929.88000000,3955.13390000,1770832799999999,7655208.88762900,62085,1681.93390000,3257418.25090500,0
1770832800000000,1929.95000000,1931.64000000,1915.71000000,1924.29000000,4850.07260000,1770833699999999,9324127.90362900,80184,2458.72670000,4726144.77134100,0
1770833700000000,1924.29000000,1943.73000000,1924.07000000,1938.17000000,6768.64830000,1770834599999999,13097847.75055300,99633,3544.98550000,6858165.16495000,0
1770834600000000,1938.18000000,1945.07000000,1933.87000000,1939.11000000,4199.40960000,1770835499999999,8140001.56220200,64362,2007.66960000,3891570.58527200,0
1770835500000000,1939.11000000,1948.57000000,1937.97000000,1944.03000000,6328.08340000,1770836399999999,12304100.09163900,78999,3379.52590000,6570224.57547500,0
1770836400000000,1944.02000000,1959.09000000,1940.22000000,1953.13000000,9043.17510000,1770837299999999,17633330.07409600,106632,4935.00650000,9623328.07182400,0
1770837300000000,1953.12000000,1958.07000000,1944.05000000,1944.48000000,6168.37910000,1770838199999999,12036848.24089100,74403,2968.88010000,5794560.26091900,0
1770838200000000,1944.47000000,1957.98000000,1938.28000000,1955.96000000,4008.39160000,1770839099999999,7806809.39018100,55444,2121.69020000,4134282.85685400,0
1770839100000000,1955.95000000,1959.80000000,1950.20000000,1952.28000000,3297.99490000,1770839999999999,6445135.23682100,75778,1320.47890000,2580407.17173600,0
1770840000000000,1952.27000000,1958.15000000,1944.83000000,1956.80000000,2629.85690000,1770840899999999,5133630.96104000,66064,1414.64900000,2761931.96340400,0
1770840900000000,1956.80000000,1958.84000000,1940.49000000,1941.93000000,2919.37050000,1770841799999999,5688691.43962400,52599,1127.09180000,2196363.34718200,0
1770841800000000,1941.92000000,1948.59000000,1941.36000000,1947.32000000,2094.38220000,1770842699999999,4074435.86732300,41403,1175.84420000,2287319.99296900,0
1770842700000000,1947.32000000,1958.47000000,1946.57000000,1954.23000000,4095.40730000,1770843599999999,8005834.79368700,57150,2733.72730000,5344448.69664600,0
1770843600000000,1954.24000000,1958.83000000,1950.92000000,1954.71000000,2634.46250000,1770844499999999,5151974.18212100,53966,1235.33180000,2416003.38563100,0
1770844500000000,1954.71000000,1977.99000000,1952.09000000,1974.86000000,7351.06060000,1770845399999999,14462965.01799200,74248,4747.99900000,9340850.10205100,0
1770845400000000,1974.86000000,1988.07000000,1969.38000000,1973.88000000,5870.97990000,1770846299999999,11615333.42594300,86144,3506.23790000,6938084.56175500,0
1770846300000000,1973.88000000,1978.79000000,1970.27000000,1970.45000000,1978.79020000,1770847199999999,3908128.60349600,45347,965.30970000,1906669.12403600,0
1770847200000000,1970.46000000,1973.25000000,1957.40000000,1961.81000000,3580.01540000,1770848099999999,7036933.60086200,44465,1450.81140000,2851885.74737100,0
1770848100000000,1961.82000000,1965.22000000,1954.05000000,1959.99000000,2887.49780000,1770848999999999,5657601.46328400,46801,1336.96390000,2619952.84466200,0
1770849000000000,1959.99000000,1962.91000000,1955.30000000,1960.86000000,1299.51370000,1770849899999999,2546779.41350700,32213,658.60570000,1290662.03929300,0
1770849900000000,1960.85000000,1963.44000000,1948.35000000,1951.47000000,2263.01160000,1770850799999999,4419232.93749800,33412,969.31550000,1893146.23521000,0
1770850800000000,1951.47000000,1956.95000000,1944.45000000,1947.67000000,3635.24310000,1770851699999999,7093465.23457100,41104,1984.16240000,3873862.23511900,0
1770851700000000,1947.66000000,1949.54000000,1932.44000000,1936.86000000,4527.06150000,1770852599999999,8777808.44555700,51034,1809.31860000,3508640.26660600,0
1770852600000000,1936.86000000,1944.51000000,1933.36000000,1944.38000000,2692.99320000,1770853499999999,5222608.97047500,33570,1815.85840000,3521852.59710200,0
1770853500000000,1944.37000000,1945.20000000,1939.06000000,1941.18000000,1507.04300000,1770854399999999,2927237.32966600,21268,726.38650000,1410985.12160000,0
1770854400000000,1941.19000000,1953.45000000,1941.19000000,1953.22000000,2927.76330000,1770855299999999,5705175.51510200,43166,1773.66380000,3456396.43917300,0
1770855300000000,1953.23000000,1955.58000000,1948.68000000,1952.01000000,1615.03960000,1770856199999999,3152772.20299100,38947,739.31910000,1443240.01611400,0
1770856200000000,1952.04000000,1963.32000000,1951.48000000,1959.98000000,2777.67900000,1770857099999999,5439347.74572800,46861,1529.79500000,2995393.91640700,0
1770857100000000,1959.98000000,1963.53000000,1958.47000000,1958.80000000,2174.22020000,1770857999999999,4263112.55743000,40105,951.27030000,1865219.02503000,0
1770858000000000,1958.81000000,1968.75000000,1958.81000000,1968.40000000,2711.07970000,1770858899999999,5327822.65661000,48701,1553.91780000,3053858.63182300,0
1770858900000000,1968.40000000,1974.28000000,1963.51000000,1969.86000000,3506.50130000,1770859799999999,6903456.71286100,55687,1729.91880000,3406098.49978500,0
1770859800000000,1969.87000000,1977.75000000,1967.17000000,1972.24000000,3109.46830000,1770860699999999,6136362.85983500,44890,1864.33970000,3679537.54439500,0
1770860700000000,1972.23000000,1972.51000000,1965.26000000,1965.94000000,2085.06020000,1770861599999999,4103636.55142200,34408,899.00160000,1769338.83686600,0
1770861600000000,1965.93000000,1971.91000000,1958.18000000,1959.08000000,3509.38300000,1770862499999999,6893596.56466200,47741,1714.46730000,3368428.81415000,0
1770862500000000,1959.09000000,1963.62000000,1955.39000000,1962.90000000,3286.53930000,1770863399999999,6440636.00037300,43393,1800.51550000,3529117.19437300,0
1770863400000000,1962.89000000,1970.36000000,1961.26000000,1966.86000000,2565.61440000,1770864299999999,5045762.29966800,43006,1527.29800000,3003610.07595400,0
1770864300000000,1966.87000000,1966.87000000,1958.12000000,1958.69000000,2758.59540000,1770865199999999,5414508.41990400,33383,1357.22500000,2663954.70482600,0
1770865200000000,1958.70000000,1965.13000000,1957.19000000,1963.45000000,2156.81850000,1770866099999999,4233121.82795000,36348,1205.50040000,2365959.39660600,0
1770866100000000,1963.47000000,1964.11000000,1957.50000000,1962.17000000,2208.60190000,1770866999999999,4328939.92870200,34687,1013.51440000,1986417.01465200,0
1770867000000000,1962.17000000,1968.73000000,1960.67000000,1966.62000000,2882.11860000,1770867899999999,5663982.32713600,36774,1526.06020000,2998979.35636300,0
1770867900000000,1966.63000000,1969.11000000,1964.43000000,1968.69000000,1912.12760000,1770868799999999,3760968.93823000,25621,713.95970000,1404200.98909600,0
1770868800000000,1968.70000000,1975.14000000,1965.88000000,1973.29000000,3513.57080000,1770869699999999,6925162.78664600,43739,1807.97650000,3563517.46406800,0
1770869700000000,1973.30000000,1974.25000000,1963.10000000,1964.02000000,3148.11880000,1770870599999999,6192871.51828600,40796,1121.86620000,2205803.42415000,0
1770870600000000,1964.01000000,1975.35000000,1960.29000000,1971.72000000,3665.59450000,1770871499999999,7216047.71703000,42578,1973.79570000,3886521.40779000,0
1770871500000000,1971.71000000,1973.75000000,1965.50000000,1965.78000000,1898.51320000,1770872399999999,3738049.80281200,29757,708.70690000,1395811.04629600,0
1770872400000000,1965.78000000,1969.90000000,1956.86000000,1957.55000000,2955.12750000,1770873299999999,5800571.77469500,43819,1183.64550000,2323680.18800600,0
1770873300000000,1957.54000000,1964.87000000,1953.14000000,1961.64000000,4044.72900000,1770874199999999,7923285.56206000,59365,2103.86410000,4121334.48335200,0
1770874200000000,1961.59000000,1970.42000000,1960.26000000,1969.02000000,2959.86090000,1770875099999999,5819649.34784100,37668,1878.95240000,3694232.76776200,0
1770875100000000,1969.03000000,1971.95000000,1966.80000000,1970.69000000,1922.93790000,1770875999999999,3786198.09550800,26533,934.31650000,1839747.52089300,0
1770876000000000,1970.69000000,1975.00000000,1965.51000000,1971.07000000,2063.96240000,1770876899999999,4065082.42061600,31368,982.45170000,1935156.44157200,0
1770876900000000,1971.07000000,1983.00000000,1968.62000000,1979.29000000,4535.77430000,1770877799999999,8967535.07705200,48623,2388.81410000,4723041.46142700,0
1770877800000000,1979.29000000,1981.64000000,1972.88000000,1973.88000000,5016.97610000,1770878699999999,9918922.25772700,48787,1948.16960000,3851757.26041500,0
1770878700000000,1973.88000000,1977.78000000,1970.66000000,1975.06000000,2336.80540000,1770879599999999,4610796.67771900,27390,1087.08160000,2144937.40736100,0
1770879600000000,1975.06000000,1975.59000000,1966.19000000,1969.18000000,4665.18350000,1770880499999999,9191667.29462400,35196,1901.64330000,3745950.09895200,0
1770880500000000,1969.17000000,1977.92000000,1966.89000000,1975.85000000,4318.29670000,1770881399999999,8520167.47439100,34957,2194.89560000,4331526.38538100,0
1770881400000000,1975.84000000,1976.10000000,1969.18000000,1969.64000000,2264.96930000,1770882299999999,4467535.07270300,33844,752.00840000,1483207.49044800,0
1770882300000000,1969.63000000,1970.91000000,1967.30000000,1968.07000000,3184.27380000,1770883199999999,6270252.17286500,21567,1086.81600000,2139961.43500100,0
1770883200000000,1968.07000000,1973.92000000,1966.35000000,1969.89000000,5408.11940000,1770884099999999,10659637.62229000,36193,2423.15830000,4775461.40967600,0
1770884100000000,1969.89000000,1969.89000000,1957.25000000,1959.66000000,5106.71690000,1770884999999999,10025638.21423500,47839,2009.03090000,3943378.88430000,0
1770885000000000,1959.64000000,1963.55000000,1958.55000000,1959.98000000,2320.58940000,1770885899999999,4551777.22388100,30016,891.70200000,1748920.20180900,0
1770885900000000,1960.02000000,1966.99000000,1960.02000000,1965.52000000,2301.55780000,1770886799999999,4519218.49955700,23990,1346.64620000,2644052.86424600,0
1770886800000000,1965.52000000,1972.16000000,1963.28000000,1969.29000000,3506.69630000,1770887699999999,6896832.97283400,38893,1589.79880000,3127903.65657900,0
1770887700000000,1969.28000000,1976.94000000,1968.91000000,1976.38000000,2474.65990000,1770888599999999,4879746.80681300,33456,1195.50780000,2357549.98775400,0
1770888600000000,1976.39000000,1981.58000000,1974.37000000,1977.57000000,2767.68250000,1770889499999999,5473755.44443300,32577,1565.06110000,3095504.63929000,0
1770889500000000,1977.57000000,1989.67000000,1974.35000000,1982.43000000,5902.36920000,1770890399999999,11705459.56958000,37303,2683.53350000,5322661.60607500,0
1770890400000000,1982.43000000,1988.74000000,1979.57000000,1981.47000000,3659.83220000,1770891299999999,7261878.89911500,34029,1617.55510000,3210286.53681500,0
1770891300000000,1981.47000000,1983.78000000,1977.57000000,1982.93000000,1663.04350000,1770892199999999,3293766.77479400,28429,876.88420000,1736759.23451700,0
1770892200000000,1982.94000000,1988.66000000,1981.09000000,1982.01000000,2333.51740000,1770893099999999,4632067.61723900,32466,1386.49610000,2752619.50536500,0
1770893100000000,1982.02000000,1995.73000000,1981.64000000,1994.15000000,4368.80490000,1770893999999999,8701081.41548000,54742,2800.03410000,5575713.53064200,0
1770894000000000,1994.16000000,1994.86000000,1983.71000000,1988.66000000,3830.69990000,1770894899999999,7622408.36311000,57381,1800.33110000,3582756.43899000,0
1770894900000000,1988.65000000,2001.42000000,1986.93000000,1998.32000000,5083.26030000,1770895799999999,10146166.85836600,53864,3412.34530000,6811020.94088800,0
1770895800000000,1998.31000000,2001.00000000,1991.97000000,1993.67000000,4028.84650000,1770896699999999,8040526.38227500,42301,2353.95680000,4697949.90790600,0
1770896700000000,1993.67000000,1994.73000000,1988.78000000,1989.02000000,2160.69220000,1770897599999999,4302790.38684600,26910,925.53720000,1843393.58789200,0
1770897600000000,1989.02000000,1990.75000000,1981.25000000,1986.64000000,3695.11570000,1770898499999999,7335716.72742100,39811,1757.37360000,3489353.31668100,0
1770898500000000,1986.64000000,1987.69000000,1979.76000000,1984.84000000,3465.36030000,1770899399999999,6871175.09106200,30021,1096.95850000,2176098.96127200,0
1770899400000000,1984.84000000,1985.35000000,1980.32000000,1982.78000000,1409.51800000,1770900299999999,2795417.50712000,25660,867.32870000,1720132.94097500,0
1770900300000000,1982.73000000,1987.07000000,1974.85000000,1980.85000000,3674.53940000,1770901199999999,7277421.72373800,51180,1969.37490000,3901087.25905700,0
1770901200000000,1980.85000000,1986.02000000,1975.50000000,1984.21000000,3678.79400000,1770902099999999,7287275.44071200,42497,1833.79780000,3633658.35637600,0
1770902100000000,1984.21000000,1988.22000000,1977.18000000,1981.00000000,2482.56680000,1770902999999999,4925985.69148300,38881,1389.56460000,2758072.23756000,0
1770903000000000,1981.00000000,1992.81000000,1979.81000000,1991.25000000,2645.73500000,1770903899999999,5259344.87909600,47502,1538.20470000,3058005.70813000,0
1770903900000000,1991.25000000,1996.30000000,1986.87000000,1994.99000000,2817.89510000,1770904799999999,5609991.85175700,35160,1508.79820000,3004997.59482400,0
1770904800000000,1994.99000000,1996.05000000,1981.17000000,1984.63000000,3157.06940000,1770905699999999,6270320.91820800,47926,1546.31730000,3070586.41256400,0
1770905700000000,1984.64000000,1986.93000000,1980.61000000,1986.54000000,2316.87890000,1770906599999999,4595852.38570400,38470,1292.63770000,2564283.09403800,0
1770906600000000,1986.54000000,1994.70000000,1976.48000000,1977.02000000,9023.77300000,1770907499999999,17912768.53936100,123644,4574.97920000,9084333.92955500,0
1770907500000000,1977.02000000,1987.63000000,1973.41000000,1978.50000000,8672.65170000,1770908399999999,17182929.07291100,91171,3199.69770000,6340853.47999100,0
1770908400000000,1978.50000000,1984.81000000,1954.10000000,1967.29000000,14426.39890000,1770909299999999,28369101.85470300,137822,7091.98090000,13950741.18328000,0
1770909300000000,1967.28000000,1980.00000000,1965.18000000,1974.11000000,7341.45140000,1770910199999999,14479399.55301400,101715,4067.84640000,8022191.92562200,0
1770910200000000,1974.10000000,1977.48000000,1950.00000000,1955.83000000,6324.87170000,1770911099999999,12401890.10027100,92628,2978.90230000,5841201.07298500,0
1770911100000000,1955.84000000,1960.87000000,1945.01000000,1948.47000000,5195.46610000,1770911999999999,10137986.33463700,72260,2308.56660000,4505482.96647800,0
1770912000000000,1948.48000000,1950.16000000,1918.63000000,1919.70000000,15906.08140000,1770912899999999,30753424.40122900,169935,7126.88280000,13784977.86651900,0
1770912900000000,1919.73000000,1932.55000000,1903.76000000,1908.99000000,19316.28050000,1770913799999999,37056480.43647600,195546,8317.13460000,15967807.67450800,0
1770913800000000,1908.97000000,1922.95000000,1897.24000000,1917.14000000,25327.48410000,1770914699999999,48351377.15056100,235297,12829.64510000,24506550.89603800,0
1770914700000000,1917.13000000,1920.10000000,1898.46000000,1909.18000000,13982.76320000,1770915599999999,26684878.47596900,158838,6014.47670000,11482607.71032000,0
1770915600000000,1909.18000000,1919.78000000,1902.90000000,1909.36000000,9905.63640000,1770916499999999,18932890.55261300,126571,5007.61090000,9574037.50559100,0
1770916500000000,1909.36000000,1921.58000000,1906.87000000,1915.84000000,8578.57280000,1770917399999999,16430520.56621900,104031,5063.85030000,9699547.18780000,0
1770917400000000,1915.85000000,1927.52000000,1912.35000000,1920.06000000,7086.01200000,1770918299999999,13605906.60691000,95062,4026.08890000,7731484.19297200,0
1770918300000000,1920.06000000,1922.59000000,1907.69000000,1910.42000000,5185.17490000,1770919199999999,9923090.48485000,73407,2301.99360000,4405542.77737100,0
1770919200000000,1910.42000000,1921.70000000,1908.65000000,1917.88000000,5512.76620000,1770920099999999,10564119.89832900,95810,3009.14800000,5766683.19632300,0
1770920100000000,1917.88000000,1918.98000000,1903.28000000,1908.15000000,6298.62890000,1770920999999999,12027696.67120800,82715,2619.93470000,5003760.63256200,0
1770921000000000,1908.18000000,1918.14000000,1901.82000000,1915.67000000,5388.16710000,1770921899999999,10293810.84446400,90206,2803.72100000,5358898.55287500,0
1770921900000000,1915.66000000,1925.51000000,1913.27000000,1918.65000000,4979.25970000,1770922799999999,9566828.43696100,79918,2973.71140000,5713843.85341200,0
1770922800000000,1918.66000000,1923.85000000,1911.76000000,1918.05000000,3552.33690000,1770923699999999,6815352.19701600,59822,1795.21040000,3444989.79449100,0
1770923700000000,1918.05000000,1937.20000000,1916.59000000,1931.19000000,6683.02580000,1770924599999999,12890944.31284800,79712,3629.96280000,7000013.39576700,0
1770924600000000,1931.19000000,1941.09000000,1929.10000000,1931.91000000,8519.27440000,1770925499999999,16491701.81295900,68062,3329.07390000,6443105.13246200,0
1770925500000000,1931.92000000,1937.75000000,1923.98000000,1925.44000000,3828.98680000,1770926399999999,7395208.00158200,53976,2135.95530000,4126638.37951200,0
1770926400000000,1925.45000000,1932.16000000,1917.30000000,1921.27000000,3915.95200000,1770927299999999,7537551.36313100,50740,2178.67000000,4193231.78762400,0
1770927300000000,1921.28000000,1924.16000000,1917.07000000,1918.51000000,3041.48110000,1770928199999999,5841078.09992300,52526,1825.99510000,3506883.54298400,0
1770928200000000,1918.51000000,1924.16000000,1916.57000000,1920.43000000,4350.61670000,1770929099999999,8357204.87067600,64388,3080.08310000,5916539.54120000,0
1770929100000000,1920.43000000,1921.54000000,1909.66000000,1915.85000000,3614.60470000,1770929999999999,6923544.06516500,47677,1481.65180000,2838757.93398300,0
1770930000000000,1915.88000000,1922.13000000,1914.37000000,1921.01000000,2002.58700000,1770930899999999,3842983.64178300,44231,1182.89530000,2269949.11681600,0
1770930900000000,1921.01000000,1925.50000000,1917.03000000,1921.04000000,1836.47770000,1770931799999999,3527581.43576200,29728,944.44840000,1814471.78023700,0
1770931800000000,1921.05000000,1927.88000000,1919.00000000,1925.00000000,1705.59180000,1770932699999999,3282226.82008000,26745,913.91350000,1758804.95414100,0
1770932700000000,1925.00000000,1926.47000000,1921.94000000,1923.51000000,1432.80540000,1770933599999999,2757577.92597200,17366,809.04160000,1556991.86476000,0
1770933600000000,1923.52000000,1925.78000000,1921.76000000,1925.25000000,1220.47860000,1770934499999999,2348115.88615900,17764,523.37370000,1006862.42153000,0
1770934500000000,1925.24000000,1929.06000000,1920.46000000,1929.05000000,1531.19420000,1770935399999999,2946644.94328600,20046,839.29230000,1615353.58373900,0
1770935400000000,1929.05000000,1936.55000000,1927.81000000,1935.26000000,3981.49960000,1770936299999999,7691832.47700000,30996,2416.02800000,4668548.88908000,0
1770936300000000,1935.26000000,1945.80000000,1935.26000000,1942.97000000,3644.76370000,1770937199999999,7076726.62817000,46083,2237.31870000,4343237.24268200,0
1770937200000000,1942.96000000,1950.09000000,1939.43000000,1943.09000000,5724.87090000,1770938099999999,11136920.59398900,56672,2969.79650000,5780502.06378300,0
1770938100000000,1943.08000000,1952.61000000,1941.70000000,1948.60000000,2808.08800000,1770938999999999,5468614.52960400,37745,1637.77060000,3189343.43275500,0
1770939000000000,1948.63000000,1952.58000000,1944.55000000,1946.09000000,3150.83610000,1770939899999999,6135846.78445500,40360,1689.61520000,3289814.10309200,0
1770939900000000,1946.09000000,1950.44000000,1944.34000000,1947.85000000,1628.37020000,1770940799999999,3170558.73345000,24391,898.52650000,1749406.03196600,0
1770940800000000,1947.85000000,1954.54000000,1943.64000000,1947.05000000,3195.37500000,1770941699999999,6230645.56624100,49584,1441.75420000,2811411.34009900,0
1770941700000000,1947.06000000,1947.53000000,1933.91000000,1935.13000000,3741.74080000,1770942599999999,7258875.83164600,39861,1411.95940000,2738619.84413900,0
1770942600000000,1935.13000000,1939.59000000,1931.18000000,1932.18000000,2403.32570000,1770943499999999,4650798.61690500,39019,1162.74550000,2250769.56895500,0
1770943500000000,1932.19000000,1936.16000000,1927.63000000,1933.26000000,2196.57830000,1770944399999999,4244560.87681300,38463,1166.80520000,2254921.57750000,0
1770944400000000,1933.26000000,1945.38000000,1933.26000000,1944.83000000,2056.98980000,1770945299999999,3991096.46438700,40356,1175.27790000,2280512.78410500,0
1770945300000000,1944.82000000,1946.00000000,1936.80000000,1940.93000000,2189.36520000,1770946199999999,4248965.53298800,35174,840.22820000,1631320.62591500,0
1770946200000000,1940.94000000,1949.88000000,1940.21000000,1946.34000000,1823.91570000,1770947099999999,3549717.16443400,35726,897.74360000,1747025.48405900,0
1770947100000000,1946.35000000,1950.02000000,1939.68000000,1943.63000000,1529.38320000,1770947999999999,2974918.55461100,29137,697.02910000,1356176.08419400,0
1770948000000000,1943.64000000,1949.22000000,1942.46000000,1948.20000000,1223.16520000,1770948899999999,2380415.62777000,25007,629.17310000,1224369.86362300,0
1770948900000000,1948.19000000,1948.69000000,1941.54000000,1946.22000000,2046.75730000,1770949799999999,3982990.94420900,27263,979.30890000,1905659.85142600,0
1770949800000000,1946.21000000,1948.29000000,1940.88000000,1947.46000000,1225.81510000,1770950699999999,2384343.25961500,28731,535.81240000,1042362.73063200,0
1770950700000000,1947.46000000,1952.00000000,1944.41000000,1948.30000000,2736.15410000,1770951599999999,5330145.26550100,33761,947.58820000,1846436.96879700,0
1770951600000000,1948.31000000,1951.59000000,1944.50000000,1945.51000000,2549.11990000,1770952499999999,4965280.42627900,28162,692.74530000,1349382.72392700,0
1770952500000000,1945.51000000,1951.43000000,1944.75000000,1951.31000000,1976.75030000,1770953399999999,3851135.33143200,23331,899.61060000,1752639.41618200,0
1770953400000000,1951.32000000,1958.21000000,1951.32000000,1954.22000000,3960.33160000,1770954299999999,7742165.87373400,44583,2090.35360000,4086489.71614500,0
1770954300000000,1954.23000000,1955.00000000,1950.00000000,1953.55000000,2300.02850000,1770955199999999,4490814.05616400,22982,741.56370000,1447785.17043000,0
1770955200000000,1953.56000000,1955.02000000,1949.61000000,1952.04000000,1420.20850000,1770956099999999,2772233.02791300,32608,651.84860000,1272421.22564600,0
1770956100000000,1952.04000000,1955.80000000,1948.50000000,1950.87000000,2447.74880000,1770956999999999,4778434.88800600,33056,918.79780000,1794270.76031700,0
1770957000000000,1950.87000000,1952.51000000,1947.19000000,1947.89000000,2704.60070000,1770957899999999,5274493.71716000,24384,720.02390000,1404219.64301000,0
1770957900000000,1947.87000000,1952.14000000,1943.80000000,1944.78000000,4437.99440000,1770958799999999,8644714.90769900,26602,1387.60340000,2703229.88867400,0
1770958800000000,1944.77000000,1946.85000000,1937.40000000,1937.40000000,3119.85790000,1770959699999999,6060955.61120000,30038,1071.13320000,2080334.88162800,0
1770959700000000,1937.41000000,1943.03000000,1935.51000000,1939.28000000,1763.78080000,1770960599999999,3420521.77252200,28874,1049.65870000,2035728.67595800,0
1770960600000000,1939.27000000,1943.80000000,1938.19000000,1943.30000000,1166.56710000,1770961499999999,2264256.34687200,22944,597.69730000,1160250.84849300,0
1770961500000000,1943.29000000,1945.00000000,1933.41000000,1934.19000000,2353.00390000,1770962399999999,4559616.18931800,22383,981.47820000,1902752.98923700,0
1770962400000000,1934.19000000,1937.65000000,1934.00000000,1935.07000000,1794.07880000,1770963299999999,3473619.98478900,20287,1005.51470000,1946944.98806600,0
1770963300000000,1935.07000000,1939.26000000,1927.30000000,1930.98000000,2738.27350000,1770964199999999,5291646.57953200,34277,1355.30240000,2619962.93263000,0
1770964200000000,1930.98000000,1930.98000000,1924.72000000,1929.84000000,2684.88540000,1770965099999999,5176650.60463300,27419,1350.04700000,2603186.08949000,0
1770965100000000,1929.85000000,1937.59000000,1928.37000000,1936.57000000,3439.60110000,1770965999999999,6647420.02772800,27172,1519.11140000,2936276.46059900,0
1770966000000000,1936.57000000,1948.60000000,1935.66000000,1946.78000000,4156.58530000,1770966899999999,8073386.21507800,41542,2361.37300000,4588054.49869400,0
1770966900000000,1946.79000000,1947.61000000,1943.46000000,1946.13000000,1621.87710000,1770967799999999,3155349.01483000,21959,610.57340000,1187817.94426800,0
1770967800000000,1946.12000000,1946.12000000,1933.10000000,1933.72000000,3665.73550000,1770968699999999,7110261.30676900,37613,1547.98030000,3001729.63686200,0
1770968700000000,1933.73000000,1939.41000000,1932.78000000,1935.75000000,4099.34220000,1770969599999999,7936486.31067600,30232,1970.11290000,3814299.05326300,0
1770969600000000,1935.75000000,1944.28000000,1933.65000000,1938.77000000,3231.99420000,1770970499999999,6268993.72960000,35463,1550.98910000,3008543.72957000,0
1770970500000000,1938.77000000,1947.44000000,1936.82000000,1945.16000000,3196.46550000,1770971399999999,6205232.34511300,38177,1445.19210000,2806722.13724200,0
1770971400000000,1945.15000000,1950.00000000,1944.13000000,1948.87000000,2789.73480000,1770972299999999,5432609.26675000,31327,1588.87610000,3093935.77890600,0
1770972300000000,1948.88000000,1964.04000000,1948.88000000,1958.95000000,8383.58590000,1770973199999999,16414915.19688900,50222,5017.05650000,9820778.55045800,0
1770973200000000,1958.96000000,1961.83000000,1953.04000000,1954.34000000,7633.48140000,1770974099999999,14943770.46534100,44627,3052.39280000,5974927.29513900,0
1770974100000000,1954.34000000,1962.73000000,1954.34000000,1960.65000000,5780.22070000,1770974999999999,11319551.24751500,37854,3313.15220000,6488518.22913700,0
1770975000000000,1960.64000000,1966.73000000,1959.88000000,1960.40000000,4837.35430000,1770975899999999,9494516.58277900,38990,2609.00770000,5121109.79723000,0
1770975900000000,1960.40000000,1966.72000000,1960.40000000,1962.00000000,2345.53240000,1770976799999999,4604579.62787100,30959,1480.02170000,2905323.52369700,0
1770976800000000,1962.00000000,1964.39000000,1957.35000000,1959.08000000,2654.84040000,1770977699999999,5203969.20983000,44866,1206.12800000,2364094.24057900,0
1770977700000000,1959.08000000,1969.26000000,1957.26000000,1958.55000000,4432.80660000,1770978599999999,8697593.48967300,41512,2461.09050000,4830326.71265000,0
1770978600000000,1958.54000000,1963.61000000,1956.70000000,1961.29000000,2387.35050000,1770979499999999,4680454.90017000,39161,1341.54180000,2630425.94137200,0
1770979500000000,1961.29000000,1963.57000000,1957.92000000,1959.40000000,2308.41170000,1770980399999999,4525176.20138900,26638,1326.29500000,2600033.07493100,0
1770980400000000,1959.41000000,1960.20000000,1953.98000000,1955.61000000,2396.26140000,1770981299999999,4688292.76554200,23788,1331.10560000,2604329.45915700,0
1770981300000000,1955.61000000,1957.87000000,1953.20000000,1956.15000000,2343.04940000,1770982199999999,4581991.48975300,34221,1208.70740000,2363543.02902400,0
1770982200000000,1956.15000000,1962.05000000,1945.84000000,1958.47000000,5404.53560000,1770983099999999,10556729.06577800,47512,2743.33550000,5362752.32654900,0
1770983100000000,1958.46000000,1961.44000000,1956.20000000,1960.04000000,2240.79520000,1770983999999999,4389691.99056600,26422,1040.17940000,2037629.86251200,0
1770984000000000,1960.05000000,1960.61000000,1952.60000000,1955.50000000,2222.23720000,1770984899999999,4347537.69800000,35247,1270.84690000,2486068.95314800,0
1770984900000000,1955.50000000,1963.17000000,1953.89000000,1962.57000000,2596.18530000,1770985799999999,5084608.55820000,28229,1746.70860000,3421200.11137500,0
1770985800000000,1962.56000000,1964.40000000,1959.09000000,1960.52000000,2279.06200000,1770986699999999,4470930.57060900,33045,1336.63010000,2621980.61218100,0
1770986700000000,1960.53000000,1964.59000000,1958.63000000,1960.95000000,1953.92170000,1770987599999999,3831849.57331200,24330,906.12160000,1776749.36938900,0
1770987600000000,1960.95000000,1964.95000000,1956.02000000,1958.42000000,3672.39950000,1770988499999999,7199687.75182300,43601,1780.01600000,3490428.82085500,0
1770988500000000,1958.41000000,1973.09000000,1958.08000000,1969.01000000,5749.45510000,1770989399999999,11309844.42291500,40645,3715.80970000,7308445.34591100,0
1770989400000000,1969.01000000,1981.11000000,1966.85000000,1970.73000000,12154.56630000,1770990299999999,23992656.22976500,132430,6661.49610000,13149881.14634500,0
1770990300000000,1970.64000000,1976.27000000,1965.47000000,1970.59000000,4689.28180000,1770991199999999,9239068.27974500,50649,2585.71910000,5094255.56476900,0
1770991200000000,1970.58000000,1971.78000000,1963.14000000,1964.09000000,2831.17920000,1770992099999999,5568272.99526900,60461,1444.06310000,2840296.80168700,0
1770992100000000,1964.08000000,1976.59000000,1964.08000000,1975.67000000,3523.57320000,1770992999999999,6943969.03911800,42399,2078.69940000,4096387.85833500,0
1770993000000000,1975.68000000,1990.52000000,1967.10000000,1984.00000000,21119.92890000,1770993899999999,41830167.02760200,211030,11144.69060000,22080709.03463600,0
1770993900000000,1984.00000000,2002.21000000,1983.92000000,1990.86000000,23548.37110000,1770994799999999,46954052.49648500,236121,12150.65530000,24230213.14252300,0
1770994800000000,1990.88000000,2030.87000000,1987.20000000,2020.94000000,25170.50590000,1770995699999999,50630051.22195400,203613,14338.94420000,28851862.67541600,0
1770995700000000,2020.94000000,2040.00000000,2014.43000000,2039.74000000,15409.35730000,1770996599999999,31235799.12485700,177929,7685.17260000,15576925.75657000,0
1770996600000000,2039.73000000,2050.58000000,2033.04000000,2033.59000000,18234.29850000,1770997499999999,37270712.75310900,164099,9882.50760000,20207215.34038500,0
1770997500000000,2033.60000000,2035.85000000,2024.19000000,2034.93000000,9992.25620000,1770998399999999,20285814.03126600,144432,4836.61730000,9819755.03535100,0
1770998400000000,2034.92000000,2062.50000000,2031.42000000,2051.07000000,14566.65330000,1770999299999999,29847957.53069300,150001,9122.42390000,18691050.03375900,0
1770999300000000,2051.07000000,2058.55000000,2043.67000000,2056.11000000,6992.15850000,1771000199999999,14339421.54568300,92421,4064.51030000,8336112.79941300,0
1771000200000000,2056.09000000,2073.68000000,2054.27000000,2064.50000000,12783.62990000,1771001099999999,26375077.94682200,105856,6799.90150000,14029346.22018500,0
1771001100000000,2064.51000000,2070.43000000,2059.63000000,2061.43000000,8384.52350000,1771001999999999,17315941.66178300,65418,3631.99600000,7500586.40803800,0
1771002000000000,2061.43000000,2062.57000000,2049.64000000,2059.49000000,14490.74900000,1771002899999999,29799359.93889600,76506,7624.31420000,15675558.81818800,0
1771002900000000,2059.49000000,2062.34000000,2053.98000000,2058.12000000,3393.09700000,1771003799999999,6985118.99409300,63064,1647.90490000,3392625.53433900,0
1771003800000000,2058.12000000,2068.35000000,2057.66000000,2062.66000000,3561.13370000,1771004699999999,7348521.25293500,51077,2161.07680000,4459618.74440700,0
1771004700000000,2062.66000000,2065.71000000,2057.71000000,2059.39000000,2707.43360000,1771005599999999,5580050.35292000,43822,1237.32300000,2550154.51387000,0
1771005600000000,2059.40000000,2061.64000000,2052.99000000,2055.71000000,3245.20850000,1771006499999999,6674908.54674400,54366,1726.53640000,3551157.46296500,0
1771006500000000,2055.70000000,2058.58000000,2050.64000000,2055.41000000,2918.61380000,1771007399999999,5997262.54932400,85525,1393.76190000,2863985.36720900,0
1771007400000000,2055.41000000,2064.65000000,2053.52000000,2059.27000000,2625.85760000,1771008299999999,5406525.51289100,37374,1297.10500000,2671011.64487600,0
1771008300000000,2059.28000000,2064.15000000,2055.70000000,2057.40000000,2858.26770000,1771009199999999,5887822.26130200,45246,1233.50600000,2540703.39530400,0
1771009200000000,2057.41000000,2061.31000000,2054.83000000,2058.38000000,2972.13900000,1771010099999999,6115488.84604100,46123,1742.88290000,3586575.72242600,0
1771010100000000,2058.39000000,2061.67000000,2054.01000000,2054.01000000,2939.43930000,1771010999999999,6052008.30180100,34425,1496.14220000,3080624.35657000,0
1771011000000000,2054.01000000,2056.90000000,2052.20000000,2052.82000000,3099.29990000,1771011899999999,6368637.67742200,43186,1343.24340000,2760013.89761300,0
1771011900000000,2052.83000000,2061.60000000,2052.83000000,2057.75000000,2677.76890000,1771012799999999,5511334.03467400,32350,1302.63270000,2680906.48246400,0
1771012800000000,2057.74000000,2059.65000000,2052.07000000,2052.28000000,3384.19870000,1771013699999999,6960936.96143000,34269,1330.37610000,2736387.25057600,0
1771013700000000,2052.29000000,2053.88000000,2044.16000000,2046.08000000,4280.37730000,1771014599999999,8766479.07006700,44415,1813.53940000,3713272.99752100,0
1771014600000000,2046.08000000,2050.39000000,2038.69000000,2045.63000000,4230.87490000,1771015499999999,8648425.05137800,54307,1659.11710000,3392001.42298500,0
1771015500000000,2045.63000000,2049.02000000,2043.40000000,2045.61000000,3082.88370000,1771016399999999,6307314.14787800,33946,1296.93300000,2653428.13995400,0
1771016400000000,2045.61000000,2058.46000000,2045.04000000,2056.86000000,3620.76680000,1771017299999999,7436965.95065300,55082,1869.73020000,3839619.17719000,0
1771017300000000,2056.87000000,2056.87000000,2051.16000000,2051.72000000,1569.16950000,1771018199999999,3223307.44675500,27761,526.08310000,1080575.71948600,0
1771018200000000,2051.71000000,2054.28000000,2051.13000000,2053.32000000,2151.83360000,1771019099999999,4417400.28202000,13066,827.97340000,1699480.01122500,0
1771019100000000,2053.34000000,2054.27000000,2049.33000000,2054.02000000,1875.83350000,1771019999999999,3849327.72959700,14408,861.59500000,1767970.34393200,0
1771020000000000,2054.03000000,2059.39000000,2045.07000000,2045.59000000,3726.41330000,1771020899999999,7649117.98979700,32170,1578.11170000,3240993.12995800,0
1771020900000000,2045.59000000,2052.03000000,2045.59000000,2051.99000000,1550.01730000,1771021799999999,3176080.56251200,13107,675.79830000,1384967.43302000,0
1771021800000000,2051.99000000,2052.11000000,2046.88000000,2050.01000000,872.57990000,1771022699999999,1788488.01823800,9833,444.83260000,911776.25029700,0
1771022700000000,2050.00000000,2054.21000000,2048.00000000,2054.20000000,1194.45450000,1771023599999999,2450233.09737000,27988,529.89880000,1087075.25194400,0
1771023600000000,2054.20000000,2054.41000000,2049.32000000,2051.56000000,2062.08490000,1771024499999999,4230242.97612900,38693,816.57330000,1675235.99013400,0
1771024500000000,2051.56000000,2053.87000000,2050.00000000,2050.29000000,1352.79930000,1771025399999999,2775456.46128200,13878,842.09350000,1727675.98400800,0
1771025400000000,2050.29000000,2052.04000000,2046.57000000,2047.09000000,1015.60720000,1771026299999999,2080946.50272900,13922,433.87000000,888906.21217400,0
1771026300000000,2047.09000000,2050.65000000,2047.09000000,2048.72000000,1181.96630000,1771027199999999,2421626.75927900,19437,624.10790000,1278641.65198700,0
1771027200000000,2048.72000000,2049.94000000,2045.83000000,2047.91000000,1068.29270000,1771028099999999,2188053.44780100,27420,419.06400000,858341.44376400,0
1771028100000000,2047.91000000,2048.29000000,2042.37000000,2046.99000000,1226.50810000,1771028999999999,2508496.34596500,25192,586.77610000,1200111.89042100,0
1771029000000000,2046.99000000,2051.78000000,2046.15000000,2051.67000000,1774.42050000,1771029899999999,3636610.12168200,33273,1140.87490000,2338080.13266800,0
1771029900000000,2051.66000000,2056.06000000,2049.90000000,2055.20000000,2126.11800000,1771030799999999,4365067.66734100,18085,1170.40310000,2403182.56821100,0
1771030800000000,2055.20000000,2055.20000000,2050.29000000,2054.15000000,1252.95790000,1771031699999999,2571406.24265900,21560,540.29170000,1108705.11034900,0
1771031700000000,2054.15000000,2057.57000000,2051.69000000,2055.47000000,1553.03550000,1771032599999999,3191099.04860400,27039,824.22490000,1693761.09270000,0
1771032600000000,2055.46000000,2057.00000000,2052.79000000,2054.77000000,1071.56790000,1771033499999999,2201974.34923300,22726,435.36760000,894591.68210400,0
1771033500000000,2054.78000000,2056.92000000,2053.50000000,2054.35000000,1011.66580000,1771034399999999,2078991.42425200,20444,431.60650000,886992.65730300,0
1771034400000000,2054.35000000,2054.46000000,2051.69000000,2053.74000000,1675.79200000,1771035299999999,3440467.52194600,22649,648.59210000,1331303.50036000,0
1771035300000000,2053.74000000,2054.05000000,2048.10000000,2049.95000000,1935.78090000,1771036199999999,3968551.15022200,16376,717.06960000,1469776.67992900,0
1771036200000000,2049.94000000,2051.87000000,2048.98000000,2051.02000000,1199.06740000,1771037099999999,2458748.49173500,15689,466.65100000,956831.27956800,0
1771037100000000,2051.02000000,2051.23000000,2048.66000000,2050.22000000,893.06030000,1771037999999999,1830722.11993800,9969,388.52840000,796439.90661100,0
1771038000000000,2050.22000000,2052.12000000,2048.48000000,2051.69000000,957.70520000,1771038899999999,1963492.45811900,10612,360.58020000,739298.45759500,0
1771038900000000,2051.69000000,2052.70000000,2049.07000000,2051.55000000,792.97510000,1771039799999999,1626576.23517100,9960,364.07410000,746771.11273500,0
1771039800000000,2051.55000000,2053.79000000,2051.50000000,2053.15000000,875.31380000,1771040699999999,1796764.58103100,9447,350.36830000,719166.40566400,0
1771040700000000,2053.15000000,2056.27000000,2051.13000000,2054.37000000,1584.92800000,1771041599999999,3255045.52294200,21532,1002.88210000,2059598.20233500,0
1771041600000000,2054.39000000,2054.97000000,2052.77000000,2053.41000000,694.86950000,1771042499999999,1427012.99908900,14373,312.50790000,641760.93383400,0
1771042500000000,2053.40000000,2057.40000000,2053.18000000,2056.87000000,1698.34670000,1771043399999999,3489850.90411700,19464,981.80500000,2017382.84645900,0
1771043400000000,2056.88000000,2057.56000000,2054.18000000,2057.50000000,1941.88000000,1771044299999999,3993414.92476800,17403,570.45590000,1173231.09286900,0
1771044300000000,2057.51000000,2058.00000000,2053.34000000,2053.57000000,773.00800000,1771045199999999,1588949.57465900,12851,306.01080000,629101.04075100,0
1771045200000000,2053.56000000,2054.57000000,2051.38000000,2054.12000000,594.58870000,1771046099999999,1220447.22520400,9389,236.50090000,485470.39693700,0
1771046100000000,2054.13000000,2056.32000000,2054.12000000,2055.10000000,1606.47210000,1771046999999999,3301886.54860600,9618,730.20180000,1500797.70452100,0
1771047000000000,2055.11000000,2055.68000000,2052.79000000,2053.94000000,1498.83440000,1771047899999999,3079109.16453700,12383,624.85880000,1283544.20582500,0
1771047900000000,2053.94000000,2055.30000000,2050.86000000,2051.29000000,985.59450000,1771048799999999,2023952.76264700,10223,202.14660000,414989.53426400,0
1771048800000000,2051.28000000,2053.14000000,2048.50000000,2050.65000000,797.20860000,1771049699999999,1634828.17928400,9790,367.65760000,754120.31269500,0
1771049700000000,2050.64000000,2052.77000000,2049.32000000,2051.89000000,1545.09860000,1771050599999999,3169628.46941200,10338,899.96830000,1846174.73264200,0
1771050600000000,2051.89000000,2054.12000000,2050.91000000,2053.61000000,700.13920000,1771051499999999,1437291.40960100,6969,491.99620000,1010023.22610200,0
1771051500000000,2053.61000000,2054.62000000,2052.79000000,2053.68000000,779.43140000,1771052399999999,1600554.10520700,10183,526.57690000,1081265.25953700,0
1771052400000000,2053.68000000,2054.88000000,2052.56000000,2053.74000000,868.89040000,1771053299999999,1784448.60111700,15183,295.49810000,606846.69350100,0
1771053300000000,2053.74000000,2055.50000000,2052.62000000,2054.89000000,924.69270000,1771054199999999,1899564.47996300,16673,402.59370000,827047.37410400,0
1771054200000000,2054.90000000,2055.85000000,2050.69000000,2055.46000000,1949.71030000,1771055099999999,4002344.81268000,17568,783.86040000,1609202.45122200,0
1771055100000000,2055.45000000,2060.49000000,2054.16000000,2057.21000000,3010.43040000,1771055999999999,6195337.58217000,22436,1985.91960000,4087213.77635700,0
1771056000000000,2057.20000000,2091.32000000,2057.04000000,2072.36000000,14850.79630000,1771056899999999,30820147.99670800,78597,8609.74150000,17860782.17709000,0
1771056900000000,2072.40000000,2077.77000000,2067.28000000,2068.00000000,3983.62650000,1771057799999999,8251172.45889300,78129,1682.24410000,3484326.23840000,0
1771057800000000,2068.01000000,2080.11000000,2068.01000000,2076.22000000,3302.88440000,1771058699999999,6855336.00048100,44381,1813.78820000,3764343.14841200,0
1771058700000000,2076.22000000,2084.28000000,2076.21000000,2082.35000000,4674.16310000,1771059599999999,9728084.21305400,67653,3022.19390000,6289403.53620800,0
1771059600000000,2082.35000000,2088.64000000,2079.27000000,2080.30000000,3406.84320000,1771060499999999,7100720.06535200,53034,2016.32450000,4203044.15904900,0
1771060500000000,2080.29000000,2083.59000000,2075.91000000,2077.00000000,2016.29630000,1771061399999999,4191759.98383200,32705,927.38690000,1928010.01361700,0
1771061400000000,2077.01000000,2082.81000000,2076.66000000,2082.26000000,1634.80260000,1771062299999999,3399429.45857700,21141,940.39920000,1955394.65057200,0
1771062300000000,2082.26000000,2083.36000000,2077.57000000,2078.24000000,1275.07240000,1771063199999999,2651939.60980600,18648,443.30740000,922051.83187900,0
1771063200000000,2078.24000000,2078.25000000,2073.26000000,2075.53000000,1730.21510000,1771064099999999,3590582.64932900,31290,780.81420000,1620423.45591200,0
1771064100000000,2075.53000000,2076.38000000,2072.57000000,2074.85000000,749.68450000,1771064999999999,1555093.68258500,12034,302.81520000,628169.29848200,0
1771065000000000,2074.84000000,2077.86000000,2074.02000000,2075.76000000,1066.76990000,1771065899999999,2215541.28669900,11230,440.21660000,914133.56790000,0
1771065900000000,2075.76000000,2077.66000000,2074.62000000,2077.42000000,478.38220000,1771066799999999,993225.93872500,8382,234.95380000,487847.34969900,0
1771066800000000,2077.43000000,2094.48000000,2077.10000000,2093.51000000,3965.10700000,1771067699999999,8275792.65610000,66432,2744.37180000,5727599.41913600,0
1771067700000000,2093.51000000,2107.67000000,2088.96000000,2096.46000000,8678.95660000,1771068599999999,18220677.42139200,129537,5341.27230000,11212172.63972400,0
1771068600000000,2096.46000000,2102.54000000,2093.21000000,2101.25000000,3336.89080000,1771069499999999,7002184.08602700,51234,1887.61160000,3961279.83892300,0
1771069500000000,2101.25000000,2102.94000000,2097.77000000,2099.58000000,3706.46530000,1771070399999999,7784139.56456000,55859,1943.73550000,4081922.48605400,0
1771070400000000,2099.58000000,2100.39000000,2094.68000000,2097.83000000,2738.93620000,1771071299999999,5744337.16236200,61231,1112.94010000,2334167.89247800,0
1771071300000000,2097.84000000,2098.44000000,2089.06000000,2091.90000000,3166.03390000,1771072199999999,6631793.48435700,36551,1037.36920000,2173121.34684100,0
1771072200000000,2091.90000000,2092.44000000,2074.35000000,2078.45000000,7336.06750000,1771073099999999,15287387.40887000,49850,1981.90970000,4127986.02095400,0
1771073100000000,2078.46000000,2082.01000000,2068.09000000,2070.97000000,7431.50920000,1771073999999999,15404069.63212600,80420,3161.23120000,6552146.69768100,0
1771074000000000,2070.97000000,2074.37000000,2064.58000000,2073.96000000,3388.09460000,1771074899999999,7011818.21702900,44506,1499.01540000,3103121.61027900,0
1771074900000000,2073.96000000,2074.97000000,2067.64000000,2069.03000000,3223.35570000,1771075799999999,6673834.09041300,41997,1513.26040000,3132916.33623500,0
1771075800000000,2069.02000000,2074.85000000,2066.39000000,2071.81000000,3222.10360000,1771076699999999,6674866.49522600,35103,1107.96170000,2295472.03913500,0
1771076700000000,2071.82000000,2076.05000000,2068.21000000,2071.54000000,3051.74990000,1771077599999999,6321627.77618900,25815,1412.82640000,2926585.61819600,0
1771077600000000,2071.54000000,2074.64000000,2070.61000000,2073.50000000,1729.48870000,1771078499999999,3585534.39380900,20350,906.46750000,1879189.24851800,0
1771078500000000,2073.49000000,2077.58000000,2069.34000000,2071.48000000,1840.34220000,1771079399999999,3816757.23516700,21304,755.04510000,1566178.13719800,0
1771079400000000,2071.48000000,2077.47000000,2071.48000000,2076.14000000,1912.01710000,1771080299999999,3966912.57188100,24354,932.09150000,1933856.74125800,0
1771080300000000,2076.14000000,2088.81000000,2074.37000000,2085.09000000,4963.26730000,1771081199999999,10334596.95321000,67834,3337.55530000,6948582.78390000,0
1771081200000000,2085.10000000,2088.45000000,2081.82000000,2082.33000000,3625.00430000,1771082099999999,7555900.99525200,35654,1449.38140000,3021004.56856900,0
1771082100000000,2082.33000000,2093.73000000,2080.55000000,2088.32000000,3262.85510000,1771082999999999,6815610.32031100,37693,2076.55890000,4338521.05620800,0
1771083000000000,2088.32000000,2090.35000000,2084.28000000,2087.59000000,1652.32590000,1771083899999999,3448716.99120200,28099,649.47710000,1355665.44712200,0
1771083900000000,2087.59000000,2089.19000000,2084.16000000,2087.43000000,2636.48470000,1771084799999999,5501009.61279500,19045,1314.22850000,2741908.25033400,0
1771084800000000,2087.42000000,2087.89000000,2077.32000000,2079.64000000,3802.47850000,1771085699999999,7917698.74763800,24957,1776.51310000,3698644.96957100,0
1771085700000000,2079.65000000,2079.73000000,2067.59000000,2072.46000000,8000.39470000,1771086599999999,16580875.58192000,44429,4536.14010000,9399944.49783900,0
1771086600000000,2072.45000000,2080.57000000,2067.27000000,2079.51000000,7511.99740000,1771087499999999,15584467.19410700,48199,4759.17370000,9873844.59905200,0
1771087500000000,2079.50000000,2084.95000000,2076.94000000,2082.83000000,2466.64840000,1771088399999999,5133362.06631700,33295,1156.59940000,2406984.34015100,0
1771088400000000,2082.84000000,2086.92000000,2077.49000000,2085.59000000,1855.17610000,1771089299999999,3861731.36287800,51657,785.37810000,1635281.52480500,0
1771089300000000,2085.60000000,2089.28000000,2083.70000000,2084.56000000,1764.77710000,1771090199999999,3681777.47106500,24836,817.28870000,1705172.18933300,0
1771090200000000,2084.57000000,2087.70000000,2078.18000000,2083.07000000,1851.01640000,1771091099999999,3855452.55654700,25278,855.23720000,1781817.53856600,0
1771091100000000,2083.06000000,2083.71000000,2078.81000000,2080.23000000,1401.72120000,1771091999999999,2916271.18204400,22363,830.96560000,1728784.53883600,0
1771092000000000,2080.23000000,2084.75000000,2078.77000000,2082.83000000,1261.71910000,1771092899999999,2627866.11107100,16102,747.11430000,1556152.07712400,0
1771092900000000,2082.83000000,2085.72000000,2081.11000000,2082.00000000,1084.76120000,1771093799999999,2260411.05844300,14965,541.39190000,1128177.82791800,0
1771093800000000,2082.00000000,2086.29000000,2080.57000000,2083.96000000,1405.49770000,1771094699999999,2929102.01318100,38273,717.63280000,1495473.41179400,0
1771094700000000,2083.96000000,2086.61000000,2082.98000000,2085.39000000,665.14160000,1771095599999999,1386496.61801100,24400,350.30550000,730158.48972300,0
1771095600000000,2085.39000000,2087.37000000,2083.15000000,2083.18000000,1169.16040000,1771096499999999,2437962.04031600,20733,440.44390000,918447.93070300,0
1771096500000000,2083.18000000,2087.32000000,2078.56000000,2085.60000000,1321.76180000,1771097399999999,2753822.19445600,20961,739.61470000,1541023.25071000,0
1771097400000000,2085.61000000,2088.32000000,2084.47000000,2087.39000000,1522.63430000,1771098299999999,3177420.79848600,26130,965.81330000,2015524.32490900,0
1771098300000000,2087.38000000,2090.51000000,2086.40000000,2088.52000000,1686.00660000,1771099199999999,3521950.73276100,19892,841.24910000,1757312.71503300,0
1771099200000000,2088.52000000,2092.95000000,2084.32000000,2085.23000000,1987.79120000,1771100099999999,4151896.50725800,19175,979.02130000,2045275.09718600,0
1771100100000000,2085.24000000,2087.40000000,2081.24000000,2085.21000000,1614.93190000,1771100999999999,3366889.29051400,15275,789.45720000,1646053.78350500,0
1771101000000000,2085.21000000,2088.57000000,2084.00000000,2087.84000000,761.46800000,1771101899999999,1588155.81693100,13512,335.20560000,699302.86059700,0
1771101900000000,2087.85000000,2090.05000000,2087.39000000,2089.82000000,708.03260000,1771102799999999,1478941.04342100,15354,437.74840000,914417.00700500,0
1771102800000000,2089.83000000,2098.89000000,2089.44000000,2095.21000000,3148.67960000,1771103699999999,6595148.93231800,28793,1728.52710000,3620390.74965500,0
1771103700000000,2095.21000000,2097.01000000,2084.49000000,2084.74000000,4034.76520000,1771104599999999,8429285.01300500,30220,1335.43470000,2790887.08748300,0
1771104600000000,2084.74000000,2085.10000000,2078.63000000,2084.04000000,2545.65810000,1771105499999999,5300817.90162600,45874,1088.07690000,2265978.88902600,0
1771105500000000,2084.03000000,2086.52000000,2082.08000000,2085.87000000,895.26400000,1771106399999999,1866312.00496600,19062,407.15770000,848781.12378600,0
1771106400000000,2085.86000000,2093.00000000,2085.53000000,2092.82000000,1412.43080000,1771107299999999,2951128.04070200,13635,888.53890000,1856580.32358900,0
1771107300000000,2092.81000000,2092.82000000,2083.66000000,2089.14000000,1339.77590000,1771108199999999,2796960.79220200,16228,581.04680000,1213016.82402700,0
1771108200000000,2089.13000000,2094.46000000,2088.18000000,2093.50000000,1302.86660000,1771109099999999,2725479.26725400,21840,812.97740000,1700773.16680500,0
1771109100000000,2093.49000000,2094.68000000,2089.46000000,2090.47000000,1159.64730000,1771109999999999,2425487.72502400,32709,439.85100000,920118.84740000,0
1771110000000000,2090.46000000,2092.73000000,2088.47000000,2090.88000000,957.03240000,1771110899999999,2000631.41303700,19247,408.42500000,853670.16780700,0
1771110900000000,2090.87000000,2093.01000000,2083.70000000,2088.60000000,2526.20250000,1771111799999999,5275486.19952000,29327,1211.18190000,2530113.84919300,0
1771111800000000,2088.59000000,2090.42000000,2085.12000000,2087.66000000,894.16310000,1771112699999999,1867110.07187500,15016,524.37900000,1095060.53138100,0
1771112700000000,2087.66000000,2089.13000000,2085.69000000,2086.59000000,1212.65710000,1771113599999999,2531543.86144100,11625,293.24250000,612201.43820600,0
1771113600000000,2086.59000000,2090.50000000,2081.40000000,2083.40000000,2253.13120000,1771114499999999,4700121.79994900,30591,1337.08010000,2789608.48643900,0
1771114500000000,2083.41000000,2088.20000000,2081.87000000,2081.88000000,984.91390000,1771115399999999,2053053.60008300,23803,571.67680000,1191771.61712100,0
1771115400000000,2081.87000000,2084.17000000,2075.45000000,2076.16000000,2738.36310000,1771116299999999,5691136.06917000,38422,797.77920000,1657650.88094900,0
1771116300000000,2076.15000000,2081.62000000,2072.74000000,2080.11000000,2358.64010000,1771117199999999,4898996.27547300,18519,865.30060000,1797729.31946100,0
1771117200000000,2080.11000000,2085.02000000,2079.02000000,2083.61000000,1440.95360000,1771118099999999,3001505.76999200,17516,618.46290000,1288331.76110100,0
1771118100000000,2083.61000000,2083.61000000,2058.03000000,2062.78000000,6139.95440000,1771118999999999,12702128.76890200,75395,1785.18400000,3691999.57520500,0
1771119000000000,2062.78000000,2066.91000000,2053.81000000,2056.50000000,5645.05500000,1771119899999999,11632374.42957700,70722,2117.83140000,4365327.35891500,0
1771119900000000,2056.51000000,2065.32000000,2055.68000000,2064.19000000,2032.97130000,1771120799999999,4188589.58602000,27181,1212.84250000,2498794.66453600,0
1771120800000000,2064.18000000,2072.41000000,2053.04000000,2060.11000000,19194.56490000,1771121699999999,39544959.60744000,70581,4386.85230000,9041998.61364800,0
1771121700000000,2060.10000000,2063.45000000,2050.00000000,2057.14000000,7933.64860000,1771122599999999,16307657.31609000,52951,1919.58440000,3947894.89294500,0
1771122600000000,2057.14000000,2063.03000000,2045.00000000,2058.14000000,19160.62810000,1771123499999999,39371547.71692400,109286,4582.38280000,9418631.26602300,0
1771123500000000,2058.14000000,2063.65000000,2058.13000000,2059.58000000,3135.46150000,1771124399999999,6463179.99530400,36396,1390.04760000,2864927.25058000,0
1771124400000000,2059.59000000,2063.34000000,2057.47000000,2057.47000000,4444.98130000,1771125299999999,9159018.55753300,23236,2562.23740000,5279279.89673900,0
1771125300000000,2057.48000000,2060.00000000,2054.09000000,2055.33000000,3791.82750000,1771126199999999,7802093.19293500,20881,1085.94130000,2235108.97498000,0
1771126200000000,2055.34000000,2060.00000000,2030.90000000,2042.99000000,152390.10460000,1771127099999999,311034317.31477700,345980,44087.58310000,90083579.45817500,0
1771127100000000,2042.99000000,2060.71000000,2042.99000000,2058.94000000,7845.18830000,1771127999999999,16110436.53820100,64305,4387.96940000,9010063.98372300,0
1771128000000000,2058.94000000,2085.02000000,2058.94000000,2081.53000000,10684.98260000,1771128899999999,22130261.84200500,139374,6532.72610000,13530301.71890700,0
1771128900000000,2081.54000000,2087.13000000,2069.11000000,2072.81000000,7083.84030000,1771129799999999,14709933.02140800,77657,3473.03240000,7213382.34704100,0
1771129800000000,2072.82000000,2081.02000000,2072.14000000,2077.85000000,3300.17870000,1771130699999999,6855087.18691500,37194,1967.95940000,4087689.97984900,0
1771130700000000,2077.84000000,2080.88000000,2074.00000000,2076.31000000,2104.05840000,1771131599999999,4370472.96219300,25091,1269.20590000,2636328.46057900,0
1771131600000000,2076.31000000,2086.11000000,2075.12000000,2083.50000000,3152.12660000,1771132499999999,6561449.88930700,37673,1664.24250000,3463911.82735500,0
1771132500000000,2083.51000000,2093.75000000,2083.30000000,2090.53000000,4191.71480000,1771133399999999,8757671.75936000,64811,2359.23000000,4928820.84182800,0
1771133400000000,2090.52000000,2094.72000000,2087.84000000,2090.69000000,3055.53730000,1771134299999999,6390373.81062800,43091,1308.11900000,2736439.68030200,0
1771134300000000,2090.68000000,2096.11000000,2088.67000000,2088.68000000,3118.20630000,1771135199999999,6526225.54413600,28862,1673.59610000,3503494.40154300,0
1771135200000000,2088.67000000,2090.99000000,2085.55000000,2087.31000000,1790.64960000,1771136099999999,3739057.69017200,25682,766.73270000,1601187.97081400,0
1771136100000000,2087.32000000,2094.41000000,2086.18000000,2090.10000000,2751.01220000,1771136999999999,5753704.49750600,28626,1628.96950000,3406905.53392000,0
1771137000000000,2090.10000000,2094.71000000,2088.41000000,2088.41000000,2613.11000000,1771137899999999,5466205.79875000,32491,1742.65660000,3645091.12306600,0
1771137900000000,2088.40000000,2089.37000000,2082.61000000,2085.85000000,1927.54720000,1771138799999999,4020003.49975300,37961,653.05210000,1361949.70034800,0
1771138800000000,2085.85000000,2088.34000000,2084.02000000,2084.85000000,2115.60800000,1771139699999999,4413724.69978600,39727,752.40300000,1569746.76662800,0
1771139700000000,2084.86000000,2090.46000000,2082.47000000,2085.78000000,14940.86670000,1771140599999999,31172058.64998800,77662,4256.99380000,8879584.85930700,0
1771140600000000,2085.78000000,2103.32000000,2083.67000000,2090.18000000,11819.03660000,1771141499999999,24761656.77626900,86010,5342.35240000,11192828.25353600,0
1771141500000000,2090.18000000,2093.35000000,2088.75000000,2091.41000000,5886.21730000,1771142399999999,12307966.96691900,36074,1674.91650000,3502124.75013000,0
1771142400000000,2091.41000000,2096.82000000,2084.26000000,2085.01000000,8928.53750000,1771143299999999,18673787.44194900,69004,3493.38680000,7306531.18047800,0
1771143300000000,2085.02000000,2089.56000000,2076.16000000,2076.38000000,5310.51750000,1771144199999999,11066578.88683700,57461,2223.24670000,4635842.12118400,0
1771144200000000,2076.34000000,2077.74000000,2055.92000000,2063.72000000,9512.04230000,1771145099999999,19637046.99685100,93256,4846.35950000,10003364.77980200,0
1771145100000000,2063.72000000,2070.07000000,2061.31000000,2069.20000000,3564.99560000,1771145999999999,7368062.63529500,31899,1773.71860000,3665762.96807300,0
1771146000000000,2069.20000000,2078.86000000,2066.02000000,2074.05000000,3809.27550000,1771146899999999,7896822.95011400,37474,2274.68970000,4716153.20950400,0
1771146900000000,2074.04000000,2075.36000000,2070.84000000,2075.26000000,2058.47360000,1771147799999999,4268251.81111200,24161,889.65540000,1844722.03633000,0
1771147800000000,2075.25000000,2075.45000000,2068.03000000,2071.11000000,1551.59330000,1771148699999999,3215783.99675500,23372,598.89410000,1241237.14461000,0
1771148700000000,2071.11000000,2071.90000000,2066.89000000,2068.70000000,2049.67090000,1771149599999999,4239304.88711800,15971,1339.46560000,2770226.46663700,0
1771149600000000,2068.70000000,2070.26000000,2054.36000000,2058.01000000,3297.19980000,1771150499999999,6795296.01844900,53856,1118.69020000,2306443.87934100,0
1771150500000000,2058.00000000,2064.18000000,2055.09000000,2062.92000000,2423.24990000,1771151399999999,4991215.55566800,36731,1143.57610000,2355335.17916400,0
1771151400000000,2062.92000000,2063.59000000,2057.12000000,2063.57000000,1752.09790000,1771152299999999,3610551.79761300,47044,745.48630000,1536188.75298700,0
1771152300000000,2063.57000000,2066.13000000,2059.58000000,2061.57000000,2943.00170000,1771153199999999,6071355.90816200,27351,1364.48970000,2815089.35979400,0
1771153200000000,2061.56000000,2066.53000000,2060.89000000,2063.82000000,1304.82220000,1771154099999999,2692808.06007000,21709,707.67210000,1460486.75730600,0
1771154100000000,2063.82000000,2067.01000000,2060.00000000,2062.25000000,1433.48200000,1771154999999999,2957599.91023900,14816,813.84250000,1678870.71507300,0
1771155000000000,2062.24000000,2063.43000000,2058.61000000,2062.37000000,1228.60360000,1771155899999999,2532754.82672300,12058,535.95060000,1104890.16718300,0
1771155900000000,2062.36000000,2063.26000000,2058.90000000,2061.96000000,925.01130000,1771156799999999,1907068.27924100,21784,368.77880000,760253.10434900,0
1771156800000000,2061.96000000,2063.00000000,2056.72000000,2059.85000000,1367.21910000,1771157699999999,2816464.61376400,37018,605.83170000,1248054.65031000,0
1771157700000000,2059.84000000,2066.60000000,2056.75000000,2066.36000000,2310.47570000,1771158599999999,4763958.81137200,33444,1264.11860000,2606766.23640300,0
1771158600000000,2066.35000000,2068.63000000,2058.17000000,2061.41000000,1814.45370000,1771159499999999,3743838.11797700,23589,940.64830000,1941186.77275300,0
1771159500000000,2061.40000000,2061.40000000,2011.00000000,2011.00000000,21959.93320000,1771160399999999,44587755.23033600,143716,7222.54170000,14658805.33878700,0
1771160400000000,2011.00000000,2025.79000000,2010.55000000,2020.14000000,13598.17710000,1771161299999999,27463473.72527600,171720,7170.38010000,14481810.27730000,0
1771161300000000,2020.13000000,2028.34000000,2006.60000000,2008.80000000,12126.24940000,1771162199999999,24486535.54408900,92719,6868.17210000,13873808.82567200,0
1771162200000000,2008.80000000,2014.45000000,2003.25000000,2007.16000000,10246.57450000,1771163099999999,20582450.89494600,136817,4288.76250000,8614776.12760800,0
1771163100000000,2007.16000000,2011.63000000,1994.05000000,2002.46000000,13021.18830000,1771163999999999,26061146.21053800,127267,5742.48500000,11492252.52120300,0
1771164000000000,2002.45000000,2006.39000000,1993.30000000,1997.78000000,8422.06370000,1771164899999999,16849178.14702200,93767,4034.45940000,8072747.82985900,0
1771164900000000,1997.79000000,2004.53000000,1996.66000000,2002.92000000,5150.74160000,1771165799999999,10306224.34655000,63421,2441.39990000,4885317.12828700,0
1771165800000000,2002.93000000,2012.43000000,1999.23000000,2011.40000000,6559.70460000,1771166699999999,13160737.76330000,52756,3902.15340000,7831367.90666400,0
1771166700000000,2011.41000000,2012.14000000,2007.40000000,2010.32000000,3339.34000000,1771167599999999,6710439.84528200,35506,1483.59710000,2981320.63645200,0
1771167600000000,2010.32000000,2015.07000000,2008.37000000,2013.20000000,5593.35440000,1771168499999999,11253129.47191200,28468,3553.81440000,7149020.37497900,0
1771168500000000,2013.20000000,2013.20000000,2003.43000000,2003.82000000,3647.17790000,1771169399999999,7323876.65568900,40184,1308.78790000,2628182.14978900,0
1771169400000000,2003.81000000,2009.81000000,2002.50000000,2009.80000000,2746.66870000,1771170299999999,5512435.60243800,43652,1256.59070000,2521995.84869100,0
1771170300000000,2009.80000000,2012.49000000,2006.00000000,2011.29000000,3803.19750000,1771171199999999,7645790.49068500,33310,2493.20810000,5013864.18268900,0
1771171200000000,2011.29000000,2011.30000000,1993.35000000,2004.12000000,32130.14830000,1771172099999999,64275547.45183400,121770,8696.98920000,17400534.62532600,0
1771172100000000,2004.12000000,2007.50000000,1997.31000000,2007.50000000,14788.93370000,1771172999999999,29598315.19723000,53362,4210.84190000,8430022.61783100,0
1771173000000000,2007.50000000,2009.24000000,2002.18000000,2009.11000000,2803.98810000,1771173899999999,5622324.30737800,32495,932.80680000,1870360.06347400,0
1771173900000000,2009.11000000,2010.18000000,2005.37000000,2006.27000000,2419.05380000,1771174799999999,4856354.58755800,20053,1016.50630000,2041028.68547000,0
1771174800000000,2006.27000000,2009.05000000,2004.22000000,2005.38000000,2364.64720000,1771175699999999,4745725.50971500,18264,648.89850000,1302211.55321000,0
1771175700000000,2005.37000000,2005.37000000,1996.04000000,1998.44000000,3949.87350000,1771176599999999,7898030.30556500,39071,1155.81180000,2311014.42666500,0
1771176600000000,1998.44000000,2000.46000000,1987.00000000,1987.27000000,7552.99200000,1771177499999999,15050078.04378400,40096,2391.27020000,4762938.33099600,0
1771177500000000,1987.28000000,1987.28000000,1957.90000000,1971.30000000,25529.69760000,1771178399999999,50262766.72057600,242998,11906.39020000,23433910.74366400,0
1771178400000000,1971.30000000,1980.07000000,1962.92000000,1974.50000000,8295.46330000,1771179299999999,16358282.36124900,100181,4317.54000000,8516113.20892800,0
1771179300000000,1974.51000000,1981.36000000,1968.99000000,1971.07000000,9354.74950000,1771180199999999,18476772.28804800,63727,2135.31940000,4222082.34014600,0
1771180200000000,1971.07000000,1971.82000000,1955.14000000,1966.40000000,53258.73660000,1771181099999999,104493752.66287900,189530,16343.82770000,32068673.17908300,0
1771181100000000,1966.40000000,1966.82000000,1952.62000000,1959.24000000,15521.74310000,1771181999999999,30390883.85561700,81032,5490.04270000,10747976.86082000,0
1771182000000000,1959.24000000,1961.96000000,1932.68000000,1941.86000000,87019.79120000,1771182899999999,168784025.57332100,302171,31684.96600000,61451862.55237800,0
1771182900000000,1941.87000000,1952.28000000,1935.97000000,1949.59000000,8579.81050000,1771183799999999,16686287.33340300,118270,4473.50670000,8703319.98796800,0
1771183800000000,1949.60000000,1949.92000000,1928.88000000,1935.43000000,9523.10690000,1771184699999999,18449258.23191200,118487,3875.08900000,7506330.89829900,0
1771184700000000,1935.42000000,1946.38000000,1935.10000000,1942.23000000,6590.97600000,1771185599999999,12803876.90166100,66405,4318.15640000,8386439.27741900,0
1771185600000000,1942.22000000,1949.92000000,1933.77000000,1948.06000000,5428.44460000,1771186499999999,10543995.56409200,56692,2857.96320000,5554335.39087500,0
1771186500000000,1948.05000000,1950.02000000,1939.30000000,1949.56000000,3701.99860000,1771187399999999,7201958.61990400,44429,1802.01060000,3507131.09603600,0
1771187400000000,1949.56000000,1958.54000000,1947.48000000,1953.15000000,4674.62660000,1771188299999999,9133077.43995600,58380,3020.97270000,5901810.51476800,0
1771188300000000,1953.14000000,1955.30000000,1945.49000000,1950.11000000,3184.56720000,1771189199999999,6210412.25112300,38950,1739.13810000,3392880.96560100,0
1771189200000000,1950.11000000,1958.94000000,1950.00000000,1957.19000000,2442.83890000,1771190099999999,4776697.98020600,54117,1518.36260000,2968982.22907300,0
1771190100000000,1957.19000000,1960.44000000,1953.21000000,1955.55000000,2276.43230000,1771190999999999,4455846.54778100,37071,1093.29020000,2140173.11746900,0
1771191000000000,1955.54000000,1965.77000000,1954.59000000,1956.03000000,3549.09940000,1771191899999999,6955738.45025100,37616,2230.64670000,4371976.76211400,0
1771191900000000,1956.02000000,1960.46000000,1954.08000000,1958.55000000,1726.78240000,1771192799999999,3381169.55218900,19748,1090.27280000,2134978.13774200,0
1771192800000000,1958.55000000,1964.76000000,1956.58000000,1960.10000000,1948.96160000,1771193699999999,3822004.07670300,26449,1112.35480000,2181202.68573400,0
1771193700000000,1960.11000000,1968.37000000,1959.73000000,1963.48000000,2387.92300000,1771194599999999,4690712.56059000,30363,1701.15270000,3341355.93178400,0
1771194600000000,1963.49000000,1967.94000000,1962.84000000,1966.77000000,1794.51030000,1771195499999999,3527096.32527200,24347,957.26570000,1881590.35979600,0
1771195500000000,1966.77000000,1974.51000000,1962.80000000,1970.27000000,3300.10140000,1771196399999999,6502343.03389900,49509,1891.04990000,3725828.26237600,0
1771196400000000,1970.27000000,1970.89000000,1944.36000000,1951.69000000,7573.67500000,1771197299999999,14804598.49472000,81717,3052.38050000,5964385.29025100,0
1771197300000000,1951.69000000,1959.19000000,1947.85000000,1958.49000000,4062.48270000,1771198199999999,7933300.41664900,37327,2286.27620000,4465399.09187200,0
1771198200000000,1958.50000000,1968.02000000,1958.49000000,1962.36000000,4718.31540000,1771199099999999,9262450.26168600,34717,2488.77340000,4885351.65130700,0
1771199100000000,1962.35000000,1968.01000000,1962.19000000,1966.58000000,2499.45050000,1771199999999999,4912129.40689000,35915,1473.55950000,2896091.22230700,0
1771200000000000,1966.59000000,1977.02000000,1964.51000000,1973.55000000,4524.05450000,1771200899999999,8920068.59469600,51781,2676.03670000,5275908.04212400,0
1771200900000000,1973.55000000,1979.30000000,1965.50000000,1968.85000000,8631.69480000,1771201799999999,16994191.63022500,46880,5253.82640000,10342506.68266400,0
1771201800000000,1968.85000000,1974.36000000,1964.86000000,1965.10000000,2401.18030000,1771202699999999,4729257.10981700,50402,1146.03500000,2257236.29247700,0
1771202700000000,1965.17000000,1972.51000000,1963.35000000,1969.11000000,2044.52290000,1771203599999999,4026238.86522500,29840,1108.92670000,2183966.76227700,0
1771203600000000,1969.11000000,1981.20000000,1967.70000000,1972.52000000,4148.80370000,1771204499999999,8191628.00526300,51453,2412.34350000,4763259.28833700,0
1771204500000000,1972.52000000,1975.67000000,1965.28000000,1967.44000000,2705.38460000,1771205399999999,5329910.93021400,24729,1060.11110000,2088897.70247300,0
1771205400000000,1967.44000000,1969.17000000,1957.00000000,1961.40000000,3520.63050000,1771206299999999,6906798.84401800,34693,1456.95660000,2858203.99028500,0
1771206300000000,1961.40000000,1964.67000000,1961.12000000,1963.06000000,1421.10870000,1771207199999999,2789515.76861600,31148,746.54040000,1465392.71432400,0
1771207200000000,1963.06000000,1966.79000000,1958.02000000,1964.00000000,2246.20440000,1771208099999999,4410890.48182300,46805,1199.35130000,2355419.92854600,0
1771208100000000,1963.99000000,1964.18000000,1955.09000000,1956.63000000,2165.32570000,1771208999999999,4242534.42243600,37684,1146.60340000,2246234.24327900,0
1771209000000000,1956.63000000,1961.66000000,1955.29000000,1959.70000000,1735.77630000,1771209899999999,3401609.34291800,55751,967.85260000,1896869.53565100,0
1771209900000000,1959.70000000,1961.85000000,1952.30000000,1957.00000000,2529.35350000,1771210799999999,4948984.75866100,56840,1444.71150000,2827385.78213500,0
1771210800000000,1957.01000000,1959.81000000,1956.49000000,1956.50000000,934.31130000,1771211699999999,1829547.36004800,39328,562.70590000,1101853.33100000,0
1771211700000000,1956.50000000,1957.63000000,1948.76000000,1951.47000000,2966.21220000,1771212599999999,5791622.21491100,34089,1091.49870000,2131749.55205400,0
1771212600000000,1951.48000000,1955.81000000,1948.79000000,1955.19000000,2499.33500000,1771213499999999,4875413.56761900,25009,1380.85600000,2693316.69348200,0
1771213500000000,1955.20000000,1959.48000000,1954.07000000,1958.78000000,2928.46310000,1771214399999999,5729732.35662600,17133,1938.03250000,3791098.32237800,0
1771214400000000,1958.78000000,1968.01000000,1958.34000000,1966.15000000,2967.75200000,1771215299999999,5828307.69127300,38464,1818.74710000,3571620.21940000,0
1771215300000000,1966.15000000,1970.28000000,1965.05000000,1968.07000000,2233.21190000,1771216199999999,4395559.23270700,37531,1280.75080000,2521067.26713400,0
1771216200000000,1968.08000000,1969.30000000,1964.83000000,1965.80000000,1520.93650000,1771217099999999,2990954.39877100,24665,482.43390000,948849.82156500,0
1771217100000000,1965.80000000,1973.19000000,1965.08000000,1973.06000000,2567.86620000,1771217999999999,5060656.07420700,18557,1905.00920000,3754545.24439300,0
1771218000000000,1973.05000000,1974.17000000,1960.92000000,1960.95000000,3702.41860000,1771218899999999,7288070.20683900,28305,1248.52160000,2455023.47850200,0
1771218900000000,1960.95000000,1961.75000000,1954.71000000,1958.54000000,2154.28300000,1771219799999999,4218661.99442900,22870,795.31290000,1557478.65803400,0
1771219800000000,1958.53000000,1959.47000000,1952.91000000,1956.18000000,2580.10960000,1771220699999999,5047464.32475300,27986,936.80700000,1832102.74191700,0
1771220700000000,1956.18000000,1959.48000000,1955.60000000,1958.00000000,2433.32600000,1771221599999999,4761757.59306900,12097,988.15570000,1933642.63758500,0
1771221600000000,1957.99000000,1961.26000000,1956.84000000,1959.83000000,959.00960000,1771222499999999,1879712.03359800,12389,462.97250000,907487.09183900,0
1771222500000000,1959.83000000,1961.20000000,1955.94000000,1960.23000000,1174.90150000,1771223399999999,2301492.95745100,15468,486.48620000,953057.12997600,0
1771223400000000,1960.23000000,1966.35000000,1959.48000000,1965.88000000,2453.32120000,1771224299999999,4820051.52991600,22390,1355.06200000,2662176.01771600,0
1771224300000000,1965.88000000,1967.58000000,1963.65000000,1966.69000000,1637.29790000,1771225199999999,3218692.43781500,13343,518.52060000,1019236.63484300,0
1771225200000000,1966.69000000,1974.49000000,1964.32000000,1972.91000000,3306.48220000,1771226099999999,6510342.75890100,23705,1828.45940000,3601027.15637100,0
1771226100000000,1972.91000000,1978.64000000,1971.09000000,1973.97000000,3805.50440000,1771226999999999,7512789.04915300,37625,1717.80220000,3391668.35489500,0
1771227000000000,1973.98000000,1976.47000000,1965.32000000,1967.87000000,3262.89410000,1771227899999999,6430552.20667300,37767,1500.16890000,2957564.47981500,0
1771227900000000,1967.88000000,1972.48000000,1967.88000000,1971.13000000,1736.16670000,1771228799999999,3421530.74109100,19479,974.06010000,1919641.27801400,0
1771228800000000,1971.14000000,1975.35000000,1970.00000000,1970.10000000,2517.30170000,1771229699999999,4966188.36596000,20590,1530.74870000,3019500.07683700,0
1771229700000000,1970.10000000,1977.85000000,1970.00000000,1974.87000000,2282.94630000,1771230599999999,4508787.74265300,17891,1456.17320000,2875995.06013900,0
1771230600000000,1974.87000000,1975.61000000,1970.88000000,1974.39000000,1150.15250000,1771231499999999,2269382.27101800,18148,581.28590000,1146948.21192800,0
1771231500000000,1974.40000000,1978.51000000,1973.54000000,1977.31000000,1873.82580000,1771232399999999,3703251.51899800,16526,1140.75770000,2254404.64142200,0
1771232400000000,1977.31000000,1989.57000000,1976.16000000,1986.75000000,6530.78190000,1771233299999999,12956280.46521200,63710,3811.77760000,7560507.69536200,0
1771233300000000,1986.76000000,1988.60000000,1983.56000000,1986.17000000,5869.94930000,1771234199999999,11657178.48844900,39517,2077.14410000,4125315.30231600,0
1771234200000000,1986.16000000,1993.35000000,1982.34000000,1990.69000000,5300.17900000,1771235099999999,10539140.82024700,46121,3273.92960000,6509396.77417100,0
1771235100000000,1990.69000000,1991.49000000,1985.95000000,1987.67000000,1798.98020000,1771235999999999,3576764.65919800,34270,1125.18410000,2236909.95248400,0
1771236000000000,1987.66000000,1988.91000000,1983.82000000,1987.64000000,2392.14240000,1771236899999999,4750080.56486100,30626,1465.32890000,2909980.35492000,0
1771236900000000,1987.65000000,1987.85000000,1977.83000000,1981.14000000,2672.63060000,1771237799999999,5298460.09187700,18592,615.18670000,1219387.16789700,0
1771237800000000,1981.13000000,1983.72000000,1977.51000000,1980.99000000,1216.12340000,1771238699999999,2408957.60974500,23779,599.69660000,1187976.40860800,0
1771238700000000,1980.99000000,1982.88000000,1978.88000000,1978.88000000,938.25610000,1771239599999999,1858609.34228900,24743,343.58040000,680622.20323700,0
1771239600000000,1978.88000000,1983.87000000,1963.67000000,1966.19000000,5246.76070000,1771240499999999,10354176.89620300,47494,2231.48230000,4408380.74735500,0
1771240500000000,1966.20000000,1973.21000000,1957.12000000,1972.48000000,6274.60210000,1771241399999999,12327181.65961200,76706,2727.79560000,5362195.92672500,0
1771241400000000,1972.48000000,1973.00000000,1966.14000000,1967.88000000,2758.56290000,1771242299999999,5433435.96186400,38068,913.33140000,1798851.14949200,0
1771242300000000,1967.88000000,1979.25000000,1967.85000000,1976.15000000,2796.70580000,1771243199999999,5517562.29361700,43366,1446.13920000,2854743.31766300,0
1771243200000000,1976.16000000,1978.71000000,1974.37000000,1976.41000000,1043.10370000,1771244099999999,2061675.29068800,22869,487.04090000,962723.09336100,0
1771244100000000,1976.41000000,1996.01000000,1972.46000000,1992.42000000,5823.10120000,1771244999999999,11570872.82190000,81079,3502.60140000,6961888.31419500,0
1771245000000000,1992.42000000,1998.20000000,1986.83000000,1997.70000000,4463.82970000,1771245899999999,8896481.71311800,75651,2491.64880000,4966344.97936600,0
1771245900000000,1997.69000000,2009.52000000,1995.18000000,2006.24000000,6509.89360000,1771246799999999,13037370.25926700,79400,3942.90530000,7895820.63131300,0
1771246800000000,2006.25000000,2023.51000000,2003.59000000,2009.19000000,10924.12470000,1771247699999999,22016194.51528200,133803,6055.68260000,12204090.97579600,0
1771247700000000,2009.19000000,2014.48000000,1970.74000000,1976.62000000,13159.21700000,1771248599999999,26206607.05285800,161594,5035.84350000,10027163.90522100,0
1771248600000000,1976.61000000,1987.45000000,1966.26000000,1974.71000000,9127.97890000,1771249499999999,18044382.43654900,122671,4831.05740000,9553564.06114200,0
1771249500000000,1974.71000000,1976.27000000,1961.23000000,1967.70000000,5890.32210000,1771250399999999,11591348.57869700,81955,2766.01200000,5443760.71632500,0
1771250400000000,1967.69000000,1973.55000000,1962.76000000,1967.89000000,3616.05440000,1771251299999999,7119149.83349100,94493,1900.90800000,3743096.97402600,0
1771251300000000,1967.90000000,1974.33000000,1954.97000000,1959.92000000,5623.50930000,1771252199999999,11045106.70401400,83065,2781.58840000,5463964.90372500,0
1771252200000000,1959.93000000,1975.11000000,1958.62000000,1970.70000000,4275.77470000,1771253099999999,8415569.72472000,65114,2387.26860000,4698330.04281800,0
1771253100000000,1970.71000000,1983.45000000,1966.60000000,1973.13000000,4716.99560000,1771253999999999,9316684.75824700,49339,2702.36300000,5337300.56580900,0
1771254000000000,1973.13000000,1986.12000000,1972.46000000,1973.05000000,6604.92840000,1771254899999999,13077773.74150700,100688,3145.08090000,6227895.27748000,0
1771254900000000,1973.04000000,1973.15000000,1963.05000000,1966.41000000,4646.08280000,1771255799999999,9148858.70176000,74016,1918.11360000,3777144.02400500,0
1771255800000000,1966.40000000,1966.51000000,1937.24000000,1950.97000000,19125.81290000,1771256699999999,37251740.51381100,275504,9051.52750000,17628461.59906100,0
1771256700000000,1950.97000000,1960.93000000,1948.59000000,1956.65000000,5305.99150000,1771257599999999,10370936.93421900,72190,2466.55070000,4822319.85942800,0
1771257600000000,1956.65000000,1980.04000000,1956.31000000,1971.03000000,10156.33450000,1771258499999999,19999773.14557800,126450,5356.40150000,10548454.45107600,0
1771258500000000,1971.03000000,1974.31000000,1963.95000000,1971.42000000,3689.58490000,1771259399999999,7264722.58975500,69167,1749.38400000,3444791.50268400,0
1771259400000000,1971.43000000,1974.18000000,1961.61000000,1974.09000000,4938.02840000,1771260299999999,9714856.03186600,48382,3031.25600000,5963557.97437400,0
1771260300000000,1974.08000000,1975.63000000,1970.31000000,1973.75000000,3396.52880000,1771261199999999,6701192.53584900,43204,1372.85780000,2708531.88203300,0
1771261200000000,1973.75000000,1977.29000000,1966.94000000,1972.11000000,3945.69910000,1771262099999999,7781932.31303100,44338,1694.17540000,3342126.50682700,0
1771262100000000,1972.12000000,1978.12000000,1964.48000000,1977.00000000,4328.91400000,1771262999999999,8530715.20655200,46549,1712.34270000,3376628.28413600,0
1771263000000000,1976.99000000,1988.40000000,1976.01000000,1986.08000000,5177.59930000,1771263899999999,10270575.29148000,97311,2855.08770000,5663445.64134500,0
1771263900000000,1986.07000000,1986.08000000,1977.50000000,1978.99000000,3121.49570000,1771264799999999,6181994.32299800,36720,1135.66990000,2248954.65759300,0
1771264800000000,1978.99000000,1984.55000000,1978.85000000,1982.57000000,2124.91080000,1771265699999999,4212182.89431200,30266,1119.56580000,2219110.73173800,0
1771265700000000,1982.56000000,1985.68000000,1978.28000000,1979.49000000,2428.03080000,1771266599999999,4812458.67453500,23678,1281.00790000,2539058.15936600,0
1771266600000000,1979.48000000,1981.01000000,1973.84000000,1974.85000000,2963.26900000,1771267499999999,5857638.10979500,25993,1042.92850000,2061744.19587700,0
1771267500000000,1974.86000000,1976.46000000,1967.10000000,1968.93000000,2757.51210000,1771268399999999,5435169.27716200,42044,1093.60750000,2155308.29632800,0
1771268400000000,1968.94000000,1971.95000000,1967.27000000,1971.61000000,1455.96980000,1771269299999999,2867948.85902700,34429,826.52190000,1628012.49233300,0
1771269300000000,1971.61000000,1974.17000000,1966.22000000,1971.70000000,1730.23370000,1771270199999999,3409573.44638800,34790,942.05260000,1856507.62329600,0
1771270200000000,1971.70000000,1979.74000000,1971.44000000,1977.82000000,2903.13870000,1771271099999999,5738004.25364900,27179,2064.87840000,4081127.01511400,0
1771271100000000,1977.81000000,1979.47000000,1973.07000000,1974.04000000,2000.26010000,1771271999999999,3952472.99733200,27416,1061.12900000,2096805.91190900,0
1771272000000000,1974.04000000,1976.31000000,1971.10000000,1974.44000000,2094.31320000,1771272899999999,4133657.91546900,26020,1109.04710000,2188934.42437500,0
1771272900000000,1974.43000000,1982.99000000,1971.86000000,1982.99000000,2781.86880000,1771273799999999,5499399.66320600,29399,1819.58130000,3597646.28587400,0
1771273800000000,1983.00000000,1985.00000000,1979.09000000,1983.44000000,2754.73220000,1771274699999999,5461100.20619400,44977,1712.94280000,3395900.52481300,0
1771274700000000,1983.44000000,1994.34000000,1982.19000000,1993.20000000,6089.38360000,1771275599999999,12119356.42160100,56213,3676.23930000,7315631.09532300,0
1771275600000000,1993.20000000,1993.91000000,1988.02000000,1993.91000000,3222.86670000,1771276499999999,6414522.95960300,47170,1750.95190000,3484708.32883200,0
1771276500000000,1993.90000000,1994.72000000,1987.02000000,1988.61000000,2867.68040000,1771277399999999,5710067.12438700,25591,1316.55120000,2621977.76166300,0
1771277400000000,1988.61000000,1990.91000000,1986.47000000,1988.99000000,1907.64870000,1771278299999999,3792997.70350700,26102,961.14620000,1910996.56825500,0
1771278300000000,1988.98000000,2004.02000000,1986.20000000,1999.14000000,4005.49250000,1771279199999999,7998360.57410900,37276,2656.04900000,5303718.10620100,0
1771279200000000,1999.13000000,2002.54000000,1992.08000000,1992.89000000,3844.37550000,1771280099999999,7677594.56609100,51705,1647.32800000,3290618.18454600,0
1771280100000000,1992.89000000,1995.64000000,1989.59000000,1993.58000000,1915.33910000,1771280999999999,3815827.67344000,26534,919.39370000,1831710.54551600,0
1771281000000000,1993.57000000,1995.30000000,1988.40000000,1991.00000000,3413.67450000,1771281899999999,6801697.54892500,24217,1751.68380000,3490082.80463200,0
1771281900000000,1991.01000000,1993.90000000,1984.39000000,1990.19000000,2444.44480000,1771282799999999,4862851.94995900,22157,1196.25190000,2380234.30430400,0
1771282800000000,1990.19000000,1997.97000000,1988.72000000,1996.36000000,2082.13320000,1771283699999999,4151148.71053700,31898,1317.51090000,2626743.32381200,0
1771283700000000,1996.35000000,1999.99000000,1993.75000000,1995.45000000,2336.11120000,1771284599999999,4663923.59527400,29095,1238.57890000,2473094.66691100,0
1771284600000000,1995.45000000,1997.45000000,1992.91000000,1994.41000000,1856.17270000,1771285499999999,3704065.52472200,34413,751.51020000,1499555.07756300,0
1771285500000000,1994.40000000,2002.52000000,1994.40000000,1998.33000000,2239.73240000,1771286399999999,4477847.03824300,45559,1297.76000000,2594428.98406600,0
1771286400000000,1998.34000000,1999.54000000,1994.46000000,1999.07000000,1630.75920000,1771287299999999,3256919.75389600,27267,802.52330000,1602737.48053200,0
1771287300000000,1999.07000000,2001.46000000,1993.41000000,1998.57000000,1132.31540000,1771288199999999,2261460.70876600,20292,596.42180000,1191451.83535400,0
1771288200000000,1998.57000000,2002.19000000,1995.56000000,1998.23000000,2633.26740000,1771289099999999,5265556.67889600,36319,797.71430000,1595187.88262600,0
1771289100000000,1998.24000000,2005.77000000,1997.58000000,1998.44000000,1850.83620000,1771289999999999,3706046.63096900,41930,1104.87730000,2212780.42980300,0
1771290000000000,1998.45000000,2002.79000000,1994.58000000,2001.66000000,1879.43090000,1771290899999999,3755774.77466300,36175,979.54610000,1957743.77920400,0
1771290900000000,2001.67000000,2004.59000000,1998.56000000,2000.58000000,1413.51670000,1771291799999999,2829885.94189800,31182,602.56930000,1206494.04162800,0
1771291800000000,2000.58000000,2008.05000000,1999.23000000,2002.33000000,1873.81270000,1771292699999999,3756378.59717900,34688,899.30140000,1802949.02575800,0
1771292700000000,2002.33000000,2003.33000000,1991.00000000,1991.82000000,2452.80040000,1771293599999999,4896379.93191800,42361,800.58530000,1598090.75683800,0
1771293600000000,1991.80000000,2008.58000000,1979.70000000,2003.69000000,8544.41120000,1771294499999999,17029641.52829200,98870,4000.06910000,7978462.07326800,0
1771294500000000,2003.70000000,2007.21000000,2001.74000000,2004.87000000,2930.96640000,1771295399999999,5873632.02621400,34288,1632.32730000,3271173.45658600,0
1771295400000000,2004.86000000,2005.40000000,1999.76000000,2002.10000000,1454.72390000,1771296299999999,2911592.09173600,21133,443.23430000,887118.94548700,0
1771296300000000,2002.10000000,2005.12000000,1998.59000000,1998.59000000,3462.87910000,1771297199999999,6935415.94167100,36754,906.03380000,1814643.37823100,0
1771297200000000,1998.60000000,1999.22000000,1990.11000000,1992.17000000,3198.08760000,1771298099999999,6378282.68375800,25898,917.87430000,1830244.11750700,0
1771298100000000,1992.17000000,1994.67000000,1987.79000000,1990.72000000,1274.47490000,1771298999999999,2537787.13230200,23622,441.88960000,880094.00420100,0
1771299000000000,1990.72000000,1990.72000000,1985.34000000,1988.91000000,2331.18540000,1771299899999999,4635206.88481800,25197,841.94250000,1674104.51321600,0
1771299900000000,1988.91000000,1990.87000000,1984.73000000,1985.70000000,1916.82480000,1771300799999999,3810647.98164300,26700,556.49490000,1106456.45107100,0
1771300800000000,1985.69000000,1989.81000000,1983.09000000,1986.81000000,1977.10340000,1771301699999999,3927882.32061200,18981,667.97120000,1327293.52068400,0
1771301700000000,1986.81000000,1998.48000000,1984.00000000,1993.50000000,4184.60480000,1771302599999999,8338134.48626600,22653,2528.52620000,5038351.86078200,0
1771302600000000,1993.49000000,1993.50000000,1982.23000000,1988.93000000,2828.80890000,1771303499999999,5618915.87671400,42727,794.27530000,1577358.00329500,0
1771303500000000,1988.93000000,1990.59000000,1987.51000000,1989.44000000,952.67150000,1771304399999999,1895152.47565700,13632,436.08480000,867467.87296000,0
1771304400000000,1989.44000000,1991.05000000,1983.64000000,1984.21000000,1884.68440000,1771305299999999,3745190.04386100,19340,582.90360000,1158326.43596400,0
1771305300000000,1984.20000000,1985.14000000,1970.63000000,1974.03000000,6654.85750000,1771306199999999,13157381.84385800,67655,2067.83600000,4087145.85953300,0
1771306200000000,1974.02000000,1975.47000000,1964.72000000,1973.54000000,6403.80840000,1771307099999999,12621192.91579700,69664,2425.96530000,4782547.24778900,0
1771307100000000,1973.54000000,1976.85000000,1972.31000000,1975.68000000,2888.57810000,1771307999999999,5703612.11973500,42586,1677.42300000,3311943.20371900,0
1771308000000000,1975.68000000,1981.49000000,1975.67000000,1978.75000000,2097.50870000,1771308899999999,4150158.37558600,31758,932.82630000,1845625.49843400,0
1771308900000000,1978.76000000,1985.07000000,1976.93000000,1982.71000000,2178.03680000,1771309799999999,4313793.85873500,22012,1003.48710000,1988301.59722400,0
1771309800000000,1982.72000000,1983.55000000,1980.29000000,1981.20000000,1592.02990000,1771310699999999,3155556.49599600,22501,815.84530000,1617086.24838800,0
1771310700000000,1981.20000000,1982.84000000,1980.00000000,1981.02000000,905.26500000,1771311599999999,1793846.78726700,17975,530.40100000,1051050.66301800,0
1771311600000000,1981.02000000,1981.15000000,1975.29000000,1976.43000000,1973.52960000,1771312499999999,3903688.33198800,39454,812.95060000,1607930.97182200,0
1771312500000000,1976.43000000,1979.11000000,1973.32000000,1974.66000000,1528.58330000,1771313399999999,3020453.60957900,37304,455.34610000,899725.58221100,0
1771313400000000,1974.66000000,1983.56000000,1973.78000000,1982.06000000,2540.49920000,1771314299999999,5029009.90916600,36829,1055.62810000,2090270.62315100,0
1771314300000000,1982.05000000,1988.22000000,1980.88000000,1985.91000000,4399.61180000,1771315199999999,8734019.20666900,26349,2724.23560000,5407705.11889400,0
1771315200000000,1985.91000000,1990.88000000,1985.76000000,1988.49000000,1584.04500000,1771316099999999,3150593.45907800,28404,933.07610000,1855987.06046200,0
1771316100000000,1988.49000000,1988.68000000,1983.43000000,1983.98000000,2662.08320000,1771316999999999,5284284.17704300,49946,1066.27350000,2116607.28825600,0
1771317000000000,1983.99000000,1986.00000000,1973.95000000,1978.35000000,6400.62590000,1771317899999999,12668742.56640200,59296,3543.24670000,7013178.58125400,0
1771317900000000,1978.36000000,1979.26000000,1974.72000000,1977.08000000,2413.89230000,1771318799999999,4771855.00841900,43760,1196.00580000,2364343.29563200,0
1771318800000000,1977.07000000,1979.99000000,1969.79000000,1971.84000000,3808.87240000,1771319699999999,7520927.25765900,58344,1151.73350000,2273515.84085500,0
1771319700000000,1971.85000000,1975.26000000,1970.98000000,1973.43000000,3435.93290000,1771320599999999,6779701.75484600,41285,1630.26340000,3216546.16265000,0
1771320600000000,1973.43000000,1975.22000000,1970.58000000,1973.73000000,3386.24930000,1771321499999999,6680226.16476100,32235,1968.31290000,3882653.00607600,0
1771321500000000,1973.74000000,1977.65000000,1973.73000000,1976.16000000,3047.85820000,1771322399999999,6022749.48854800,33323,1413.39870000,2792720.92675900,0
1771322400000000,1976.15000000,1978.77000000,1972.19000000,1973.43000000,4136.39220000,1771323299999999,8175084.45522200,40954,2166.06210000,4281435.89378800,0
1771323300000000,1973.43000000,1973.43000000,1964.32000000,1966.88000000,4371.70800000,1771324199999999,8599729.59532500,68184,1981.87830000,3897929.01268800,0
1771324200000000,1966.88000000,1968.69000000,1962.76000000,1964.11000000,2404.79860000,1771325099999999,4727472.10963700,46509,984.54100000,1935346.07611800,0
1771325100000000,1964.11000000,1966.93000000,1961.71000000,1966.93000000,2271.24310000,1771325999999999,4462758.21635200,34966,1008.03420000,1980443.04732300,0
1771326000000000,1966.92000000,1971.73000000,1964.28000000,1971.22000000,2350.22060000,1771326899999999,4627907.37166900,38796,1399.51460000,2755907.46366400,0
1771326900000000,1971.22000000,1972.50000000,1964.75000000,1970.49000000,1564.23750000,1771327799999999,3079556.24961800,32057,665.87920000,1310933.21539800,0
1771327800000000,1970.49000000,1971.61000000,1966.32000000,1966.58000000,726.59360000,1771328699999999,1430356.53751500,22012,295.37730000,581394.10780400,0
1771328700000000,1966.58000000,1970.32000000,1965.33000000,1968.47000000,2691.61330000,1771329599999999,5297274.98454500,27721,1053.28640000,2072789.52912100,0
1771329600000000,1968.47000000,1977.02000000,1967.79000000,1973.10000000,4688.94610000,1771330499999999,9248955.51300600,57599,2042.40120000,4028713.81065000,0
1771330500000000,1973.09000000,1974.18000000,1970.05000000,1972.21000000,2495.03250000,1771331399999999,4920381.38679500,43046,872.71530000,1720913.98670700,0
1771331400000000,1972.21000000,1976.93000000,1969.78000000,1974.30000000,2215.11020000,1771332299999999,4372793.63668300,51134,941.36360000,1858590.77813300,0
1771332300000000,1974.31000000,1974.97000000,1967.21000000,1969.76000000,1795.72110000,1771333199999999,3540074.35538600,39183,665.82560000,1312386.10469200,0
1771333200000000,1969.76000000,1984.32000000,1964.74000000,1980.25000000,5587.65400000,1771334099999999,11041567.12601000,83406,3348.92430000,6618870.15602000,0
1771334100000000,1980.24000000,1989.96000000,1977.21000000,1984.20000000,4541.67030000,1771334999999999,9009707.97889000,66375,2446.99460000,4854822.18922000,0
1771335000000000,1984.21000000,1985.89000000,1981.49000000,1983.32000000,1741.28650000,1771335899999999,3453924.65530600,32986,859.45300000,1704812.19731300,0
1771335900000000,1983.32000000,1999.72000000,1981.32000000,1990.53000000,7837.58200000,1771336799999999,15611874.81969900,99778,4813.27500000,9588076.88613700,0
1771336800000000,1990.53000000,2002.70000000,1988.24000000,1993.94000000,6088.63050000,1771337699999999,12152691.46046900,85747,3106.07510000,6200291.96783200,0
1771337700000000,1993.94000000,1995.48000000,1987.86000000,1988.11000000,3829.38240000,1771338599999999,7625492.62861000,46078,1197.44730000,2384909.37328800,0
1771338600000000,1988.12000000,1997.22000000,1954.04000000,1961.76000000,18922.05960000,1771339499999999,37402198.66325300,309451,8212.83670000,16228285.76061000,0
1771339500000000,1961.77000000,1962.31000000,1944.30000000,1948.49000000,21868.49860000,1771340399999999,42681466.07800700,340792,12152.12010000,23715590.77375500,0
1771340400000000,1948.50000000,1963.71000000,1946.86000000,1952.94000000,11979.33710000,1771341299999999,23411769.26733400,233942,6562.69130000,12828612.98850400,0
1771341300000000,1952.94000000,1966.67000000,1946.67000000,1951.08000000,8754.24130000,1771342199999999,17131945.39765500,159835,4898.23160000,9586238.98091400,0
1771342200000000,1951.09000000,1955.03000000,1941.66000000,1954.21000000,7308.00510000,1771343099999999,14248915.29040500,144608,4077.17320000,7949887.91426600,0
1771343100000000,1954.22000000,1969.66000000,1953.73000000,1968.58000000,7952.11100000,1771343999999999,15597770.03450700,144482,4480.75190000,8788965.81031000,0
1771344000000000,1968.59000000,1995.43000000,1967.65000000,1987.29000000,14685.63500000,1771344899999999,29173643.06109700,225657,8243.81540000,16376281.47356800,0
1771344900000000,1987.30000000,1994.17000000,1981.88000000,1984.35000000,6028.76430000,1771345799999999,11988250.92262200,131903,2849.06130000,5666521.73548100,0
1771345800000000,1984.36000000,2010.47000000,1981.83000000,1992.63000000,16738.44940000,1771346699999999,33448967.60509100,179393,9658.57040000,19303293.49969500,0
1771346700000000,1992.63000000,1993.36000000,1979.83000000,1980.36000000,6502.96070000,1771347599999999,12917743.26651200,133593,2615.31700000,5194697.14753800,0
1771347600000000,1980.37000000,1984.05000000,1959.00000000,1965.76000000,9349.25620000,1771348499999999,18422882.70481000,164507,3796.44680000,7483272.57068300,0
1771348500000000,1965.73000000,1973.83000000,1963.59000000,1973.82000000,4573.56970000,1771349399999999,9005910.20421100,123330,2624.84030000,5169105.08700000,0
1771349400000000,1973.83000000,1974.57000000,1959.70000000,1960.40000000,4419.94620000,1771350299999999,8692173.31285200,111161,2039.29640000,4011067.21537200,0
1771350300000000,1960.39000000,1966.85000000,1954.03000000,1966.27000000,6624.83490000,1771351199999999,12984369.35996100,135445,3581.46350000,7021405.25453000,0
1771351200000000,1966.28000000,1968.85000000,1961.73000000,1967.84000000,2726.41040000,1771352099999999,5358357.79063200,95121,1430.16440000,2810925.05959900,0
1771352100000000,1967.84000000,1991.50000000,1963.86000000,1989.74000000,8664.12120000,1771352999999999,17170578.08136500,154524,5225.13900000,10354110.07982500,0
1771353000000000,1989.77000000,2007.02000000,1987.59000000,2001.12000000,8833.25820000,1771353899999999,17651637.80369700,123345,4815.25630000,9621520.15953900,0
1771353900000000,2001.13000000,2004.52000000,1995.54000000,1998.69000000,5147.19210000,1771354799999999,10294577.95374100,91402,2409.03630000,4818277.43916300,0
1771354800000000,1998.70000000,2013.99000000,1996.70000000,2012.34000000,7584.07280000,1771355699999999,15207156.95045500,117272,4518.89080000,9063732.33489200,0
1771355700000000,2012.34000000,2015.33000000,1998.79000000,2001.64000000,7209.25230000,1771356599999999,14479646.17376300,110488,3548.99860000,7129675.07514600,0
1771356600000000,2001.63000000,2004.74000000,1995.07000000,2004.69000000,5151.21710000,1771357499999999,10301749.50650500,71791,2224.81920000,4449902.96671900,0
1771357500000000,2004.69000000,2008.79000000,1997.05000000,1998.14000000,3388.27820000,1771358399999999,6783712.15016700,69047,1362.39710000,2727307.15311400,0
1771358400000000,1998.15000000,2001.37000000,1991.55000000,1994.00000000,3534.93040000,1771359299999999,7053630.62814100,85992,1455.64950000,2904536.12716900,0
1771359300000000,1994.00000000,1997.31000000,1989.17000000,1995.57000000,3541.55280000,1771360199999999,7058641.99978900,84372,1629.84230000,3248489.08886500,0
1771360200000000,1995.56000000,2001.50000000,1987.57000000,1999.02000000,3530.67030000,1771361099999999,7041156.76454700,80353,2014.03230000,4017404.72122400,0
1771361100000000,1999.01000000,2000.08000000,1993.94000000,1994.71000000,3778.38960000,1771361999999999,7542812.92577500,63263,1454.79970000,2904357.66710500,0
1771362000000000,1994.71000000,2001.52000000,1992.34000000,2001.03000000,2509.85640000,1771362899999999,5008024.98280700,52455,1282.10960000,2558522.82965500,0
1771362900000000,2001.03000000,2002.79000000,1993.61000000,1995.42000000,1873.08720000,1771363799999999,3741348.80646900,35130,787.85850000,1573795.32872000,0
1771363800000000,1995.42000000,1997.52000000,1993.07000000,1996.34000000,986.20960000,1771364699999999,1967509.14881400,25271,599.96550000,1196860.14998700,0
1771364700000000,1996.34000000,2000.59000000,1995.11000000,1999.74000000,981.03810000,1771365599999999,1960191.04703400,19098,554.04170000,1106942.20527400,0
1771365600000000,1999.74000000,2000.59000000,1996.57000000,2000.58000000,1427.17090000,1771366499999999,2852774.66027100,23489,576.75830000,1152748.48169300,0
1771366500000000,2000.59000000,2002.43000000,1997.61000000,2001.07000000,1686.94320000,1771367399999999,3374059.03117300,28071,879.05510000,1758290.12564300,0
1771367400000000,2001.07000000,2004.00000000,1998.23000000,1999.44000000,2047.63590000,1771368299999999,4098247.75811200,30619,922.42060000,1846316.18416400,0
1771368300000000,1999.44000000,2000.67000000,1992.39000000,1993.92000000,1748.48580000,1771369199999999,3489751.68683300,27328,657.43820000,1311836.75168300,0
1771369200000000,1993.91000000,1996.18000000,1989.67000000,1992.53000000,2522.70670000,1771370099999999,5026776.30282700,40814,1071.57860000,2135173.11619200,0
1771370100000000,1992.54000000,1998.19000000,1991.68000000,1992.69000000,1308.64440000,1771370999999999,2610741.62377100,33149,756.07370000,1508278.37054000,0
1771371000000000,1992.69000000,1995.56000000,1990.62000000,1995.04000000,2240.87840000,1771371899999999,4466595.77486700,33344,697.12610000,1389584.09594400,0
1771371900000000,1995.05000000,1995.56000000,1990.33000000,1991.66000000,5069.41640000,1771372799999999,10108333.08630700,29784,1695.16700000,3378812.20630900,0
1771372800000000,1991.67000000,1996.91000000,1991.43000000,1996.10000000,1875.82330000,1771373699999999,3742341.28259900,43410,986.13910000,1967220.72380400,0
1771373700000000,1996.09000000,1997.89000000,1989.38000000,1991.62000000,2339.40370000,1771374599999999,4663896.53195300,46015,1168.79160000,2330316.67542100,0
1771374600000000,1991.62000000,1996.55000000,1991.30000000,1992.33000000,1180.33020000,1771375499999999,2353784.02329100,32069,587.98260000,1172483.12589300,0
1771375500000000,1992.33000000,1992.34000000,1981.18000000,1981.54000000,5243.38970000,1771376399999999,10405433.55272100,56564,1974.45220000,3918467.47496300,0
1771376400000000,1981.54000000,1984.18000000,1971.18000000,1973.92000000,6526.33850000,1771377299999999,12903845.56487100,76650,2271.82460000,4492418.22708000,0
1771377300000000,1973.92000000,1978.91000000,1973.25000000,1974.41000000,4009.79560000,1771378199999999,7923541.17308600,44908,1912.27100000,3778245.28489900,0
1771378200000000,1974.41000000,1978.80000000,1968.68000000,1978.32000000,3825.91500000,1771379099999999,7547612.07728700,55636,1604.65940000,3166595.64039100,0
1771379100000000,1978.31000000,1979.49000000,1975.38000000,1978.07000000,2092.50590000,1771379999999999,4138045.16516000,36162,1038.39240000,2053583.62737000,0
1771380000000000,1978.08000000,1989.91000000,1977.57000000,1985.65000000,2903.47000000,1771380899999999,5763010.75746400,46996,1682.35330000,3338746.09867600,0
1771380900000000,1985.66000000,1987.12000000,1983.19000000,1983.86000000,5563.22230000,1771381799999999,11042880.89625200,31848,1277.38750000,2535308.97149400,0
1771381800000000,1983.85000000,1992.83000000,1983.24000000,1991.05000000,1980.64320000,1771382699999999,3941038.88637100,37788,1207.90240000,2403963.22707900,0
1771382700000000,1991.04000000,1991.58000000,1987.52000000,1987.61000000,1932.41550000,1771383599999999,3845273.89498300,29591,467.41700000,929756.49650200,0
1771383600000000,1987.61000000,1991.21000000,1986.86000000,1989.38000000,1171.17230000,1771384499999999,2329190.48462100,34808,659.98680000,1312511.47659100,0
1771384500000000,1989.39000000,1995.14000000,1989.00000000,1994.22000000,1354.66560000,1771385399999999,2698785.46661700,28743,1014.43360000,2021080.02200100,0
1771385400000000,1994.21000000,1999.70000000,1993.12000000,1997.78000000,4670.23670000,1771386299999999,9328801.21229100,38076,1254.58500000,2505767.59748700,0
1771386300000000,1997.79000000,2000.56000000,1996.15000000,1997.07000000,2025.33560000,1771387199999999,4047477.08202100,33250,747.21880000,1493570.20911500,0
1771387200000000,1997.08000000,2002.78000000,1994.33000000,1997.60000000,5060.13060000,1771388099999999,10115779.39191000,43319,2098.08930000,4193675.61378400,0
1771388100000000,1997.63000000,2000.45000000,1996.00000000,1996.84000000,1145.41780000,1771388999999999,2288523.78244500,24909,584.59190000,1168119.87351600,0
1771389000000000,1996.84000000,1998.19000000,1993.35000000,1994.29000000,1651.27260000,1771389899999999,3294893.05975800,27029,525.15500000,1048122.92354100,0
1771389900000000,1994.29000000,2000.80000000,1993.35000000,1999.15000000,2589.13030000,1771390799999999,5169262.85207500,36850,1224.96930000,2446105.26822300,0
1771390800000000,1999.18000000,2001.44000000,1996.96000000,1999.24000000,977.18210000,1771391699999999,1953033.29762900,26461,430.32820000,860097.06755900,0
1771391700000000,1999.24000000,2002.91000000,1997.88000000,1998.38000000,2098.01270000,1771392599999999,4196755.94454000,37478,1440.30400000,2881112.77760800,0
1771392600000000,1998.37000000,2000.78000000,1996.00000000,1998.80000000,1054.63060000,1771393499999999,2107500.73385600,23623,574.42910000,1147925.80985700,0
1771393500000000,1998.79000000,2001.47000000,1996.21000000,1996.49000000,1601.82060000,1771394399999999,3200909.21790000,26485,656.72390000,1312405.19183800,0
1771394400000000,1996.50000000,2001.37000000,1995.56000000,2000.16000000,855.48000000,1771395299999999,1710006.98677300,22831,431.65930000,862760.45353700,0
1771395300000000,2000.16000000,2006.66000000,1998.84000000,2005.31000000,1929.03590000,1771396199999999,3863964.11796800,35819,1251.66180000,2507368.65174200,0
1771396200000000,2005.30000000,2006.19000000,2002.50000000,2004.87000000,1584.89770000,1771397099999999,3176821.11568600,34233,906.40510000,1816819.69577800,0
1771397100000000,2004.88000000,2008.62000000,2002.00000000,2002.06000000,1500.48190000,1771397999999999,3008345.77325500,28443,797.43980000,1598795.41618600,0
1771398000000000,2002.06000000,2004.99000000,1999.81000000,1999.81000000,2173.38590000,1771398899999999,4350931.26453700,26882,1155.04750000,2312755.62579300,0
1771398900000000,1999.81000000,2000.67000000,1996.71000000,1999.90000000,1080.27500000,1771399799999999,2159140.91771500,22508,435.62380000,870675.61487300,0
1771399800000000,1999.89000000,2014.70000000,1998.98000000,2012.15000000,5369.26020000,1771400699999999,10777413.59870100,60032,3707.41750000,7442327.41361500,0
1771400700000000,2012.15000000,2023.52000000,2010.68000000,2018.07000000,6975.10650000,1771401599999999,14079394.78480500,45912,3922.81000000,7916987.36911500,0
1771401600000000,2018.06000000,2022.44000000,2017.17000000,2018.64000000,3069.91570000,1771402499999999,6199729.46291000,44383,1918.98250000,3875586.31904600,0
1771402500000000,2018.64000000,2039.05000000,2017.82000000,2030.19000000,9698.60620000,1771403399999999,19686841.24829500,132579,5697.80000000,11563698.22027600,0
1771403400000000,2030.20000000,2030.87000000,2020.75000000,2022.60000000,4055.11410000,1771404299999999,8209830.15547200,56699,1613.09830000,3266306.01160000,0
1771404300000000,2022.59000000,2024.57000000,2019.52000000,2020.70000000,2975.74940000,1771405199999999,6016873.84187000,34913,1150.46420000,2326067.37324200,0
1771405200000000,2020.69000000,2021.00000000,2016.52000000,2019.23000000,3376.97940000,1771406099999999,6817920.31589600,55262,1334.26110000,2693948.97051800,0
1771406100000000,2019.24000000,2021.40000000,2018.03000000,2019.70000000,1724.51420000,1771406999999999,3483409.89429400,38190,615.07480000,1242384.14720000,0
1771407000000000,2019.70000000,2022.75000000,2018.12000000,2022.25000000,2099.05370000,1771407899999999,4241855.15834400,21899,1006.94090000,2034981.05006400,0
1771407900000000,2022.25000000,2022.25000000,2015.82000000,2016.69000000,1307.60520000,1771408799999999,2640226.38817900,22729,566.32140000,1143544.05337500,0
1771408800000000,2016.69000000,2018.28000000,2013.74000000,2016.60000000,1147.35150000,1771409699999999,2312781.16389300,26738,434.83390000,876655.45954400,0
1771409700000000,2016.61000000,2016.92000000,2009.74000000,2012.13000000,1844.89520000,1771410599999999,3712189.80369600,25918,881.20490000,1773038.87216100,0
1771410600000000,2012.14000000,2012.30000000,1999.23000000,2000.08000000,5538.52230000,1771411499999999,11098915.14769300,47602,1351.71550000,2708938.45838100,0
1771411500000000,2000.09000000,2001.24000000,1995.55000000,1997.27000000,5096.67090000,1771412399999999,10183372.74770400,44241,1854.62870000,3705658.18782900,0
1771412400000000,1997.27000000,1998.30000000,1976.57000000,1984.98000000,8946.16620000,1771413299999999,17757761.75532700,110483,3927.79870000,7793153.35857300,0
1771413300000000,1984.98000000,1986.64000000,1980.37000000,1983.21000000,3266.76130000,1771414199999999,6477949.63593400,50999,1605.26610000,3183009.84421700,0
1771414200000000,1983.22000000,1986.47000000,1981.63000000,1985.22000000,3555.97150000,1771415099999999,7055461.59870100,40079,1970.09680000,3908780.38058000,0
1771415100000000,1985.22000000,1989.93000000,1981.35000000,1981.43000000,2748.08710000,1771415999999999,5459555.92730200,39334,1481.15530000,2942812.97817000,0
1771416000000000,1981.44000000,1989.38000000,1979.79000000,1985.16000000,3601.52800000,1771416899999999,7146074.25009500,54868,1936.90920000,3843598.84147300,0
1771416900000000,1985.15000000,1986.95000000,1978.05000000,1981.91000000,5542.95810000,1771417799999999,10991734.15923000,36779,2184.95530000,4332889.84926800,0
1771417800000000,1981.92000000,1984.42000000,1971.66000000,1983.90000000,6627.24730000,1771418699999999,13095387.03496400,67756,3988.00570000,7878502.48186700,0
1771418700000000,1983.90000000,1986.59000000,1981.71000000,1982.47000000,1605.88410000,1771419599999999,3187338.46267200,27365,903.91440000,1794213.81340800,0
1771419600000000,1982.48000000,1989.02000000,1980.06000000,1987.08000000,2430.02470000,1771420499999999,4823822.26452200,37971,1446.85830000,2872391.49860500,0
1771420500000000,1987.09000000,1991.91000000,1984.55000000,1986.06000000,2588.01620000,1771421399999999,5145807.27653900,31219,1347.50840000,2679507.01269200,0
1771421400000000,1986.06000000,1987.75000000,1973.63000000,1976.00000000,4299.80140000,1771422299999999,8517141.93613900,50586,2065.84660000,4092123.44968500,0
1771422300000000,1976.01000000,1976.57000000,1961.56000000,1970.68000000,9511.13050000,1771423199999999,18718655.55883200,95930,4400.68050000,8660266.34127700,0
1771423200000000,1970.67000000,1974.10000000,1969.37000000,1972.35000000,4788.73570000,1771424099999999,9441606.18051700,42942,2730.34590000,5382713.15122900,0
1771424100000000,1972.34000000,1972.84000000,1965.20000000,1965.20000000,4986.17280000,1771424999999999,9815211.60856200,42028,1864.45060000,3669920.69127600,0
1771425000000000,1965.20000000,1976.85000000,1963.49000000,1970.09000000,15575.79400000,1771425899999999,30689490.28741800,249003,7056.19250000,13903201.53494600,0
1771425900000000,1970.08000000,1975.85000000,1954.30000000,1974.66000000,12998.91040000,1771426799999999,25511056.29626600,181552,6577.68860000,12910707.78199400,0
1771426800000000,1974.65000000,1993.59000000,1973.58000000,1984.33000000,10478.34930000,1771427699999999,20794543.76840900,136193,6226.62790000,12356938.36235600,0
1771427700000000,1984.33000000,1990.62000000,1979.68000000,1981.98000000,4026.33120000,1771428599999999,7993928.53963000,100700,1922.34860000,3817316.37544200,0
1771428600000000,1981.99000000,2010.30000000,1979.84000000,2001.73000000,11842.95850000,1771429499999999,23676445.68819100,145496,6792.89130000,13579563.69432200,0
1771429500000000,2001.74000000,2002.34000000,1982.09000000,1985.48000000,7539.16430000,1771430399999999,15024221.84240300,92309,3041.11040000,6060472.15761900,0
1771430400000000,1985.48000000,1985.67000000,1965.00000000,1968.55000000,11854.96570000,1771431299999999,23389590.37534100,133713,4260.46950000,8401737.33255300,0
1771431300000000,1968.55000000,1978.28000000,1966.00000000,1976.32000000,6257.54200000,1771432199999999,12336766.81116800,80101,3691.36180000,7276709.74127400,0
1771432200000000,1976.31000000,1979.07000000,1968.48000000,1973.83000000,3881.85700000,1771433099999999,7662730.79264200,66653,1747.91840000,3450817.15077500,0
1771433100000000,1973.83000000,1975.65000000,1968.00000000,1971.78000000,2142.87860000,1771433999999999,4224445.67132700,53793,1069.69100000,2108574.89510600,0
1771434000000000,1971.78000000,1987.89000000,1970.81000000,1976.16000000,3761.89700000,1771434899999999,7448369.02549600,66521,2059.31830000,4076336.40701600,0
1771434900000000,1976.16000000,1978.92000000,1971.58000000,1974.77000000,2283.14930000,1771435799999999,4510494.39972400,37756,1148.92640000,2269327.41475400,0
1771435800000000,1974.79000000,1979.92000000,1974.63000000,1975.01000000,2030.55620000,1771436699999999,4014466.57746000,30669,1134.52490000,2242791.94236600,0
1771436700000000,1975.02000000,1976.87000000,1972.12000000,1974.57000000,2560.29970000,1771437599999999,5054711.23663900,30782,1104.21930000,2179908.24564400,0
1771437600000000,1974.58000000,1977.59000000,1971.27000000,1972.67000000,2443.31260000,1771438499999999,4822514.90060200,30698,1341.42120000,2647460.22157500,0
1771438500000000,1972.68000000,1973.21000000,1955.80000000,1968.63000000,7982.48350000,1771439399999999,15681984.51255600,91513,3544.88760000,6964363.42017500,0
1771439400000000,1968.62000000,1972.07000000,1949.56000000,1952.27000000,8259.61350000,1771440299999999,16162030.14911900,91158,3281.11770000,6427271.06406600,0
1771440300000000,1952.27000000,1960.61000000,1949.21000000,1952.62000000,6426.30280000,1771441199999999,12559130.46837000,100970,3493.82720000,6829399.10901500,0
1771441200000000,1952.62000000,1961.57000000,1950.65000000,1955.36000000,4177.09070000,1771442099999999,8171414.41913400,88072,2291.72800000,4483379.21322300,0
1771442100000000,1955.36000000,1957.83000000,1944.52000000,1951.99000000,5724.66930000,1771442999999999,11169381.80651900,93893,2483.79840000,4847874.91834200,0
1771443000000000,1951.98000000,1953.50000000,1923.78000000,1935.48000000,18959.06490000,1771443899999999,36687324.57408000,167509,8554.02670000,16551778.83497300,0
1771443900000000,1935.47000000,1942.31000000,1930.89000000,1941.03000000,6775.31430000,1771444799999999,13122398.66697100,90531,4075.43220000,7892694.86187900,0
1771444800000000,1941.04000000,1944.18000000,1936.93000000,1939.01000000,3927.65120000,1771445699999999,7623402.19203800,68740,2416.00430000,4689410.95926400,0
1771445700000000,1939.02000000,1944.39000000,1935.82000000,1940.95000000,2726.76540000,1771446599999999,5289690.14645600,56690,1571.37860000,3048353.02158500,0
1771446600000000,1940.94000000,1952.67000000,1940.49000000,1950.02000000,3795.26830000,1771447499999999,7396377.37338100,57587,2346.73120000,4572746.18173800,0
1771447500000000,1950.03000000,1952.79000000,1939.01000000,1939.67000000,5983.44890000,1771448399999999,11634112.39628500,56015,2679.22790000,5208862.85831100,0
1771448400000000,1939.68000000,1943.03000000,1935.94000000,1942.44000000,4164.43280000,1771449299999999,8075094.48629500,45118,2654.77120000,5146573.15117400,0
1771449300000000,1942.44000000,1947.54000000,1942.17000000,1947.12000000,1446.65080000,1771450199999999,2813863.05758000,25120,931.88310000,1812638.77856200,0
1771450200000000,1947.11000000,1948.37000000,1943.55000000,1945.58000000,1324.77900000,1771451099999999,2577870.78372600,22344,588.00860000,1144184.15751900,0
1771451100000000,1945.55000000,1946.60000000,1939.36000000,1942.00000000,2845.85060000,1771451999999999,5526840.34548300,29657,1455.87650000,2827435.88585200,0
1771452000000000,1941.96000000,1946.10000000,1939.92000000,1941.11000000,1944.78580000,1771452899999999,3779658.26902600,27584,913.95490000,1776255.35615600,0
1771452900000000,1941.12000000,1944.62000000,1939.96000000,1940.32000000,1264.38550000,1771453799999999,2455684.37192100,19140,686.09480000,1332679.36068800,0
1771453800000000,1940.32000000,1948.43000000,1940.32000000,1946.30000000,1553.22250000,1771454699999999,3021552.24178100,18528,855.32980000,1663806.87467300,0
1771454700000000,1946.30000000,1950.14000000,1946.25000000,1948.24000000,1161.37980000,1771455599999999,2262037.11841900,14734,674.41750000,1313519.99993000,0
1771455600000000,1948.24000000,1950.77000000,1944.62000000,1947.65000000,2583.18920000,1771456499999999,5029593.08608000,31913,1740.41210000,3388426.09515800,0
1771456500000000,1947.66000000,1950.04000000,1944.84000000,1948.74000000,2157.45430000,1771457399999999,4202963.43772900,18971,1368.03160000,2665137.39714900,0
1771457400000000,1948.74000000,1955.50000000,1948.68000000,1953.95000000,3753.00680000,1771458299999999,7330394.33213200,27183,2201.03920000,4298368.86569300,0
1771458300000000,1953.96000000,1956.79000000,1953.15000000,1955.91000000,2250.58670000,1771459199999999,4399968.28304800,22808,1263.35190000,2469784.69608900,0
1771459200000000,1955.90000000,1958.76000000,1952.97000000,1954.32000000,1315.71880000,1771460099999999,2573326.96213600,26735,634.13830000,1240350.97251400,0
1771460100000000,1954.32000000,1961.22000000,1950.50000000,1953.68000000,2549.16420000,1771460999999999,4987767.17978900,29128,1758.26900000,3440786.57767000,0
1771461000000000,1953.68000000,1959.48000000,1952.43000000,1958.79000000,781.28420000,1771461899999999,1528302.39981600,17668,406.47230000,795191.56576100,0
1771461900000000,1958.79000000,1961.22000000,1953.43000000,1956.54000000,1278.77740000,1771462799999999,2502159.38678300,23848,611.12620000,1195925.31347600,0
1771462800000000,1956.54000000,1974.73000000,1956.42000000,1970.25000000,4154.65880000,1771463699999999,8171444.76009200,43705,2813.10590000,5532253.77697900,0
1771463700000000,1970.25000000,1970.93000000,1959.29000000,1963.04000000,1991.09600000,1771464599999999,3911997.28841700,30249,763.86830000,1500728.24504200,0
1771464600000000,1963.04000000,1968.16000000,1959.71000000,1965.85000000,1958.05140000,1771465499999999,3848291.07278000,33424,1224.64060000,2406917.10178400,0
1771465500000000,1965.85000000,1967.91000000,1964.99000000,1967.01000000,905.57800000,1771466399999999,1780910.60900800,21281,363.31900000,714446.26156000,0
1771466400000000,1967.01000000,1971.27000000,1964.60000000,1969.49000000,1510.87880000,1771467299999999,2973228.15003100,24459,830.60440000,1634609.07566500,0
1771467300000000,1969.50000000,1973.00000000,1967.97000000,1972.49000000,1528.11470000,1771468199999999,3011687.45287900,31922,894.48240000,1762949.89035300,0
1771468200000000,1972.48000000,1972.95000000,1963.41000000,1963.96000000,1873.79670000,1771469099999999,3686823.59674500,31907,818.27110000,1610536.85873300,0
1771469100000000,1963.96000000,1970.00000000,1962.77000000,1968.06000000,1368.53180000,1771469999999999,2690218.51904300,24318,667.52910000,1312497.41626000,0
1771470000000000,1968.06000000,1970.50000000,1963.14000000,1965.34000000,1037.99920000,1771470899999999,2041916.10491900,25904,487.91190000,959869.33432900,0
1771470900000000,1965.35000000,1973.18000000,1965.13000000,1973.18000000,982.71120000,1771471799999999,1934930.31403900,23469,503.98490000,992424.05838700,0
1771471800000000,1973.17000000,1973.18000000,1967.27000000,1968.95000000,1362.91510000,1771472699999999,2685164.25724800,26133,402.78420000,793538.82939200,0
1771472700000000,1968.96000000,1973.44000000,1967.68000000,1972.33000000,1477.09680000,1771473599999999,2910832.19481400,18447,874.96790000,1724216.10501400,0
1771473600000000,1972.32000000,1979.84000000,1971.16000000,1976.29000000,3074.93090000,1771474499999999,6075995.37623600,35508,1849.22050000,3653984.75404100,0
1771474500000000,1976.30000000,1976.91000000,1972.51000000,1974.64000000,1824.67060000,1771475399999999,3604378.59269000,21827,606.15280000,1197134.61042400,0
1771475400000000,1974.65000000,1979.04000000,1971.61000000,1971.62000000,3877.66180000,1771476299999999,7663020.35556700,34531,1252.83230000,2476279.25561500,0
1771476300000000,1971.61000000,1974.55000000,1969.21000000,1969.50000000,2080.26030000,1771477199999999,4100927.18429800,20898,636.65100000,1255317.02693500,0
1771477200000000,1969.51000000,1971.86000000,1964.98000000,1970.08000000,5303.52920000,1771478099999999,10437303.27180100,37398,1231.10470000,2422749.72461600,0
1771478100000000,1970.08000000,1972.72000000,1964.49000000,1965.81000000,975.68700000,1771478999999999,1920887.51055000,22939,402.24000000,792134.18828700,0
1771479000000000,1965.80000000,1969.12000000,1964.20000000,1967.21000000,959.91550000,1771479899999999,1888467.56865600,14378,621.56790000,1223062.26527000,0
1771479900000000,1967.21000000,1971.19000000,1966.00000000,1970.33000000,711.07970000,1771480799999999,1400179.29039800,12055,378.88700000,745999.72440800,0
1771480800000000,1970.32000000,1974.97000000,1970.04000000,1973.29000000,1304.79320000,1771481699999999,2574225.54402200,18998,679.19650000,1339911.54653200,0
1771481700000000,1973.28000000,1983.38000000,1972.24000000,1981.31000000,2895.32250000,1771482599999999,5730459.32921700,36979,1807.31830000,3577082.69730100,0
1771482600000000,1981.32000000,1985.00000000,1978.88000000,1979.61000000,1895.17840000,1771483499999999,3754752.48876800,31008,1025.74990000,2032570.24921200,0
1771483500000000,1979.61000000,1985.00000000,1979.61000000,1982.92000000,1195.07490000,1771484399999999,2370037.25072300,20027,492.52290000,976738.48108300,0
1771484400000000,1982.93000000,1987.55000000,1979.64000000,1983.74000000,2353.31230000,1771485299999999,4667239.68894800,29444,1080.37460000,2143005.00276500,0
1771485300000000,1983.74000000,1986.14000000,1982.43000000,1982.91000000,1337.85870000,1771486199999999,2654525.90477900,21446,471.70680000,935950.30339700,0
1771486200000000,1982.91000000,1985.62000000,1979.50000000,1982.46000000,2045.74120000,1771487099999999,4055924.42574700,28558,808.12270000,1602084.14703000,0
1771487100000000,1982.46000000,1982.91000000,1979.05000000,1981.76000000,2286.87840000,1771487999999999,4530486.58644700,16704,667.26860000,1321931.80895500,0
1771488000000000,1981.76000000,1982.54000000,1974.91000000,1977.36000000,3257.96840000,1771488899999999,6443553.26510900,28662,1217.68700000,2408362.62758300,0
1771488900000000,1977.35000000,1980.00000000,1970.90000000,1972.63000000,2381.69710000,1771489799999999,4704713.26272100,26505,886.94550000,1752636.73157000,0
1771489800000000,1972.63000000,1973.37000000,1967.34000000,1968.99000000,2184.31920000,1771490699999999,4302873.67391100,26210,604.60620000,1190973.35990300,0
1771490700000000,1968.99000000,1971.36000000,1966.35000000,1970.50000000,1718.87010000,1771491599999999,3384341.67641800,18462,933.40830000,1837850.49244400,0
1771491600000000,1970.50000000,1975.00000000,1968.44000000,1973.81000000,2079.32640000,1771492499999999,4101782.02609500,24835,1152.83580000,2274080.51997700,0
1771492500000000,1973.81000000,1980.51000000,1971.38000000,1977.18000000,3006.40800000,1771493399999999,5938116.15177300,20899,1355.63230000,2678724.15378100,0
1771493400000000,1977.19000000,1978.07000000,1972.71000000,1973.92000000,1244.14320000,1771494299999999,2456920.48133900,16125,419.68440000,828747.01910300,0
1771494300000000,1973.93000000,1973.96000000,1961.64000000,1963.79000000,2814.69160000,1771495199999999,5532112.72147000,28080,956.11880000,1878745.54954100,0
1771495200000000,1963.80000000,1967.78000000,1957.45000000,1966.00000000,5148.52820000,1771496099999999,10108877.76568500,37779,2126.31070000,4175571.71891900,0
1771496100000000,1966.00000000,1968.65000000,1965.00000000,1966.01000000,1728.98050000,1771496999999999,3400255.41998900,16363,604.48260000,1188821.12511700,0
1771497000000000,1966.00000000,1967.57000000,1962.55000000,1966.06000000,1708.05440000,1771497899999999,3355868.11294200,20659,830.83700000,1632426.35005500,0
1771497900000000,1966.06000000,1966.06000000,1958.22000000,1959.64000000,2123.36000000,1771498799999999,4162959.08034200,19949,775.87480000,1521182.72347600,0
1771498800000000,1959.65000000,1963.77000000,1958.44000000,1963.58000000,1682.98150000,1771499699999999,3300737.53137900,15862,686.05500000,1345427.76258000,0
1771499700000000,1963.58000000,1964.56000000,1960.06000000,1960.46000000,2454.44630000,1771500599999999,4817038.70212800,17400,1008.58430000,1979677.66182100,0
1771500600000000,1960.46000000,1960.96000000,1955.22000000,1956.83000000,2304.69500000,1771501499999999,4512557.88288600,22529,627.89700000,1229354.86395900,0
1771501500000000,1956.84000000,1956.86000000,1948.16000000,1949.58000000,7370.15610000,1771502399999999,14388648.63128900,46541,2385.47710000,4657619.11392100,0
1771502400000000,1949.59000000,1952.97000000,1945.09000000,1950.45000000,5196.30230000,1771503299999999,10129204.08376600,54207,2793.28020000,5445799.21453700,0
1771503300000000,1950.43000000,1953.78000000,1947.58000000,1953.12000000,1767.40760000,1771504199999999,3448790.12825900,29473,905.51300000,1766836.05917800,0
1771504200000000,1953.13000000,1956.18000000,1950.28000000,1953.52000000,1742.61270000,1771505099999999,3404553.44037800,31341,1006.22970000,1965998.65201000,0
1771505100000000,1953.53000000,1953.90000000,1947.10000000,1947.30000000,1992.21760000,1771505999999999,3883604.77353300,26743,625.13930000,1218527.53502700,0
1771506000000000,1947.30000000,1948.22000000,1933.34000000,1939.38000000,6635.32540000,1771506899999999,12870690.14416500,74352,2486.19750000,4822676.25562900,0
1771506900000000,1939.39000000,1940.07000000,1931.33000000,1932.47000000,3475.87930000,1771507799999999,6724222.40623100,56061,1519.10180000,2938424.79554600,0
1771507800000000,1932.47000000,1936.51000000,1915.01000000,1917.77000000,14849.66800000,1771508699999999,28613683.75392400,112772,5445.08580000,10495669.35875800,0
1771508700000000,1917.77000000,1924.15000000,1911.49000000,1921.40000000,6733.61040000,1771509599999999,12917504.48841000,93635,3718.08220000,7133080.85899700,0
1771509600000000,1921.40000000,1933.53000000,1920.01000000,1930.23000000,5571.28050000,1771510499999999,10727095.97116100,65071,3265.96090000,6288475.88254000,0
1771510500000000,1930.23000000,1930.42000000,1923.43000000,1927.07000000,2592.07670000,1771511399999999,4994664.85493700,53179,1225.28430000,2360944.09137600,0
1771511400000000,1927.06000000,1938.21000000,1912.07000000,1934.66000000,12478.59320000,1771512299999999,24015324.65285400,205515,6405.83680000,12331469.74749100,0
1771512300000000,1934.66000000,1948.52000000,1928.00000000,1936.87000000,8468.44780000,1771513199999999,16421280.75119400,128480,4589.77240000,8902722.13988500,0
1771513200000000,1936.87000000,1947.78000000,1913.24000000,1914.49000000,10502.22780000,1771514099999999,20259367.73735800,144982,4674.45000000,9018612.28808300,0
1771514100000000,1914.49000000,1926.55000000,1913.93000000,1917.57000000,8284.43630000,1771514999999999,15909186.75454200,124700,4376.57150000,8405224.01504000,0
1771515000000000,1917.58000000,1931.51000000,1914.00000000,1931.29000000,6098.19860000,1771515899999999,11737436.19195800,100111,3710.60670000,7139564.28753200,0
1771515900000000,1931.28000000,1934.69000000,1914.70000000,1926.30000000,6507.20190000,1771516799999999,12515902.02100500,78639,3128.92140000,6019303.95141500,0
1771516800000000,1926.29000000,1926.30000000,1907.00000000,1918.17000000,8549.30440000,1771517699999999,16368408.43502100,94727,4160.88490000,7969213.01750900,0
1771517700000000,1918.17000000,1928.97000000,1915.16000000,1918.41000000,4614.60670000,1771518599999999,8872365.60910000,69218,2772.23390000,5331152.35779400,0
1771518600000000,1918.41000000,1929.93000000,1918.41000000,1926.76000000,2958.28620000,1771519499999999,5698935.62850900,54726,1813.45040000,3493329.95908200,0
1771519500000000,1926.76000000,1927.96000000,1918.62000000,1922.07000000,2561.99560000,1771520399999999,4927877.35450100,48028,1100.52190000,2116817.66599600,0
1771520400000000,1922.08000000,1931.41000000,1919.21000000,1929.84000000,4028.73870000,1771521299999999,7752838.73674200,44720,2608.24570000,5020145.74609200,0
1771521300000000,1929.85000000,1944.57000000,1925.95000000,1929.41000000,7854.55900000,1771522199999999,15198923.85968400,66203,3830.02350000,7413141.27540500,0
1771522200000000,1929.41000000,1931.31000000,1923.75000000,1927.68000000,3221.63070000,1771523099999999,6209505.12300400,48365,1688.15820000,3253943.33275800,0
1771523100000000,1927.68000000,1929.63000000,1910.77000000,1920.72000000,4231.28080000,1771523999999999,8119442.10788000,53652,1740.41300000,3339601.29000700,0
1771524000000000,1920.71000000,1934.50000000,1916.59000000,1934.01000000,4879.48410000,1771524899999999,9396501.72897900,45429,3125.80500000,6021771.14632200,0
1771524900000000,1934.01000000,1940.67000000,1927.03000000,1937.99000000,3637.75220000,1771525799999999,7038843.22312900,49794,1939.57810000,3753751.94297400,0
1771525800000000,1938.00000000,1941.85000000,1931.26000000,1940.39000000,3141.65090000,1771526699999999,6084188.76671300,52043,1631.19670000,3160073.26452600,0
1771526700000000,1940.39000000,1944.67000000,1936.00000000,1939.99000000,3161.45010000,1771527599999999,6133718.75791800,53144,1581.65900000,3068992.41730700,0
1771527600000000,1940.00000000,1947.52000000,1935.36000000,1940.95000000,3820.77560000,1771528499999999,7417398.04407000,51650,1652.93140000,3210096.98346100,0
1771528500000000,1940.95000000,1943.55000000,1934.82000000,1936.87000000,1760.78520000,1771529399999999,3414666.59614900,35780,729.53110000,1415149.67851200,0
1771529400000000,1936.87000000,1937.94000000,1927.84000000,1932.71000000,2465.97490000,1771530299999999,4766195.75734700,43130,1047.05700000,2024198.07181500,0
1771530300000000,1932.72000000,1943.03000000,1929.97000000,1941.34000000,2555.92600000,1771531199999999,4952087.57623600,41685,1681.28590000,3257591.21548100,0
1771531200000000,1941.33000000,1946.28000000,1938.37000000,1940.30000000,1856.56880000,1771532099999999,3605485.74918800,31463,1097.52210000,2131784.62153900,0
1771532100000000,1940.30000000,1940.58000000,1934.79000000,1938.68000000,1627.94210000,1771532999999999,3154305.99655800,23786,639.84250000,1239865.52673600,0
1771533000000000,1938.67000000,1943.18000000,1938.00000000,1942.33000000,2174.84050000,1771533899999999,4221846.68493100,23688,744.27920000,1444766.81576800,0
1771533900000000,1942.33000000,1952.00000000,1942.33000000,1950.29000000,6164.02360000,1771534799999999,12014443.19443400,42548,2673.52720000,5210785.47202700,0
1771534800000000,1950.29000000,1952.57000000,1947.89000000,1947.90000000,2360.24940000,1771535699999999,4604269.68078800,26153,1051.21510000,2050571.48592100,0
1771535700000000,1947.89000000,1949.74000000,1946.18000000,1947.66000000,1464.18750000,1771536599999999,2852100.54306800,19597,713.48730000,1389781.13810500,0
1771536600000000,1947.65000000,1951.74000000,1945.77000000,1948.73000000,1777.14140000,1771537499999999,3463189.86935700,17027,882.08610000,1718942.55111300,0
1771537500000000,1948.73000000,1949.69000000,1945.77000000,1948.50000000,1270.03580000,1771538399999999,2473795.43937000,14014,586.92120000,1143264.67658500,0
1771538400000000,1948.50000000,1948.82000000,1942.42000000,1945.85000000,1989.98810000,1771539299999999,3871587.67426000,19901,845.71290000,1645178.45321300,0
1771539300000000,1945.84000000,1945.84000000,1939.48000000,1939.69000000,1911.52100000,1771540199999999,3713465.09474200,17838,906.87900000,1761803.46876100,0
1771540200000000,1939.70000000,1941.84000000,1937.09000000,1940.87000000,2216.59050000,1771541099999999,4298288.47887500,17883,1331.77520000,2582370.26766000,0
1771541100000000,1940.87000000,1945.45000000,1939.29000000,1943.96000000,780.63510000,1771541999999999,1516669.67996400,13038,475.22120000,923342.41568200,0
1771542000000000,1943.96000000,1947.33000000,1942.29000000,1945.13000000,1358.96090000,1771542899999999,2642586.11116400,28065,725.81380000,1411405.98832600,0
1771542900000000,1945.13000000,1950.43000000,1945.13000000,1950.15000000,1505.02790000,1771543799999999,2932835.45464200,16388,835.24400000,1627473.57177800,0
1771543800000000,1950.15000000,1951.33000000,1948.41000000,1950.01000000,1303.93210000,1771544699999999,2541950.56245000,13365,605.56500000,1180395.83597400,0
1771544700000000,1950.02000000,1951.26000000,1946.22000000,1949.08000000,748.84770000,1771545599999999,1459379.27243200,15144,297.38240000,579566.00762400,0
1771545600000000,1949.08000000,1955.19000000,1947.41000000,1954.93000000,2085.81650000,1771546499999999,4070303.00321600,26867,1283.80670000,2505299.05164800,0
1771546500000000,1954.94000000,1964.54000000,1952.02000000,1963.21000000,4424.52050000,1771547399999999,8665107.65720900,51883,2550.07580000,4994499.22270900,0
1771547400000000,1963.20000000,1964.27000000,1958.02000000,1959.70000000,1687.52560000,1771548299999999,3308983.40428200,32306,794.55850000,1558110.31070100,0
1771548300000000,1959.71000000,1962.42000000,1957.02000000,1957.56000000,1339.85390000,1771549199999999,2625217.03982200,22763,580.33740000,1137138.70563500,0
1771549200000000,1957.57000000,1961.56000000,1957.06000000,1961.20000000,1192.17270000,1771550099999999,2335557.99961200,21754,528.42980000,1035323.93654800,0
1771550100000000,1961.19000000,1961.19000000,1954.10000000,1955.29000000,1570.82450000,1771550999999999,3073108.28179900,25490,661.31450000,1293814.07704600,0
1771551000000000,1955.28000000,1958.74000000,1954.72000000,1957.68000000,1312.05200000,1771551899999999,2567754.09406800,21699,737.70570000,1443733.39418500,0
1771551900000000,1957.69000000,1957.69000000,1950.03000000,1953.76000000,1375.49560000,1771552799999999,2686456.71002600,26668,513.94810000,1003770.86533200,0
1771552800000000,1953.77000000,1956.70000000,1951.27000000,1952.60000000,1440.39700000,1771553699999999,2815832.12895500,22922,493.74690000,965102.38353500,0
1771553700000000,1952.60000000,1953.29000000,1948.17000000,1948.98000000,2015.07910000,1771554599999999,3930358.88390500,21093,787.23010000,1535497.28000200,0
1771554600000000,1948.97000000,1955.00000000,1948.91000000,1955.00000000,1607.08370000,1771555499999999,3137054.97258300,23867,739.53670000,1443804.88720200,0
1771555500000000,1954.99000000,1954.99000000,1949.68000000,1949.69000000,1088.74630000,1771556399999999,2125717.79116200,15793,350.12960000,683715.04623800,0
1771556400000000,1949.69000000,1953.42000000,1949.69000000,1951.92000000,976.80540000,1771557299999999,1906565.47731300,17869,422.27760000,824179.90339100,0
1771557300000000,1951.91000000,1960.64000000,1950.03000000,1958.26000000,2281.65810000,1771558199999999,4464373.84495500,25179,1284.88960000,2513727.59176000,0
1771558200000000,1958.26000000,1960.30000000,1954.61000000,1955.02000000,2782.23180000,1771559099999999,5447181.85565900,26728,1264.55420000,2475927.86159500,0
1771559100000000,1955.02000000,1956.37000000,1954.44000000,1954.85000000,1506.11010000,1771559999999999,2944948.48359100,15705,502.24590000,982000.33629600,0
1771560000000000,1954.85000000,1956.15000000,1944.67000000,1947.73000000,3565.09310000,1771560899999999,6949112.34960600,33814,1086.79940000,2117991.19977200,0
1771560900000000,1947.74000000,1949.98000000,1931.01000000,1937.93000000,8294.50960000,1771561799999999,16077776.98673400,55618,2685.96220000,5204947.34779600,0
1771561800000000,1937.93000000,1945.66000000,1937.00000000,1944.96000000,2190.47160000,1771562699999999,4255660.60291200,25267,1270.55770000,2468247.92291400,0
1771562700000000,1944.95000000,1944.95000000,1934.78000000,1939.17000000,3009.86810000,1771563599999999,5839161.53815700,28099,1058.04420000,2052483.98956800,0
1771563600000000,1939.17000000,1940.82000000,1936.21000000,1939.35000000,1655.01630000,1771564499999999,3209652.24930700,17742,703.54880000,1364395.87603000,0
1771564500000000,1939.34000000,1945.23000000,1938.06000000,1944.05000000,1894.51010000,1771565399999999,3679078.96793900,20928,793.01690000,1540077.55005200,0
1771565400000000,1944.05000000,1965.50000000,1944.05000000,1960.05000000,7011.04170000,1771566299999999,13721237.60099000,71550,4343.21640000,8498544.73166600,0
1771566300000000,1960.04000000,1962.15000000,1953.58000000,1955.23000000,3044.86210000,1771567199999999,5961888.86264900,31502,1246.05340000,2440343.84630500,0
1771567200000000,1955.23000000,1959.83000000,1955.13000000,1958.77000000,2324.15020000,1771568099999999,4549234.68849000,27332,823.86220000,1612641.20277600,0
1771568100000000,1958.77000000,1959.54000000,1953.98000000,1953.98000000,2160.75340000,1771568999999999,4229567.29147800,24267,664.14090000,1300121.57385600,0
1771569000000000,1953.99000000,1957.34000000,1949.82000000,1955.25000000,3449.19250000,1771569899999999,6740205.89119100,27713,2204.36610000,4307751.13715400,0
1771569900000000,1955.25000000,1960.36000000,1953.92000000,1958.47000000,3112.20450000,1771570799999999,6093117.74592900,18260,2199.67370000,4306489.32837600,0
1771570800000000,1958.47000000,1959.31000000,1956.98000000,1958.38000000,3750.61180000,1771571699999999,7344141.06926500,21428,2235.32100000,4376959.46417400,0
1771571700000000,1958.39000000,1963.96000000,1958.36000000,1962.26000000,2440.53600000,1771572599999999,4788072.63414600,27925,1204.69360000,2363203.95904000,0
1771572600000000,1962.25000000,1966.41000000,1960.86000000,1963.77000000,4347.64170000,1771573499999999,8536849.57077900,32776,2029.50660000,3984984.03933100,0
1771573500000000,1963.77000000,1968.55000000,1959.45000000,1960.97000000,3715.65980000,1771574399999999,7298227.28854200,22241,1664.07750000,3269457.80292200,0
1771574400000000,1960.93000000,1963.42000000,1959.01000000,1962.06000000,2380.73580000,1771575299999999,4669943.50174800,16811,841.30830000,1650324.77902900,0
1771575300000000,1962.05000000,1966.32000000,1961.76000000,1963.88000000,1917.80400000,1771576199999999,3765851.27030700,15352,756.28680000,1485175.30024500,0
1771576200000000,1963.88000000,1965.44000000,1957.12000000,1958.38000000,2701.52990000,1771577099999999,5293889.89996800,20100,787.40790000,1542950.95581300,0
1771577100000000,1958.37000000,1963.05000000,1958.04000000,1960.00000000,1987.21250000,1771577999999999,3895717.69161800,21478,619.13780000,1213740.74229000,0
1771578000000000,1960.00000000,1972.27000000,1959.91000000,1969.66000000,7591.43230000,1771578899999999,14936247.67059900,54111,4848.76050000,9540945.73734400,0
1771578900000000,1969.65000000,1971.81000000,1966.06000000,1967.61000000,3632.49610000,1771579799999999,7152656.16097800,28645,1261.67570000,2484633.40738800,0
1771579800000000,1967.61000000,1968.91000000,1965.03000000,1967.76000000,3449.22820000,1771580699999999,6785707.21171400,25258,917.31010000,1804642.43536100,0
1771580700000000,1967.77000000,1969.91000000,1967.25000000,1968.15000000,2594.60220000,1771581599999999,5107049.57997500,16374,627.99140000,1236059.80671100,0
1771581600000000,1968.15000000,1973.86000000,1965.60000000,1968.37000000,4434.42360000,1771582499999999,8733202.82245200,31925,1738.44490000,3424998.97557600,0
1771582500000000,1968.37000000,1972.51000000,1966.80000000,1969.80000000,2976.77520000,1771583399999999,5862819.06037200,25426,923.08150000,1818014.87724500,0
1771583400000000,1969.79000000,1970.23000000,1960.70000000,1962.22000000,3222.96960000,1771584299999999,6336080.68751400,24069,1072.82550000,2108814.77517300,0
1771584300000000,1962.22000000,1963.11000000,1956.55000000,1957.54000000,2592.03490000,1771585199999999,5079771.31134000,25533,782.35660000,1532913.97467300,0
1771585200000000,1957.53000000,1957.58000000,1952.01000000,1954.44000000,4177.81850000,1771586099999999,8167782.89522000,32642,1495.16480000,2923099.69497200,0
1771586100000000,1954.45000000,1956.16000000,1951.37000000,1953.87000000,4784.74620000,1771586999999999,9351192.13476800,21717,1812.76550000,3542416.11599700,0
1771587000000000,1953.87000000,1954.81000000,1943.60000000,1943.83000000,3837.07060000,1771587899999999,7481313.86663000,35828,1834.88370000,3577983.82396600,0
1771587900000000,1943.90000000,1947.93000000,1940.58000000,1943.98000000,6465.52180000,1771588799999999,12568282.18231100,33393,3292.04410000,6399295.25494100,0
1771588800000000,1943.99000000,1948.56000000,1942.39000000,1947.87000000,4244.09350000,1771589699999999,8261705.92715500,28096,2058.05880000,4006269.18235800,0
1771589700000000,1947.86000000,1949.86000000,1944.32000000,1945.51000000,2785.99630000,1771590599999999,5424390.43269200,29373,1566.25410000,3049656.47784300,0
1771590600000000,1945.51000000,1948.25000000,1944.75000000,1946.08000000,4218.35230000,1771591499999999,8209244.06720900,21069,2301.34130000,4478395.28388600,0
1771591500000000,1946.08000000,1951.65000000,1945.21000000,1949.82000000,3127.17810000,1771592399999999,6093330.62175000,20423,1950.11600000,3799660.63882300,0
1771592400000000,1949.82000000,1949.83000000,1940.57000000,1945.34000000,5033.31440000,1771593299999999,9791903.54281700,39870,2037.43710000,3963234.55406200,0
1771593300000000,1945.34000000,1948.97000000,1938.54000000,1946.71000000,4670.60880000,1771594199999999,9077389.03078900,30071,2670.80110000,5191791.15446000,0
1771594200000000,1946.71000000,1947.00000000,1922.97000000,1928.41000000,11629.61830000,1771595099999999,22458187.09635800,119249,6182.55020000,11934080.76676600,0
1771595100000000,1928.42000000,1935.00000000,1927.45000000,1934.11000000,4636.28260000,1771595999999999,8954812.41062400,57163,2306.67420000,4455321.23285700,0
1771596000000000,1934.11000000,1940.81000000,1933.07000000,1935.91000000,2545.84830000,1771596899999999,4932132.58006400,34309,1477.98700000,2863476.17013400,0
1771596900000000,1935.92000000,1943.27000000,1934.01000000,1940.04000000,3670.89010000,1771597799999999,7116052.25832200,44454,1749.90260000,3392788.97256500,0
1771597800000000,1940.05000000,1954.28000000,1937.39000000,1947.78000000,7798.49960000,1771598699999999,15186553.28320300,117389,4429.80450000,8627373.59403400,0
1771598700000000,1947.79000000,1949.55000000,1940.45000000,1943.70000000,4755.91850000,1771599599999999,9248819.15080800,75864,2127.13970000,4137458.56872300,0
1771599600000000,1943.70000000,1980.49000000,1942.83000000,1945.94000000,35755.45450000,1771600499999999,70188508.06733800,268795,14580.99850000,28625086.58434400,0
1771600500000000,1945.94000000,1963.26000000,1935.40000000,1956.56000000,13053.44980000,1771601399999999,25479246.95841800,167230,6754.14780000,13185266.14364100,0
1771601400000000,1956.57000000,1958.43000000,1943.21000000,1950.52000000,7674.01550000,1771602299999999,14957362.77821700,121492,3751.84890000,7312435.96171900,0
1771602300000000,1950.51000000,1967.10000000,1948.31000000,1963.95000000,6343.75450000,1771603199999999,12427095.03798900,76517,3956.91790000,7752720.51384800,0
1771603200000000,1963.96000000,1969.87000000,1960.50000000,1963.52000000,9100.73250000,1771604099999999,17886330.16787700,94028,4577.15950000,8994984.00227000,0
1771604100000000,1963.52000000,1973.50000000,1956.65000000,1956.77000000,7967.61370000,1771604999999999,15648618.28980300,91373,4508.30700000,8856370.43071200,0
1771605000000000,1956.78000000,1959.76000000,1953.86000000,1957.67000000,5116.82310000,1771605899999999,10015843.23947400,63889,3168.95910000,6203551.48716700,0
1771605900000000,1957.66000000,1972.00000000,1957.39000000,1968.62000000,9022.07160000,1771606799999999,17737806.24971700,61245,6817.30330000,13402913.73386300,0
1771606800000000,1968.62000000,1968.62000000,1947.55000000,1947.56000000,6047.22710000,1771607699999999,11852207.66238500,64375,1835.90560000,3599512.05165000,0
1771607700000000,1947.55000000,1949.58000000,1939.21000000,1944.38000000,6136.15930000,1771608599999999,11926139.61138800,84013,3206.11740000,6231142.00373500,0
1771608600000000,1944.39000000,1961.04000000,1943.36000000,1958.23000000,5007.33920000,1771609499999999,9777807.91610900,73951,2831.42960000,5529006.01226200,0
1771609500000000,1958.23000000,1970.94000000,1955.22000000,1966.57000000,10901.94780000,1771610399999999,21411849.26886700,97213,5710.83390000,11217318.85667700,0
1771610400000000,1966.56000000,1970.45000000,1962.92000000,1964.77000000,5768.47800000,1771611299999999,11346267.70445100,56106,1822.44320000,3584489.75864900,0
1771611300000000,1964.77000000,1969.24000000,1960.02000000,1968.74000000,3359.82980000,1771612199999999,6600405.20445900,56439,1753.66350000,3445410.61210600,0
1771612200000000,1968.73000000,1981.18000000,1959.89000000,1972.11000000,11880.13630000,1771613099999999,23427248.87625400,126776,6238.48460000,12307094.44785900,0
1771613100000000,1972.11000000,1978.90000000,1968.77000000,1975.56000000,5065.70770000,1771613999999999,9998049.01640300,58490,2661.72330000,5254926.17018200,0
1771614000000000,1975.55000000,1978.15000000,1965.11000000,1966.56000000,4026.02200000,1771614899999999,7937684.66801900,48393,1789.98620000,3529070.00509600,0
1771614900000000,1966.55000000,1969.09000000,1962.42000000,1964.37000000,1917.92870000,1771615799999999,3770827.32539100,33705,940.01950000,1848360.16710100,0
1771615800000000,1964.37000000,1971.70000000,1962.36000000,1963.36000000,1822.56750000,1771616699999999,3586495.23532900,27881,958.25260000,1886231.59189900,0
1771616700000000,1963.37000000,1965.64000000,1961.67000000,1963.69000000,1814.62830000,1771617599999999,3562852.78857600,25590,1182.73740000,2322364.87957400,0
1771617600000000,1963.69000000,1970.23000000,1963.08000000,1970.00000000,1355.60920000,1771618499999999,2667020.38197100,26129,724.22470000,1424858.61037400,0
1771618500000000,1970.00000000,1970.00000000,1962.62000000,1963.57000000,930.32390000,1771619399999999,1828850.05130500,22446,444.74130000,874312.00983700,0
1771619400000000,1963.57000000,1969.00000000,1961.60000000,1968.70000000,942.82830000,1771620299999999,1853263.02905200,20437,590.29120000,1160573.45789200,0
1771620300000000,1968.70000000,1971.36000000,1966.24000000,1971.05000000,2297.14380000,1771621199999999,4523086.79429400,27249,1213.18060000,2389199.11782300,0
1771621200000000,1971.04000000,1974.38000000,1967.19000000,1972.65000000,2508.59190000,1771622099999999,4946197.94096300,28655,1658.13950000,3269520.28158600,0
1771622100000000,1972.65000000,1972.65000000,1968.88000000,1970.94000000,1108.39560000,1771622999999999,2183763.48105500,16050,333.64390000,657335.09910800,0
1771623000000000,1970.93000000,1974.68000000,1969.70000000,1973.26000000,935.22100000,1771623899999999,1844832.05950400,20579,574.21910000,1132716.82140400,0
1771623900000000,1973.25000000,1975.27000000,1971.99000000,1974.38000000,717.82580000,1771624799999999,1417039.07361000,13510,412.14960000,813645.35511000,0
1771624800000000,1974.37000000,1974.37000000,1964.40000000,1965.41000000,2320.21800000,1771625699999999,4565982.39916700,20246,998.67710000,1964055.42687800,0
1771625700000000,1965.42000000,1971.88000000,1964.69000000,1970.39000000,1731.34790000,1771626599999999,3409488.91948800,21493,933.26640000,1837842.28858600,0
1771626600000000,1970.38000000,1972.70000000,1967.67000000,1968.48000000,2602.07160000,1771627499999999,5128662.25393400,18735,585.49810000,1153584.21700100,0
1771627500000000,1968.49000000,1973.11000000,1967.35000000,1971.40000000,932.40290000,1771628399999999,1837247.04175000,16695,461.11010000,908617.10077500,0
1771628400000000,1971.39000000,1973.27000000,1968.09000000,1968.32000000,1759.79220000,1771629299999999,3468575.07137300,24142,868.09150000,1710950.07451400,0
1771629300000000,1968.31000000,1970.00000000,1967.29000000,1967.41000000,662.61960000,1771630199999999,1304195.50199600,11330,415.15640000,817101.47521900,0
1771630200000000,1967.41000000,1969.00000000,1963.54000000,1966.02000000,3770.83250000,1771631099999999,7414133.56836700,19559,2224.64890000,4373868.28473000,0
1771631100000000,1966.01000000,1970.21000000,1966.01000000,1968.88000000,1380.94710000,1771631999999999,2718413.52365700,12465,762.80910000,1501534.00872300,0
1771632000000000,1968.88000000,1969.47000000,1965.43000000,1967.83000000,896.74010000,1771632899999999,1764240.47801400,17498,400.36520000,787691.61020400,0
1771632900000000,1967.83000000,1968.27000000,1965.12000000,1966.01000000,1178.64480000,1771633799999999,2317874.45112400,13389,406.03070000,798442.80137700,0
1771633800000000,1966.00000000,1966.66000000,1962.19000000,1963.51000000,933.18370000,1771634699999999,1833306.98976300,15173,285.71030000,561316.22745300,0
1771634700000000,1963.51000000,1964.81000000,1961.47000000,1963.22000000,681.34870000,1771635599999999,1337320.04739400,14215,366.78640000,719875.62134800,0
1771635600000000,1963.23000000,1966.40000000,1963.00000000,1965.95000000,1197.48590000,1771636499999999,2353450.87577200,14457,716.61810000,1408291.75552600,0
1771636500000000,1965.94000000,1966.71000000,1963.41000000,1964.13000000,1902.98390000,1771637399999999,3738414.35624300,12917,1178.99870000,2315991.82351900,0
1771637400000000,1964.13000000,1969.09000000,1963.85000000,1967.76000000,831.80830000,1771638299999999,1635742.48519300,10335,501.97710000,987013.26813600,0
1771638300000000,1967.75000000,1968.38000000,1965.63000000,1966.24000000,761.42450000,1771639199999999,1497578.52728200,8981,310.27230000,610273.73545000,0
1771639200000000,1966.25000000,1969.09000000,1964.83000000,1967.86000000,539.97880000,1771640099999999,1061989.76294600,8536,287.62800000,565751.55925900,0
1771640100000000,1967.85000000,1970.12000000,1966.70000000,1969.41000000,725.58290000,1771640999999999,1428633.04382700,10098,355.68620000,700425.09672500,0
1771641000000000,1969.42000000,1970.70000000,1967.06000000,1968.38000000,791.46580000,1771641899999999,1558142.77082500,9272,355.32600000,699645.56086400,0
1771641900000000,1968.38000000,1968.38000000,1965.33000000,1965.69000000,572.82820000,1771642799999999,1126514.22477700,7149,277.43610000,545544.36388800,0
1771642800000000,1965.69000000,1966.00000000,1959.63000000,1960.84000000,2276.80650000,1771643699999999,4465173.79449700,21806,1062.63510000,2083403.70068400,0
1771643700000000,1960.83000000,1963.05000000,1960.08000000,1962.36000000,597.07130000,1771644599999999,1171262.18935800,9625,354.91770000,696224.68318500,0
1771644600000000,1962.37000000,1963.21000000,1955.62000000,1957.85000000,1805.78930000,1771645499999999,3536896.57059000,16169,433.59580000,849260.12336300,0
1771645500000000,1957.85000000,1959.23000000,1957.08000000,1959.03000000,888.05460000,1771646399999999,1738929.65020700,10311,356.36880000,697843.51777600,0
1771646400000000,1959.03000000,1960.51000000,1957.54000000,1958.54000000,1315.78850000,1771647299999999,2577768.86564300,10834,890.96380000,1745505.71781600,0
1771647300000000,1958.54000000,1960.61000000,1956.21000000,1959.79000000,973.30430000,1771648199999999,1906695.81307500,10643,590.33730000,1156605.81087100,0
1771648200000000,1959.79000000,1962.49000000,1958.87000000,1960.20000000,731.78250000,1771649099999999,1435096.11527300,7910,452.86710000,888080.19817400,0
1771649100000000,1960.19000000,1963.29000000,1959.25000000,1962.40000000,1099.82530000,1771649999999999,2156261.93049800,10540,806.82730000,1581812.56652000,0
1771650000000000,1962.40000000,1963.32000000,1961.20000000,1961.21000000,601.34510000,1771650899999999,1180007.97143700,7963,223.16330000,437911.92644900,0
1771650900000000,1961.20000000,1963.64000000,1961.20000000,1963.64000000,1888.38810000,1771651799999999,3704813.35383300,8972,1527.63570000,2996807.26611300,0
1771651800000000,1963.64000000,1964.43000000,1962.40000000,1963.69000000,500.39460000,1771652699999999,982546.23697200,7522,203.99970000,400564.63974200,0
1771652700000000,1963.70000000,1963.93000000,1961.55000000,1962.86000000,525.23280000,1771653599999999,1030694.14424800,7447,309.92160000,608137.45883300,0
1771653600000000,1962.86000000,1966.09000000,1961.61000000,1965.61000000,2311.67020000,1771654499999999,4538994.94205700,14527,1579.30880000,3101019.44442300,0
1771654500000000,1965.61000000,1966.00000000,1963.30000000,1963.38000000,578.71680000,1771655399999999,1136924.96646800,8788,205.34190000,403443.77983800,0
1771655400000000,1963.39000000,1963.39000000,1960.81000000,1962.14000000,692.70090000,1771656299999999,1359141.61140600,10492,244.15770000,479101.31720400,0
1771656300000000,1962.14000000,1962.51000000,1960.52000000,1961.50000000,455.65530000,1771657199999999,893763.84309400,6384,157.42270000,308788.53759600,0
1771657200000000,1961.50000000,1964.84000000,1960.00000000,1963.50000000,809.04220000,1771658099999999,1587786.35668000,9895,353.07920000,693003.21386200,0
1771658100000000,1963.51000000,1964.41000000,1962.78000000,1963.34000000,502.88750000,1771658999999999,987361.26709400,5589,192.42990000,377792.08388800,0
1771659000000000,1963.35000000,1964.04000000,1961.26000000,1961.77000000,589.96170000,1771659899999999,1158001.41369600,10731,217.90350000,427648.46875300,0
1771659900000000,1961.75000000,1963.05000000,1961.33000000,1962.71000000,744.88740000,1771660799999999,1461696.72049300,4819,285.70200000,560615.37415500,0
1771660800000000,1962.70000000,1965.34000000,1962.00000000,1964.59000000,2268.29170000,1771661699999999,4455263.13120300,7394,1852.79720000,3639280.99132700,0
1771661700000000,1964.59000000,1965.65000000,1964.07000000,1964.54000000,1314.95550000,1771662599999999,2583721.78507900,6820,907.73930000,1783521.29548800,0
1771662600000000,1964.55000000,1966.53000000,1963.69000000,1966.03000000,1374.25540000,1771663499999999,2700037.36982000,8367,608.48590000,1195710.34466600,0
1771663500000000,1966.04000000,1971.18000000,1965.36000000,1969.00000000,2122.97930000,1771664399999999,4178697.19297400,13920,1140.95420000,2245703.16153200,0
1771664400000000,1969.01000000,1970.37000000,1967.20000000,1967.67000000,969.86370000,1771665299999999,1909384.00357500,10424,493.17170000,970885.33786100,0
1771665300000000,1967.66000000,1977.66000000,1967.66000000,1975.84000000,5473.80630000,1771666199999999,10807134.87759800,25204,3328.86890000,6571249.33275700,0
1771666200000000,1975.84000000,1977.32000000,1970.02000000,1972.99000000,4526.36940000,1771667099999999,8932165.99633500,21585,1360.65870000,2686311.31420800,0
1771667100000000,1972.99000000,1973.68000000,1970.28000000,1970.28000000,1085.09240000,1771667999999999,2139655.33991000,7935,436.68160000,861097.39860200,0
1771668000000000,1970.28000000,1973.37000000,1969.09000000,1971.97000000,2207.99700000,1771668899999999,4352254.42116100,10226,680.77480000,1342395.92133300,0
1771668900000000,1971.97000000,1973.85000000,1970.78000000,1973.34000000,1539.72740000,1771669799999999,3036618.26592400,11301,741.44930000,1462356.95397600,0
1771669800000000,1973.33000000,1974.88000000,1972.98000000,1974.88000000,1607.27970000,1771670699999999,3172584.59460300,9307,671.17940000,1324937.92333900,0
1771670700000000,1974.88000000,1974.88000000,1972.65000000,1974.17000000,653.23530000,1771671599999999,1289430.21856100,7324,264.95920000,522973.48048800,0
1771671600000000,1974.17000000,1981.42000000,1973.85000000,1978.99000000,6942.95310000,1771672499999999,13745864.99541000,30490,2780.02980000,5502213.58102100,0
1771672500000000,1978.99000000,1988.60000000,1978.31000000,1983.44000000,5686.79550000,1771673399999999,11286170.68615000,43644,3223.10510000,6397100.32588700,0
1771673400000000,1983.44000000,1984.77000000,1977.57000000,1977.75000000,2154.31100000,1771674299999999,4266032.36869700,15901,882.56100000,1747608.26020900,0
1771674300000000,1977.76000000,1980.48000000,1976.34000000,1977.02000000,883.83290000,1771675199999999,1748205.16368100,10759,402.27540000,795699.63942000,0
1771675200000000,1977.02000000,1978.17000000,1974.18000000,1974.57000000,1569.19820000,1771676099999999,3101069.99019800,13474,802.61940000,1586091.49324300,0
1771676100000000,1974.57000000,1975.74000000,1969.49000000,1970.93000000,2417.17300000,1771676999999999,4768210.30031400,15144,1190.11630000,2347864.46506700,0
1771677000000000,1970.93000000,1973.39000000,1969.76000000,1972.51000000,1113.15250000,1771677899999999,2194893.30308600,11272,437.28190000,862173.70640800,0
1771677900000000,1972.52000000,1976.08000000,1970.44000000,1975.99000000,1900.03960000,1771678799999999,3749633.67779800,14450,830.10540000,1638476.85776100,0
1771678800000000,1975.99000000,1976.07000000,1973.28000000,1974.26000000,1062.88820000,1771679699999999,2099301.10992200,9608,494.10060000,975866.46958700,0
1771679700000000,1974.26000000,1978.37000000,1972.63000000,1977.51000000,1089.02240000,1771680599999999,2151625.54765000,13500,618.15380000,1221400.71797300,0
1771680600000000,1977.50000000,1978.11000000,1975.49000000,1977.66000000,826.28820000,1771681499999999,1633443.86383300,7948,402.19120000,795121.26612400,0
1771681500000000,1977.65000000,1981.40000000,1977.65000000,1981.18000000,3339.22470000,1771682399999999,6611825.05694500,15823,1499.60190000,2969163.83759600,0
1771682400000000,1981.18000000,1984.98000000,1978.09000000,1981.28000000,4661.11890000,1771683299999999,9238637.36893700,23997,2229.37770000,4418591.82095900,0
1771683300000000,1981.29000000,1995.56000000,1979.67000000,1988.26000000,9917.75890000,1771684199999999,19733980.11085100,56922,5789.88670000,11518742.62184700,0
1771684200000000,1988.27000000,1992.34000000,1987.38000000,1989.42000000,4414.96800000,1771685099999999,8784889.95933500,37498,2256.70490000,4490525.51746300,0
1771685100000000,1989.42000000,1993.32000000,1986.43000000,1987.52000000,5410.57510000,1771685999999999,10765104.64015600,26279,2266.60750000,4509872.07582600,0
1771686000000000,1987.51000000,1991.81000000,1986.15000000,1988.89000000,3996.60590000,1771686899999999,7947367.76717000,21854,2186.01010000,4346985.62101300,0
1771686900000000,1988.88000000,1991.70000000,1985.84000000,1985.98000000,2114.76050000,1771687799999999,4207022.99130800,17179,934.72680000,1859552.55485200,0
1771687800000000,1985.98000000,1993.00000000,1984.25000000,1990.42000000,2790.62370000,1771688699999999,5547568.75399600,22337,1662.67490000,3304975.64701200,0
1771688700000000,1990.43000000,1991.38000000,1988.13000000,1988.13000000,2199.63520000,1771689599999999,4376312.58309400,16754,1006.20840000,2001886.64023000,0
1771689600000000,1988.13000000,1988.98000000,1978.08000000,1981.69000000,7016.49840000,1771690499999999,13907347.41752200,40638,3217.93380000,6377782.60536300,0
1771690500000000,1981.69000000,1984.00000000,1976.41000000,1983.99000000,2788.42690000,1771691399999999,5524359.87185600,27162,1625.59120000,3220830.05625500,0
1771691400000000,1984.00000000,1989.58000000,1980.86000000,1988.93000000,2398.20260000,1771692299999999,4761888.25169500,21536,1441.80010000,2863386.49276100,0
1771692300000000,1988.93000000,1989.64000000,1985.50000000,1986.33000000,1257.00560000,1771693199999999,2498674.15065100,12611,783.82540000,1558075.16972700,0
1771693200000000,1986.34000000,1988.34000000,1984.49000000,1987.45000000,1186.09630000,1771694099999999,2356584.99813800,14846,708.39930000,1407603.53833800,0
1771694100000000,1987.45000000,1987.86000000,1984.26000000,1986.11000000,1610.30320000,1771694999999999,3197946.71100000,13223,913.68090000,1814443.36523700,0
1771695000000000,1986.11000000,1992.10000000,1985.23000000,1989.53000000,2330.41300000,1771695899999999,4635311.77398700,18133,1549.16950000,3081503.59112400,0
1771695900000000,1989.52000000,1991.22000000,1988.22000000,1988.95000000,1713.24370000,1771696799999999,3408647.28319500,12766,917.31920000,1825104.72620300,0
1771696800000000,1988.95000000,1990.49000000,1987.77000000,1987.78000000,1200.74330000,1771697699999999,2388405.45186300,9290,687.00670000,1366600.65933000,0
1771697700000000,1987.78000000,1991.16000000,1987.78000000,1990.14000000,1410.15660000,1771698599999999,2805866.08204200,11656,1027.57760000,2044577.82127200,0
1771698600000000,1990.14000000,1994.70000000,1990.14000000,1992.38000000,2554.40060000,1771699499999999,5089310.76927900,16133,1691.38870000,3369863.15427900,0
1771699500000000,1992.38000000,1995.31000000,1991.21000000,1991.97000000,2820.80280000,1771700399999999,5624812.53560900,11715,2030.61650000,4049461.88043000,0
1771700400000000,1991.97000000,1994.77000000,1990.01000000,1992.54000000,1973.17370000,1771701299999999,3930373.16733900,11962,1242.64920000,2475447.70978800,0
1771701300000000,1992.53000000,1992.95000000,1990.99000000,1991.50000000,1427.01070000,1771702199999999,2842578.07296700,7719,1055.71520000,2102938.94610300,0
1771702200000000,1991.50000000,1991.69000000,1990.15000000,1990.70000000,895.59290000,1771703099999999,1782870.65812000,6256,582.69120000,1159949.04308700,0
1771703100000000,1990.69000000,1990.69000000,1987.86000000,1988.35000000,757.68870000,1771703999999999,1506980.44464500,5124,406.28780000,808026.44122500,0
1771704000000000,1988.34000000,1989.07000000,1987.00000000,1987.21000000,675.13070000,1771704899999999,1342020.63875100,7864,339.15090000,674114.43639300,0
1771704900000000,1987.20000000,1990.41000000,1987.13000000,1989.49000000,1122.89440000,1771705799999999,2233710.43458900,9038,779.99360000,1551475.83808300,0
1771705800000000,1989.47000000,1990.16000000,1983.04000000,1983.83000000,1933.92720000,1771706699999999,3840214.07006900,15070,679.97020000,1350261.27031300,0
1771706700000000,1983.83000000,1984.35000000,1973.53000000,1974.14000000,5773.80290000,1771707599999999,11430123.69541000,28100,1483.66590000,2936684.24015100,0
1771707600000000,1974.14000000,1978.12000000,1970.00000000,1977.19000000,2924.17350000,1771708499999999,5772955.53936200,27118,1356.12770000,2677715.11619000,0
1771708500000000,1977.19000000,1980.00000000,1976.91000000,1978.80000000,1269.06310000,1771709399999999,2511060.78952700,14216,768.36020000,1520382.30127800,0
1771709400000000,1978.79000000,1981.47000000,1977.24000000,1978.86000000,1055.25550000,1771710299999999,2088594.62615300,9912,656.76570000,1299921.97881300,0
1771710300000000,1978.86000000,1982.79000000,1978.76000000,1982.04000000,984.96990000,1771711199999999,1951135.55731400,8550,657.36820000,1302132.89959200,0
1771711200000000,1982.04000000,1982.47000000,1977.10000000,1978.14000000,1083.81010000,1771712099999999,2146344.07343600,10528,654.68640000,1296518.45508200,0
1771712100000000,1978.14000000,1980.41000000,1975.12000000,1976.40000000,693.40080000,1771712999999999,1371674.07585200,9279,371.16820000,734280.59713400,0
1771713000000000,1976.40000000,1977.17000000,1972.02000000,1974.61000000,2639.72090000,1771713899999999,5212689.90489600,16196,1142.42830000,2255970.05951700,0
1771713900000000,1974.61000000,1978.57000000,1972.72000000,1974.40000000,1692.70490000,1771714799999999,3343354.98325000,17799,737.61810000,1457063.38962300,0
1771714800000000,1974.39000000,1975.68000000,1971.08000000,1972.25000000,1366.70460000,1771715699999999,2696468.23439400,17422,671.33740000,1324623.31036500,0
1771715700000000,1972.26000000,1977.78000000,1972.26000000,1976.81000000,713.57350000,1771716599999999,1409262.22176900,7726,531.82680000,1050300.16281500,0
1771716600000000,1976.82000000,1976.89000000,1975.65000000,1975.65000000,435.85350000,1771717499999999,861430.47246400,5895,247.23800000,488627.25509400,0
1771717500000000,1975.64000000,1975.64000000,1973.32000000,1973.35000000,931.54200000,1771718399999999,1839224.48603800,9120,303.07980000,598373.48191900,0
1771718400000000,1973.35000000,1975.60000000,1972.18000000,1973.74000000,1214.23740000,1771719299999999,2396725.96130200,14119,731.70520000,1444367.53895500,0
1771719300000000,1973.73000000,1975.07000000,1967.75000000,1970.31000000,2856.03420000,1771720199999999,5627389.56569000,19933,1028.35700000,2026760.64445400,0
1771720200000000,1970.32000000,1971.11000000,1968.86000000,1968.87000000,1057.28500000,1771721099999999,2083117.74996700,11544,480.68610000,947124.27699700,0
1771721100000000,1968.88000000,1972.91000000,1968.88000000,1972.87000000,880.74490000,1771721999999999,1735626.26743300,11037,613.44010000,1208814.22934200,0
1771722000000000,1972.87000000,1976.47000000,1972.64000000,1973.85000000,1175.00820000,1771722899999999,2320278.48395800,13443,726.86460000,1435285.85946500,0
1771722900000000,1973.86000000,1978.18000000,1972.61000000,1977.85000000,1523.78520000,1771723799999999,3011323.45148800,13232,1130.95450000,2234937.19489100,0
1771723800000000,1977.86000000,1979.51000000,1976.68000000,1978.41000000,1547.94590000,1771724699999999,3062142.51936600,11181,836.93650000,1655661.73745300,0
1771724700000000,1978.40000000,1979.87000000,1976.23000000,1977.37000000,836.39800000,1771725599999999,1654523.49488100,8840,438.67890000,867866.33565800,0
1771725600000000,1977.38000000,1982.99000000,1975.74000000,1980.99000000,1886.14650000,1771726499999999,3734649.83599500,17921,1260.61450000,2495869.75633200,0
1771726500000000,1980.99000000,1980.99000000,1975.20000000,1975.20000000,810.70720000,1771727399999999,1603506.41932700,11440,372.64940000,737198.34241800,0
1771727400000000,1975.20000000,1976.26000000,1973.23000000,1973.85000000,1167.20480000,1771728299999999,2304609.29988000,11518,577.05210000,1139302.87904200,0
1771728300000000,1973.86000000,1975.35000000,1972.21000000,1972.23000000,996.73730000,1771729199999999,1967251.77784200,10220,444.80870000,877904.10008000,0
1771729200000000,1972.23000000,1976.26000000,1972.11000000,1974.95000000,924.67460000,1771730099999999,1825172.75831400,12075,562.80640000,1110828.76138900,0
1771730100000000,1974.96000000,1975.44000000,1967.40000000,1970.85000000,1770.49910000,1771730999999999,3488576.91947600,21512,673.89430000,1327622.19570400,0
1771731000000000,1970.85000000,1973.71000000,1970.20000000,1972.51000000,1045.02590000,1771731899999999,2060918.16164900,13439,535.89810000,1056766.62031300,0
1771731900000000,1972.51000000,1975.27000000,1971.42000000,1974.71000000,1215.69890000,1771732799999999,2399122.43828900,12958,696.25250000,1374015.55334400,0
1771732800000000,1974.71000000,1976.16000000,1974.29000000,1974.60000000,875.66650000,1771733699999999,1729700.58744300,7166,597.16960000,1179563.95773500,0
1771733700000000,1974.59000000,1975.57000000,1971.25000000,1972.34000000,1570.91510000,1771734599999999,3100870.38907300,12319,1069.20880000,2110810.99848900,0
1771734600000000,1972.34000000,1974.99000000,1970.20000000,1971.80000000,1154.45440000,1771735499999999,2276768.36245400,8166,373.30190000,736462.79767800,0
1771735500000000,1971.80000000,1974.49000000,1971.79000000,1973.62000000,590.87320000,1771736399999999,1165855.21649200,6019,346.00850000,682685.88024500,0
1771736400000000,1973.63000000,1974.68000000,1971.06000000,1972.13000000,827.04490000,1771737299999999,1631827.00297700,9381,461.93800000,911452.84940800,0
1771737300000000,1972.13000000,1974.80000000,1971.91000000,1973.82000000,516.97510000,1771738199999999,1020151.96371800,5731,327.73480000,646700.94683100,0
1771738200000000,1973.82000000,1974.12000000,1972.56000000,1973.28000000,395.48000000,1771739099999999,780393.79938100,3821,241.17790000,475912.37057100,0
1771739100000000,1973.28000000,1975.11000000,1971.57000000,1974.97000000,1936.35650000,1771739999999999,3820962.09719300,7267,1628.52210000,3213618.92130500,0
1771740000000000,1974.97000000,1976.74000000,1974.29000000,1975.93000000,965.63720000,1771740899999999,1907893.13853200,8463,590.10950000,1165957.81135800,0
1771740900000000,1975.93000000,1978.18000000,1974.87000000,1977.22000000,1328.28310000,1771741799999999,2624783.29053100,8613,641.04740000,1266928.91603200,0
1771741800000000,1977.21000000,1979.54000000,1975.97000000,1976.09000000,1564.13120000,1771742699999999,3092897.55271700,10790,584.85580000,1156599.90007600,0
1771742700000000,1976.10000000,1977.06000000,1975.04000000,1976.05000000,464.92570000,1771743599999999,918648.00854800,6562,207.90990000,410796.57690200,0
1771743600000000,1976.06000000,1977.32000000,1975.06000000,1977.32000000,887.25750000,1771744499999999,1753369.12206000,8092,334.91820000,661892.69975100,0
1771744500000000,1977.32000000,1977.68000000,1974.58000000,1976.42000000,1603.48050000,1771745399999999,3169019.54621800,11870,480.30730000,949084.95089600,0
1771745400000000,1976.41000000,1978.78000000,1975.88000000,1977.65000000,968.77830000,1771746299999999,1914953.89443700,11593,604.59330000,1195039.50054400,0
1771746300000000,1977.66000000,1977.94000000,1975.86000000,1975.88000000,561.14210000,1771747199999999,1109396.16406100,5301,213.96820000,423003.18558700,0
1771747200000000,1975.87000000,1977.00000000,1974.66000000,1976.68000000,537.94410000,1771748099999999,1062890.29118500,7597,209.74330000,414427.27048300,0
1771748100000000,1976.69000000,1977.05000000,1971.82000000,1973.29000000,1193.58410000,1771748999999999,2357022.16026900,14262,315.57370000,623056.40074800,0
1771749000000000,1973.28000000,1973.88000000,1970.58000000,1972.51000000,1175.72900000,1771749899999999,2318801.06628300,15809,489.63020000,965640.44074600,0
1771749900000000,1972.51000000,1974.20000000,1971.50000000,1973.39000000,557.21270000,1771750799999999,1099148.03649500,9047,294.87660000,581641.03550900,0
1771750800000000,1973.40000000,1974.08000000,1971.97000000,1972.64000000,540.81490000,1771751699999999,1066896.53414600,11508,240.72760000,474930.15976200,0
1771751700000000,1972.64000000,1974.36000000,1972.64000000,1973.32000000,572.09340000,1771752599999999,1129018.72543400,13610,335.70400000,662474.71016900,0
1771752600000000,1973.33000000,1974.98000000,1971.72000000,1974.82000000,1259.95350000,1771753499999999,2486504.74230100,20435,675.09270000,1332243.75860300,0
1771753500000000,1974.82000000,1976.26000000,1974.81000000,1975.83000000,882.88980000,1771754399999999,1744215.96045100,8460,443.29700000,875741.12397500,0
1771754400000000,1975.83000000,1976.98000000,1975.31000000,1975.31000000,1077.22530000,1771755299999999,2128956.76635200,9984,348.41380000,688554.07792700,0
1771755300000000,1975.31000000,1979.38000000,1975.02000000,1978.12000000,1359.34720000,1771756199999999,2688105.18731700,14040,866.44510000,1713384.72690000,0
1771756200000000,1978.11000000,1980.01000000,1977.54000000,1978.82000000,1586.31540000,1771757099999999,3138807.71873200,12657,583.40030000,1154408.14963600,0
1771757100000000,1978.82000000,1978.82000000,1977.50000000,1977.50000000,770.61770000,1771757999999999,1524328.45235900,7004,388.88270000,769210.01598900,0
1771758000000000,1977.51000000,1982.62000000,1977.51000000,1981.89000000,2010.68700000,1771758899999999,3982898.54501900,21268,1491.82930000,2955115.32212700,0
1771758900000000,1981.90000000,1983.05000000,1980.32000000,1980.39000000,2174.75400000,1771759799999999,4309917.29146000,15705,984.72950000,1951685.88645400,0
1771759800000000,1980.39000000,1983.13000000,1979.36000000,1979.56000000,1175.01110000,1771760699999999,2327216.53014200,16427,520.96210000,1031952.63915800,0
1771760700000000,1979.55000000,1980.80000000,1979.17000000,1980.78000000,904.63210000,1771761599999999,1791526.20590300,11164,305.51070000,604971.88306100,0
1771761600000000,1980.79000000,1981.60000000,1972.40000000,1973.86000000,2035.91770000,1771762499999999,4022702.58011400,30074,911.99180000,1801632.06653600,0
1771762500000000,1973.86000000,1975.81000000,1971.31000000,1974.56000000,2036.46880000,1771763399999999,4019385.72802600,28645,1259.53220000,2486064.29787900,0
1771763400000000,1974.56000000,1974.77000000,1962.68000000,1964.15000000,6247.92890000,1771764299999999,12292283.75560700,45361,2810.73710000,5531388.16608300,0
1771764300000000,1964.15000000,1967.90000000,1961.84000000,1966.37000000,2367.16050000,1771765199999999,4652430.36715800,37714,1051.12640000,2065968.15417300,0
1771765200000000,1966.37000000,1968.69000000,1964.28000000,1966.95000000,1441.82540000,1771766099999999,2835379.02196300,25007,676.21900000,1329827.43410800,0
1771766100000000,1966.95000000,1968.65000000,1964.50000000,1964.96000000,1480.99390000,1771766999999999,2912265.85381100,24529,766.68310000,1507605.31856300,0
1771767000000000,1964.95000000,1965.71000000,1946.27000000,1947.80000000,9005.48390000,1771767899999999,17600743.02036200,101112,3040.39750000,5942134.56540400,0
1771767900000000,1947.80000000,1951.85000000,1945.00000000,1950.95000000,5944.72110000,1771768799999999,11589324.21717600,61614,3591.14860000,7001275.25695000,0
1771768800000000,1950.95000000,1952.13000000,1943.53000000,1951.46000000,3801.16520000,1771769699999999,7406716.12811900,48753,1710.52140000,3333561.22507700,0
1771769700000000,1951.46000000,1953.10000000,1948.21000000,1950.43000000,2518.91840000,1771770599999999,4913169.50609900,30878,1064.51460000,2076192.93897700,0
1771770600000000,1950.43000000,1954.60000000,1947.06000000,1947.76000000,2156.43520000,1771771499999999,4208094.78099700,41773,1054.90100000,2058940.78771300,0
1771771500000000,1947.77000000,1951.80000000,1945.43000000,1950.64000000,2439.07400000,1771772399999999,4753473.23251500,45361,1009.37250000,1967011.01219800,0
1771772400000000,1950.65000000,1951.20000000,1946.88000000,1949.23000000,2162.53410000,1771773299999999,4215431.55939200,29599,901.52770000,1757283.83106500,0
1771773300000000,1949.22000000,1954.28000000,1945.86000000,1954.02000000,2742.92280000,1771774199999999,5347702.40041100,31145,1261.25500000,2460142.98198100,0
1771774200000000,1954.01000000,1958.72000000,1952.68000000,1956.80000000,2841.81950000,1771775099999999,5557273.25150100,35084,1439.00290000,2814315.47582500,0
1771775100000000,1956.80000000,1957.25000000,1952.62000000,1953.98000000,1201.52840000,1771775999999999,2349268.32080600,17387,432.32590000,845328.87259800,0
1771776000000000,1953.99000000,1955.56000000,1950.02000000,1950.79000000,5092.35650000,1771776899999999,9938192.17973400,19211,3448.16600000,6728326.21398000,0
1771776900000000,1950.78000000,1952.13000000,1947.87000000,1947.93000000,2490.27350000,1771777799999999,4857276.74749000,17924,1343.95130000,2621750.17629600,0
1771777800000000,1947.92000000,1950.50000000,1947.53000000,1950.00000000,1076.50880000,1771778699999999,2098337.64328500,16716,415.83580000,810565.82980000,0
1771778700000000,1949.99000000,1953.06000000,1949.90000000,1952.53000000,1380.31110000,1771779599999999,2694425.66338200,15798,525.58540000,1025986.40720900,0
1771779600000000,1952.52000000,1953.60000000,1948.42000000,1948.43000000,1290.85710000,1771780499999999,2517678.47714200,15801,472.81440000,922138.34587300,0
1771780500000000,1948.43000000,1949.36000000,1946.01000000,1948.14000000,2185.71460000,1771781399999999,4256661.22570200,22795,572.79750000,1115561.88439800,0
1771781400000000,1948.14000000,1948.99000000,1935.00000000,1939.00000000,6888.85600000,1771782299999999,13358667.03832500,74775,2715.76180000,5263634.11783500,0
1771782300000000,1939.00000000,1941.51000000,1936.35000000,1940.27000000,1835.10180000,1771783199999999,3558243.41222800,28022,767.55400000,1488139.48039200,0
1771783200000000,1940.27000000,1943.37000000,1938.39000000,1942.64000000,1327.91740000,1771784099999999,2577247.32192000,18793,699.40740000,1357389.60183200,0
1771784100000000,1942.63000000,1944.11000000,1940.37000000,1940.95000000,1073.81570000,1771784999999999,2086157.24798600,16108,458.93030000,891586.74285400,0
1771785000000000,1940.95000000,1942.02000000,1938.57000000,1941.48000000,1037.85280000,1771785899999999,2014404.61656600,13564,337.56270000,655166.90101300,0
1771785900000000,1941.49000000,1943.65000000,1941.39000000,1942.95000000,884.42130000,1771786799999999,1717969.52790000,9646,397.39780000,771926.58792900,0
1771786800000000,1942.95000000,1944.95000000,1940.05000000,1941.71000000,1018.53820000,1771787699999999,1978995.16650500,16872,575.31180000,1117913.17348300,0
1771787700000000,1941.72000000,1943.59000000,1941.51000000,1941.69000000,471.86000000,1771788599999999,916501.45379100,12593,264.72340000,514151.43447400,0
1771788600000000,1941.68000000,1945.50000000,1941.24000000,1944.87000000,425.74030000,1771789499999999,827657.25489300,11810,285.22780000,554477.48747600,0
1771789500000000,1944.88000000,1945.92000000,1943.19000000,1943.74000000,534.36580000,1771790399999999,1039115.58428200,8047,305.39070000,593876.17712200,0
1771790400000000,1943.73000000,1945.50000000,1941.01000000,1941.63000000,606.26090000,1771791299999999,1178164.67473700,12418,309.72080000,601881.61497200,0
1771791300000000,1941.64000000,1945.33000000,1941.64000000,1944.65000000,429.88710000,1771792199999999,835453.07793300,11842,271.82950000,528307.91549500,0
1771792200000000,1944.66000000,1944.92000000,1943.49000000,1944.15000000,512.39990000,1771793099999999,996177.46867100,10227,231.08120000,449221.01004000,0
1771793100000000,1944.15000000,1945.98000000,1939.81000000,1940.99000000,873.65850000,1771793999999999,1697011.07943800,18391,381.22990000,740530.52956100,0
1771794000000000,1941.00000000,1942.77000000,1941.00000000,1942.51000000,785.83660000,1771794899999999,1526209.60902500,10336,268.11610000,520706.61500200,0
1771794900000000,1942.52000000,1943.81000000,1941.01000000,1941.32000000,369.88980000,1771795799999999,718647.29250700,7797,233.85020000,454326.43213700,0
1771795800000000,1941.33000000,1950.43000000,1941.32000000,1949.83000000,3649.33810000,1771796699999999,7111357.08065700,30362,2844.16350000,5542944.07073400,0
1771796700000000,1949.83000000,1952.27000000,1949.50000000,1950.39000000,1143.93450000,1771797599999999,2231636.90183200,15150,707.82650000,1380873.90111400,0
1771797600000000,1950.40000000,1951.68000000,1946.61000000,1947.17000000,1070.68060000,1771798499999999,2086596.23602300,16623,354.50580000,690823.40397500,0
1771798500000000,1947.17000000,1956.31000000,1947.16000000,1954.73000000,2200.48150000,1771799399999999,4299056.38365300,22361,1370.01660000,2675907.98546100,0
1771799400000000,1954.74000000,1960.89000000,1953.70000000,1957.76000000,1832.60490000,1771800299999999,3587037.68232500,29903,1004.02540000,1965257.74131100,0
1771800300000000,1957.75000000,1960.80000000,1956.18000000,1958.54000000,908.71500000,1771801199999999,1779898.62573400,21696,455.17300000,891485.32385000,0
1771801200000000,1958.53000000,1960.95000000,1954.66000000,1954.75000000,1727.57780000,1771802099999999,3382068.40928600,41720,798.53020000,1563371.02317400,0
1771802100000000,1954.75000000,1957.11000000,1950.37000000,1953.61000000,1779.34430000,1771802999999999,3475134.54811100,36969,1042.91280000,2036558.09366700,0
1771803000000000,1953.61000000,1953.80000000,1948.62000000,1949.23000000,1006.69460000,1771803899999999,1964766.19134100,28845,471.37180000,920073.57678500,0
1771803900000000,1949.24000000,1960.33000000,1948.68000000,1957.82000000,2090.60970000,1771804799999999,4086481.29757100,28379,1618.89560000,3164266.87017300,0
1771804800000000,1957.82000000,1958.33000000,1952.01000000,1954.49000000,1748.98090000,1771805699999999,3418582.20434900,30788,953.34590000,1863729.18633000,0
1771805700000000,1954.49000000,1955.54000000,1946.60000000,1948.40000000,1868.44590000,1771806599999999,3641757.54910100,29147,577.82900000,1126233.83703500,0
1771806600000000,1948.40000000,1948.46000000,1940.82000000,1941.35000000,4777.00590000,1771807499999999,9289857.30628500,48469,3051.58590000,5934550.27836900,0
1771807500000000,1941.35000000,1943.60000000,1928.71000000,1929.42000000,10040.80710000,1771808399999999,19415167.72629300,83539,6246.33070000,12074225.31459500,0
1771808400000000,1929.42000000,1929.42000000,1867.35000000,1886.19000000,55168.81520000,1771809299999999,104696217.25418000,410069,26988.64910000,51265519.92357700,0
1771809300000000,1886.19000000,1886.19000000,1867.59000000,1873.62000000,14129.19160000,1771810199999999,26505195.20517100,229108,7159.67500000,13430281.83031700,0
1771810200000000,1873.61000000,1881.36000000,1870.12000000,1872.82000000,8601.31110000,1771811099999999,16127628.08104400,131079,4233.20580000,7937567.40308800,0
1771811100000000,1872.82000000,1875.05000000,1847.46000000,1856.88000000,29779.82610000,1771811999999999,55426558.02887900,271180,13286.39750000,24734910.46852600,0
1771812000000000,1856.88000000,1865.16000000,1851.39000000,1862.74000000,8263.03900000,1771812899999999,15359422.75063600,141783,4208.00130000,7822569.59169300,0
1771812900000000,1862.75000000,1864.80000000,1855.28000000,1864.48000000,6365.19570000,1771813799999999,11839070.01209800,101711,3169.14460000,5894661.45304900,0
1771813800000000,1864.47000000,1868.67000000,1860.69000000,1864.33000000,6392.89270000,1771814699999999,11923058.80189900,77749,3155.27790000,5886023.37151200,0
1771814700000000,1864.33000000,1866.00000000,1860.40000000,1863.24000000,3136.61020000,1771815599999999,5845329.84937500,49342,1754.18920000,3269200.81802300,0
1771815600000000,1863.25000000,1871.98000000,1862.39000000,1866.83000000,6470.25040000,1771816499999999,12088414.70407300,63022,2725.09150000,5088464.36590100,0
1771816500000000,1866.83000000,1866.84000000,1856.17000000,1859.26000000,5300.95910000,1771817399999999,9864992.75797100,49642,2288.97870000,4258693.20060100,0
1771817400000000,1859.27000000,1866.14000000,1857.04000000,1865.31000000,3772.25630000,1771818299999999,7022277.42706900,38027,2565.95840000,4776942.16444000,0
1771818300000000,1865.31000000,1866.68000000,1862.87000000,1862.87000000,1655.30410000,1771819199999999,3086283.89266300,24237,874.09960000,1629786.51559100,0
1771819200000000,1862.88000000,1864.94000000,1860.51000000,1864.93000000,2871.98350000,1771820099999999,5349847.79190600,36362,1560.13760000,2906061.57105700,0
1771820100000000,1864.93000000,1864.93000000,1859.50000000,1860.73000000,3538.97840000,1771820999999999,6587334.53589500,25120,1430.57030000,2662900.93318000,0
1771821000000000,1860.73000000,1862.01000000,1853.34000000,1857.21000000,4539.08650000,1771821899999999,8426275.82622900,33304,981.03800000,1822296.70461700,0
1771821900000000,1857.22000000,1860.17000000,1856.64000000,1860.17000000,922.39030000,1771822799999999,1714220.24689200,19543,518.72760000,964015.04926200,0
1771822800000000,1860.17000000,1867.30000000,1860.00000000,1865.00000000,2659.90230000,1771823699999999,4957942.02217100,29007,1741.57400000,3245683.62398500,0
1771823700000000,1865.01000000,1870.67000000,1862.80000000,1867.35000000,6972.64130000,1771824599999999,13019568.75019800,38889,3091.66620000,5773575.80729800,0
1771824600000000,1867.36000000,1870.55000000,1866.17000000,1866.71000000,3284.17050000,1771825499999999,6135813.60507500,24753,2108.45990000,3939234.75919000,0
1771825500000000,1866.71000000,1868.73000000,1863.29000000,1866.08000000,2430.21120000,1771826399999999,4533606.17090000,24551,1557.89250000,2906299.83709700,0
1771826400000000,1866.08000000,1875.67000000,1864.29000000,1874.65000000,3529.71480000,1771827299999999,6601439.84661100,38095,2362.27730000,4417662.64662200,0
1771827300000000,1874.64000000,1878.20000000,1873.00000000,1873.28000000,4091.22530000,1771828199999999,7670175.93992900,36522,1997.15500000,3744389.54794700,0
1771828200000000,1873.29000000,1883.20000000,1872.79000000,1878.68000000,5483.17490000,1771829099999999,10292973.96289200,50097,4199.76740000,7883135.66908400,0
1771829100000000,1878.67000000,1882.51000000,1878.31000000,1879.52000000,4777.59730000,1771829999999999,8984047.81971300,35477,3429.99690000,6450091.33729800,0
1771830000000000,1879.52000000,1885.20000000,1879.23000000,1881.86000000,5711.84270000,1771830899999999,10748539.14163100,45994,3773.01520000,7100407.91897700,0
1771830900000000,1881.85000000,1882.00000000,1877.10000000,1879.22000000,5209.89700000,1771831799999999,9790373.80833600,46816,2946.21600000,5536258.11982400,0
1771831800000000,1879.21000000,1888.71000000,1876.93000000,1885.57000000,6740.72290000,1771832699999999,12692651.32896100,51641,4261.31630000,8023836.78839100,0
1771832700000000,1885.57000000,1887.50000000,1883.21000000,1885.50000000,3442.53700000,1771833599999999,6490577.05184600,19450,1576.11310000,2971546.77014600,0
1771833600000000,1885.50000000,1888.40000000,1882.90000000,1888.40000000,3279.47020000,1771834499999999,6181119.59155400,27338,1875.63470000,3535571.15769700,0
1771834500000000,1888.40000000,1889.77000000,1882.18000000,1882.97000000,4255.20140000,1771835399999999,8025479.35259700,31354,3047.91960000,5749357.68596700,0
1771835400000000,1882.98000000,1884.50000000,1877.23000000,1878.62000000,3037.53250000,1771836299999999,5712674.15543400,37081,1722.93930000,3241060.69498300,0
1771836300000000,1878.62000000,1881.20000000,1877.50000000,1880.62000000,1935.54280000,1771837199999999,3636855.80834400,24404,925.33870000,1738694.02442700,0
1771837200000000,1880.63000000,1888.08000000,1880.63000000,1885.89000000,1648.37710000,1771838099999999,3106586.37148700,29497,983.71070000,1854005.74700300,0
1771838100000000,1885.89000000,1889.49000000,1882.52000000,1888.22000000,1562.66580000,1771838999999999,2946966.50038700,22198,993.22970000,1873453.17003200,0
1771839000000000,1888.22000000,1911.06000000,1887.08000000,1911.00000000,10335.50050000,1771839899999999,19668022.74905300,112450,6677.53620000,12708412.47463800,0
1771839900000000,1911.00000000,1918.82000000,1911.00000000,1918.00000000,4813.92730000,1771840799999999,9219247.72406100,75913,2864.07020000,5485320.64560300,0
1771840800000000,1917.99000000,1928.19000000,1916.28000000,1920.39000000,6024.49240000,1771841699999999,11576504.62958500,78041,3167.01370000,6085989.99062500,0
1771841700000000,1920.38000000,1925.74000000,1919.00000000,1919.96000000,5433.71720000,1771842599999999,10445604.41038900,50687,2044.57550000,3931608.29245200,0
1771842600000000,1919.97000000,1920.51000000,1913.40000000,1915.66000000,9033.83710000,1771843499999999,17317891.98715000,50909,2149.05240000,4118980.93352400,0
1771843500000000,1915.66000000,1917.56000000,1912.29000000,1913.94000000,2804.49780000,1771844399999999,5370242.44350600,32568,1098.85470000,2104447.86776100,0
1771844400000000,1913.95000000,1919.21000000,1912.17000000,1918.79000000,2191.27350000,1771845299999999,4197915.57095800,23774,1495.88450000,2865956.93092500,0
1771845300000000,1918.79000000,1920.59000000,1913.61000000,1914.84000000,2277.46610000,1771846199999999,4365331.27888600,27965,968.49340000,1856814.42164200,0
1771846200000000,1914.84000000,1916.29000000,1911.10000000,1912.49000000,5187.97090000,1771847099999999,9923959.00251900,37717,1668.06700000,3191088.46498400,0
1771847100000000,1912.49000000,1915.51000000,1911.20000000,1915.30000000,5642.08860000,1771847999999999,10796948.98954900,33660,1745.15070000,3339592.62014500,0
1771848000000000,1915.29000000,1916.61000000,1912.84000000,1915.74000000,5572.79650000,1771848899999999,10670604.50941700,38577,1593.96960000,3052195.30163700,0
1771848900000000,1915.75000000,1916.40000000,1912.79000000,1913.31000000,6957.95210000,1771849799999999,13321337.57737900,38144,1903.96720000,3645239.48354700,0
1771849800000000,1913.31000000,1926.53000000,1905.71000000,1922.09000000,14418.47230000,1771850699999999,27621596.00706700,118242,6360.47130000,12185238.15931900,0
1771850700000000,1922.10000000,1926.46000000,1919.39000000,1919.99000000,2415.31760000,1771851599999999,4643103.97468600,37792,1221.96790000,2349307.34329200,0
1771851600000000,1920.00000000,1925.76000000,1919.21000000,1919.62000000,3263.39260000,1771852499999999,6268938.20221400,29412,2360.92350000,4534973.99099900,0
1771852500000000,1919.62000000,1922.70000000,1918.78000000,1921.39000000,2104.40760000,1771853399999999,4040886.15590600,28214,659.36730000,1266128.94533400,0
1771853400000000,1921.39000000,1935.52000000,1920.27000000,1932.34000000,6721.61590000,1771854299999999,12956342.95691800,61908,3608.39970000,6954163.82157900,0
1771854300000000,1932.33000000,1934.31000000,1920.00000000,1921.90000000,3992.63790000,1771855199999999,7691835.34050400,65191,1510.74780000,2909810.61646000,0
1771855200000000,1921.90000000,1925.48000000,1919.97000000,1925.47000000,2413.76300000,1771856099999999,4641850.14531100,56569,1134.38600000,2181347.90047900,0
1771856100000000,1925.47000000,1925.48000000,1914.37000000,1916.86000000,3142.26570000,1771856999999999,6026862.20580800,48015,1356.58380000,2601572.22323700,0
1771857000000000,1916.86000000,1920.48000000,1895.00000000,1904.58000000,13357.03840000,1771857899999999,25475774.66299900,222476,5949.78690000,11347338.16690600,0
1771857900000000,1904.58000000,1914.42000000,1895.90000000,1906.92000000,6432.22010000,1771858799999999,12264008.36286500,189637,2911.20510000,5551968.43242900,0
1771858800000000,1906.92000000,1911.70000000,1898.85000000,1904.19000000,5954.77860000,1771859699999999,11340333.00643300,143324,2783.42360000,5300023.29632300,0
1771859700000000,1904.19000000,1913.23000000,1902.64000000,1904.37000000,3653.54060000,1771860599999999,6969393.89503500,106312,1898.14040000,3621547.33211600,0
1771860600000000,1904.38000000,1909.46000000,1901.61000000,1904.97000000,2850.99970000,1771861499999999,5433044.06796000,87265,1454.95600000,2772895.59001200,0
1771861500000000,1904.96000000,1907.08000000,1892.68000000,1895.65000000,5048.90220000,1771862399999999,9585982.35549900,92337,2169.02930000,4120046.41828900,0
1771862400000000,1895.65000000,1896.39000000,1881.20000000,1884.57000000,9162.65490000,1771863299999999,17293770.67085200,145202,3741.05210000,7060582.05125800,0
1771863300000000,1884.56000000,1897.54000000,1884.35000000,1897.43000000,6910.08010000,1771864199999999,13063353.37116200,111605,4440.86110000,8394107.84956100,0
1771864200000000,1897.43000000,1900.18000000,1888.76000000,1891.50000000,4493.08760000,1771865099999999,8510276.03918100,103471,2627.76170000,4977052.54628300,0
1771865100000000,1891.50000000,1892.23000000,1883.21000000,1884.72000000,6578.53080000,1771865999999999,12411064.31997100,92103,2840.57160000,5358219.54291900,0
1771866000000000,1884.73000000,1888.17000000,1867.00000000,1869.41000000,11056.30140000,1771866899999999,20754686.48405100,83471,3079.42220000,5787905.02257900,0
1771866900000000,1869.41000000,1875.02000000,1857.19000000,1857.21000000,13971.77080000,1771867799999999,26075439.64510900,161389,6991.91380000,13053232.07226600,0
1771867800000000,1857.20000000,1858.90000000,1842.37000000,1848.50000000,13303.21230000,1771868699999999,24613426.10180400,183341,5860.50680000,10840221.28679100,0
1771868700000000,1848.49000000,1864.99000000,1837.13000000,1863.92000000,11188.60450000,1771869599999999,20706658.92055900,166024,6018.14530000,11143938.40098700,0
1771869600000000,1863.92000000,1871.10000000,1858.96000000,1863.22000000,6003.92600000,1771870499999999,11190717.51438200,123365,3065.81100000,5714886.42944300,0
1771870500000000,1863.22000000,1863.82000000,1856.25000000,1860.87000000,4135.84090000,1771871399999999,7693883.70261100,77371,1971.52290000,3667842.08194000,0
1771871400000000,1860.88000000,1874.12000000,1857.48000000,1868.53000000,9515.66710000,1771872299999999,17780976.45193500,85003,2932.55170000,5477556.77139000,0
1771872300000000,1868.53000000,1868.53000000,1854.60000000,1857.75000000,3623.65670000,1771873199999999,6749036.28538400,66388,1612.48000000,3004274.55372600,0
1771873200000000,1857.75000000,1864.75000000,1856.63000000,1861.64000000,4287.88670000,1771874099999999,7980021.20502600,63874,2018.07190000,3755875.57855000,0
1771874100000000,1861.64000000,1862.22000000,1850.70000000,1853.57000000,5164.76960000,1771874999999999,9584950.33901700,61536,2223.71250000,4126500.64418600,0
1771875000000000,1853.56000000,1857.30000000,1847.20000000,1854.75000000,6080.09340000,1771875899999999,11263418.24174100,78855,2411.89000000,4469404.63517700,0
1771875900000000,1854.75000000,1858.28000000,1851.42000000,1857.19000000,3103.82260000,1771876799999999,5758378.99727100,59854,1726.84040000,3203495.36502300,0
1771876800000000,1857.19000000,1859.80000000,1847.29000000,1848.28000000,3372.74340000,1771877699999999,6252412.07088400,65554,1570.89760000,2913521.81186700,0
1771877700000000,1848.28000000,1854.76000000,1846.80000000,1850.62000000,3718.07910000,1771878599999999,6880258.76443400,72113,1919.04710000,3550833.65797100,0
1771878600000000,1850.61000000,1858.69000000,1850.23000000,1856.63000000,3448.88440000,1771879499999999,6399009.14414600,57705,2544.05740000,4720123.30503800,0
1771879500000000,1856.64000000,1862.49000000,1855.00000000,1860.56000000,4096.63960000,1771880399999999,7613501.69890400,60921,2515.15840000,4673764.65617300,0
1771880400000000,1860.55000000,1868.67000000,1860.07000000,1867.35000000,3229.58290000,1771881299999999,6023892.13724700,56581,2001.60900000,3733381.70587000,0
1771881300000000,1867.35000000,1869.31000000,1863.12000000,1865.00000000,1183.94970000,1771882199999999,2209396.22473600,23912,618.49080000,1154217.25841600,0
1771882200000000,1865.01000000,1867.01000000,1858.56000000,1862.57000000,2766.72360000,1771883099999999,5153155.93822900,34116,1123.12210000,2092362.73753200,0
1771883100000000,1862.58000000,1866.11000000,1861.42000000,1863.59000000,1390.13690000,1771883999999999,2590814.87611100,22740,680.41700000,1268014.25892100,0
1771884000000000,1863.59000000,1870.00000000,1862.06000000,1867.27000000,2651.32070000,1771884899999999,4949048.03121100,45073,1444.70640000,2696937.97611100,0
1771884900000000,1867.27000000,1869.14000000,1865.43000000,1867.07000000,1310.54810000,1771885799999999,2447075.63746900,22132,644.26420000,1202965.91324500,0
1771885800000000,1867.08000000,1868.41000000,1862.71000000,1865.45000000,1429.77400000,1771886699999999,2668194.92711900,27419,634.66700000,1184463.65968900,0
1771886700000000,1865.45000000,1867.37000000,1859.72000000,1859.93000000,1480.24070000,1771887599999999,2758159.38549000,29691,781.09640000,1455646.60946700,0
1771887600000000,1859.94000000,1866.95000000,1859.54000000,1865.64000000,1528.47830000,1771888499999999,2849586.13479800,37459,771.47280000,1438129.87098400,0
1771888500000000,1865.64000000,1866.23000000,1859.32000000,1861.44000000,1518.56170000,1771889399999999,2827522.37252300,18032,747.62000000,1391994.33218900,0
1771889400000000,1861.44000000,1861.92000000,1850.95000000,1851.38000000,2639.38120000,1771890299999999,4900558.77524700,31446,958.28230000,1778922.10516200,0
1771890300000000,1851.39000000,1856.86000000,1851.39000000,1856.30000000,1573.90800000,1771891199999999,2918614.24541800,23523,902.28180000,1673197.77023700,0
1771891200000000,1856.30000000,1863.62000000,1855.34000000,1863.42000000,2319.31050000,1771892099999999,4313134.05822100,30502,1544.44060000,2872700.82579400,0
1771892100000000,1863.41000000,1867.57000000,1861.62000000,1863.30000000,1959.45040000,1771892999999999,3654225.20928300,29380,1276.78860000,2381471.31369600,0
1771893000000000,1863.30000000,1867.17000000,1862.44000000,1865.00000000,2661.98660000,1771893899999999,4961634.35305100,25330,858.70780000,1601054.71469600,0
1771893900000000,1865.01000000,1869.58000000,1865.00000000,1867.96000000,2216.55870000,1771894799999999,4138635.25977800,30060,1231.48020000,2299085.25934000,0
1771894800000000,1867.95000000,1867.99000000,1842.85000000,1845.70000000,5184.05500000,1771895699999999,9607629.65717100,71637,1856.43650000,3441461.39666100,0
1771895700000000,1845.70000000,1853.70000000,1811.81000000,1849.71000000,24679.38290000,1771896599999999,45196370.98705700,280937,12212.12300000,22371608.75780700,0
1771896600000000,1849.70000000,1857.58000000,1839.90000000,1847.23000000,6934.09460000,1771897499999999,12833425.16525400,111750,3457.43840000,6399771.34015000,0
1771897500000000,1847.24000000,1849.55000000,1839.05000000,1840.95000000,3598.52610000,1771898399999999,6636805.71421700,76428,1712.41400000,3158719.47253800,0
1771898400000000,1840.95000000,1848.02000000,1837.15000000,1844.96000000,4208.06020000,1771899299999999,7752124.04963100,80418,2308.04230000,4252395.71816200,0
1771899300000000,1844.96000000,1848.45000000,1839.16000000,1847.58000000,2776.97350000,1771900199999999,5122200.26606600,59879,1459.51070000,2692539.82665200,0
1771900200000000,1847.59000000,1854.46000000,1842.25000000,1842.82000000,3204.12040000,1771901099999999,5924412.35819900,51933,1730.46970000,3200071.95524100,0
1771901100000000,1842.82000000,1847.35000000,1841.38000000,1843.54000000,1972.75590000,1771901999999999,3638961.95943900,38109,997.83780000,1840645.08523300,0
1771902000000000,1843.54000000,1843.54000000,1827.40000000,1831.74000000,7843.95730000,1771902899999999,14396889.33887900,116132,3443.83230000,6320063.59198600,0
1771902900000000,1831.74000000,1836.44000000,1825.00000000,1831.10000000,3709.26890000,1771903799999999,6793971.67368000,82656,1706.77090000,3126665.44636700,0
1771903800000000,1831.09000000,1834.42000000,1828.60000000,1829.96000000,2351.14890000,1771904699999999,4305517.63530200,77532,1079.99750000,1977772.92686600,0
1771904700000000,1829.96000000,1834.55000000,1823.24000000,1832.03000000,4268.41950000,1771905599999999,7807674.59930300,76203,2261.72420000,4137570.28306900,0
1771905600000000,1832.03000000,1833.82000000,1816.66000000,1816.67000000,6038.14670000,1771906499999999,11029205.25661600,101750,2957.41350000,5404284.54896400,0
1771906500000000,1816.67000000,1833.64000000,1813.77000000,1829.24000000,6903.12230000,1771907399999999,12584906.24425800,121573,3877.96470000,7072433.92683200,0
1771907400000000,1829.23000000,1832.27000000,1821.40000000,1829.84000000,3729.83940000,1771908299999999,6814967.70785800,56596,1819.46630000,3325701.62258800,0
1771908300000000,1829.84000000,1831.49000000,1827.57000000,1830.81000000,2475.01140000,1771909199999999,4527299.91905200,36115,1485.79690000,2717757.53141100,0
1771909200000000,1830.80000000,1840.79000000,1828.00000000,1838.49000000,5296.28740000,1771910099999999,9721905.81775400,66271,2930.52460000,5380692.88756600,0
1771910100000000,1838.49000000,1838.60000000,1814.01000000,1818.50000000,9155.84070000,1771910999999999,16689674.17068400,104528,4010.30700000,7311019.67147100,0
1771911000000000,1818.50000000,1825.88000000,1816.46000000,1823.19000000,6571.52380000,1771911899999999,11973473.23007000,77332,4292.90760000,7821834.22942700,0
1771911900000000,1823.19000000,1827.72000000,1822.08000000,1826.26000000,1866.82310000,1771912799999999,3407471.25838600,35748,856.69410000,1564114.22327700,0
1771912800000000,1826.25000000,1828.89000000,1819.66000000,1824.91000000,2634.47970000,1771913699999999,4806986.47522000,56580,1334.21810000,2434499.36661100,0
1771913700000000,1824.91000000,1830.47000000,1824.11000000,1828.82000000,3026.45290000,1771914599999999,5531965.55276400,45062,1529.04580000,2794970.15516800,0
1771914600000000,1828.81000000,1831.35000000,1824.66000000,1827.51000000,2912.38900000,1771915499999999,5324267.05717500,43563,1502.92500000,2747738.18941200,0
1771915500000000,1827.52000000,1827.96000000,1817.99000000,1820.86000000,4089.08140000,1771916399999999,7456260.07532000,55099,1106.03610000,2016646.73274600,0
1771916400000000,1820.87000000,1829.54000000,1815.23000000,1827.74000000,4209.75140000,1771917299999999,7678269.45330600,74348,2151.00270000,3924226.92976500,0
1771917300000000,1827.75000000,1830.60000000,1820.22000000,1830.07000000,6588.26400000,1771918199999999,12023703.63408100,73697,3332.66030000,6083226.58058300,0
1771918200000000,1830.07000000,1831.89000000,1822.09000000,1823.95000000,4835.46510000,1771919099999999,8838290.66093000,52928,1942.46060000,3550334.65681200,0
1771919100000000,1823.96000000,1826.09000000,1821.86000000,1825.70000000,3203.78870000,1771919999999999,5843425.17159800,34112,1513.36060000,2760304.44762500,0
1771920000000000,1825.70000000,1826.78000000,1818.52000000,1825.02000000,4361.99880000,1771920899999999,7948141.12197600,54399,1899.68700000,3461666.34228900,0
1771920900000000,1825.02000000,1831.36000000,1821.38000000,1830.31000000,2509.11180000,1771921799999999,4585664.38903500,56805,1577.46950000,2883732.94871600,0
1771921800000000,1830.31000000,1836.18000000,1829.15000000,1833.06000000,6687.38440000,1771922699999999,12260640.11902000,49425,1911.46130000,3504498.76149600,0
1771922700000000,1833.06000000,1833.85000000,1829.76000000,1831.57000000,1948.12090000,1771923599999999,3568854.97961900,30964,964.46080000,1766779.92983000,0
1771923600000000,1831.56000000,1834.69000000,1824.54000000,1827.55000000,3911.11440000,1771924499999999,7152732.82154500,55647,1653.40060000,3023902.65187100,0
1771924500000000,1827.55000000,1828.03000000,1822.00000000,1824.17000000,3170.00120000,1771925399999999,5784111.02951800,49576,1277.67690000,2331450.32225400,0
1771925400000000,1824.21000000,1826.08000000,1815.22000000,1822.65000000,5771.77290000,1771926299999999,10508745.68194700,85393,2699.78280000,4916803.20426000,0
1771926300000000,1822.65000000,1827.15000000,1819.00000000,1827.14000000,2965.97980000,1771927199999999,5408010.49040700,46311,1525.63120000,2782281.53960700,0
1771927200000000,1827.15000000,1828.00000000,1822.84000000,1825.75000000,2491.86820000,1771928099999999,4548297.84215800,40346,1136.23070000,2073927.53611800,0
1771928100000000,1825.75000000,1828.53000000,1823.66000000,1826.34000000,3127.26930000,1771928999999999,5713143.11580300,39864,1369.17720000,2501341.38318600,0
1771929000000000,1826.35000000,1827.85000000,1820.57000000,1822.84000000,4375.73210000,1771929899999999,7980404.63713200,49243,1580.37710000,2882161.39380900,0
1771929900000000,1822.85000000,1829.68000000,1822.63000000,1825.88000000,3132.13220000,1771930799999999,5720561.93047900,37537,1361.44170000,2486238.42667800,0
1771930800000000,1825.88000000,1827.36000000,1819.50000000,1820.89000000,9330.80390000,1771931699999999,17009453.75017000,47055,1989.34400000,3625909.23470200,0
1771931700000000,1820.89000000,1823.10000000,1819.50000000,1821.58000000,1327.77100000,1771932599999999,2418138.15301600,33134,568.90450000,1036099.31815100,0
1771932600000000,1821.59000000,1823.99000000,1818.08000000,1822.26000000,3908.26180000,1771933499999999,7120077.88844200,38518,1441.45940000,2626265.67596200,0
1771933500000000,1822.25000000,1827.02000000,1820.38000000,1826.75000000,4511.50170000,1771934399999999,8227485.61096800,31739,2082.52400000,3798157.19564900,0
1771934400000000,1826.75000000,1830.29000000,1822.27000000,1827.38000000,4062.90020000,1771935299999999,7419987.89697300,44265,1773.09220000,3239443.92760500,0
1771935300000000,1827.38000000,1829.28000000,1824.76000000,1828.27000000,2667.14900000,1771936199999999,4871983.68079700,33380,1657.73040000,3028083.38142800,0
1771936200000000,1828.26000000,1828.82000000,1821.07000000,1823.74000000,2727.43030000,1771937099999999,4976723.92303300,40824,1189.10570000,2169962.77504300,0
1771937100000000,1823.74000000,1827.64000000,1821.22000000,1823.92000000,1698.70850000,1771937999999999,3098163.73990800,37383,721.60470000,1316276.93729600,0
1771938000000000,1823.92000000,1827.50000000,1822.35000000,1825.06000000,1755.21440000,1771938899999999,3203113.11576300,55524,930.29150000,1697645.06271300,0
1771938900000000,1825.05000000,1825.94000000,1818.47000000,1820.71000000,3145.56080000,1771939799999999,5728227.86149300,58395,1055.60680000,1922460.10574100,0
1771939800000000,1820.70000000,1822.72000000,1800.00000000,1817.78000000,19096.09960000,1771940699999999,34555844.13334600,187060,7802.28640000,14126457.60943000,0
1771940700000000,1817.79000000,1820.64000000,1813.06000000,1815.73000000,3671.35830000,1771941599999999,6670535.62273000,79857,1399.30560000,2542844.37540700,0
1771941600000000,1815.72000000,1818.86000000,1812.43000000,1815.09000000,3886.82050000,1771942499999999,7055955.99368500,82396,2036.42470000,3696807.55575400,0
1771942500000000,1815.09000000,1817.04000000,1805.82000000,1814.57000000,5912.72890000,1771943399999999,10714493.07979500,98392,2976.34030000,5393917.69784300,0
1771943400000000,1814.58000000,1831.02000000,1803.48000000,1827.84000000,16304.73320000,1771944299999999,29624949.17818500,311323,7063.81760000,12831651.11140700,0
1771944300000000,1827.90000000,1847.99000000,1826.79000000,1834.73000000,14787.25730000,1771945199999999,27175650.71608200,232970,6403.79350000,11770798.54758600,0
1771945200000000,1834.73000000,1840.19000000,1828.46000000,1839.69000000,10242.02420000,1771946099999999,18795490.14929200,179229,5209.66300000,9559411.39483200,0
1771946100000000,1839.70000000,1850.00000000,1837.72000000,1849.13000000,10019.64540000,1771946999999999,18474353.62400800,151599,5070.56660000,9347487.78673400,0
1771947000000000,1849.12000000,1850.29000000,1840.60000000,1842.92000000,7055.47690000,1771947899999999,13026170.68497800,105946,2713.93280000,5010583.68435000,0
1771947900000000,1842.92000000,1848.70000000,1840.63000000,1847.59000000,4179.64220000,1771948799999999,7710876.12885200,85593,2323.92380000,4287191.64784600,0
1771948800000000,1847.59000000,1863.33000000,1846.82000000,1856.91000000,10095.46910000,1771949699999999,18742343.33413300,150374,6311.92100000,11718557.40304000,0
1771949700000000,1856.90000000,1859.71000000,1846.43000000,1849.72000000,5058.97540000,1771950599999999,9373373.76102200,101671,2264.69110000,4197527.53014000,0
1771950600000000,1849.72000000,1853.59000000,1838.36000000,1851.69000000,6033.09520000,1771951499999999,11140425.36556200,114839,2565.51610000,4735906.60505200,0
1771951500000000,1851.69000000,1859.86000000,1843.99000000,1858.56000000,5977.66460000,1771952399999999,11063447.74232300,94668,2645.72540000,4898671.72489200,0
1771952400000000,1858.57000000,1865.38000000,1856.85000000,1860.54000000,12823.14980000,1771953299999999,23873462.50754500,131707,4787.38400000,8911871.53853400,0
1771953300000000,1860.53000000,1864.23000000,1855.57000000,1856.11000000,5615.99770000,1771954199999999,10451224.65252600,78186,3417.25980000,6360300.27025500,0
1771954200000000,1856.12000000,1858.08000000,1853.29000000,1853.46000000,3047.19480000,1771955099999999,5656129.30862400,58465,1938.46620000,3598304.39503100,0
1771955100000000,1853.47000000,1858.45000000,1849.55000000,1855.43000000,3727.94930000,1771955999999999,6910369.82192400,51974,2008.91180000,3724683.69203000,0
1771956000000000,1855.43000000,1860.67000000,1845.46000000,1846.99000000,3954.03080000,1771956899999999,7326481.36178600,60840,1902.32590000,3525050.92999700,0
1771956900000000,1846.99000000,1854.49000000,1845.56000000,1851.05000000,2867.44260000,1771957799999999,5308285.88398200,56131,1682.82410000,3115000.06553200,0
1771957800000000,1851.05000000,1860.28000000,1850.30000000,1856.57000000,3034.01140000,1771958699999999,5630343.71656000,60092,1263.59630000,2344736.82142700,0
1771958700000000,1856.57000000,1860.24000000,1854.48000000,1855.08000000,2344.17380000,1771959599999999,4354312.03995800,42514,849.78400000,1578698.72375600,0
1771959600000000,1855.08000000,1862.63000000,1848.53000000,1849.61000000,4076.96390000,1771960499999999,7568333.10326100,66786,1617.73230000,3003461.19527300,0
1771960500000000,1849.60000000,1853.53000000,1847.05000000,1849.83000000,2801.30260000,1771961399999999,5181407.98475600,59303,915.48590000,1693905.32309900,0
1771961400000000,1849.83000000,1854.77000000,1849.10000000,1854.00000000,1359.20870000,1771962299999999,2517315.47645700,47087,861.95600000,1596412.76555700,0
1771962300000000,1854.01000000,1856.93000000,1851.81000000,1852.46000000,1562.71450000,1771963199999999,2897904.44048700,42987,918.57360000,1703522.68411500,0
1771963200000000,1852.47000000,1854.56000000,1849.50000000,1852.45000000,1542.56890000,1771964099999999,2856881.57269700,55453,892.24730000,1652380.17355600,0
1771964100000000,1852.44000000,1858.77000000,1852.43000000,1857.07000000,1846.24360000,1771964999999999,3426351.11097700,52060,1313.22180000,2437031.22690900,0
1771965000000000,1857.08000000,1860.42000000,1854.37000000,1860.22000000,1725.61630000,1771965899999999,3206465.07859800,45197,1112.65440000,2067558.35391700,0
1771965900000000,1860.21000000,1862.36000000,1856.65000000,1858.58000000,1727.97560000,1771966799999999,3211749.21764300,53745,891.90870000,1657811.94776700,0
1771966800000000,1858.57000000,1858.57000000,1849.80000000,1853.20000000,2674.59230000,1771967699999999,4955238.83743200,48038,1477.85120000,2737620.43236500,0
1771967700000000,1853.21000000,1853.48000000,1845.41000000,1847.81000000,2666.98070000,1771968599999999,4931945.61544000,42839,838.17770000,1549710.64358400,0
1771968600000000,1847.81000000,1853.41000000,1846.61000000,1853.17000000,1814.90130000,1771969499999999,3357454.75125600,31584,769.11700000,1422941.29607700,0
1771969500000000,1853.18000000,1854.82000000,1850.47000000,1854.17000000,1690.20500000,1771970399999999,3132038.57729200,33038,677.41170000,1255148.88549300,0
1771970400000000,1854.17000000,1864.11000000,1852.92000000,1861.85000000,3713.87830000,1771971299999999,6904206.61390200,49244,2366.88400000,4399954.95176900,0
1771971300000000,1861.84000000,1861.97000000,1857.09000000,1859.13000000,1262.26210000,1771972199999999,2346958.57889200,24423,449.89370000,836504.42582900,0
1771972200000000,1859.14000000,1859.82000000,1857.10000000,1857.48000000,1575.64010000,1771973099999999,2928045.44351200,23018,498.31050000,926025.80789700,0
1771973100000000,1857.47000000,1861.01000000,1855.15000000,1860.56000000,1371.36630000,1771973999999999,2548664.62093200,23122,656.65800000,1220406.68631400,0
1771974000000000,1860.56000000,1860.61000000,1852.08000000,1856.76000000,6789.83150000,1771974899999999,12593226.05318800,38037,4089.41050000,7582665.92519300,0
1771974900000000,1856.76000000,1858.31000000,1855.03000000,1857.72000000,2386.51280000,1771975799999999,4431721.75191300,21630,1541.24920000,2862032.74020900,0
1771975800000000,1857.73000000,1860.38000000,1856.79000000,1857.49000000,1170.33310000,1771976699999999,2174723.50987100,21575,589.21060000,1094955.48543800,0
1771976700000000,1857.50000000,1857.72000000,1851.63000000,1851.94000000,1557.86580000,1771977599999999,2887194.93500700,22452,586.73760000,1087271.69957300,0
1771977600000000,1851.95000000,1852.72000000,1847.54000000,1847.78000000,1812.33770000,1771978499999999,3352946.34521800,31375,488.75780000,904223.19964400,0
1771978500000000,1847.77000000,1852.17000000,1846.74000000,1847.01000000,1220.91220000,1771979399999999,2257289.16627600,27826,531.88290000,983566.23164900,0
1771979400000000,1847.02000000,1856.68000000,1847.02000000,1856.28000000,1901.21030000,1771980299999999,3521899.17038900,31561,1248.53260000,2313555.76282600,0
1771980300000000,1856.27000000,1856.27000000,1851.24000000,1851.98000000,887.09100000,1771981199999999,1644665.67619400,27853,413.23340000,766071.63616900,0
1771981200000000,1851.98000000,1917.75000000,1850.49000000,1904.02000000,25841.86240000,1771982099999999,48834781.80568200,222183,15017.54240000,28361448.25586200,0
1771982100000000,1904.02000000,1924.84000000,1898.76000000,1910.09000000,15432.61570000,1771982999999999,29518305.44956400,271780,7429.68480000,14220344.63200400,0
1771983000000000,1910.10000000,1922.56000000,1908.58000000,1913.26000000,6233.96610000,1771983899999999,11949308.85315200,128138,3220.84550000,6174729.08959900,0
1771983900000000,1913.26000000,1920.44000000,1912.96000000,1918.34000000,4565.54800000,1771984799999999,8755590.72401200,69357,2690.21260000,5159141.37722400,0
1771984800000000,1918.34000000,1944.86000000,1918.12000000,1934.90000000,17208.90620000,1771985699999999,33265963.23705500,179061,9090.55610000,17566113.01550100,0
1771985700000000,1934.90000000,1936.78000000,1928.20000000,1931.57000000,4401.57840000,1771986599999999,8502584.27735500,85604,2217.83300000,4284190.27422700,0
1771986600000000,1931.56000000,1933.62000000,1921.18000000,1922.70000000,3830.25720000,1771987499999999,7379772.61186000,62758,1671.63700000,3220560.55150400,0
1771987500000000,1922.70000000,1929.60000000,1919.20000000,1920.97000000,5469.54020000,1771988399999999,10530413.49690800,50657,3427.85210000,6602594.92487000,0
1771988400000000,1920.97000000,1922.81000000,1916.31000000,1917.44000000,3406.09840000,1771989299999999,6535293.05992800,59173,1468.00340000,2816959.02716800,0
1771989300000000,1917.44000000,1918.23000000,1905.96000000,1910.19000000,5227.01940000,1771990199999999,9984746.30121000,71567,2697.58110000,5151707.92319900,0
1771990200000000,1910.20000000,1911.97000000,1903.35000000,1907.56000000,4898.37220000,1771991099999999,9345039.11608300,75764,2284.76920000,4359961.23221700,0
1771991100000000,1907.56000000,1909.72000000,1905.02000000,1906.14000000,2921.97180000,1771991999999999,5574047.11146500,44253,1321.40820000,2520811.66594300,0
1771992000000000,1906.14000000,1907.49000000,1894.37000000,1905.77000000,5363.30540000,1771992899999999,10197804.60445000,84494,2543.30950000,4836451.51574800,0
1771992900000000,1905.78000000,1913.31000000,1903.55000000,1912.08000000,5946.98730000,1771993799999999,11358571.56297000,63618,3786.01900000,7231984.83653300,0
1771993800000000,1912.09000000,1914.35000000,1911.15000000,1913.51000000,2483.35570000,1771994699999999,4750907.94500700,43486,1342.33890000,2568146.17721800,0
1771994700000000,1913.52000000,1914.08000000,1905.98000000,1906.30000000,2296.76890000,1771995599999999,4383362.48012800,29639,915.61350000,1747532.42404400,0
1771995600000000,1906.31000000,1908.30000000,1901.73000000,1902.69000000,3177.18230000,1771996499999999,6054270.38201400,42039,1373.89880000,2618097.46696100,0
1771996500000000,1902.69000000,1903.96000000,1888.13000000,1893.28000000,5106.41750000,1771997399999999,9673075.75322400,71890,1951.30290000,3695972.07889100,0
1771997400000000,1893.28000000,1894.94000000,1878.02000000,1884.90000000,6514.98890000,1771998299999999,12278439.14247500,97251,2482.25480000,4678496.36722000,0
1771998300000000,1884.90000000,1892.62000000,1883.85000000,1887.98000000,3872.77670000,1771999199999999,7316864.01768700,55105,2206.03330000,4168163.12420000,0
1771999200000000,1887.98000000,1890.92000000,1887.59000000,1890.51000000,2474.92490000,1772000099999999,4677524.55970200,39635,1294.38230000,2446230.99957300,0
1772000100000000,1890.50000000,1896.71000000,1887.43000000,1892.49000000,2030.44250000,1772000999999999,3843706.25935900,47500,1268.57220000,2401548.66430300,0
1772001000000000,1892.48000000,1894.42000000,1891.17000000,1891.54000000,2251.19580000,1772001899999999,4261256.69444700,31854,1120.76900000,2121647.84895800,0
1772001900000000,1891.53000000,1891.74000000,1884.83000000,1885.05000000,3213.11190000,1772002799999999,6065283.84291200,29518,1056.25440000,1993400.92848500,0
1772002800000000,1885.06000000,1890.06000000,1882.44000000,1888.50000000,2769.85490000,1772003699999999,5225071.89465800,43015,1144.38980000,2158952.81115200,0
1772003700000000,1888.50000000,1893.73000000,1887.33000000,1891.86000000,2577.86550000,1772004599999999,4873298.85365900,35306,1449.53860000,2740492.88047800,0
1772004600000000,1891.85000000,1895.58000000,1888.26000000,1889.99000000,2390.46620000,1772005499999999,4521986.44282000,37501,1053.76910000,1993485.97819400,0
1772005500000000,1889.98000000,1894.39000000,1889.05000000,1893.31000000,2293.31480000,1772006399999999,4337272.34406800,21923,1049.59730000,1985400.28227000,0
1772006400000000,1893.32000000,1894.05000000,1890.27000000,1891.29000000,1742.16870000,1772007299999999,3295730.93434400,29394,998.39330000,1888619.10181900,0
1772007300000000,1891.28000000,1898.86000000,1890.62000000,1896.20000000,2176.31020000,1772008199999999,4125824.09282200,39230,1326.99070000,2515773.12420800,0
1772008200000000,1896.19000000,1907.40000000,1896.19000000,1905.86000000,4305.95300000,1772009099999999,8193409.46103700,51702,2796.51550000,5320694.13199700,0
1772009100000000,1905.85000000,1913.90000000,1903.61000000,1910.29000000,5100.86070000,1772009999999999,9735072.75335300,63216,2809.66160000,5361999.13219300,0
1772010000000000,1910.29000000,1917.83000000,1907.49000000,1914.12000000,3070.08560000,1772010899999999,5869632.34537600,60382,1671.83560000,3196671.51960200,0
1772010900000000,1914.12000000,1916.42000000,1911.02000000,1913.00000000,3344.20840000,1772011799999999,6398433.61476500,48790,1377.16510000,2634917.66227500,0
1772011800000000,1913.00000000,1913.19000000,1908.07000000,1910.86000000,3079.35870000,1772012699999999,5883931.04115500,35405,1280.15640000,2445792.96651400,0
1772012700000000,1910.86000000,1916.09000000,1910.39000000,1915.19000000,2631.15840000,1772013599999999,5034996.59889800,33072,1124.46850000,2151871.89002700,0
1772013600000000,1915.18000000,1918.25000000,1912.75000000,1917.59000000,2566.87170000,1772014499999999,4916226.18173900,47789,1184.31600000,2268295.63097400,0
1772014500000000,1917.58000000,1923.43000000,1911.97000000,1912.66000000,4212.84790000,1772015399999999,8079076.19818300,50364,2130.10510000,4085864.18816600,0
1772015400000000,1912.66000000,1915.76000000,1911.52000000,1914.80000000,1496.92710000,1772016299999999,2864384.86233300,28804,698.58740000,1336805.34103400,0
1772016300000000,1914.80000000,1916.62000000,1910.22000000,1912.61000000,2116.88490000,1772017199999999,4050915.55919900,32088,929.86730000,1779432.61070000,0
1772017200000000,1912.62000000,1918.80000000,1907.76000000,1915.06000000,3578.50970000,1772018099999999,6846064.77248200,45256,2200.00670000,4209422.35685400,0
1772018100000000,1915.06000000,1922.34000000,1914.08000000,1919.75000000,3271.69480000,1772018999999999,6276180.59743900,43776,1426.27580000,2736758.02404600,0
1772019000000000,1919.75000000,1925.42000000,1919.32000000,1923.06000000,3470.43310000,1772019899999999,6672554.44832400,52440,1812.31520000,3484959.48221000,0
1772019900000000,1923.06000000,1928.45000000,1921.68000000,1926.48000000,3362.07570000,1772020799999999,6470588.30738900,32635,1422.29620000,2737236.82218600,0
1772020800000000,1926.48000000,1929.44000000,1922.28000000,1928.51000000,3614.41270000,1772021699999999,6963973.09695100,65368,1939.57480000,3737136.67836400,0
1772021700000000,1928.51000000,1942.00000000,1926.77000000,1938.35000000,7822.08770000,1772022599999999,15143057.50731400,100961,4740.27310000,9176973.82050500,0
1772022600000000,1938.35000000,1943.76000000,1937.10000000,1939.05000000,4766.63110000,1772023499999999,9245789.88115400,67530,2139.51000000,4149768.06362900,0
1772023500000000,1939.05000000,1956.79000000,1938.36000000,1953.43000000,12263.11180000,1772024399999999,23920772.88965100,112397,8258.10480000,16110946.08569000,0
1772024400000000,1953.44000000,1961.66000000,1952.47000000,1956.17000000,8306.07280000,1772025299999999,16257203.47757100,100491,4199.06620000,8219163.64040500,0
1772025300000000,1956.16000000,1966.60000000,1953.34000000,1962.39000000,7353.50950000,1772026199999999,14415280.24294100,85935,3556.31300000,6973231.43498200,0
1772026200000000,1962.38000000,1969.72000000,1960.80000000,1964.88000000,5478.49200000,1772027099999999,10763322.48730300,80142,2425.95650000,4765863.90639200,0
1772027100000000,1964.87000000,1976.89000000,1963.19000000,1964.57000000,8706.16560000,1772027999999999,17145305.54702100,104255,4556.00700000,8975226.10604300,0
1772028000000000,1964.57000000,1970.47000000,1964.57000000,1969.37000000,4620.39510000,1772028899999999,9091880.78422800,74032,2227.67850000,4384323.03957900,0
1772028900000000,1969.36000000,1975.85000000,1967.82000000,1972.13000000,4165.62880000,1772029799999999,8212640.25918500,73655,2155.39670000,4249239.82707500,0
1772029800000000,1972.12000000,1983.50000000,1962.14000000,1968.68000000,15172.36600000,1772030699999999,29927120.67798700,237640,6937.37220000,13689595.31037300,0
1772030700000000,1968.68000000,2001.65000000,1968.43000000,1997.38000000,22670.61130000,1772031599999999,45080690.69895300,271468,13501.78740000,26838841.40806700,0
1772031600000000,1997.38000000,2007.46000000,1986.72000000,1989.63000000,14381.78050000,1772032499999999,28726258.44674600,246105,6328.39530000,12640918.95566800,0
1772032500000000,1989.64000000,2002.58000000,1987.82000000,2000.53000000,7550.60110000,1772033399999999,15059646.62853000,140678,3806.25500000,7594083.47279200,0
1772033400000000,2000.54000000,2026.34000000,1997.15000000,2023.20000000,19800.39620000,1772034299999999,39911029.10907700,254067,10209.14920000,20578549.05335600,0
1772034300000000,2023.20000000,2028.70000000,2007.88000000,2013.73000000,12373.22260000,1772035199999999,24978289.75823700,177695,5625.35610000,11355654.79211400,0
1772035200000000,2013.69000000,2022.92000000,2013.36000000,2019.27000000,9612.01050000,1772036099999999,19400083.10403300,139964,4302.43640000,8684614.00790300,0
1772036100000000,2019.26000000,2042.70000000,2019.17000000,2030.86000000,14942.03630000,1772036999999999,30378273.53716700,198685,8142.29620000,16552163.15549200,0
1772037000000000,2030.87000000,2035.81000000,2026.51000000,2034.60000000,7266.08950000,1772037899999999,14761314.79067000,117156,3923.52660000,7970371.27467700,0
1772037900000000,2034.61000000,2049.18000000,2034.61000000,2046.33000000,9995.72560000,1772038799999999,20415760.58535100,130792,4859.05610000,9925180.02636300,0
1772038800000000,2046.34000000,2073.00000000,2044.28000000,2065.38000000,21179.08600000,1772039699999999,43641385.82313600,253049,10767.35410000,22181365.13361700,0
1772039700000000,2065.38000000,2069.37000000,2055.32000000,2065.99000000,11827.09910000,1772040599999999,24385615.97783700,160394,4663.29000000,9618163.66493500,0
1772040600000000,2066.00000000,2078.00000000,2059.82000000,2076.77000000,9951.88550000,1772041499999999,20600371.36677200,149727,5062.74300000,10480733.71602800,0
1772041500000000,2076.77000000,2086.17000000,2069.44000000,2073.90000000,9437.55170000,1772042399999999,19605588.72990100,122995,4624.24990000,9608127.08630000,0
1772042400000000,2073.90000000,2074.66000000,2056.93000000,2068.91000000,9330.93260000,1772043299999999,19268588.32546800,139082,3810.17210000,7868637.94726400,0
1772043300000000,2068.91000000,2081.20000000,2061.47000000,2077.24000000,9187.04570000,1772044199999999,19023250.99585300,126243,4939.69660000,10230829.11569400,0
1772044200000000,2077.25000000,2077.98000000,2069.97000000,2070.98000000,6161.74360000,1772045099999999,12775626.76291800,114559,2874.71650000,5960850.39817100,0
1772045100000000,2070.97000000,2075.66000000,2065.37000000,2074.12000000,5986.90980000,1772045999999999,12403831.67700200,77552,3058.46090000,6336216.48259500,0
1772046000000000,2074.11000000,2074.90000000,2060.05000000,2066.26000000,7801.18870000,1772046899999999,16137147.44878800,101463,2544.80840000,5264241.20355100,0
1772046900000000,2066.27000000,2070.00000000,2064.00000000,2067.64000000,4901.76450000,1772047799999999,10132869.57206200,79144,2174.57310000,4495424.68438800,0
1772047800000000,2067.65000000,2068.27000000,2060.06000000,2066.42000000,4038.50160000,1772048699999999,8335267.58734600,58368,1761.34130000,3635407.52126600,0
1772048700000000,2066.41000000,2073.18000000,2065.24000000,2071.10000000,3407.18970000,1772049599999999,7051803.76168200,57099,1676.28250000,3469835.24643600,0
1772049600000000,2071.10000000,2074.20000000,2062.01000000,2063.12000000,5346.17400000,1772050499999999,11052201.83462600,66734,2478.00340000,5122550.97145400,0
1772050500000000,2063.13000000,2068.39000000,2059.59000000,2059.68000000,4206.14840000,1772051399999999,8680642.37281100,57270,1916.91570000,3956759.62310500,0
1772051400000000,2059.67000000,2071.44000000,2058.37000000,2069.88000000,7490.17660000,1772052299999999,15472709.21418300,80837,4996.26010000,10317094.14617400,0
1772052300000000,2069.89000000,2083.99000000,2069.43000000,2075.00000000,11383.05020000,1772053199999999,23640338.30912000,125278,5406.12250000,11228545.96898400,0
1772053200000000,2074.99000000,2078.03000000,2070.47000000,2071.98000000,3333.59390000,1772054099999999,6914398.47452700,83273,1431.74430000,2969698.54488500,0
1772054100000000,2071.97000000,2077.03000000,2067.41000000,2067.76000000,4260.42670000,1772054999999999,8831207.37372600,59674,1780.22760000,3691115.16679600,0
1772055000000000,2067.76000000,2148.39000000,2065.84000000,2111.40000000,52122.21680000,1772055899999999,109935354.97397200,400592,30771.28190000,64828747.71568200,0
1772055900000000,2111.39000000,2112.74000000,2093.12000000,2100.33000000,13214.81300000,1772056799999999,27774070.28734700,184386,5991.70490000,12594087.26582700,0
1772056800000000,2100.33000000,2115.41000000,2100.33000000,2109.82000000,7927.08010000,1772057699999999,16726330.16869800,116051,3913.43700000,8257663.73442500,0
1772057700000000,2109.81000000,2112.55000000,2098.31000000,2099.85000000,10136.19710000,1772058599999999,21357927.68872900,68964,3194.85350000,6725452.76214900,0
1772058600000000,2099.85000000,2105.52000000,2084.10000000,2090.06000000,9259.94190000,1772059499999999,19394878.59425300,94652,4283.02830000,8973570.15699100,0
1772059500000000,2090.06000000,2094.69000000,2073.79000000,2083.15000000,7663.36950000,1772060399999999,15948609.16414600,92975,3028.46880000,6303093.59550200,0
1772060400000000,2083.14000000,2087.00000000,2073.96000000,2081.70000000,4545.13920000,1772061299999999,9458746.26526600,77592,2157.08530000,4489414.60824600,0
1772061300000000,2081.70000000,2081.70000000,2067.00000000,2069.58000000,6127.09750000,1772062199999999,12696964.49896200,77752,2526.15970000,5234717.03541600,0
1772062200000000,2069.58000000,2071.70000000,2034.39000000,2042.14000000,14705.59130000,1772063099999999,30177885.14932500,175850,6508.02400000,13349550.61480200,0
1772063100000000,2042.14000000,2057.77000000,2038.07000000,2057.48000000,7637.58140000,1772063999999999,15650662.29237700,137148,4608.70060000,9445897.48505700,0
1772064000000000,2057.48000000,2066.43000000,2047.83000000,2062.75000000,6500.84590000,1772064899999999,13374452.54077500,143707,3686.39480000,7587176.47634800,0
1772064900000000,2062.75000000,2076.60000000,2062.62000000,2067.64000000,7351.93160000,1772065799999999,15220049.28533800,117792,3995.28620000,8271918.38277000,0
1772065800000000,2067.64000000,2074.74000000,2051.37000000,2058.42000000,5905.24630000,1772066699999999,12175854.05711100,125463,2617.67430000,5400898.58714000,0
1772066700000000,2058.43000000,2063.78000000,2056.08000000,2062.36000000,2526.17460000,1772067599999999,5204429.83827400,72596,1453.24730000,2993876.87721600,0
1772067600000000,2062.36000000,2066.95000000,2054.20000000,2062.48000000,5389.46720000,1772068499999999,11110960.27743200,103092,2486.57590000,5127166.45439900,0
1772068500000000,2062.47000000,2063.16000000,2054.68000000,2055.87000000,2688.56400000,1772069399999999,5536994.17504100,67575,1345.79670000,2771893.91559400,0
1772069400000000,2055.87000000,2064.84000000,2049.74000000,2057.88000000,3243.46640000,1772070299999999,6670252.01524100,67109,1619.13360000,3330969.59534700,0
1772070300000000,2057.88000000,2061.23000000,2052.57000000,2058.34000000,3685.45690000,1772071199999999,7580666.97062200,56698,1884.03470000,3875518.13398100,0
1772071200000000,2058.35000000,2059.06000000,2039.37000000,2041.95000000,4498.29530000,1772072099999999,9206661.40593100,105014,1727.36980000,3535265.99186600,0
1772072100000000,2041.96000000,2053.80000000,2041.53000000,2045.66000000,2823.54820000,1772072999999999,5779920.45973600,71928,1296.49650000,2655357.40555900,0
1772073000000000,2045.66000000,2055.62000000,2045.66000000,2054.44000000,3018.47140000,1772073899999999,6191210.42340600,58838,1822.51050000,3738218.38498500,0
1772073900000000,2054.44000000,2056.41000000,2049.36000000,2053.28000000,2028.47100000,1772074799999999,4163779.49790000,44421,1170.57480000,2402909.65725800,0
1772074800000000,2053.28000000,2056.49000000,2047.35000000,2050.46000000,3259.72150000,1772075699999999,6687385.74847200,57257,1356.79160000,2783844.33050900,0
1772075700000000,2050.46000000,2052.35000000,2048.25000000,2051.32000000,1375.64020000,1772076599999999,2821110.85265300,38309,881.02580000,1806856.84638500,0
1772076600000000,2051.31000000,2059.35000000,2049.85000000,2056.69000000,2842.19420000,1772077499999999,5842005.40012300,58655,1402.54490000,2883069.11961200,0
1772077500000000,2056.68000000,2058.26000000,2054.47000000,2054.55000000,1899.81820000,1772078399999999,3906562.07012400,33223,957.72190000,1969591.01008000,0
1772078400000000,2054.55000000,2067.99000000,2051.92000000,2062.51000000,6073.60820000,1772079299999999,12527344.44031200,66278,4584.00530000,9456198.73928400,0
1772079300000000,2062.51000000,2065.87000000,2057.60000000,2064.83000000,3891.52490000,1772080199999999,8028574.19221600,47744,2623.98170000,5414600.90280700,0
1772080200000000,2064.83000000,2082.81000000,2064.35000000,2076.04000000,10670.99490000,1772081099999999,22148342.65644100,114613,7414.16160000,15386908.01779200,0
1772081100000000,2076.04000000,2079.66000000,2073.69000000,2075.01000000,2937.39740000,1772081999999999,6100791.95481000,49469,1864.18770000,3871982.11292400,0
1772082000000000,2075.00000000,2075.55000000,2059.87000000,2062.69000000,3252.43860000,1772082899999999,6727693.20910200,83571,1125.17510000,2327931.65242200,0
1772082900000000,2062.68000000,2066.92000000,2056.70000000,2064.26000000,3652.28980000,1772083799999999,7528246.27366300,86656,2007.54740000,4138246.56613900,0
1772083800000000,2064.26000000,2067.19000000,2059.07000000,2065.16000000,2524.27720000,1772084699999999,5208114.46868700,56631,1188.31020000,2451769.47958100,0
1772084700000000,2065.16000000,2069.16000000,2062.89000000,2066.13000000,2443.46490000,1772085599999999,5049629.66235000,41679,1223.70730000,2528877.44706400,0
1772085600000000,2066.13000000,2076.50000000,2060.54000000,2073.51000000,3901.79310000,1772086499999999,8068210.69014000,68871,2282.37510000,4719518.21239000,0
1772086500000000,2073.51000000,2073.99000000,2064.48000000,2064.48000000,2664.73880000,1772087399999999,5515140.29358300,50976,845.89210000,1751140.99613700,0
1772087400000000,2064.48000000,2065.68000000,2061.21000000,2061.73000000,3570.05060000,1772088299999999,7364283.03587000,49398,1396.37140000,2880502.06283100,0
1772088300000000,2061.72000000,2066.76000000,2059.54000000,2062.54000000,2779.39750000,1772089199999999,5733256.65501600,48432,1366.44600000,2818968.82133000,0
1772089200000000,2062.54000000,2068.29000000,2061.96000000,2065.42000000,2708.70400000,1772090099999999,5594162.71532800,45093,1068.22440000,2206097.60296100,0
1772090100000000,2065.43000000,2066.26000000,2060.94000000,2063.45000000,2288.84370000,1772090999999999,4723249.66242200,40398,785.41900000,1620807.61887400,0
1772091000000000,2063.44000000,2064.00000000,2055.91000000,2058.25000000,3852.97440000,1772091899999999,7933919.32063900,51106,1277.53510000,2631562.61736500,0
1772091900000000,2058.24000000,2059.71000000,2051.55000000,2053.37000000,4076.11300000,1772092799999999,8378893.38058800,41064,1244.20560000,2557646.60070200,0
1772092800000000,2053.36000000,2056.36000000,2046.70000000,2052.32000000,5406.36790000,1772093699999999,11092696.78282600,59914,2257.32360000,4633445.77093600,0
1772093700000000,2052.31000000,2059.00000000,2045.20000000,2048.51000000,4387.43610000,1772094599999999,9000568.74364600,74609,2033.42370000,4171615.12806500,0
1772094600000000,2048.49000000,2052.83000000,2044.36000000,2049.55000000,5820.53440000,1772095499999999,11925853.38218600,72049,3587.71390000,7350777.82588900,0
1772095500000000,2049.56000000,2058.09000000,2048.03000000,2054.43000000,3014.47270000,1772096399999999,6191915.20272700,56135,1644.24620000,3377857.76812900,0
1772096400000000,2054.43000000,2073.33000000,2052.79000000,2069.50000000,6269.13240000,1772097299999999,12931766.83293300,74436,3630.18160000,7491049.25311000,0
1772097300000000,2069.50000000,2070.87000000,2064.44000000,2065.67000000,2744.84530000,1772098199999999,5674582.19255900,43093,1198.22940000,2477462.21457600,0
1772098200000000,2065.66000000,2078.24000000,2064.18000000,2073.27000000,4824.17280000,1772099099999999,9998295.27242000,60949,3349.02720000,6940184.66204200,0
1772099100000000,2073.27000000,2075.71000000,2071.76000000,2074.94000000,2558.95760000,1772099999999999,5307936.89929200,39067,1649.17320000,3420696.60443400,0
1772100000000000,2074.93000000,2083.33000000,2073.79000000,2074.05000000,3601.88110000,1772100899999999,7483327.25226600,73551,2075.02650000,4311710.54284200,0
1772100900000000,2074.04000000,2074.05000000,2066.24000000,2066.57000000,2569.24270000,1772101799999999,5320999.87377100,58135,862.45430000,1786374.10726600,0
1772101800000000,2066.58000000,2072.30000000,2064.54000000,2072.30000000,3546.86950000,1772102699999999,7338995.13311700,53089,1610.12140000,3331372.44898800,0
1772102700000000,2072.29000000,2073.02000000,2062.19000000,2065.31000000,2059.51130000,1772103599999999,4255231.39986700,50484,1101.61070000,2276533.62464100,0
1772103600000000,2065.31000000,2067.45000000,2061.00000000,2064.46000000,1854.03780000,1772104499999999,3827730.78121300,51920,893.72940000,1845231.70013100,0
1772104500000000,2064.45000000,2064.73000000,2057.32000000,2059.24000000,2517.42700000,1772105399999999,5184629.74398500,45019,950.81960000,1958531.80060600,0
1772105400000000,2059.24000000,2062.41000000,2058.00000000,2059.24000000,4103.32740000,1772106299999999,8453615.50425700,34651,650.05740000,1339241.11383700,0
1772106300000000,2059.24000000,2059.61000000,2053.46000000,2057.66000000,2226.04320000,1772107199999999,4576217.37526900,41091,1259.81340000,2589942.41266400,0
1772107200000000,2057.65000000,2064.84000000,2055.53000000,2062.86000000,2021.08520000,1772108099999999,4166323.82374100,45031,1418.64850000,2924365.06397600,0
1772108100000000,2062.86000000,2068.62000000,2061.93000000,2065.23000000,2565.40050000,1772108999999999,5299561.89960500,46132,1467.05500000,3030154.88906800,0
1772109000000000,2065.23000000,2069.99000000,2062.87000000,2065.90000000,2274.85110000,1772109899999999,4701297.11940000,46324,1499.76480000,3099592.52204000,0
1772109900000000,2065.89000000,2071.76000000,2062.59000000,2070.00000000,1956.89830000,1772110799999999,4047026.25004500,47313,1158.33270000,2395853.96231700,0
1772110800000000,2069.99000000,2070.48000000,2063.32000000,2065.17000000,1425.87910000,1772111699999999,2946923.13474200,43178,663.44660000,1371264.48087300,0
1772111700000000,2065.18000000,2072.41000000,2061.09000000,2071.96000000,3626.08650000,1772112599999999,7495160.39799600,54410,2392.15860000,4946927.86283600,0
1772112600000000,2071.95000000,2071.95000000,2066.69000000,2068.23000000,3024.94930000,1772113499999999,6257445.38090900,49702,2200.06200000,4550973.14415200,0
1772113500000000,2068.23000000,2073.95000000,2063.08000000,2065.23000000,2382.55190000,1772114399999999,4926878.11388000,53950,1330.59160000,2751831.80161200,0
1772114400000000,2065.22000000,2068.74000000,2058.14000000,2066.12000000,4693.93510000,1772115299999999,9684186.80299100,73457,2348.05310000,4845354.91849400,0
1772115300000000,2066.12000000,2071.35000000,2062.64000000,2069.37000000,5484.74880000,1772116199999999,11344257.33838200,53676,4336.25540000,8970067.82265900,0
1772116200000000,2069.36000000,2077.81000000,2054.59000000,2059.67000000,11903.46180000,1772117099999999,24595237.89708300,283271,5683.19910000,11744813.39383000,0
1772117100000000,2059.67000000,2060.92000000,2034.63000000,2051.19000000,16444.29080000,1772117999999999,33639637.74365900,269767,6691.66730000,13688477.93449400,0
1772118000000000,2051.19000000,2053.43000000,2038.47000000,2042.44000000,7527.07400000,1772118899999999,15411625.38214200,135358,3701.23940000,7579211.98330600,0
1772118900000000,2042.45000000,2042.53000000,2016.46000000,2022.79000000,23919.64750000,1772119799999999,48436898.47058500,265598,11360.33930000,22998751.65231000,0
1772119800000000,2022.78000000,2033.71000000,2011.56000000,2028.82000000,13230.23200000,1772120699999999,26757072.91488000,187806,6194.15370000,12532635.86257800,0
1772120700000000,2028.84000000,2037.55000000,2022.92000000,2033.34000000,8927.73480000,1772121599999999,18137677.03402200,133549,4537.55060000,9219264.80540000,0
1772121600000000,2033.34000000,2037.74000000,2020.50000000,2026.62000000,6214.73960000,1772122499999999,12604529.02504100,126162,2752.33340000,5582396.71164200,0
1772122500000000,2026.63000000,2037.78000000,2025.66000000,2033.53000000,4849.27610000,1772123399999999,9848377.06413600,107943,2908.19940000,5907294.35408300,0
1772123400000000,2033.52000000,2034.96000000,2007.94000000,2011.75000000,9639.68600000,1772124299999999,19441903.43651800,151634,4396.79890000,8868236.18952200,0
1772124300000000,2011.76000000,2012.44000000,1978.77000000,1983.80000000,25880.05490000,1772125199999999,51558523.64628200,270907,11502.87640000,22913505.59356800,0
1772125200000000,1983.80000000,1997.02000000,1982.30000000,1989.56000000,8134.33690000,1772126099999999,16188851.25204500,162519,4855.80420000,9664688.96848000,0
1772126100000000,1989.57000000,1998.98000000,1986.24000000,1992.35000000,6846.99300000,1772126999999999,13635536.38241400,97820,3384.51190000,6741554.38624300,0
1772127000000000,1992.35000000,1997.37000000,1984.60000000,1988.03000000,3904.14640000,1772127899999999,7774475.63725300,80555,1768.18950000,3521078.96876900,0
1772127900000000,1988.02000000,1990.91000000,1982.67000000,1988.43000000,3424.56280000,1772128799999999,6807581.31844700,71446,1781.35360000,3541514.43621200,0
1772128800000000,1988.42000000,1992.22000000,1975.35000000,1983.33000000,7817.71010000,1772129699999999,15492949.99560800,118557,4201.89160000,8327198.32321400,0
1772129700000000,1983.32000000,1994.80000000,1982.16000000,1986.86000000,5858.49580000,1772130599999999,11649160.92873500,84659,3198.33300000,6359526.31212700,0
1772130600000000,1986.86000000,2009.45000000,1986.01000000,2008.33000000,7999.40650000,1772131499999999,16004660.75226800,119096,5165.36790000,10333939.89131200,0
1772131500000000,2008.33000000,2008.56000000,2000.86000000,2004.23000000,2095.55590000,1772132399999999,4200004.50924400,63135,941.18200000,1886429.43303700,0
1772132400000000,2004.23000000,2033.00000000,2003.58000000,2020.15000000,14838.44760000,1772133299999999,29959896.79974100,126034,7912.98210000,15963137.94310800,0
1772133300000000,2020.15000000,2032.55000000,2020.15000000,2025.83000000,5354.46710000,1772134199999999,10851095.63804800,82603,3533.10530000,7160016.56091400,0
1772134200000000,2025.82000000,2029.83000000,2020.77000000,2022.32000000,3173.10960000,1772135099999999,6427355.53760600,54156,1498.30950000,3035549.15532300,0
1772135100000000,2022.33000000,2034.40000000,2022.33000000,2030.14000000,3591.76860000,1772135999999999,7289521.44402300,55102,2128.71420000,4319965.52939700,0
1772136000000000,2030.13000000,2042.75000000,2029.80000000,2033.12000000,6920.97200000,1772136899999999,14104219.01098100,66021,4752.12510000,9686943.68505500,0
1772136900000000,2033.12000000,2037.99000000,2027.45000000,2028.07000000,4880.84560000,1772137799999999,9926299.43980200,54299,1021.16370000,2075829.26582300,0
1772137800000000,2028.08000000,2031.38000000,2024.56000000,2029.06000000,2086.48010000,1772138699999999,4229798.47664400,44634,1121.50370000,2273487.97688700,0
1772138700000000,2029.06000000,2029.69000000,2021.64000000,2023.67000000,2161.83530000,1772139599999999,4378235.86731000,47483,917.88200000,1859016.78287400,0
1772139600000000,2023.67000000,2029.45000000,2018.33000000,2023.99000000,1872.01390000,1772140499999999,3787603.83621600,46270,928.69340000,1879374.41391500,0
1772140500000000,2024.00000000,2031.80000000,2023.19000000,2031.74000000,1165.98750000,1772141399999999,2364570.55593100,32129,779.88340000,1581678.22877200,0
1772141400000000,2031.74000000,2031.75000000,2025.41000000,2029.26000000,884.44980000,1772142299999999,1794140.55358700,21047,327.95430000,665236.53940500,0
1772142300000000,2029.26000000,2034.99000000,2027.63000000,2030.36000000,1563.89690000,1772143199999999,3176346.42098500,32945,883.07640000,1793702.18499400,0
1772143200000000,2030.36000000,2034.57000000,2027.26000000,2032.47000000,1462.28140000,1772144099999999,2968871.94226700,17463,696.19050000,1413681.23200500,0
1772144100000000,2032.47000000,2033.14000000,2027.44000000,2029.68000000,523.11950000,1772144999999999,1061788.02967700,16915,198.15870000,402242.27728800,0
1772145000000000,2029.68000000,2036.55000000,2029.11000000,2036.55000000,1383.87260000,1772145899999999,2813837.75343100,18846,942.74770000,1916782.55145700,0
1772145900000000,2036.55000000,2037.51000000,2031.32000000,2033.29000000,1027.12920000,1772146799999999,2089232.65100800,24384,629.52220000,1280532.89427500,0
1772146800000000,2033.29000000,2033.29000000,2024.38000000,2029.73000000,1829.87590000,1772147699999999,3711239.50871700,40924,615.42340000,1248261.71119700,0
1772147700000000,2029.74000000,2033.64000000,2027.22000000,2031.33000000,773.30510000,1772148599999999,1570106.82929200,19996,365.27500000,741576.60619000,0
1772148600000000,2031.33000000,2032.27000000,2026.25000000,2027.31000000,1167.46380000,1772149499999999,2368927.56357100,25446,466.84280000,947147.24197400,0
1772149500000000,2027.31000000,2029.55000000,2024.67000000,2027.68000000,1218.06130000,1772150399999999,2468991.72961900,20816,469.32120000,951357.93551200,0
1772150400000000,2027.68000000,2030.86000000,2023.50000000,2025.96000000,1881.20950000,1772151299999999,3813784.42984900,41030,867.65260000,1759560.45442100,0
1772151300000000,2025.95000000,2027.06000000,2018.09000000,2022.57000000,1863.66750000,1772152199999999,3768914.82904500,39998,683.80140000,1382815.74952700,0
1772152200000000,2022.57000000,2024.16000000,2013.85000000,2014.00000000,1698.80860000,1772153099999999,3427632.51065000,48250,735.75580000,1484553.82186900,0
1772153100000000,2014.00000000,2018.20000000,2008.34000000,2014.79000000,2126.90890000,1772153999999999,4280781.22344600,45933,853.41450000,1717541.23543200,0
1772154000000000,2014.79000000,2015.60000000,2000.02000000,2008.50000000,3222.72180000,1772154899999999,6464066.95000100,55680,985.39160000,1977725.26782400,0
1772154900000000,2008.51000000,2012.39000000,2004.13000000,2008.56000000,2223.42110000,1772155799999999,4465498.43258600,45383,907.76480000,1823136.01750700,0
1772155800000000,2008.55000000,2019.52000000,2007.08000000,2012.54000000,15437.61500000,1772156699999999,31114923.43793400,100539,8033.65440000,16192278.07425400,0
1772156700000000,2012.57000000,2022.60000000,2010.81000000,2021.90000000,7797.75170000,1772157599999999,15706317.66639900,68950,4028.49650000,8114980.43002200,0
1772157600000000,2021.89000000,2026.61000000,2019.94000000,2021.20000000,1697.89500000,1772158499999999,3435290.47429300,51834,1053.85060000,2132199.07364300,0
1772158500000000,2021.19000000,2034.00000000,2019.37000000,2026.29000000,3931.04810000,1772159399999999,7970568.26326400,53637,2583.53460000,5239423.21244200,0
1772159400000000,2026.28000000,2034.52000000,2026.23000000,2029.64000000,2094.17160000,1772160299999999,4251050.24158500,36056,1287.31900000,2613319.63634800,0
1772160300000000,2029.64000000,2031.33000000,2025.40000000,2026.00000000,1262.59300000,1772161199999999,2560945.42432200,31694,607.73160000,1232705.09648700,0
1772161200000000,2026.01000000,2027.29000000,2020.35000000,2021.69000000,1726.09790000,1772162099999999,3492149.95673500,29966,774.80480000,1567574.36779600,0
1772162100000000,2021.69000000,2024.70000000,2019.50000000,2020.79000000,970.72350000,1772162999999999,1963070.51752800,22540,611.73570000,1237258.90203300,0
1772163000000000,2020.80000000,2031.00000000,2020.80000000,2030.60000000,1922.96490000,1772163899999999,3898517.48251800,32152,1217.43100000,2468375.74845200,0
1772163900000000,2030.60000000,2049.48000000,2028.06000000,2045.39000000,4602.00980000,1772164799999999,9394545.85352700,54814,2800.13950000,5715247.27703000,0
1772164800000000,2045.39000000,2059.17000000,2043.14000000,2052.88000000,7248.80310000,1772165699999999,14872130.87084600,89401,4341.72050000,8908363.05483800,0
1772165700000000,2052.88000000,2063.52000000,2052.44000000,2056.65000000,7273.66780000,1772166599999999,14983230.81265300,71517,4947.58880000,10194377.93708000,0
1772166600000000,2056.65000000,2057.55000000,2045.52000000,2047.16000000,3048.35010000,1772167499999999,6246879.87413900,42410,966.53880000,1980290.45862200,0
1772167500000000,2047.16000000,2050.15000000,2039.84000000,2042.64000000,4114.24250000,1772168399999999,8414213.14890400,38195,1435.82120000,2937387.78286600,0
1772168400000000,2042.64000000,2048.84000000,2042.03000000,2046.50000000,2230.61600000,1772169299999999,4562119.04114300,30812,741.19810000,1515946.77010000,0
1772169300000000,2046.50000000,2049.43000000,2038.71000000,2044.40000000,2653.23580000,1772170199999999,5420614.08975300,34530,941.07510000,1923557.85186100,0
1772170200000000,2044.39000000,2047.34000000,2043.54000000,2046.10000000,1266.73250000,1772171099999999,2591265.75811100,18914,642.40500000,1314179.19838700,0
1772171100000000,2046.09000000,2046.65000000,2040.33000000,2041.61000000,1744.84870000,1772171999999999,3565585.38546400,20497,655.81800000,1340335.98657500,0
1772172000000000,2041.60000000,2042.95000000,2036.09000000,2037.41000000,2508.40630000,1772172899999999,5114503.45462800,23103,863.22700000,1760130.99732100,0
1772172900000000,2037.41000000,2039.19000000,2027.53000000,2032.50000000,6197.51670000,1772173799999999,12594774.18722600,42034,1109.75220000,2256316.44573100,0
1772173800000000,2032.50000000,2039.62000000,2031.66000000,2037.17000000,1998.58800000,1772174699999999,4068639.36775100,27717,825.05980000,1679725.49371400,0
1772174700000000,2037.17000000,2039.62000000,2034.41000000,2035.91000000,2437.99430000,1772175599999999,4965165.22523900,26198,1032.02370000,2101818.26253800,0
1772175600000000,2035.92000000,2041.43000000,2033.62000000,2037.19000000,2206.72780000,1772176499999999,4494681.30367100,27213,670.18540000,1365229.06910300,0
1772176500000000,2037.20000000,2037.20000000,2030.00000000,2030.84000000,2203.84380000,1772177399999999,4481719.42373200,27681,554.62530000,1128073.90727700,0
1772177400000000,2030.85000000,2032.92000000,2022.16000000,2024.89000000,8691.01660000,1772178299999999,17620737.57834200,41732,3187.67410000,6462697.33902500,0
1772178300000000,2024.89000000,2033.92000000,2023.20000000,2032.69000000,7263.29230000,1772179199999999,14738273.87519300,29377,4914.12250000,9971352.84250500,0
1772179200000000,2032.69000000,2045.93000000,2031.39000000,2039.02000000,4884.93120000,1772180099999999,9957347.15082600,40251,2628.89700000,5359050.20877900,0
1772180100000000,2039.03000000,2040.89000000,2034.53000000,2037.36000000,2194.29760000,1772180999999999,4470782.10245400,22460,803.81040000,1637664.48986900,0
1772181000000000,2037.36000000,2042.09000000,2028.08000000,2033.83000000,3642.66040000,1772181899999999,7403501.87679900,27659,848.77990000,1726257.60760100,0
1772181900000000,2033.84000000,2036.40000000,2030.45000000,2033.38000000,2244.11230000,1772182799999999,4563942.48298200,17784,978.92720000,1991262.86352800,0
1772182800000000,2033.39000000,2036.95000000,2032.02000000,2036.35000000,2745.88500000,1772183699999999,5585048.40375300,26160,1026.10660000,2087067.71842200,0
1772183700000000,2036.35000000,2042.43000000,2031.75000000,2037.83000000,2336.07120000,1772184599999999,4758268.76252000,29880,1252.01670000,2550189.64598100,0
1772184600000000,2037.84000000,2038.75000000,2018.29000000,2019.92000000,4553.99440000,1772185499999999,9236792.81852200,41790,1702.21100000,3454140.74439800,0
1772185500000000,2019.92000000,2019.92000000,2008.41000000,2010.01000000,5644.53380000,1772186399999999,11371080.64717600,64286,2177.94830000,4387757.16830700,0
1772186400000000,2010.00000000,2013.69000000,1984.35000000,1986.58000000,15546.04070000,1772187299999999,31046470.58848200,99883,7386.41500000,14737583.93562400,0
1772187300000000,1986.58000000,1997.51000000,1985.84000000,1991.63000000,6869.41460000,1772188199999999,13687281.70092000,53916,2938.27140000,5854411.83967900,0
1772188200000000,1991.62000000,1999.58000000,1991.01000000,1993.14000000,3642.25120000,1772189099999999,7264750.38667900,32510,2075.54430000,4140204.84371800,0
1772189100000000,1993.14000000,1993.38000000,1978.39000000,1980.80000000,6111.83770000,1772189999999999,12127120.20298800,53894,2215.18360000,4395411.56706100,0
1772190000000000,1980.80000000,1984.12000000,1979.98000000,1982.26000000,3910.76740000,1772190899999999,7750042.05839000,36741,1822.03370000,3610771.88502100,0
1772190900000000,1982.26000000,1982.26000000,1966.72000000,1974.78000000,11674.34210000,1772191799999999,23040473.57209400,73513,5915.67900000,11673829.21777100,0
1772191800000000,1974.78000000,1975.21000000,1954.75000000,1957.02000000,10558.18870000,1772192699999999,20737780.34621300,75423,4883.75490000,9591730.41882000,0
1772192700000000,1957.01000000,1965.57000000,1953.37000000,1962.08000000,5981.95700000,1772193599999999,11726822.63137800,45778,3613.83310000,7085294.09844100,0
1772193600000000,1962.08000000,1965.35000000,1956.42000000,1960.95000000,5813.41190000,1772194499999999,11401253.42830100,41009,3539.90610000,6942986.38157700,0
1772194500000000,1960.95000000,1969.00000000,1955.52000000,1962.61000000,4378.57730000,1772195399999999,8597894.99599700,35622,2563.34960000,5034201.01639000,0
1772195400000000,1962.61000000,1965.36000000,1955.67000000,1956.60000000,3470.25430000,1772196299999999,6803781.94769300,29256,1946.48820000,3816686.63726100,0
1772196300000000,1956.61000000,1960.97000000,1949.32000000,1959.92000000,7392.01960000,1772197199999999,14444962.58818100,44797,3245.88250000,6342350.82511400,0
1772197200000000,1959.91000000,1967.71000000,1957.27000000,1960.36000000,4676.72340000,1772198099999999,9175781.91931100,35827,2717.79770000,5332388.07032500,0
1772198100000000,1960.36000000,1963.06000000,1954.74000000,1959.99000000,3478.39400000,1772198999999999,6815949.56873000,30133,1742.18260000,3414230.37275700,0
1772199000000000,1959.95000000,1959.95000000,1938.82000000,1954.27000000,14717.52660000,1772199899999999,28680837.38403900,89853,8069.62020000,15727214.87437800,0
1772199900000000,1954.27000000,1966.22000000,1953.23000000,1963.35000000,6915.31140000,1772200799999999,13556516.32507200,73583,3779.09350000,7409824.82380200,0
1772200800000000,1963.35000000,1964.30000000,1955.90000000,1961.64000000,3939.99030000,1772201699999999,7720292.51328500,54407,2044.42990000,4007071.55784800,0
1772201700000000,1961.63000000,1961.63000000,1946.88000000,1951.59000000,4439.24550000,1772202599999999,8667788.86472300,73530,2334.87280000,4558596.47398400,0
1772202600000000,1951.58000000,1959.00000000,1944.86000000,1946.49000000,10456.09210000,1772203499999999,20417222.72770000,207540,5232.83980000,10217671.55564900,0
1772203500000000,1946.48000000,1951.02000000,1940.03000000,1942.95000000,8335.68440000,1772204399999999,16209256.53487600,157375,4425.07710000,8605297.58667700,0
1772204400000000,1942.94000000,1959.11000000,1940.62000000,1951.30000000,12044.80770000,1772205299999999,23513897.40250600,172652,7070.58680000,13803586.35874300,0
1772205300000000,1951.30000000,1959.24000000,1944.73000000,1951.07000000,6306.87300000,1772206199999999,12296489.29664500,109116,3642.11540000,7101248.76976500,0
1772206200000000,1951.07000000,1951.46000000,1942.00000000,1948.02000000,4676.94670000,1772207099999999,9099407.06777800,79207,2421.85820000,4712705.65144000,0
1772207100000000,1948.03000000,1953.54000000,1945.11000000,1948.59000000,4081.69150000,1772207999999999,7955445.91692100,75760,2090.71030000,4075227.81587300,0
1772208000000000,1948.59000000,1948.86000000,1927.00000000,1936.76000000,11511.25190000,1772208899999999,22291262.72061000,137386,5380.48490000,10420541.38308500,0
1772208900000000,1936.76000000,1945.45000000,1935.86000000,1942.29000000,2980.04760000,1772209799999999,5782689.83876600,76428,1861.31780000,3611904.60329500,0
1772209800000000,1942.29000000,1944.37000000,1930.53000000,1934.24000000,3752.36450000,1772210699999999,7270849.63158000,73353,2027.98170000,3929169.12108000,0
1772210700000000,1934.24000000,1935.85000000,1924.61000000,1927.15000000,6002.24660000,1772211599999999,11576668.31947800,113129,2925.24670000,5641751.40690900,0
1772211600000000,1927.14000000,1933.75000000,1921.57000000,1924.54000000,3675.03620000,1772212499999999,7085206.21189100,80684,1873.23180000,3611630.14111400,0
1772212500000000,1924.54000000,1927.12000000,1911.00000000,1912.70000000,7273.80570000,1772213399999999,13945743.85483900,131575,3577.91600000,6860023.79497300,0
1772213400000000,1912.70000000,1925.37000000,1907.48000000,1922.36000000,7677.24640000,1772214299999999,14711343.58948500,126589,4918.58170000,9427733.22401100,0
1772214300000000,1922.35000000,1934.98000000,1917.76000000,1932.35000000,4316.91010000,1772215199999999,8317949.04839000,81291,2857.84510000,5506582.83319100,0
1772215200000000,1932.35000000,1933.06000000,1923.40000000,1924.74000000,2393.95470000,1772216099999999,4617067.94968500,62114,1222.91770000,2358817.58353800,0
1772216100000000,1924.73000000,1927.53000000,1917.89000000,1925.01000000,2581.75340000,1772216999999999,4962300.63386500,56689,1327.16270000,2551180.07869100,0
1772217000000000,1925.01000000,1929.14000000,1922.92000000,1925.42000000,2135.68870000,1772217899999999,4112971.08700200,46875,1309.76320000,2522510.40265000,0
1772217900000000,1925.41000000,1925.68000000,1915.81000000,1918.02000000,2650.36930000,1772218799999999,5087143.91464400,50545,1243.00430000,2385183.08375600,0
1772218800000000,1918.02000000,1922.44000000,1912.32000000,1918.01000000,2613.15780000,1772219699999999,5010303.90917600,48168,1326.16950000,2543252.29870500,0
1772219700000000,1918.02000000,1922.94000000,1915.48000000,1919.84000000,1439.64020000,1772220599999999,2763782.03287400,36364,977.29240000,1876387.68558200,0
1772220600000000,1919.84000000,1921.54000000,1914.92000000,1916.25000000,1779.67090000,1772221499999999,3414845.84204800,30608,760.84070000,1460105.54762400,0
1772221500000000,1916.26000000,1923.46000000,1916.26000000,1921.10000000,1239.81420000,1772222399999999,2381288.88170500,29434,790.24970000,1517775.14963300,0
1772222400000000,1921.11000000,1926.78000000,1920.43000000,1925.94000000,1756.78380000,1772223299999999,3378859.72653300,37690,974.04310000,1873762.69165500,0
1772223300000000,1925.93000000,1926.64000000,1923.82000000,1924.12000000,1358.65080000,1772224199999999,2615584.44861200,24589,698.07730000,1343869.23455300,0
1772224200000000,1924.12000000,1924.92000000,1921.02000000,1922.78000000,1305.44900000,1772225099999999,2509814.33892000,31743,734.47670000,1412077.42997200,0
1772225100000000,1922.78000000,1925.63000000,1920.60000000,1923.14000000,2489.29750000,1772225999999999,4786742.45503600,54328,1165.68040000,2241376.95237800,0
1772226000000000,1923.16000000,1933.64000000,1920.11000000,1927.56000000,3877.92130000,1772226899999999,7472743.17239900,49921,2555.04240000,4923626.85003900,0
1772226900000000,1927.56000000,1933.17000000,1927.50000000,1930.89000000,1819.30780000,1772227799999999,3512786.07412500,26868,1244.72850000,2403108.16674600,0
1772227800000000,1930.88000000,1930.88000000,1924.88000000,1926.58000000,1541.74230000,1772228699999999,2970569.86528500,24796,652.63080000,1257285.59276800,0
1772228700000000,1926.59000000,1926.89000000,1917.11000000,1921.26000000,1994.40880000,1772229599999999,3832415.90582000,29666,726.19330000,1395462.52827700,0
1772229600000000,1921.26000000,1922.72000000,1917.18000000,1919.22000000,1876.40050000,1772230499999999,3602083.86996500,29909,735.34290000,1411516.08719300,0
1772230500000000,1919.22000000,1922.53000000,1911.29000000,1913.56000000,2924.57490000,1772231399999999,5601395.31678300,33789,1192.16950000,2283304.44735600,0
1772231400000000,1913.56000000,1922.78000000,1887.00000000,1921.77000000,18568.09120000,1772232299999999,35325869.39293400,132908,8587.24740000,16351187.60911400,0
1772232300000000,1921.77000000,1927.72000000,1917.46000000,1921.40000000,2536.31720000,1772233199999999,4875993.05264800,43307,1455.83550000,2799176.99977300,0
1772233200000000,1921.39000000,1929.00000000,1919.96000000,1923.12000000,2125.92940000,1772234099999999,4091917.67225700,42242,1086.11200000,2090665.87783200,0
1772234100000000,1923.12000000,1933.55000000,1922.72000000,1930.37000000,2415.33980000,1772234999999999,4661174.57113300,31361,1640.44900000,3165678.23968800,0
1772235000000000,1930.38000000,1931.64000000,1928.26000000,1928.32000000,1556.42980000,1772235899999999,3003786.78064400,17397,704.46090000,1359393.13167600,0
1772235900000000,1928.33000000,1932.65000000,1928.22000000,1929.84000000,1305.30650000,1772236799999999,2519692.47090100,20030,757.59410000,1462441.53609600,0
1772236800000000,1929.84000000,1937.17000000,1928.79000000,1936.54000000,2332.10220000,1772237699999999,4507474.74981200,31681,1429.99240000,2764413.69827300,0
1772237700000000,1936.55000000,1937.05000000,1924.45000000,1926.48000000,2698.31690000,1772238599999999,5208460.95127400,24683,1498.89810000,2894070.94289000,0
1772238600000000,1926.47000000,1933.71000000,1925.01000000,1933.08000000,959.64620000,1772239499999999,1851125.31769300,18076,669.91960000,1292562.18739900,0
1772239500000000,1933.07000000,1934.60000000,1930.91000000,1932.40000000,1143.97020000,1772240399999999,2211287.60846600,18311,802.80750000,1551905.17957100,0
1772240400000000,1932.41000000,1936.18000000,1930.22000000,1931.09000000,1703.10460000,1772241299999999,3293530.94885200,19746,766.56730000,1482609.85597500,0
1772241300000000,1931.09000000,1933.82000000,1924.38000000,1925.31000000,1929.43510000,1772242199999999,3722771.22314500,27378,803.12490000,1549387.31221700,0
1772242200000000,1925.30000000,1927.70000000,1919.80000000,1926.02000000,1958.00240000,1772243099999999,3766374.74526800,33020,814.54660000,1566791.74588300,0
1772243100000000,1926.02000000,1928.96000000,1924.51000000,1924.61000000,680.69050000,1772243999999999,1311466.75255600,18547,360.51710000,694789.23973600,0
1772244000000000,1924.61000000,1928.69000000,1922.64000000,1926.68000000,850.43210000,1772244899999999,1637294.67761800,23326,458.95840000,883644.45264700,0
1772244900000000,1926.68000000,1930.50000000,1926.68000000,1929.58000000,490.08050000,1772245799999999,945400.30374100,16921,306.84700000,591952.62680000,0
1772245800000000,1929.59000000,1930.49000000,1927.63000000,1929.30000000,627.41090000,1772246699999999,1210353.60396300,15238,330.63880000,637854.64390200,0
1772246700000000,1929.31000000,1932.54000000,1929.30000000,1930.36000000,1184.59510000,1772247599999999,2287604.03497700,14776,885.03450000,1709135.68084500,0
1772247600000000,1930.36000000,1930.59000000,1927.07000000,1928.41000000,942.54020000,1772248499999999,1817831.64400300,14794,476.03760000,918088.43834700,0
1772248500000000,1928.40000000,1931.27000000,1928.03000000,1929.08000000,619.96860000,1772249399999999,1196362.67373400,14577,368.30250000,710712.81315600,0
1772249400000000,1929.08000000,1929.08000000,1920.61000000,1923.27000000,2282.38700000,1772250299999999,4392533.11608000,25846,832.49270000,1602040.49895500,0
1772250300000000,1923.26000000,1925.73000000,1923.06000000,1924.49000000,696.87280000,1772251199999999,1341091.53767700,13689,330.98100000,636996.62004100,0
1772251200000000,1924.49000000,1926.11000000,1923.07000000,1925.40000000,731.35640000,1772252099999999,1407731.11643300,13686,437.39250000,842013.26712000,0
1772252100000000,1925.41000000,1931.62000000,1918.70000000,1920.92000000,2608.78850000,1772252999999999,5022183.32809700,21632,1303.78840000,2511137.89450500,0
1772253000000000,1920.92000000,1927.49000000,1914.73000000,1926.99000000,2452.66930000,1772253899999999,4711495.07360800,37250,1155.71440000,2221248.01230600,0
1772253900000000,1926.99000000,1927.67000000,1923.77000000,1925.12000000,784.84530000,1772254799999999,1511583.93175400,15102,465.74320000,896954.32883000,0
1772254800000000,1925.12000000,1928.20000000,1924.30000000,1927.82000000,770.42960000,1772255699999999,1484255.52382000,13576,461.26130000,888623.36796400,0
1772255700000000,1927.83000000,1928.11000000,1922.92000000,1922.92000000,1846.07980000,1772256599999999,3551742.15600000,15868,471.68220000,907869.92032300,0
1772256600000000,1922.92000000,1922.92000000,1914.56000000,1919.52000000,1955.73840000,1772257499999999,3752039.19902500,32017,646.00590000,1239438.59149300,0
1772257500000000,1919.53000000,1920.63000000,1918.04000000,1919.94000000,1220.01650000,1772258399999999,2341427.69832700,20025,601.57270000,1154524.45182900,0
1772258400000000,1919.95000000,1920.25000000,1908.26000000,1911.13000000,4663.49170000,1772259299999999,8934546.08999700,36275,1173.68820000,2247792.51103900,0
1772259300000000,1911.13000000,1912.46000000,1876.37000000,1880.56000000,25289.06160000,1772260199999999,47809327.79022200,274542,9951.76090000,18819634.57934700,0
1772260200000000,1880.57000000,1880.95000000,1854.31000000,1870.81000000,26419.64420000,1772261099999999,49289504.26129000,352488,13556.33190000,25297538.34840600,0
1772261100000000,1870.82000000,1871.16000000,1835.36000000,1842.45000000,22003.76610000,1772261999999999,40709807.47275100,241713,10044.53760000,18577928.37422500,0
1772262000000000,1842.46000000,1864.08000000,1835.55000000,1862.91000000,12851.10010000,1772262899999999,23817922.11897100,206368,7694.09960000,14262246.46885600,0
1772262900000000,1862.92000000,1868.44000000,1847.87000000,1853.61000000,7895.98480000,1772263799999999,14663337.74286300,116046,3896.52700000,7236057.77288900,0
1772263800000000,1853.60000000,1885.00000000,1851.37000000,1879.08000000,17710.95230000,1772264699999999,33189385.97360100,160411,8915.72690000,16700421.69343700,0
1772264700000000,1879.09000000,1879.45000000,1864.63000000,1866.73000000,6056.68300000,1772265599999999,11333889.51535300,47113,2897.83240000,5423130.36024500,0
1772265600000000,1866.73000000,1868.76000000,1856.20000000,1857.17000000,4790.64660000,1772266499999999,8917737.96525700,56324,2237.31260000,4166109.47314000,0
1772266500000000,1857.18000000,1865.36000000,1850.76000000,1857.14000000,6529.27950000,1772267399999999,12129504.22298600,83940,3224.65680000,5991187.82736500,0
1772267400000000,1857.13000000,1864.92000000,1854.56000000,1858.23000000,3523.17810000,1772268299999999,6551830.07334400,64033,2150.74420000,3999815.19529800,0
1772268300000000,1858.24000000,1859.11000000,1848.48000000,1852.48000000,5431.65900000,1772269199999999,10067015.89619600,59237,2317.45500000,4294596.99691300,0
1772269200000000,1852.47000000,1858.35000000,1845.05000000,1855.77000000,5010.25140000,1772270099999999,9272251.33833300,75366,2773.90380000,5133422.80353300,0
1772270100000000,1855.78000000,1863.51000000,1852.42000000,1858.98000000,3937.17660000,1772270999999999,7317004.48295800,65869,2211.77990000,4110885.68792400,0
1772271000000000,1858.97000000,1858.97000000,1849.35000000,1853.30000000,3572.66000000,1772271899999999,6625081.00103800,45513,1423.65750000,2640017.17341000,0
1772271900000000,1853.29000000,1857.12000000,1849.63000000,1854.98000000,3320.90730000,1772272799999999,6151799.66266000,43053,1013.30850000,1879002.59845200,0
1772272800000000,1854.99000000,1855.01000000,1849.15000000,1852.53000000,4090.93250000,1772273699999999,7575072.70126000,44172,1716.44000000,3178390.07841800,0
1772273700000000,1852.53000000,1860.11000000,1851.57000000,1856.57000000,3627.33250000,1772274599999999,6737118.06276500,47176,2341.66510000,4349023.09972200,0
1772274600000000,1856.60000000,1868.45000000,1856.44000000,1862.51000000,4786.47560000,1772275499999999,8920211.07903700,55481,2680.81250000,4994994.61057000,0
1772275500000000,1862.50000000,1866.88000000,1860.53000000,1865.09000000,1982.01070000,1772276399999999,3693698.17053900,37881,1084.35040000,2020980.59818600,0
1772276400000000,1865.09000000,1875.63000000,1864.76000000,1873.43000000,5303.35080000,1772277299999999,9924755.16877400,59623,3105.72340000,5811510.47425200,0
1772277300000000,1873.42000000,1880.74000000,1869.75000000,1878.63000000,3760.65350000,1772278199999999,7054195.60229200,48514,2228.89940000,4181775.94229900,0
1772278200000000,1878.62000000,1881.00000000,1866.51000000,1868.66000000,4136.74510000,1772279099999999,7751201.66871400,48224,1781.19440000,3339600.40844500,0
1772279100000000,1868.67000000,1871.72000000,1861.68000000,1863.31000000,2544.52480000,1772279999999999,4751480.93085800,39053,1010.95310000,1888263.64087100,0
1772280000000000,1863.32000000,1868.87000000,1863.32000000,1866.47000000,2928.92880000,1772280899999999,5465982.76266700,35735,1892.74680000,3532089.32188700,0
1772280900000000,1866.47000000,1874.20000000,1866.15000000,1870.00000000,2527.51740000,1772281799999999,4725887.29273100,31144,1521.37440000,2843785.61159000,0
1772281800000000,1870.01000000,1871.87000000,1867.51000000,1869.33000000,1497.50260000,1772282699999999,2800669.88539700,25385,810.83800000,1516696.17716800,0
1772282700000000,1869.33000000,1870.13000000,1862.47000000,1868.53000000,1529.80870000,1772283599999999,2855575.11775800,27885,588.05240000,1097516.17119200,0
1772283600000000,1868.53000000,1872.56000000,1866.03000000,1872.54000000,1571.86640000,1772284499999999,2938382.58685400,24426,858.18620000,1604298.50104800,0
1772284500000000,1872.54000000,1877.30000000,1868.24000000,1868.91000000,2808.11560000,1772285399999999,5258855.26503000,28871,1782.00970000,3336898.34645500,0
1772285400000000,1868.91000000,1872.35000000,1865.25000000,1871.99000000,2145.50330000,1772286299999999,4009567.56174200,29353,945.00080000,1765379.64020200,0
1772286300000000,1872.12000000,1910.20000000,1871.52000000,1905.58000000,24414.22470000,1772287199999999,46243972.50306000,206055,12844.71780000,24326447.86960400,0
1772287200000000,1905.58000000,1915.95000000,1889.57000000,1898.60000000,12335.43780000,1772288099999999,23469977.12925600,165978,5964.34020000,11354842.60733500,0
1772288100000000,1898.59000000,1904.53000000,1894.60000000,1901.10000000,4778.68070000,1772288999999999,9078947.34629700,79029,2339.08910000,4444617.15492700,0
1772289000000000,1901.11000000,1913.84000000,1896.29000000,1905.77000000,6422.87690000,1772289899999999,12240263.59066800,106688,3548.49840000,6763682.09247500,0
1772289900000000,1905.77000000,1909.12000000,1883.20000000,1887.75000000,9388.63050000,1772290799999999,17783110.86138700,126583,3904.81650000,7397376.20181700,0
1772290800000000,1887.76000000,1895.03000000,1873.83000000,1875.72000000,5136.28540000,1772291699999999,9682475.81434400,85255,1871.99150000,3529989.48444200,0
1772291700000000,1875.73000000,1903.91000000,1875.57000000,1899.79000000,7095.45300000,1772292599999999,13431583.94951900,95933,4757.54450000,9007034.75848600,0
1772292600000000,1899.80000000,1903.32000000,1893.06000000,1897.62000000,4197.90380000,1772293499999999,7963965.18916200,75651,2166.61950000,4110810.60711900,0
1772293500000000,1897.61000000,1900.12000000,1893.33000000,1898.88000000,3033.24790000,1772294399999999,5754236.26544700,40520,2195.70190000,4165613.96134800,0
1772294400000000,1898.87000000,1901.08000000,1891.72000000,1900.06000000,2496.79980000,1772295299999999,4736323.55747200,55243,1281.24400000,2430902.09216200,0
1772295300000000,1900.05000000,1902.99000000,1894.46000000,1899.79000000,2100.14020000,1772296199999999,3989454.99287400,47322,1060.61440000,2015006.52285900,0
1772296200000000,1899.79000000,1909.77000000,1895.90000000,1908.88000000,3075.36250000,1772297099999999,5849567.51110000,58442,1790.18230000,3406516.35805100,0
1772297100000000,1908.88000000,1910.20000000,1899.85000000,1903.98000000,2316.73230000,1772297999999999,4411784.68887100,47593,1046.41070000,1992912.00662000,0
1772298000000000,1903.97000000,1904.46000000,1896.81000000,1898.78000000,2072.76080000,1772298899999999,3940794.47581400,38457,801.15560000,1523447.39616200,0
1772298900000000,1898.78000000,1904.32000000,1896.26000000,1902.77000000,1449.88950000,1772299799999999,2755015.87566600,36592,674.43670000,1281673.57704100,0
1772299800000000,1902.78000000,1903.79000000,1886.92000000,1890.77000000,6310.89180000,1772300699999999,11957032.41556900,43965,1781.30390000,3374092.47449300,0
1772300700000000,1890.77000000,1911.62000000,1886.02000000,1906.91000000,5560.80350000,1772301599999999,10560949.11364900,72503,3063.00900000,5818403.19967500,0
1772301600000000,1906.90000000,1908.48000000,1902.67000000,1903.40000000,2068.08660000,1772302499999999,3940582.19992400,52931,1101.96150000,2099861.65887200,0
1772302500000000,1903.39000000,1905.47000000,1901.27000000,1903.52000000,1044.86340000,1772303399999999,1988631.77158600,26343,531.64050000,1011757.94978900,0
1772303400000000,1903.52000000,1933.66000000,1903.52000000,1926.66000000,10467.55960000,1772304299999999,20096671.55995000,123911,6324.45600000,12142523.91711800,0
1772304300000000,1926.65000000,1947.00000000,1925.59000000,1936.08000000,10350.18390000,1772305199999999,20035996.95147300,130151,4695.53020000,9090020.05776300,0
1772305200000000,1936.08000000,1937.65000000,1920.38000000,1925.65000000,3687.31600000,1772306099999999,7111234.91018600,75763,1586.02220000,3058043.42990000,0
1772306100000000,1925.64000000,1930.51000000,1924.54000000,1927.53000000,3127.84700000,1772306999999999,6031242.00868300,48791,1576.32850000,3038948.22347100,0
1772307000000000,1927.53000000,1955.04000000,1926.66000000,1944.99000000,12920.99410000,1772307899999999,25115929.27270400,157478,6286.71360000,12220201.73566400,0
1772307900000000,1945.00000000,1952.55000000,1941.57000000,1947.02000000,4121.34600000,1772308799999999,8027188.05812700,71940,2211.65300000,4308240.66938800,0
1772308800000000,1947.03000000,1959.00000000,1938.76000000,1955.99000000,4965.41290000,1772309699999999,9672870.10137700,80367,2730.52130000,5322643.74591200,0
1772309700000000,1955.98000000,1968.00000000,1951.30000000,1960.30000000,8611.59200000,1772310599999999,16890687.90702000,138636,4994.65700000,9799149.36553300,0
1772310600000000,1960.30000000,1963.61000000,1950.29000000,1956.25000000,4287.22140000,1772311499999999,8384368.02569100,85448,1920.60290000,3756958.85587700,0
1772311500000000,1956.25000000,1972.44000000,1955.30000000,1965.96000000,5379.10770000,1772312399999999,10578446.33128600,91105,2855.44660000,5615161.81112700,0
1772312400000000,1965.96000000,1967.76000000,1949.37000000,1955.87000000,4822.23840000,1772313299999999,9426029.35659900,78349,2274.05500000,4444215.83947500,0
1772313300000000,1955.87000000,1957.09000000,1946.21000000,1949.45000000,4484.98350000,1772314199999999,8745797.43238100,49864,983.14420000,1917901.69114300,0
1772314200000000,1949.46000000,1964.84000000,1945.39000000,1959.42000000,5569.12060000,1772315099999999,10900316.77749900,82636,2970.94610000,5816407.61503300,0
1772315100000000,1959.42000000,1963.80000000,1952.91000000,1957.69000000,2857.06430000,1772315999999999,5594722.69508100,58241,1368.37250000,2679648.03401200,0
1772316000000000,1957.70000000,1965.36000000,1955.75000000,1963.26000000,4797.66720000,1772316899999999,9414722.57782000,68554,2456.34820000,4820185.86304800,0
1772316900000000,1963.25000000,1969.65000000,1961.94000000,1964.76000000,3816.06970000,1772317799999999,7500947.52834000,60260,2143.09180000,4212953.19739300,0
1772317800000000,1964.77000000,1984.99000000,1963.73000000,1972.29000000,12727.52230000,1772318699999999,25147212.15768700,111865,7648.04540000,15121632.43736700,0
1772318700000000,1972.29000000,1979.22000000,1964.75000000,1965.48000000,4355.23490000,1772319599999999,8583950.60718800,71326,2465.85970000,4859831.90049300,0
1772319600000000,1965.48000000,1969.97000000,1961.48000000,1962.81000000,2063.78740000,1772320499999999,4057452.79851000,40380,954.06480000,1876041.26536600,0
1772320500000000,1962.81000000,1965.75000000,1960.01000000,1960.78000000,1789.88380000,1772321399999999,3513958.69240300,32862,668.98660000,1313479.31618000,0
1772321400000000,1960.78000000,1963.50000000,1956.84000000,1961.20000000,2025.56140000,1772322299999999,3970128.94981500,32949,887.05580000,1738931.18291100,0
1772322300000000,1961.20000000,1966.55000000,1961.20000000,1964.51000000,1437.00860000,1772323199999999,2823717.90206600,23104,740.84840000,1455658.69781000,0
