1785542400000000,1862.60000000,1865.45000000,1862.38000000,1864.88000000,2015.41260000,1785543299999999,3757045.57416800,14466,622.65270000,1160657.09183000,0
1785543300000000,1864.88000000,1867.19000000,1864.05000000,1866.00000000,664.80730000,1785544199999999,1240425.42947300,11341,302.98870000,565311.71546200,0
1785544200000000,1866.01000000,1867.11000000,1864.80000000,1867.11000000,472.60890000,1785545099999999,882020.01297700,5813,292.67010000,546206.71343400,0
1785545100000000,1867.11000000,1867.64000000,1864.22000000,1864.70000000,1167.76340000,1785545999999999,2179778.72511400,9184,682.62390000,1274315.08939900,0
1785546000000000,1864.69000000,1867.32000000,1864.69000000,1866.50000000,493.76540000,1785546899999999,921602.19766800,5215,270.73790000,505288.13504200,0
1785546900000000,1866.50000000,1867.45000000,1865.00000000,1866.33000000,800.93930000,1785547799999999,1494817.42339400,7352,348.81500000,650954.85453900,0
1785547800000000,1866.33000000,1867.05000000,1865.80000000,1866.70000000,364.54840000,1785548699999999,680359.07362100,2922,150.40820000,280700.39421400,0
1785548700000000,1866.70000000,1867.51000000,1865.64000000,1867.03000000,1215.32270000,1785549599999999,2268732.79559200,4466,879.34400000,1641580.81469200,0
1785549600000000,1867.03000000,1868.40000000,1866.74000000,1867.95000000,548.46860000,1785550499999999,1024146.87043800,3981,221.41560000,413450.71722900,0
1785550500000000,1867.96000000,1870.00000000,1867.84000000,1868.92000000,400.29530000,1785551399999999,748221.38899000,3647,224.71430000,420015.29952400,0
1785551400000000,1868.93000000,1869.30000000,1867.46000000,1868.09000000,267.73110000,1785552299999999,500282.35787500,2918,157.36540000,294049.78308000,0
1785552300000000,1868.09000000,1869.52000000,1868.02000000,1868.25000000,413.44560000,1785553199999999,772557.71789900,4192,198.22410000,370364.15170000,0
1785553200000000,1868.25000000,1868.67000000,1866.47000000,1867.23000000,378.61960000,1785554099999999,707155.05772900,3075,137.24970000,256363.37992600,0
1785554100000000,1867.23000000,1868.99000000,1866.89000000,1867.97000000,329.76630000,1785554999999999,616011.35933100,2712,141.07160000,263503.15715300,0
1785555000000000,1867.98000000,1868.99000000,1867.17000000,1868.62000000,539.55700000,1785555899999999,1008072.57362000,3910,265.53660000,496088.48638100,0
1785555900000000,1868.63000000,1869.89000000,1868.22000000,1869.88000000,549.99770000,1785556799999999,1028050.90231400,2621,329.80910000,616466.49696700,0
1785556800000000,1869.88000000,1870.20000000,1867.13000000,1869.97000000,841.82200000,1785557699999999,1573020.36067400,3987,223.03910000,416906.74823000,0
1785557700000000,1869.96000000,1870.53000000,1869.50000000,1869.51000000,428.31750000,1785558599999999,800922.72518300,2619,217.93290000,407506.72728300,0
1785558600000000,1869.51000000,1870.37000000,1869.44000000,1870.37000000,277.83590000,1785559499999999,519511.71955300,1982,206.48550000,386099.12879900,0
1785559500000000,1870.37000000,1870.52000000,1869.05000000,1869.76000000,342.57340000,1785560399999999,640594.72344800,2626,160.29990000,299764.60462900,0
1785560400000000,1869.76000000,1871.05000000,1869.57000000,1871.05000000,512.04220000,1785561299999999,957780.18781300,2452,286.69840000,536285.88674600,0
1785561300000000,1871.05000000,1871.05000000,1868.24000000,1868.66000000,830.25130000,1785562199999999,1551983.08922000,3463,189.46910000,354119.07903800,0
1785562200000000,1868.66000000,1869.17000000,1865.34000000,1865.90000000,881.89530000,1785563099999999,1646544.01837500,4013,308.18130000,575258.27045800,0
1785563100000000,1865.91000000,1867.62000000,1865.36000000,1867.59000000,457.00080000,1785563999999999,853046.25278200,2989,260.86130000,486965.41849100,0
1785564000000000,1867.58000000,1867.70000000,1866.46000000,1867.59000000,360.98910000,1785564899999999,674007.73183400,2727,152.87050000,285402.59055700,0
1785564900000000,1867.59000000,1870.47000000,1867.05000000,1870.04000000,482.29880000,1785565799999999,901513.55216400,3670,218.83710000,408972.13073100,0
1785565800000000,1870.04000000,1870.56000000,1869.07000000,1870.13000000,634.98200000,1785566699999999,1187285.03377300,2704,243.67060000,455639.03129600,0
1785566700000000,1870.13000000,1871.21000000,1869.42000000,1870.50000000,897.33410000,1785567599999999,1678568.00167800,4579,646.54010000,1209466.77429300,0
1785567600000000,1870.50000000,1871.98000000,1870.30000000,1871.61000000,451.95120000,1785568499999999,845667.49209800,4151,303.88880000,568639.16031300,0
1785568500000000,1871.62000000,1871.62000000,1869.43000000,1869.72000000,512.47580000,1785569399999999,958587.58540700,4860,272.33950000,509433.84083900,0
1785569400000000,1869.71000000,1869.97000000,1868.49000000,1869.96000000,616.34890000,1785570299999999,1152126.13617900,4870,406.45480000,759802.12317200,0
1785570300000000,1869.97000000,1870.15000000,1869.18000000,1869.80000000,532.01400000,1785571199999999,994748.41587300,3116,177.02840000,331010.75740000,0
1785571200000000,1869.81000000,1870.09000000,1868.40000000,1869.15000000,385.69380000,1785572099999999,720942.24067300,3035,205.20570000,383557.27849600,0
1785572100000000,1869.14000000,1870.28000000,1868.66000000,1869.00000000,609.77830000,1785572999999999,1139877.75548200,4904,218.15950000,407793.24465700,0
1785573000000000,1869.00000000,1869.00000000,1867.60000000,1868.03000000,440.54740000,1785573899999999,822969.01305100,3082,226.97890000,423989.89736700,0
1785573900000000,1868.04000000,1869.67000000,1867.83000000,1869.49000000,447.92850000,1785574799999999,837085.40269900,3109,292.84040000,547256.89064500,0
1785574800000000,1869.50000000,1870.28000000,1868.42000000,1870.10000000,646.93420000,1785575699999999,1209330.03245200,6326,365.83820000,683839.30698300,0
1785575700000000,1870.10000000,1870.74000000,1869.66000000,1869.88000000,580.16760000,1785576599999999,1085006.01238500,5518,420.03670000,785531.20051200,0
1785576600000000,1869.87000000,1870.71000000,1869.87000000,1870.02000000,439.72780000,1785577499999999,822461.71353100,3135,171.21270000,320222.98998900,0
1785577500000000,1870.02000000,1870.03000000,1867.59000000,1867.93000000,744.99930000,1785578399999999,1392083.89673400,6298,338.80880000,632998.83823500,0
1785578400000000,1867.94000000,1869.11000000,1863.10000000,1864.57000000,2016.83340000,1785579299999999,3761106.74076900,16377,994.03330000,1853499.91694000,0
1785579300000000,1864.56000000,1866.03000000,1863.86000000,1865.27000000,2526.22510000,1785580199999999,4711753.06197900,8721,1333.49790000,2487498.84821100,0
1785580200000000,1865.28000000,1868.13000000,1864.10000000,1868.02000000,1662.56300000,1785581099999999,3101277.15839700,7974,601.26630000,1121746.81255300,0
1785581100000000,1868.02000000,1868.48000000,1866.60000000,1867.35000000,1117.99320000,1785581999999999,2088161.93342400,7129,666.13890000,1244220.39289800,0
1785582000000000,1867.36000000,1867.57000000,1865.79000000,1866.81000000,1500.89770000,1785582899999999,2801493.08167400,5574,545.57940000,1018399.30898500,0
1785582900000000,1866.80000000,1867.77000000,1865.95000000,1867.01000000,2900.59970000,1785583799999999,5415025.48734600,5815,1182.52090000,2207437.81508900,0
1785583800000000,1867.02000000,1867.39000000,1866.42000000,1866.80000000,334.68640000,1785584699999999,624797.46615800,3498,145.09000000,270856.07269000,0
1785584700000000,1866.79000000,1866.90000000,1866.42000000,1866.90000000,299.45130000,1785585599999999,558961.14304400,1940,197.23370000,368158.26169600,0
1785585600000000,1866.90000000,1868.63000000,1866.89000000,1867.84000000,570.71220000,1785586499999999,1066015.06265800,8049,295.04540000,551089.79259100,0
1785586500000000,1867.84000000,1868.06000000,1867.34000000,1867.65000000,390.75050000,1785587399999999,729834.74903000,3017,188.16860000,351464.86132800,0
1785587400000000,1867.65000000,1869.31000000,1867.30000000,1867.73000000,421.14020000,1785588299999999,786710.92472500,6635,215.31990000,402185.43852200,0
1785588300000000,1867.74000000,1870.00000000,1867.73000000,1869.06000000,630.77530000,1785589199999999,1179108.22598800,6009,378.09920000,706737.14510800,0
1785589200000000,1869.07000000,1869.60000000,1868.70000000,1869.45000000,388.68410000,1785590099999999,726470.30670300,2807,148.47420000,277501.40510200,0
1785590100000000,1869.46000000,1869.46000000,1868.20000000,1868.40000000,453.63250000,1785590999999999,847749.93096800,3823,249.37620000,466023.32790900,0
1785591000000000,1868.40000000,1869.46000000,1868.40000000,1869.02000000,491.53720000,1785591899999999,918644.80622700,4299,290.89150000,543663.22561900,0
1785591900000000,1869.03000000,1869.53000000,1867.54000000,1869.28000000,549.62740000,1785592799999999,1026937.18892500,4546,285.80820000,534056.54179000,0
1785592800000000,1869.29000000,1873.60000000,1869.25000000,1869.75000000,1615.59760000,1785593699999999,3022805.86853800,9565,1056.48250000,1976860.16333900,0
1785593700000000,1869.76000000,1873.36000000,1869.76000000,1873.18000000,480.35460000,1785594599999999,899130.03031200,4267,322.97090000,604533.28755700,0
1785594600000000,1873.17000000,1874.41000000,1871.82000000,1872.72000000,1198.20420000,1785595499999999,2243950.01140200,9333,394.58340000,738957.15121900,0
1785595500000000,1872.72000000,1875.33000000,1872.13000000,1875.18000000,845.02500000,1785596399999999,1582731.77135800,4574,474.27560000,888455.64943700,0
1785596400000000,1875.18000000,1875.19000000,1873.55000000,1874.70000000,539.45360000,1785597299999999,1011078.31294800,6408,253.72620000,475556.41553100,0
1785597300000000,1874.71000000,1875.45000000,1871.17000000,1871.90000000,884.52250000,1785598199999999,1656700.11602200,9294,366.68640000,686745.73747100,0
1785598200000000,1871.91000000,1872.67000000,1870.76000000,1870.82000000,1111.41460000,1785599099999999,2079813.88935300,7501,318.27840000,595659.66895700,0
1785599100000000,1870.81000000,1871.19000000,1870.07000000,1870.09000000,494.48980000,1785599999999999,925110.40070200,4052,151.27700000,282999.71615000,0
1785600000000000,1870.10000000,1871.25000000,1868.75000000,1868.76000000,538.07050000,1785600899999999,1006155.59229400,8508,218.38580000,408371.07303800,0
1785600900000000,1868.75000000,1870.96000000,1868.67000000,1870.35000000,703.44870000,1785601799999999,1315344.76859900,5966,420.16310000,785739.10256000,0
1785601800000000,1870.36000000,1873.60000000,1870.32000000,1870.32000000,626.82370000,1785602699999999,1173259.45904800,6161,348.73900000,652730.99800100,0
1785602700000000,1870.32000000,1870.33000000,1866.47000000,1868.79000000,642.26300000,1785603599999999,1199939.47893600,6433,236.77270000,442375.44341200,0
1785603600000000,1868.79000000,1870.25000000,1865.21000000,1866.50000000,1020.46250000,1785604499999999,1906468.63673100,8114,217.17120000,405697.55817700,0
1785604500000000,1866.50000000,1866.51000000,1861.47000000,1863.73000000,1460.10510000,1785605399999999,2722090.97220800,16560,520.26830000,969977.93060900,0
1785605400000000,1863.73000000,1863.89000000,1857.41000000,1863.33000000,1620.46810000,1785606299999999,3014936.59742200,23182,823.27440000,1531817.79215900,0
1785606300000000,1863.32000000,1863.32000000,1858.94000000,1862.07000000,849.80280000,1785607199999999,1581663.27889200,10860,428.73310000,797917.83883200,0
1785607200000000,1862.06000000,1863.03000000,1859.71000000,1861.05000000,1192.33500000,1785608099999999,2219770.52204100,13399,287.10930000,534440.19813500,0
1785608100000000,1861.04000000,1861.04000000,1851.32000000,1853.69000000,3700.99070000,1785608999999999,6866038.67310900,40523,1417.55210000,2629190.96476500,0
1785609000000000,1853.69000000,1853.69000000,1832.00000000,1833.10000000,18146.27510000,1785609899999999,33395683.56723800,111259,7630.83690000,14038188.63629600,0
1785609900000000,1833.10000000,1837.15000000,1822.06000000,1836.81000000,7629.18010000,1785610799999999,13948291.95477300,72633,3500.25010000,6400245.69260600,0
1785610800000000,1836.80000000,1840.09000000,1834.20000000,1837.54000000,3768.87940000,1785611699999999,6926781.41205000,39566,1141.27570000,2097478.82919800,0
1785611700000000,1837.53000000,1840.58000000,1835.26000000,1838.17000000,1059.86360000,1785612599999999,1947643.87318600,16149,494.96150000,909460.16214600,0
1785612600000000,1838.17000000,1839.72000000,1835.39000000,1835.74000000,587.35010000,1785613499999999,1078972.11483000,12359,254.28040000,467134.59009100,0
1785613500000000,1835.74000000,1839.59000000,1835.66000000,1837.30000000,636.33230000,1785614399999999,1169236.36862000,7851,325.76680000,598583.64869000,0
1785614400000000,1837.29000000,1838.79000000,1835.68000000,1837.76000000,1131.58030000,1785615299999999,2078806.28602600,12084,309.06120000,567776.42087900,0
1785615300000000,1837.77000000,1840.48000000,1837.10000000,1837.88000000,1164.39140000,1785616199999999,2140293.39278700,7587,893.78340000,1642798.86793800,0
1785616200000000,1837.87000000,1837.87000000,1833.07000000,1834.64000000,1716.52040000,1785617099999999,3149259.14390700,11912,323.39800000,593394.23571900,0
1785617100000000,1834.64000000,1838.50000000,1834.15000000,1838.41000000,1508.79970000,1785617999999999,2770877.94414600,11072,539.75200000,991208.99832900,0
1785618000000000,1838.41000000,1843.07000000,1836.61000000,1838.17000000,2017.27510000,1785618899999999,3709862.74095300,14001,751.68330000,1382708.84582300,0
1785618900000000,1838.16000000,1843.07000000,1838.07000000,1843.01000000,1828.82790000,1785619799999999,3367081.99600600,11026,819.01420000,1507851.72017200,0
1785619800000000,1843.00000000,1845.12000000,1842.25000000,1844.70000000,1134.65150000,1785620699999999,2092233.26106700,13789,608.34420000,1121776.12421500,0
1785620700000000,1844.69000000,1845.96000000,1844.07000000,1845.78000000,914.15320000,1785621599999999,1686690.26603900,12515,484.85620000,894560.90889000,0
1785621600000000,1845.79000000,1848.03000000,1844.76000000,1847.79000000,879.57140000,1785622499999999,1624350.15810700,12357,455.36700000,840908.46444700,0
1785622500000000,1847.79000000,1849.26000000,1846.00000000,1849.26000000,858.81410000,1785623399999999,1586966.32668200,8316,253.58580000,468590.87389700,0
1785623400000000,1849.25000000,1849.26000000,1846.10000000,1847.86000000,539.98160000,1785624299999999,997730.64309700,7843,252.20210000,465981.97329300,0
1785624300000000,1847.86000000,1848.36000000,1846.94000000,1847.28000000,577.81150000,1785625199999999,1067615.95099000,6509,196.14090000,362414.77216800,0
1785625200000000,1847.28000000,1849.10000000,1846.26000000,1846.52000000,661.02110000,1785626099999999,1221281.65804200,7434,258.81730000,478141.65960700,0
1785626100000000,1846.52000000,1846.53000000,1843.39000000,1843.68000000,925.13240000,1785626999999999,1706809.91280400,4561,309.67240000,571365.95938000,0
1785627000000000,1843.69000000,1846.68000000,1843.69000000,1845.53000000,794.20040000,1785627899999999,1465337.40614400,6271,307.43330000,567225.80900900,0
1785627900000000,1845.53000000,1845.94000000,1844.51000000,1844.94000000,647.47560000,1785628799999999,1194729.22590600,4563,185.13060000,341601.38678000,0
1785628800000000,1844.95000000,1849.70000000,1844.94000000,1847.72000000,1484.46370000,1785629699999999,2742913.65207700,10405,634.74410000,1172982.56721500,0
1785629700000000,1847.72000000,1848.18000000,1844.91000000,1845.35000000,904.07090000,1785630599999999,1669121.62309400,5128,264.39320000,488187.93178700,0
1785630600000000,1845.36000000,1846.64000000,1844.26000000,1845.56000000,710.18940000,1785631499999999,1310692.54984400,4476,252.60340000,466126.76331400,0
1785631500000000,1845.56000000,1846.88000000,1843.67000000,1846.69000000,932.48470000,1785632399999999,1720491.44333300,4795,345.02830000,636693.07172200,0
1785632400000000,1846.69000000,1856.34000000,1846.69000000,1856.03000000,2184.46780000,1785633299999999,4045842.72218500,11599,1612.37210000,2986166.93617500,0
1785633300000000,1856.04000000,1859.41000000,1854.16000000,1854.71000000,2175.27780000,1785634199999999,4037005.50604800,9248,1044.43120000,1938685.61605800,0
1785634200000000,1854.72000000,1858.11000000,1853.96000000,1857.43000000,1914.52270000,1785635099999999,3552828.85718300,7339,790.48170000,1466620.09362100,0
1785635100000000,1857.43000000,1858.01000000,1856.27000000,1857.09000000,1117.83480000,1785635999999999,2075817.11216800,6046,253.92420000,471515.43362300,0
1785636000000000,1857.09000000,1882.98000000,1856.51000000,1874.86000000,8961.47090000,1785636899999999,16780686.18256400,68228,5553.58230000,10399748.79443000,0
1785636900000000,1874.87000000,1884.69000000,1873.22000000,1875.70000000,5415.94310000,1785637799999999,10178134.85611400,38291,2820.44650000,5300096.86466700,0
1785637800000000,1875.70000000,1876.60000000,1871.93000000,1874.28000000,1649.60060000,1785638699999999,3091570.48096500,20143,695.72240000,1303841.68805800,0
1785638700000000,1874.28000000,1878.00000000,1872.92000000,1876.90000000,1666.74500000,1785639599999999,3126648.22307600,16129,897.30600000,1682957.99262500,0
1785639600000000,1876.90000000,1878.00000000,1874.72000000,1875.63000000,954.51550000,1785640499999999,1790805.70491500,15954,287.78220000,539847.60760100,0
1785640500000000,1875.63000000,1879.13000000,1874.32000000,1875.69000000,1692.52570000,1785641399999999,3176428.84131600,17020,935.12410000,1754999.28019400,0
1785641400000000,1875.70000000,1880.54000000,1875.55000000,1878.49000000,1731.00630000,1785642299999999,3251082.62121300,12819,668.07150000,1254396.26920900,0
1785642300000000,1878.49000000,1879.54000000,1876.10000000,1877.43000000,598.29530000,1785643199999999,1123411.38404800,7518,237.03930000,445094.83718100,0
1785643200000000,1877.44000000,1881.00000000,1877.44000000,1880.16000000,1495.63880000,1785644099999999,2811321.33729900,11661,727.45760000,1367329.86593400,0
1785644100000000,1880.16000000,1881.31000000,1878.87000000,1879.30000000,1543.12930000,1785644999999999,2901342.07075300,8732,541.89830000,1018742.10533300,0
1785645000000000,1879.30000000,1880.60000000,1878.09000000,1878.09000000,445.29250000,1785645899999999,837020.17715400,4237,222.12550000,417528.08864500,0
1785645900000000,1878.09000000,1882.67000000,1878.00000000,1881.22000000,1194.07110000,1785646799999999,2244824.43888300,6575,912.56440000,1715564.71477900,0
1785646800000000,1881.21000000,1882.68000000,1877.50000000,1878.30000000,1627.84680000,1785647699999999,3059288.99034300,9243,877.58630000,1649381.73667600,0
1785647700000000,1878.30000000,1878.42000000,1876.80000000,1877.87000000,862.97980000,1785648599999999,1620531.26529300,4756,480.06900000,901481.36918300,0
1785648600000000,1877.87000000,1878.00000000,1875.28000000,1875.40000000,1187.66480000,1785649499999999,2228642.20946100,6791,409.65040000,768694.53117800,0
1785649500000000,1875.39000000,1876.68000000,1875.26000000,1876.33000000,520.27630000,1785650399999999,976044.37842400,3391,145.04480000,272103.15425600,0
1785650400000000,1876.32000000,1877.98000000,1875.09000000,1875.85000000,746.68370000,1785651299999999,1401000.81863200,3905,465.16970000,872688.13391300,0
1785651300000000,1875.85000000,1878.01000000,1875.00000000,1877.68000000,885.72470000,1785652199999999,1662396.83829200,3771,247.33180000,464186.02566700,0
1785652200000000,1877.68000000,1879.33000000,1876.27000000,1877.97000000,967.31590000,1785653099999999,1816114.87568500,5871,508.36510000,954415.17378400,0
1785653100000000,1877.96000000,1878.00000000,1876.36000000,1877.54000000,548.73410000,1785653999999999,1030059.19305400,3299,268.05220000,503145.56188400,0
1785654000000000,1877.54000000,1878.40000000,1876.82000000,1878.20000000,1306.61850000,1785654899999999,2453673.70657800,3422,670.71060000,1259400.67772000,0
1785654900000000,1878.19000000,1878.78000000,1877.40000000,1877.65000000,680.32280000,1785655799999999,1277769.33013900,2128,135.47300000,254443.00547000,0
1785655800000000,1877.64000000,1878.04000000,1876.70000000,1877.63000000,349.06960000,1785656699999999,655289.58050300,3115,185.78880000,348774.41580900,0
1785656700000000,1877.63000000,1877.64000000,1875.67000000,1876.10000000,378.38580000,1785657599999999,709973.26438400,3474,142.73310000,267800.98928200,0
1785657600000000,1876.10000000,1879.00000000,1875.58000000,1876.66000000,972.82480000,1785658499999999,1825784.24815600,7788,626.55230000,1175843.53113700,0
1785658500000000,1876.67000000,1877.18000000,1873.18000000,1873.35000000,873.49260000,1785659399999999,1638767.42270300,4851,185.66300000,348312.80036100,0
1785659400000000,1873.35000000,1873.35000000,1867.04000000,1869.47000000,1586.67600000,1785660299999999,2968031.64391300,13215,639.91060000,1196801.05295600,0
1785660300000000,1869.46000000,1870.37000000,1867.42000000,1868.20000000,1611.73780000,1785661199999999,3013268.00572500,7726,667.81730000,1248478.92366200,0
1785661200000000,1868.19000000,1870.61000000,1862.30000000,1870.33000000,1491.28580000,1785662099999999,2784205.83702700,16086,681.67480000,1273041.21062100,0
1785662100000000,1870.33000000,1872.85000000,1869.48000000,1870.37000000,701.86650000,1785662999999999,1313176.71551400,6918,355.32330000,664764.28727900,0
1785663000000000,1870.38000000,1872.97000000,1870.27000000,1870.58000000,529.42010000,1785663899999999,990852.45850100,6436,219.71100000,411197.83465100,0
1785663900000000,1870.58000000,1871.64000000,1870.51000000,1870.95000000,292.08140000,1785664799999999,546503.22705900,3275,166.80170000,312089.12342600,0
1785664800000000,1870.94000000,1871.13000000,1868.59000000,1869.12000000,334.84670000,1785665699999999,626179.73524800,3743,133.20030000,249078.48015200,0
1785665700000000,1869.11000000,1870.76000000,1865.63000000,1866.43000000,664.28530000,1785666599999999,1240968.44344500,7747,297.47320000,555767.88215900,0
1785666600000000,1866.44000000,1869.69000000,1866.44000000,1869.11000000,459.29470000,1785667499999999,858060.38329700,4606,273.79380000,511493.32463700,0
1785667500000000,1869.10000000,1869.42000000,1868.75000000,1868.75000000,294.60050000,1785668399999999,550681.06261600,1787,147.91000000,276475.35746200,0
1785668400000000,1868.76000000,1869.74000000,1866.45000000,1867.84000000,529.95370000,1785669299999999,989966.55904100,4517,221.70280000,414145.75923200,0
1785669300000000,1867.83000000,1869.60000000,1864.64000000,1864.73000000,634.43770000,1785670199999999,1184197.85826400,6433,362.16480000,675916.23643000,0
1785670200000000,1864.73000000,1865.64000000,1854.18000000,1856.38000000,2467.73050000,1785671099999999,4589086.76955800,21059,933.07430000,1734966.14884700,0
1785671100000000,1856.39000000,1859.44000000,1849.50000000,1852.58000000,4563.74220000,1785671999999999,8459059.27630000,30156,1823.96810000,3380894.96341100,0
1785672000000000,1852.65000000,1857.38000000,1852.46000000,1857.21000000,1721.46550000,1785672899999999,3193592.45820000,14685,1167.12550000,2165248.19475000,0
1785672900000000,1857.21000000,1860.58000000,1855.81000000,1858.31000000,1098.66570000,1785673799999999,2042137.82664700,10989,589.23190000,1095144.81091600,0
1785673800000000,1858.30000000,1859.72000000,1856.28000000,1858.05000000,574.44630000,1785674699999999,1067371.27867800,8295,293.85280000,545934.86825400,0
1785674700000000,1858.05000000,1858.48000000,1856.32000000,1857.06000000,369.83890000,1785675599999999,686920.01172800,7442,158.88970000,295085.89881700,0
1785675600000000,1857.07000000,1858.05000000,1855.57000000,1856.49000000,542.33790000,1785676499999999,1006943.44737700,8457,213.65410000,396671.49195900,0
1785676500000000,1856.49000000,1857.16000000,1853.67000000,1856.03000000,593.81000000,1785677399999999,1101694.67617900,10022,354.10700000,656931.21181800,0
1785677400000000,1856.03000000,1857.68000000,1852.41000000,1855.42000000,634.25020000,1785678299999999,1176679.11685100,13108,375.10090000,695903.11424400,0
1785678300000000,1855.42000000,1856.66000000,1854.60000000,1854.89000000,460.26940000,1785679199999999,854200.23765400,8337,244.62420000,453978.00111700,0
1785679200000000,1854.88000000,1855.69000000,1852.42000000,1855.69000000,714.05540000,1785680099999999,1323959.47729300,14691,347.42550000,644176.67002200,0
1785680100000000,1855.69000000,1858.40000000,1855.32000000,1857.21000000,1079.65010000,1785680999999999,2004293.27817400,7967,536.09340000,995182.72597100,0
1785681000000000,1857.21000000,1858.89000000,1855.90000000,1858.65000000,377.10140000,1785681899999999,700519.61531000,6953,213.06060000,395778.96617400,0
1785681900000000,1858.64000000,1859.27000000,1854.45000000,1854.94000000,582.00980000,1785682799999999,1080713.26664000,6422,321.72510000,597451.86853500,0
1785682800000000,1854.95000000,1859.18000000,1853.81000000,1859.13000000,577.13430000,1785683699999999,1071075.99469800,8158,329.71050000,611881.41950800,0
1785683700000000,1859.13000000,1859.52000000,1857.73000000,1858.74000000,539.59520000,1785684599999999,1002824.64373000,6593,347.51420000,645867.41956200,0
1785684600000000,1858.74000000,1863.05000000,1858.50000000,1860.28000000,1001.78830000,1785685499999999,1863780.91485300,11191,621.17880000,1155609.41813700,0
1785685500000000,1860.28000000,1861.00000000,1858.01000000,1858.82000000,712.53190000,1785686399999999,1324724.75985000,6860,448.60290000,834004.14061000,0
1785686400000000,1858.82000000,1859.19000000,1856.03000000,1857.83000000,453.77370000,1785687299999999,842989.81397900,11846,236.66050000,439631.18459500,0
1785687300000000,1857.83000000,1859.96000000,1857.51000000,1859.15000000,361.09910000,1785688199999999,671129.53335100,7948,252.80000000,469812.62363900,0
1785688200000000,1859.16000000,1865.70000000,1858.42000000,1864.90000000,1219.83860000,1785689099999999,2272226.49871200,19382,780.47660000,1453674.80430500,0
1785689100000000,1864.89000000,1865.14000000,1863.09000000,1863.13000000,815.53960000,1785689999999999,1520378.16630100,10360,559.73380000,1043497.90773200,0
1785690000000000,1863.13000000,1866.12000000,1862.40000000,1865.89000000,579.57310000,1785690899999999,1080365.03415900,9213,356.96990000,665405.56109500,0
1785690900000000,1865.89000000,1870.57000000,1864.63000000,1866.40000000,1889.84780000,1785691799999999,3527122.40877100,11076,1102.23220000,2056870.27217300,0
1785691800000000,1866.39000000,1868.70000000,1866.39000000,1868.44000000,450.92540000,1785692699999999,842233.92523600,5410,297.82840000,556250.99236700,0
1785692700000000,1868.44000000,1869.99000000,1868.44000000,1868.65000000,379.12780000,1785693599999999,708674.06677600,4813,213.19170000,398502.80924200,0
1785693600000000,1868.64000000,1871.21000000,1868.64000000,1870.31000000,383.54440000,1785694499999999,717191.23401600,6075,222.58290000,416200.91521500,0
1785694500000000,1870.31000000,1870.31000000,1868.49000000,1869.12000000,261.36830000,1785695399999999,488564.01555600,4036,121.27270000,226688.19712800,0
1785695400000000,1869.13000000,1887.20000000,1868.99000000,1881.56000000,6999.31380000,1785696299999999,13162969.78650200,37525,4688.64960000,8815322.24540800,0
1785696300000000,1881.47000000,1882.34000000,1874.68000000,1875.86000000,3053.02780000,1785697199999999,5731686.94145400,29174,1291.00480000,2424265.63116200,0
1785697200000000,1875.86000000,1878.70000000,1874.80000000,1876.71000000,1138.08020000,1785698099999999,2136183.49542200,16502,754.79810000,1416706.12791500,0
1785698100000000,1876.71000000,1878.66000000,1876.08000000,1876.09000000,680.82220000,1785698999999999,1278061.88001800,10026,347.41530000,652190.29084100,0
1785699000000000,1876.09000000,1878.85000000,1875.62000000,1878.85000000,921.85800000,1785699899999999,1730841.69986800,6324,483.83750000,908373.34628000,0
1785699900000000,1878.85000000,1883.93000000,1878.85000000,1882.20000000,1300.05150000,1785700799999999,2446442.29998800,15057,688.90480000,1296135.17214300,0
1785700800000000,1882.20000000,1883.40000000,1880.21000000,1883.10000000,796.76510000,1785701699999999,1499398.93316500,10045,385.32200000,725101.28331200,0
1785701700000000,1883.09000000,1884.31000000,1879.61000000,1880.19000000,662.54160000,1785702599999999,1246760.35609200,8309,284.40810000,535252.20819300,0
1785702600000000,1880.19000000,1882.61000000,1879.93000000,1881.17000000,511.61620000,1785703499999999,962553.48715000,6211,168.52160000,317053.26114200,0
1785703500000000,1881.18000000,1885.71000000,1880.86000000,1883.78000000,1089.50600000,1785704399999999,2052553.65280100,9902,735.45460000,1385440.24167100,0
1785704400000000,1883.79000000,1887.08000000,1882.15000000,1885.72000000,1537.43510000,1785705299999999,2898133.29751300,13790,757.03720000,1426922.18699100,0
1785705300000000,1885.72000000,1887.39000000,1884.73000000,1887.10000000,823.34240000,1785706199999999,1552905.41772800,8144,427.99490000,807263.19184100,0
1785706200000000,1887.09000000,1898.50000000,1885.89000000,1894.22000000,3887.74710000,1785707099999999,7352897.78456300,34100,2470.01120000,4672070.21492300,0
1785707100000000,1894.23000000,1898.50000000,1888.57000000,1890.43000000,2161.95720000,1785707999999999,4094018.70315700,38340,1121.15600000,2124106.84900300,0
1785708000000000,1890.44000000,1897.80000000,1890.44000000,1893.75000000,3616.28930000,1785708899999999,6852333.85641900,52031,2142.40640000,4058646.28890400,0
1785708900000000,1893.75000000,1897.59000000,1888.54000000,1890.00000000,2579.38590000,1785709799999999,4881799.19054300,26243,1661.14830000,3143997.06018700,0
1785709800000000,1889.99000000,1890.64000000,1880.50000000,1885.38000000,2693.87250000,1785710699999999,5076832.50649200,21621,1137.27270000,2143567.44466100,0
1785710700000000,1885.38000000,1886.12000000,1881.37000000,1882.11000000,620.78960000,1785711599999999,1169366.80760000,8773,340.16150000,640813.44735900,0
1785711600000000,1882.10000000,1882.75000000,1876.39000000,1878.07000000,1023.44160000,1785712499999999,1923616.34631100,18032,457.34390000,859463.68453900,0
1785712500000000,1878.08000000,1884.27000000,1877.18000000,1883.97000000,1348.72970000,1785713399999999,2538417.42938400,14049,870.96380000,1639221.94171400,0
1785713400000000,1883.97000000,1884.99000000,1882.25000000,1884.32000000,507.33140000,1785714299999999,955594.38937200,8117,324.33620000,610866.30986300,0
1785714300000000,1884.31000000,1885.68000000,1882.83000000,1885.36000000,486.12590000,1785715199999999,916070.51768200,11331,289.51940000,545575.24802900,0
1785715200000000,1885.36000000,1885.95000000,1878.00000000,1879.07000000,1677.43040000,1785716099999999,3157436.80082500,17782,505.94390000,952065.90837600,0
1785716100000000,1879.06000000,1880.55000000,1873.12000000,1874.16000000,1193.94180000,1785716999999999,2240917.13826900,15604,448.90310000,842374.44126000,0
1785717000000000,1874.16000000,1878.85000000,1871.68000000,1874.85000000,888.10870000,1785717899999999,1665754.15832400,15242,393.72630000,738503.90927200,0
1785717900000000,1874.84000000,1875.39000000,1871.75000000,1873.87000000,912.00980000,1785718799999999,1708675.94092800,11076,355.22220000,665524.02331400,0
1785718800000000,1873.86000000,1875.52000000,1869.13000000,1871.55000000,1329.51220000,1785719699999999,2489257.81110100,17317,692.17220000,1296077.92568700,0
1785719700000000,1871.56000000,1873.01000000,1868.69000000,1870.60000000,849.90820000,1785720599999999,1589904.90706900,15497,334.31900000,625370.59670100,0
1785720600000000,1870.60000000,1872.72000000,1868.31000000,1869.22000000,1038.57180000,1785721499999999,1942579.21517500,20295,574.48890000,1074554.91916400,0
1785721500000000,1869.22000000,1869.83000000,1866.00000000,1867.19000000,902.47620000,1785722399999999,1685442.14121100,15919,364.64040000,680949.51113700,0
1785722400000000,1867.19000000,1868.13000000,1864.65000000,1866.29000000,1167.80470000,1785723299999999,2179178.91486100,18335,468.85190000,874816.15794900,0
1785723300000000,1866.29000000,1872.00000000,1864.48000000,1865.82000000,1569.51950000,1785724199999999,2932235.98846500,18003,581.92570000,1087414.38942200,0
1785724200000000,1865.81000000,1868.88000000,1864.95000000,1867.12000000,525.19840000,1785725099999999,980720.95527700,12977,249.30970000,465509.52190800,0
1785725100000000,1867.13000000,1867.78000000,1862.90000000,1864.51000000,795.53790000,1785725999999999,1483762.40182900,8369,334.93130000,624674.81690700,0
1785726000000000,1864.51000000,1865.71000000,1862.26000000,1863.77000000,706.62720000,1785726899999999,1317061.78754200,9025,378.35640000,705153.44189700,0
1785726900000000,1863.77000000,1865.21000000,1861.59000000,1862.64000000,708.41350000,1785727799999999,1319781.78246800,7622,275.18870000,512712.18109600,0
1785727800000000,1862.64000000,1863.08000000,1861.13000000,1861.57000000,704.08750000,1785728699999999,1310810.37172700,5635,198.89440000,370276.12730600,0
1785728700000000,1861.56000000,1861.56000000,1851.05000000,1857.22000000,3178.71220000,1785729599999999,5902932.18237600,24516,1225.59010000,2275894.15403300,0
1785729600000000,1857.21000000,1860.74000000,1856.10000000,1857.73000000,1202.17040000,1785730499999999,2234944.70187700,17232,366.28990000,680829.35599300,0
1785730500000000,1857.72000000,1861.89000000,1857.72000000,1861.70000000,754.86070000,1785731399999999,1404547.41772800,10185,262.21130000,487811.67751800,0
1785731400000000,1861.70000000,1863.14000000,1860.70000000,1862.01000000,701.87660000,1785732299999999,1306962.91118400,10409,358.97300000,668368.26313400,0
1785732300000000,1862.02000000,1862.02000000,1854.81000000,1854.97000000,1057.71220000,1785733199999999,1964897.42905600,14554,391.18780000,726725.17093000,0
1785733200000000,1854.97000000,1858.82000000,1853.55000000,1858.41000000,1134.29670000,1785734099999999,2105205.47247300,14442,389.11250000,722367.36718100,0
1785734100000000,1858.41000000,1858.41000000,1856.25000000,1856.98000000,724.51850000,1785734999999999,1345677.50106000,9761,365.50820000,678884.42580500,0
1785735000000000,1856.98000000,1860.14000000,1855.60000000,1857.73000000,1212.23610000,1785735899999999,2251820.79907700,12167,758.16550000,1408561.04144600,0
1785735900000000,1857.73000000,1860.91000000,1857.51000000,1859.88000000,1040.34390000,1785736799999999,1934747.19381400,11868,676.96250000,1258876.90596600,0
1785736800000000,1859.88000000,1861.11000000,1858.81000000,1859.47000000,490.03680000,1785737699999999,911559.13475200,10095,242.55070000,451189.34667100,0
1785737700000000,1859.47000000,1860.05000000,1857.00000000,1857.03000000,899.52190000,1785738599999999,1671177.97846100,10034,519.72660000,965438.07786400,0
1785738600000000,1857.02000000,1858.15000000,1847.67000000,1848.11000000,3352.62500000,1785739499999999,6209907.16990500,23761,1125.46360000,2084655.67401000,0
1785739500000000,1848.12000000,1852.29000000,1846.38000000,1849.28000000,2307.87830000,1785740399999999,4269037.45214100,19887,1308.49730000,2420551.12844200,0
1785740400000000,1849.29000000,1849.94000000,1844.50000000,1844.77000000,2859.71090000,1785741299999999,5280699.71869900,26096,1152.14940000,2127536.42974100,0
1785741300000000,1844.78000000,1845.67000000,1840.00000000,1845.26000000,4136.64360000,1785742199999999,7623080.03668200,25079,1974.69650000,3639309.72721900,0
1785742200000000,1845.26000000,1847.62000000,1843.02000000,1843.63000000,2460.05510000,1785743099999999,4539979.27065800,15233,1276.13910000,2354882.98505800,0
1785743100000000,1843.64000000,1846.34000000,1842.74000000,1843.97000000,3155.82240000,1785743999999999,5820664.04120300,14899,1652.33770000,3047679.59673900,0
1785744000000000,1843.96000000,1845.57000000,1841.22000000,1843.46000000,1940.37250000,1785744899999999,3576351.19293500,15981,650.21100000,1198365.01430500,0
1785744900000000,1843.47000000,1843.47000000,1830.93000000,1832.31000000,7797.78870000,1785745799999999,14308007.06751400,59389,2702.94530000,4958557.97115300,0
1785745800000000,1832.31000000,1837.01000000,1828.62000000,1836.67000000,3727.91660000,1785746699999999,6833556.76498000,44412,2205.89230000,4044760.40244400,0
1785746700000000,1836.68000000,1840.79000000,1836.26000000,1840.32000000,1863.03140000,1785747599999999,3425369.52876800,16979,1101.84510000,2025600.52847000,0
1785747600000000,1840.32000000,1841.06000000,1839.35000000,1840.01000000,1659.70120000,1785748499999999,3054492.95714200,12739,976.57820000,1797306.22253500,0
1785748500000000,1840.01000000,1843.48000000,1839.90000000,1842.82000000,2801.64190000,1785749399999999,5160987.36982400,18102,1348.35000000,2483809.24811200,0
1785749400000000,1842.81000000,1845.90000000,1842.30000000,1845.57000000,1772.98050000,1785750299999999,3269507.11008400,14645,822.89700000,1517820.51795400,0
1785750300000000,1845.56000000,1853.91000000,1845.56000000,1852.63000000,2278.53600000,1785751199999999,4214204.83482000,18306,1359.84500000,2515098.76506500,0
1785751200000000,1852.62000000,1854.46000000,1850.28000000,1850.70000000,1383.03170000,1785752099999999,2561157.20057100,17806,600.50100000,1112052.90241800,0
1785752100000000,1850.70000000,1852.23000000,1848.44000000,1848.67000000,2474.03300000,1785752999999999,4578427.26303400,20396,1528.79350000,2829161.25478000,0
1785753000000000,1848.67000000,1848.68000000,1846.31000000,1847.12000000,2462.67720000,1785753899999999,4549558.39948100,12432,766.65330000,1416245.86839000,0
1785753900000000,1847.12000000,1847.46000000,1841.55000000,1846.24000000,1389.05070000,1785754799999999,2561903.30838700,11213,520.00690000,959206.06918300,0
1785754800000000,1846.24000000,1846.79000000,1840.00000000,1842.44000000,1259.08720000,1785755699999999,2320230.46146400,12944,532.27660000,980967.80808500,0
1785755700000000,1842.43000000,1847.88000000,1841.76000000,1843.99000000,892.63690000,1785756599999999,1647278.99406000,10788,517.67800000,955397.72080900,0
1785756600000000,1843.98000000,1847.51000000,1843.31000000,1844.21000000,867.50690000,1785757499999999,1601035.38963800,13392,356.36680000,657729.04765800,0
1785757500000000,1844.21000000,1844.34000000,1838.48000000,1839.89000000,1304.17850000,1785758399999999,2400675.90846400,15689,441.01600000,811620.49940700,0
1785758400000000,1839.88000000,1841.27000000,1836.75000000,1841.08000000,1416.23340000,1785759299999999,2604346.30855000,16333,681.58740000,1253434.08494600,0
1785759300000000,1841.08000000,1843.72000000,1840.37000000,1842.48000000,1460.98120000,1785760199999999,2691679.93750700,16599,1031.98940000,1901376.26559600,0
1785760200000000,1842.48000000,1844.69000000,1841.46000000,1844.69000000,1056.69240000,1785761099999999,1947027.53822500,15317,581.94420000,1072276.56575000,0
1785761100000000,1844.70000000,1845.38000000,1842.15000000,1843.70000000,1078.64250000,1785761999999999,1988980.42056700,13275,416.19350000,767460.40377600,0
1785762000000000,1843.69000000,1845.51000000,1843.18000000,1844.56000000,1238.84090000,1785762899999999,2284570.43404700,15671,653.81950000,1205625.21345200,0
1785762900000000,1844.57000000,1853.74000000,1842.46000000,1844.14000000,2515.99850000,1785763799999999,4650275.28251800,34326,1375.78840000,2543159.15014100,0
1785763800000000,1844.15000000,1851.55000000,1838.42000000,1849.45000000,4446.25650000,1785764699999999,8206344.49716600,63689,2540.47500000,4690007.12960800,0
1785764700000000,1849.44000000,1860.24000000,1844.52000000,1859.18000000,5129.10780000,1785765599999999,9512033.13280700,83465,3223.82370000,5981084.65526800,0
1785765600000000,1859.18000000,1860.14000000,1852.45000000,1855.11000000,3293.67790000,1785766499999999,6112190.72192000,39208,1745.62500000,3239131.40462100,0
1785766500000000,1855.10000000,1869.20000000,1851.34000000,1867.08000000,7410.76770000,1785767399999999,13784052.80656900,65643,4827.29170000,8980929.82481200,0
1785767400000000,1867.08000000,1870.44000000,1862.27000000,1865.94000000,5338.96870000,1785768299999999,9964010.76610000,53323,2757.65550000,5146622.44340500,0
1785768300000000,1865.94000000,1874.35000000,1862.14000000,1873.79000000,4963.11030000,1785769199999999,9275687.91598100,45944,3194.41360000,5971638.39752400,0
1785769200000000,1873.79000000,1874.08000000,1863.46000000,1865.31000000,3573.92360000,1785770099999999,6676869.32410500,36682,1631.28480000,3048575.58057700,0
1785770100000000,1865.31000000,1868.55000000,1862.14000000,1863.40000000,3478.32550000,1785770999999999,6489084.70053300,25426,1777.54250000,3316753.52516600,0
1785771000000000,1863.41000000,1866.85000000,1861.71000000,1863.79000000,2106.00070000,1785771899999999,3926190.98205200,21869,1214.45340000,2264062.47500400,0
1785771900000000,1863.79000000,1866.45000000,1860.43000000,1863.34000000,1681.56840000,1785772799999999,3134027.75125700,26786,788.78980000,1470351.79091000,0
1785772800000000,1863.34000000,1869.23000000,1861.68000000,1865.31000000,2079.44690000,1785773699999999,3879564.83365900,31342,1414.27930000,2638803.02324300,0
1785773700000000,1865.30000000,1872.22000000,1865.24000000,1870.20000000,2434.19710000,1785774599999999,4550653.57032300,24810,1331.29440000,2488495.13855700,0
1785774600000000,1870.19000000,1870.19000000,1863.31000000,1865.63000000,1456.99420000,1785775499999999,2719641.28781300,13424,644.00400000,1202097.85120000,0
1785775500000000,1865.64000000,1869.70000000,1865.41000000,1866.22000000,800.60750000,1785776399999999,1495138.98408500,9728,425.13170000,793886.92552400,0
1785776400000000,1866.22000000,1870.00000000,1863.64000000,1869.33000000,1124.92830000,1785777299999999,2100484.75697900,14056,570.99580000,1065920.17397700,0
1785777300000000,1869.34000000,1874.93000000,1867.17000000,1867.95000000,2040.80650000,1785778199999999,3818316.95282800,17499,1155.65660000,2162505.11788800,0
1785778200000000,1867.95000000,1871.72000000,1867.18000000,1870.18000000,1296.49670000,1785779099999999,2423706.43855300,12487,456.02610000,852443.61610800,0
1785779100000000,1870.18000000,1871.17000000,1867.47000000,1868.84000000,1333.12470000,1785779999999999,2491688.93373300,10774,661.53770000,1236216.04183600,0
1785780000000000,1868.85000000,1873.41000000,1868.58000000,1872.73000000,1379.54260000,1785780899999999,2581112.78171100,17539,732.96570000,1371514.92653100,0
1785780900000000,1872.72000000,1874.00000000,1867.75000000,1868.89000000,1233.24890000,1785781799999999,2308062.04665200,24544,379.25870000,709811.25059500,0
1785781800000000,1868.89000000,1871.09000000,1867.38000000,1869.03000000,969.99760000,1785782699999999,1813255.10643000,17527,312.67290000,584499.10123400,0
1785782700000000,1869.04000000,1870.64000000,1866.72000000,1868.96000000,883.49290000,1785783599999999,1651176.04671700,12557,288.86170000,539878.40880200,0
1785783600000000,1868.96000000,1871.59000000,1868.20000000,1870.89000000,1096.64940000,1785784499999999,2050836.03635300,14107,334.77900000,626014.51046200,0
1785784500000000,1870.90000000,1874.06000000,1870.02000000,1872.51000000,1582.52380000,1785785399999999,2962219.10535900,13186,547.60110000,1025121.74178900,0
1785785400000000,1872.51000000,1876.50000000,1869.60000000,1871.67000000,1747.39370000,1785786299999999,3273402.30742800,16237,725.68320000,1359709.94152000,0
1785786300000000,1871.67000000,1873.00000000,1869.80000000,1870.20000000,1404.67360000,1785787199999999,2629304.64806100,11393,680.52540000,1273643.77616200,0
1785787200000000,1870.20000000,1872.75000000,1868.48000000,1871.51000000,859.09170000,1785788099999999,1606958.55520600,10601,348.04790000,651113.82679500,0
1785788100000000,1871.51000000,1875.99000000,1871.51000000,1872.23000000,869.25150000,1785788999999999,1628684.42390000,8931,431.25670000,808086.21773100,0
1785789000000000,1872.23000000,1872.99000000,1871.35000000,1872.49000000,511.43030000,1785789899999999,957667.04725600,4638,216.79610000,405936.16475200,0
1785789900000000,1872.48000000,1872.62000000,1866.61000000,1868.97000000,5107.59560000,1785790799999999,9550550.51493300,11934,2501.45320000,4677002.93169700,0
1785790800000000,1868.97000000,1868.98000000,1865.48000000,1866.43000000,861.33950000,1785791699999999,1608243.91896900,6771,303.68640000,566901.99780400,0
1785791700000000,1866.43000000,1867.20000000,1864.78000000,1866.65000000,1571.71060000,1785792599999999,2932621.08283000,6726,488.48900000,911353.93280300,0
1785792600000000,1866.64000000,1869.15000000,1866.64000000,1868.67000000,882.42770000,1785793499999999,1648367.62622400,6265,333.86900000,623618.26956600,0
1785793500000000,1868.67000000,1868.80000000,1863.57000000,1863.60000000,1409.68730000,1785794399999999,2629633.46809800,8789,493.79810000,920978.96570700,0
1785794400000000,1863.60000000,1864.75000000,1852.45000000,1859.47000000,3150.25880000,1785795299999999,5853419.97283400,28352,1124.70240000,2089316.15446300,0
1785795300000000,1859.46000000,1866.12000000,1858.85000000,1859.55000000,1673.75320000,1785796199999999,3117023.89339800,12694,735.79250000,1370127.35992900,0
1785796200000000,1859.55000000,1859.55000000,1856.01000000,1856.89000000,938.36370000,1785797099999999,1743348.73568600,8985,469.30010000,871917.21336200,0
1785797100000000,1856.89000000,1860.90000000,1856.73000000,1860.40000000,638.93200000,1785797999999999,1187868.92520700,5841,430.40040000,800170.94040000,0
1785798000000000,1860.39000000,1860.39000000,1856.22000000,1856.74000000,701.53090000,1785798899999999,1303775.52081800,8169,244.97380000,455213.91781500,0
1785798900000000,1856.74000000,1859.59000000,1856.74000000,1859.47000000,680.82590000,1785799799999999,1265311.68722600,6422,365.63970000,679479.58042200,0
1785799800000000,1859.48000000,1859.97000000,1857.15000000,1858.65000000,746.79640000,1785800699999999,1387807.80572000,5838,325.49000000,604799.29314300,0
1785800700000000,1858.64000000,1860.50000000,1857.73000000,1860.50000000,438.45440000,1785801599999999,815150.95552300,5512,223.13020000,414830.95014300,0
1785801600000000,1860.50000000,1863.12000000,1857.97000000,1859.53000000,1829.97560000,1785802499999999,3404610.16503100,16410,812.23180000,1511268.48927600,0
1785802500000000,1859.54000000,1859.74000000,1855.59000000,1856.87000000,1206.49590000,1785803399999999,2241196.83930000,14391,604.11030000,1122063.22380600,0
1785803400000000,1856.86000000,1856.86000000,1848.38000000,1852.26000000,5654.57430000,1785804299999999,10466400.82814100,25828,3314.78450000,6134122.06991100,0
1785804300000000,1852.26000000,1856.19000000,1849.64000000,1851.30000000,1396.39120000,1785805199999999,2585814.71353900,16656,610.23310000,1130115.65373000,0
1785805200000000,1851.30000000,1854.46000000,1849.12000000,1852.94000000,1745.63050000,1785806099999999,3233458.58249200,15228,1222.10600000,2264022.56588200,0
1785806100000000,1852.94000000,1857.64000000,1851.30000000,1855.70000000,1258.07240000,1785806999999999,2333421.08802700,15887,738.45000000,1369758.78002300,0
1785807000000000,1855.71000000,1869.72000000,1855.45000000,1865.96000000,3890.05790000,1785807899999999,7249383.62980600,36908,2331.20080000,4343697.97629400,0
1785807900000000,1865.96000000,1869.21000000,1863.69000000,1867.64000000,2149.84210000,1785808799999999,4012763.91403500,25563,980.97380000,1830798.14898600,0
1785808800000000,1867.64000000,1868.83000000,1864.48000000,1865.50000000,1488.48800000,1785809699999999,2777742.92523500,14690,735.88530000,1373304.04209200,0
1785809700000000,1865.49000000,1866.47000000,1862.52000000,1862.83000000,1517.05550000,1785810599999999,2828164.59048700,12939,474.97550000,885429.76111000,0
1785810600000000,1862.83000000,1872.50000000,1862.09000000,1868.69000000,1599.27840000,1785811499999999,2987373.84184500,14542,973.48870000,1818458.01084100,0
1785811500000000,1868.70000000,1869.78000000,1865.36000000,1866.17000000,739.99150000,1785812399999999,1381693.66438600,7392,346.35720000,646723.96086600,0
1785812400000000,1866.17000000,1866.82000000,1860.00000000,1860.01000000,1487.61480000,1785813299999999,2771575.70424000,10316,492.59700000,918175.38939000,0
1785813300000000,1860.01000000,1862.62000000,1858.38000000,1862.26000000,1533.72680000,1785814199999999,2853139.84300800,11725,885.52400000,1647367.24421300,0
1785814200000000,1862.25000000,1866.96000000,1862.25000000,1865.05000000,630.43160000,1785815099999999,1175700.59208800,10364,379.97090000,708578.31688000,0
1785815100000000,1865.06000000,1866.80000000,1864.19000000,1864.19000000,730.69370000,1785815999999999,1363149.65674600,7987,400.10650000,746386.53838300,0
1785816000000000,1864.20000000,1864.85000000,1862.09000000,1863.23000000,1101.56060000,1785816899999999,2052906.60693900,9889,542.83400000,1011529.63970800,0
1785816900000000,1863.24000000,1867.52000000,1863.01000000,1866.19000000,1053.36580000,1785817799999999,1966001.07423500,8085,629.65080000,1175180.53251500,0
1785817800000000,1866.19000000,1871.22000000,1866.18000000,1871.09000000,1620.16390000,1785818699999999,3027682.07036300,11152,786.12450000,1469332.16409500,0
1785818700000000,1871.08000000,1874.71000000,1868.00000000,1868.01000000,2355.96700000,1785819599999999,4409787.39300900,17358,1172.40850000,2194716.04650900,0
1785819600000000,1868.00000000,1870.54000000,1864.43000000,1864.79000000,1367.92700000,1785820499999999,2554652.80161500,10638,401.55270000,749675.87571200,0
1785820500000000,1864.79000000,1866.83000000,1864.64000000,1864.83000000,675.32620000,1785821399999999,1259716.32548100,6979,191.41500000,357068.75135300,0
1785821400000000,1864.83000000,1866.00000000,1864.43000000,1865.66000000,503.74830000,1785822299999999,939665.08824800,6105,190.96750000,356214.32128600,0
1785822300000000,1865.65000000,1865.81000000,1864.28000000,1864.42000000,751.80560000,1785823199999999,1401894.70964200,5613,315.12460000,587592.51617400,0
1785823200000000,1864.42000000,1865.16000000,1862.97000000,1863.86000000,852.11220000,1785824099999999,1588374.06078000,10608,424.47510000,791218.20005700,0
1785824100000000,1863.87000000,1882.44000000,1862.21000000,1862.72000000,10448.37410000,1785824999999999,19521190.25327800,26559,8344.50660000,15594089.82076000,0
1785825000000000,1862.72000000,1863.65000000,1855.69000000,1856.65000000,2339.30570000,1785825899999999,4348522.67324600,22276,920.56790000,1710653.28765300,0
1785825900000000,1856.64000000,1856.96000000,1854.65000000,1856.96000000,2038.21380000,1785826799999999,3783168.10510200,16650,822.02730000,1525801.16315600,0
1785826800000000,1856.96000000,1858.79000000,1855.03000000,1855.51000000,1299.49110000,1785827699999999,2412686.96902300,13882,674.91630000,1252872.61636700,0
1785827700000000,1855.51000000,1857.93000000,1853.54000000,1857.93000000,1834.80590000,1785828599999999,3403998.66026300,18389,1057.38430000,1961800.87786700,0
1785828600000000,1857.93000000,1864.13000000,1857.93000000,1859.80000000,2273.97380000,1785829499999999,4231180.34431900,21260,959.09560000,1784664.49468900,0
1785829500000000,1859.81000000,1864.98000000,1859.80000000,1863.87000000,2302.74930000,1785830399999999,4290953.99644400,14251,1037.75580000,1933509.79197900,0
1785830400000000,1863.88000000,1865.88000000,1861.82000000,1862.89000000,1350.09850000,1785831299999999,2516486.36737100,14379,717.41680000,1337176.39313000,0
1785831300000000,1862.90000000,1862.90000000,1859.83000000,1860.45000000,929.95980000,1785832199999999,1730607.68521000,12531,332.99030000,619561.61671100,0
1785832200000000,1860.44000000,1860.62000000,1856.96000000,1860.46000000,1139.72160000,1785833099999999,2118258.49036400,13223,599.35170000,1113931.37065300,0
1785833100000000,1860.45000000,1860.46000000,1857.76000000,1857.89000000,761.12950000,1785833999999999,1414502.37474000,9152,505.27620000,938948.58266400,0
1785834000000000,1857.88000000,1858.76000000,1855.36000000,1856.40000000,1935.49910000,1785834899999999,3594436.41435300,17191,772.81750000,1435108.05378100,0
1785834900000000,1856.40000000,1856.80000000,1853.48000000,1856.73000000,1436.82340000,1785835799999999,2666370.46997900,13906,669.08980000,1241583.39738400,0
1785835800000000,1856.72000000,1857.24000000,1853.71000000,1856.29000000,1038.53370000,1785836699999999,1927300.92958500,14846,616.99280000,1144966.98005700,0
1785836700000000,1856.29000000,1858.83000000,1855.01000000,1858.71000000,1077.97100000,1785837599999999,2001872.21162800,11636,546.65750000,1015182.71416300,0
1785837600000000,1858.71000000,1859.22000000,1854.85000000,1854.85000000,1056.16830000,1785838499999999,1961389.58178600,12150,509.29980000,945854.51187800,0
1785838500000000,1854.84000000,1860.36000000,1854.11000000,1855.93000000,1923.69300000,1785839399999999,3572801.38112800,21444,1201.83970000,2232181.48037900,0
1785839400000000,1855.92000000,1863.81000000,1855.44000000,1863.35000000,1485.71050000,1785840299999999,2761781.33283800,18387,731.40960000,1359468.56467200,0
1785840300000000,1863.35000000,1873.03000000,1862.65000000,1866.94000000,4393.08480000,1785841199999999,8207250.78429000,62052,2034.42720000,3800685.41663200,0
1785841200000000,1866.95000000,1869.65000000,1866.38000000,1867.06000000,1594.86220000,1785842099999999,2978775.29534200,26519,590.98260000,1103721.70246800,0
1785842100000000,1867.07000000,1871.58000000,1866.18000000,1868.98000000,1514.57950000,1785842999999999,2829491.45021600,17623,630.19780000,1177136.84313100,0
1785843000000000,1868.98000000,1873.23000000,1866.71000000,1872.52000000,1578.02320000,1785843899999999,2949503.70108900,22510,639.51890000,1195710.85058100,0
1785843900000000,1872.52000000,1874.78000000,1870.32000000,1872.89000000,2293.47480000,1785844799999999,4296272.52938000,26909,1403.51490000,2629366.76429500,0
1785844800000000,1872.88000000,1873.00000000,1869.20000000,1869.20000000,1198.07260000,1785845699999999,2241168.26691800,18649,528.88070000,989317.96002900,0
1785845700000000,1869.21000000,1872.22000000,1868.09000000,1872.12000000,1438.79250000,1785846599999999,2691099.75367400,17020,808.13170000,1511411.81675200,0
1785846600000000,1872.13000000,1882.00000000,1871.10000000,1878.31000000,4206.94630000,1785847499999999,7900574.40849700,40284,2430.23210000,4564009.50674400,0
1785847500000000,1878.31000000,1879.05000000,1874.88000000,1875.11000000,1311.50860000,1785848399999999,2461465.87982300,19336,730.58310000,1371160.78026600,0
1785848400000000,1875.11000000,1877.63000000,1873.98000000,1875.27000000,1376.04020000,1785849299999999,2581270.68828800,19529,760.87770000,1427243.77036100,0
1785849300000000,1875.26000000,1876.38000000,1870.00000000,1870.17000000,3473.25520000,1785850199999999,6502482.38583600,30682,1755.89170000,3287337.27022000,0
1785850200000000,1870.17000000,1876.00000000,1867.72000000,1873.39000000,5293.47140000,1785851099999999,9914395.10365900,75574,3199.78210000,5992796.34944900,0
1785851100000000,1873.38000000,1873.80000000,1860.01000000,1862.06000000,4531.33790000,1785851999999999,8453506.37443100,58274,2314.94390000,4318729.94378600,0
1785852000000000,1862.06000000,1869.81000000,1858.72000000,1864.65000000,4202.79950000,1785852899999999,7831876.66615900,33307,2040.69570000,3804471.83172300,0
1785852900000000,1864.68000000,1867.50000000,1858.72000000,1867.33000000,2829.41500000,1785853799999999,5272153.98097500,31240,1763.67480000,3286298.29198600,0
1785853800000000,1867.32000000,1875.71000000,1866.00000000,1874.24000000,3857.64160000,1785854699999999,7220566.18412200,36681,2264.17510000,4238508.80812700,0
1785854700000000,1874.23000000,1875.04000000,1871.32000000,1873.03000000,1735.18930000,1785855599999999,3249718.17759200,20685,928.28290000,1738401.28265300,0
1785855600000000,1873.02000000,1875.39000000,1866.86000000,1870.11000000,2215.85690000,1785856499999999,4147188.40635000,24129,775.04870000,1450570.43406400,0
1785856500000000,1870.11000000,1870.22000000,1865.43000000,1866.68000000,2707.63240000,1785857399999999,5058756.30984900,26718,1022.48290000,1910288.26460500,0
1785857400000000,1866.67000000,1872.26000000,1862.05000000,1872.05000000,2047.87150000,1785858299999999,3821392.89248000,25323,1040.00360000,1941114.55842500,0
1785858300000000,1872.05000000,1877.85000000,1870.48000000,1873.07000000,2757.93540000,1785859199999999,5171347.81952500,28052,1528.44660000,2866037.28962300,0
1785859200000000,1873.08000000,1874.09000000,1869.65000000,1870.53000000,3888.32840000,1785860099999999,7277486.39241700,19258,1784.84000000,3340660.70548800,0
1785860100000000,1870.54000000,1873.40000000,1869.55000000,1869.55000000,1845.82110000,1785860999999999,3455038.80015300,16404,531.03640000,993923.49031200,0
1785861000000000,1869.55000000,1871.42000000,1865.65000000,1867.21000000,1342.13250000,1785861899999999,2508502.73501100,18762,745.79940000,1394086.21068600,0
1785861900000000,1867.22000000,1869.98000000,1866.81000000,1869.68000000,909.05880000,1785862799999999,1698370.87222000,15898,530.06710000,990200.54366100,0
1785862800000000,1869.69000000,1877.88000000,1869.69000000,1874.13000000,3050.13660000,1785863699999999,5717218.77338300,25504,2006.89240000,3761587.15001600,0
1785863700000000,1874.12000000,1875.65000000,1867.11000000,1875.18000000,4993.89840000,1785864599999999,9349720.66571900,21049,1418.30780000,2656203.83228500,0
1785864600000000,1875.17000000,1877.51000000,1873.68000000,1875.73000000,1473.14330000,1785865499999999,2763293.44546600,22260,697.77730000,1308988.81351500,0
1785865500000000,1875.73000000,1876.49000000,1867.01000000,1869.53000000,2495.31570000,1785866399999999,4668642.40218800,22895,914.46890000,1710757.18903000,0
1785866400000000,1869.54000000,1877.07000000,1869.30000000,1876.99000000,1545.45420000,1785867299999999,2895908.75491600,19733,881.33010000,1651618.57179700,0
1785867300000000,1876.99000000,1880.94000000,1874.91000000,1879.04000000,3187.08500000,1785868199999999,5988195.39278100,29309,1535.30810000,2884639.79541800,0
1785868200000000,1879.03000000,1879.31000000,1873.40000000,1875.39000000,1188.78600000,1785869099999999,2230769.40066600,21218,402.90750000,755820.63716400,0
1785869100000000,1875.39000000,1876.42000000,1874.32000000,1875.29000000,1607.60500000,1785869999999999,3014437.20212100,13498,450.56070000,844837.43848500,0
1785870000000000,1875.29000000,1878.01000000,1873.86000000,1877.99000000,4104.42660000,1785870899999999,7703452.38049600,21594,1685.55230000,3163754.70197700,0
1785870900000000,1878.00000000,1878.57000000,1874.08000000,1875.19000000,801.32820000,1785871799999999,1503114.20872400,9509,395.21110000,741231.04768800,0
1785871800000000,1875.19000000,1881.81000000,1874.29000000,1880.67000000,1792.03770000,1785872699999999,3366119.91883100,14454,1180.32300000,2217168.38614100,0
1785872700000000,1880.68000000,1880.68000000,1874.58000000,1875.26000000,1486.67280000,1785873599999999,2790833.95210800,11121,589.36230000,1106398.72432100,0
1785873600000000,1875.26000000,1875.65000000,1872.41000000,1874.14000000,1679.96150000,1785874499999999,3147658.33413500,17245,935.88110000,1753446.19716500,0
1785874500000000,1874.13000000,1874.13000000,1866.17000000,1871.63000000,1912.85890000,1785875399999999,3576628.31087000,26791,625.68880000,1169642.81747100,0
1785875400000000,1871.63000000,1879.84000000,1871.63000000,1879.15000000,1273.02970000,1785876299999999,2388657.40268700,21351,770.65530000,1445881.02978600,0
1785876300000000,1879.15000000,1879.15000000,1874.94000000,1876.65000000,1019.10760000,1785877199999999,1912216.96534500,12411,400.57900000,751588.28652800,0
1785877200000000,1876.65000000,1876.65000000,1872.61000000,1872.78000000,805.35900000,1785878099999999,1509777.29902500,12145,227.62500000,426660.25440200,0
1785878100000000,1872.78000000,1875.91000000,1872.27000000,1873.88000000,419.64860000,1785878999999999,786423.08737600,8194,204.55870000,383309.08055600,0
1785879000000000,1873.88000000,1874.08000000,1872.43000000,1873.40000000,681.80290000,1785879899999999,1277121.35808900,10025,338.65210000,634330.76867000,0
1785879900000000,1873.40000000,1873.98000000,1871.85000000,1872.32000000,505.51370000,1785880799999999,946582.98255500,11408,246.57120000,461676.40579900,0
1785880800000000,1872.32000000,1873.31000000,1868.48000000,1873.31000000,1563.14060000,1785881699999999,2923964.00193700,17146,636.94850000,1191442.51666900,0
1785881700000000,1873.30000000,1876.92000000,1872.80000000,1876.07000000,940.90550000,1785882599999999,1763782.07991500,14387,590.05510000,1106048.36627200,0
1785882600000000,1876.07000000,1876.90000000,1874.60000000,1874.73000000,443.36080000,1785883499999999,831568.52954700,6745,221.03580000,414553.10060900,0
1785883500000000,1874.73000000,1875.76000000,1872.98000000,1875.64000000,356.12260000,1785884399999999,667458.91481500,5770,166.76520000,312541.44751800,0
1785884400000000,1875.64000000,1878.78000000,1873.15000000,1878.02000000,1321.64340000,1785885299999999,2480261.36839500,12750,648.64390000,1217322.11901900,0
1785885300000000,1878.01000000,1881.28000000,1870.12000000,1870.14000000,1784.79040000,1785886199999999,3349074.31290500,16129,776.87700000,1458868.35555400,0
1785886200000000,1870.14000000,1873.25000000,1869.07000000,1871.64000000,1735.14970000,1785887099999999,3245975.54687500,10392,873.61960000,1634222.40870800,0
1785887100000000,1871.64000000,1872.07000000,1869.43000000,1869.75000000,730.61030000,1785887999999999,1366618.83364400,7990,384.59710000,719385.53468800,0
1785888000000000,1869.74000000,1870.32000000,1867.40000000,1867.40000000,1544.30810000,1785888899999999,2886090.27825900,18318,646.64660000,1208505.78453100,0
1785888900000000,1867.41000000,1868.35000000,1866.03000000,1868.10000000,2111.73330000,1785889799999999,3942929.11916800,21498,960.03620000,1792503.91432900,0
1785889800000000,1868.11000000,1873.87000000,1865.00000000,1867.84000000,2002.70260000,1785890699999999,3742341.07427400,29860,962.15670000,1798273.33248300,0
1785890700000000,1867.85000000,1867.91000000,1863.33000000,1863.93000000,1381.63880000,1785891599999999,2576456.02257400,21514,651.29510000,1214495.04468600,0
1785891600000000,1863.94000000,1865.85000000,1861.34000000,1865.25000000,1221.27750000,1785892499999999,2275507.42734300,21108,547.62540000,1020509.59210100,0
1785892500000000,1865.25000000,1867.76000000,1863.36000000,1867.56000000,670.80910000,1785893399999999,1251611.06887800,16942,362.01450000,675455.57884800,0
1785893400000000,1867.57000000,1874.40000000,1867.56000000,1870.50000000,1078.83180000,1785894299999999,2018091.29386200,19500,607.16020000,1135877.42201600,0
1785894300000000,1870.49000000,1874.31000000,1870.31000000,1873.37000000,1013.23650000,1785895199999999,1897768.03130300,17117,490.89550000,919477.97101500,0
1785895200000000,1873.37000000,1878.00000000,1873.37000000,1876.78000000,1654.58040000,1785896099999999,3103197.28373500,27850,846.46620000,1587597.98000100,0
1785896100000000,1876.77000000,1876.82000000,1872.50000000,1874.29000000,1783.52990000,1785896999999999,3343340.22792000,18937,714.37640000,1339109.49730000,0
1785897000000000,1874.28000000,1876.50000000,1873.01000000,1875.80000000,1450.49800000,1785897899999999,2719757.92731300,12470,544.81920000,1021784.34422000,0
1785897900000000,1875.85000000,1876.18000000,1874.23000000,1874.49000000,962.31400000,1785898799999999,1804697.23180000,10253,437.24460000,820003.63744200,0
1785898800000000,1874.49000000,1876.23000000,1870.64000000,1871.00000000,2344.39170000,1785899699999999,4391140.89821500,14085,1060.05110000,1985368.10550700,0
1785899700000000,1871.01000000,1871.01000000,1863.91000000,1865.17000000,2881.28720000,1785900599999999,5377020.90991200,28254,1235.34150000,2304799.44849600,0
1785900600000000,1865.17000000,1867.86000000,1864.58000000,1866.74000000,1387.80930000,1785901499999999,2590331.76754300,18719,880.24460000,1642976.44911400,0
1785901500000000,1866.74000000,1868.39000000,1866.73000000,1867.75000000,1225.29580000,1785902399999999,2288434.70223300,13596,860.24290000,1606613.75865000,0
1785902400000000,1867.75000000,1867.90000000,1865.94000000,1866.11000000,959.52010000,1785903299999999,1790995.48137500,10789,645.97340000,1205712.89539400,0
1785903300000000,1866.11000000,1868.54000000,1865.00000000,1867.80000000,936.43860000,1785904199999999,1747983.01531400,10153,588.76040000,1098903.40814900,0
1785904200000000,1867.80000000,1869.79000000,1867.36000000,1867.62000000,807.08090000,1785905099999999,1507995.08309700,8517,215.40710000,402415.14645200,0
1785905100000000,1867.62000000,1867.95000000,1865.83000000,1867.50000000,784.13250000,1785905999999999,1464256.90962500,5862,264.83990000,494495.91652100,0
1785906000000000,1867.50000000,1873.29000000,1867.21000000,1872.01000000,1568.38660000,1785906899999999,2934458.01083900,13163,553.67720000,1035774.00902400,0
1785906900000000,1872.00000000,1877.69000000,1871.49000000,1874.47000000,1556.42080000,1785907799999999,2918052.25120300,15345,721.42050000,1352452.77118400,0
1785907800000000,1874.47000000,1874.48000000,1872.12000000,1873.22000000,822.34380000,1785908699999999,1540448.15814000,13719,206.09660000,385982.60774700,0
1785908700000000,1873.22000000,1873.99000000,1872.42000000,1873.46000000,868.85270000,1785909599999999,1627652.50074700,10813,273.51730000,512310.65390000,0
1785909600000000,1873.46000000,1873.69000000,1871.60000000,1872.09000000,548.33630000,1785910499999999,1026814.18601300,6381,172.03780000,322152.92604400,0
1785910500000000,1872.09000000,1872.09000000,1869.57000000,1869.87000000,787.61170000,1785911399999999,1473304.74738800,6702,360.55520000,674470.32489400,0
1785911400000000,1869.86000000,1872.79000000,1869.86000000,1870.67000000,1504.07780000,1785912299999999,2813651.42605800,7889,1024.44710000,1916355.18223200,0
1785912300000000,1870.66000000,1871.00000000,1868.26000000,1869.88000000,6498.49280000,1785913199999999,12150290.78447000,11632,2114.11430000,3952542.38429300,0
1785913200000000,1869.88000000,1870.39000000,1866.60000000,1867.95000000,4234.49380000,1785914099999999,7912353.98046900,16741,1048.74320000,1959146.33774700,0
1785914100000000,1867.95000000,1867.96000000,1863.53000000,1863.92000000,2130.27690000,1785914999999999,3972544.38471800,16549,1032.49180000,1925310.50650300,0
1785915000000000,1863.93000000,1865.00000000,1863.74000000,1864.07000000,1916.08880000,1785915899999999,3572358.38824900,15545,1245.23490000,2321634.76613900,0
1785915900000000,1864.08000000,1872.20000000,1864.05000000,1872.20000000,4907.79300000,1785916799999999,9171466.22660500,12008,4231.19840000,7908237.41100700,0
1785916800000000,1872.20000000,1874.48000000,1869.52000000,1869.53000000,6527.58110000,1785917699999999,12224065.24434500,15956,4962.08610000,9292097.45191400,0
1785917700000000,1869.53000000,1872.30000000,1868.98000000,1871.95000000,837.72980000,1785918599999999,1566917.38287400,6957,461.80640000,863701.00228000,0
1785918600000000,1871.95000000,1872.28000000,1869.11000000,1869.36000000,1732.72620000,1785919499999999,3241539.15267900,12917,665.57940000,1244953.40903100,0
1785919500000000,1869.36000000,1871.31000000,1868.00000000,1869.99000000,1287.80830000,1785920399999999,2407940.52445300,13739,571.36480000,1068086.92725100,0
1785920400000000,1869.99000000,1871.88000000,1868.89000000,1871.60000000,621.89130000,1785921299999999,1163522.03259100,8627,279.27830000,522486.50667800,0
1785921300000000,1871.60000000,1874.66000000,1871.36000000,1872.50000000,1946.47450000,1785922199999999,3645642.07687000,15293,834.77700000,1563291.90180600,0
1785922200000000,1872.50000000,1874.46000000,1872.50000000,1873.24000000,1543.07210000,1785923099999999,2891059.40547500,9261,729.25620000,1366241.60835800,0
1785923100000000,1873.24000000,1873.80000000,1871.62000000,1871.94000000,754.76240000,1785923999999999,1413720.37908100,10678,291.96920000,546883.58754700,0
1785924000000000,1871.94000000,1873.24000000,1870.75000000,1871.63000000,1301.00670000,1785924899999999,2435212.84281600,14930,752.54720000,1408449.85015200,0
1785924900000000,1871.62000000,1874.40000000,1869.05000000,1873.62000000,1077.03930000,1785925799999999,2015231.88770200,12672,665.86550000,1245799.35285300,0
1785925800000000,1873.62000000,1876.06000000,1872.40000000,1873.76000000,942.93230000,1785926699999999,1767052.52289400,14580,490.45160000,919201.18420900,0
1785926700000000,1873.77000000,1874.36000000,1866.16000000,1868.33000000,2069.40220000,1785927599999999,3868160.11421900,24922,804.73170000,1504301.58172200,0
1785927600000000,1868.32000000,1871.15000000,1868.28000000,1869.85000000,878.77240000,1785928499999999,1643120.10253700,15991,429.85110000,803709.65788900,0
1785928500000000,1869.86000000,1869.97000000,1868.21000000,1868.57000000,863.58280000,1785929399999999,1614015.78090400,13105,471.57780000,881293.45279700,0
1785929400000000,1868.56000000,1870.70000000,1867.97000000,1868.49000000,1756.76350000,1785930299999999,3283627.20393300,17753,1199.84270000,2242583.87824600,0
1785930300000000,1868.48000000,1869.60000000,1867.27000000,1868.92000000,1383.40150000,1785931199999999,2584646.70654900,15231,901.00130000,1683206.39380300,0
1785931200000000,1868.92000000,1873.40000000,1867.47000000,1872.10000000,1200.63400000,1785932099999999,2245376.51961400,18197,588.08040000,1099837.48218600,0
1785932100000000,1872.09000000,1884.53000000,1871.64000000,1882.87000000,7752.90820000,1785932999999999,14575822.08127100,49643,4552.27360000,8557614.99377400,0
1785933000000000,1882.87000000,1885.29000000,1878.19000000,1880.08000000,2870.57850000,1785933899999999,5398602.81399300,31502,1046.49210000,1968843.73264200,0
1785933900000000,1880.07000000,1880.08000000,1875.04000000,1876.25000000,1893.24550000,1785934799999999,3554509.14761400,23401,613.26280000,1151300.39492100,0
1785934800000000,1876.26000000,1877.57000000,1867.21000000,1868.65000000,3934.27300000,1785935699999999,7364204.72706300,41683,1639.19910000,3067801.50307800,0
1785935700000000,1868.64000000,1872.00000000,1867.73000000,1869.62000000,2096.81270000,1785936599999999,3921392.98556900,17618,1018.83450000,1905391.95676100,0
1785936600000000,1869.63000000,1872.60000000,1855.50000000,1870.07000000,11497.88680000,1785937499999999,21418669.76040800,97801,6039.36730000,11250715.96448800,0
1785937500000000,1870.07000000,1879.51000000,1866.26000000,1878.53000000,4442.75740000,1785938399999999,8324001.71037400,71457,2534.88520000,4749548.72207000,0
1785938400000000,1878.52000000,1882.84000000,1873.41000000,1878.97000000,4991.09740000,1785939299999999,9380446.65468000,52364,2849.79400000,5356826.58587500,0
1785939300000000,1878.98000000,1881.28000000,1871.12000000,1871.86000000,4856.91540000,1785940199999999,9103635.81800600,41081,2589.14740000,4852706.65384500,0
1785940200000000,1871.85000000,1875.34000000,1869.24000000,1874.95000000,2818.07170000,1785941099999999,5275864.76751500,41351,1320.97520000,2473310.88442300,0
1785941100000000,1874.94000000,1878.86000000,1871.00000000,1875.89000000,3279.93360000,1785941999999999,6149100.80445000,30616,1222.93740000,2293457.00305000,0
1785942000000000,1875.89000000,1882.76000000,1875.00000000,1877.44000000,2865.04950000,1785942899999999,5386216.20321200,43658,1850.67350000,3479355.92926400,0
1785942900000000,1877.44000000,1878.71000000,1872.95000000,1877.04000000,2288.68680000,1785943799999999,4292656.54707600,26080,1030.40750000,1932708.88003100,0
1785943800000000,1877.05000000,1882.40000000,1877.05000000,1877.86000000,1604.52860000,1785944699999999,3015766.70042900,21484,797.13820000,1498378.00635100,0
1785944700000000,1877.87000000,1878.93000000,1873.10000000,1873.91000000,1397.88120000,1785945599999999,2622077.38874200,18753,552.96720000,1037435.24141800,0
1785945600000000,1873.91000000,1882.68000000,1873.40000000,1882.68000000,1948.95040000,1785946499999999,3660702.18560400,21158,1265.14460000,2376889.17352500,0
1785946500000000,1882.68000000,1897.00000000,1880.72000000,1896.14000000,10511.86050000,1785947399999999,19866100.99618300,60378,7181.33180000,13573677.32291900,0
1785947400000000,1896.14000000,1897.32000000,1890.47000000,1892.53000000,3130.02630000,1785948299999999,5927237.17114900,53161,1450.50070000,2746732.10383400,0
1785948300000000,1892.52000000,1895.74000000,1888.46000000,1895.56000000,4753.89890000,1785949199999999,8990283.18619700,37968,2316.28980000,4380678.21328100,0
1785949200000000,1895.55000000,1898.49000000,1893.34000000,1894.01000000,4583.27120000,1785950099999999,8690181.81119100,39372,2448.01760000,4641730.38416000,0
1785950100000000,1894.00000000,1894.00000000,1891.07000000,1892.52000000,1787.95250000,1785950999999999,3383752.00068800,18308,979.20880000,1853160.79445100,0
1785951000000000,1892.52000000,1911.56000000,1892.17000000,1908.34000000,8939.35190000,1785951899999999,17027247.40175100,50102,5766.57020000,10982328.10134200,0
1785951900000000,1908.35000000,1917.72000000,1907.04000000,1916.75000000,9529.65820000,1785952799999999,18232514.72833700,80496,6223.23170000,11906326.77434300,0
1785952800000000,1916.75000000,1921.10000000,1913.90000000,1920.34000000,8185.92000000,1785953699999999,15701914.91392200,88845,4642.42560000,8904994.24983600,0
1785953700000000,1920.34000000,1928.00000000,1918.42000000,1919.53000000,6143.78610000,1785954599999999,11810386.69778200,57683,3294.67410000,6333854.13234400,0
1785954600000000,1919.54000000,1921.20000000,1915.14000000,1921.06000000,2788.48910000,1785955499999999,5348889.01945000,22316,1449.84920000,2781767.97977000,0
1785955500000000,1921.06000000,1921.46000000,1915.80000000,1918.06000000,2761.42150000,1785956399999999,5297013.86073500,20352,1111.67560000,2132291.76315500,0
1785956400000000,1918.05000000,1920.08000000,1915.60000000,1918.66000000,2710.74460000,1785957299999999,5198924.59864300,22354,1203.02630000,2307175.25297700,0
1785957300000000,1918.66000000,1921.00000000,1917.24000000,1919.27000000,2467.44590000,1785958199999999,4734588.73962700,20896,1136.01350000,2179648.39111500,0
1785958200000000,1919.26000000,1920.25000000,1915.83000000,1920.16000000,2175.86100000,1785959099999999,4174502.17560000,24825,1020.42750000,1957646.19658800,0
1785959100000000,1920.16000000,1921.00000000,1916.71000000,1917.03000000,2079.03760000,1785959999999999,3990665.56298600,23074,907.66330000,1742062.65186200,0
1785960000000000,1917.02000000,1921.45000000,1916.71000000,1921.10000000,2572.71480000,1785960899999999,4934902.42763000,35496,1185.43660000,2273941.33118000,0
1785960900000000,1921.10000000,1922.47000000,1918.74000000,1920.12000000,1541.87380000,1785961799999999,2961102.10604000,22074,917.16050000,1761317.94218700,0
1785961800000000,1920.11000000,1924.01000000,1918.53000000,1924.01000000,1315.87200000,1785962699999999,2527938.72257800,13131,776.67020000,1491977.01092600,0
1785962700000000,1924.00000000,1924.56000000,1916.71000000,1917.10000000,1534.58000000,1785963599999999,2946393.62155200,13397,518.13930000,994578.90543600,0
1785963600000000,1917.10000000,1917.47000000,1907.83000000,1913.83000000,3699.09830000,1785964499999999,7071127.20809700,30551,1652.14620000,3158138.27934900,0
1785964500000000,1913.84000000,1914.33000000,1910.00000000,1910.54000000,1233.63710000,1785965399999999,2357858.77906500,13913,647.46300000,1237409.95056700,0
1785965400000000,1910.54000000,1912.04000000,1907.07000000,1908.90000000,1950.43520000,1785966299999999,3723321.35996700,30912,839.58050000,1602428.58496100,0
1785966300000000,1908.89000000,1910.80000000,1907.59000000,1908.75000000,1296.83110000,1785967199999999,2475687.61340400,24706,638.65400000,1219084.06124100,0
1785967200000000,1908.75000000,1913.19000000,1906.59000000,1911.69000000,1258.46230000,1785968099999999,2403518.87171500,23538,570.70390000,1089931.53278800,0
1785968100000000,1911.70000000,1913.43000000,1909.50000000,1912.12000000,1001.19530000,1785968999999999,1913840.07410600,13896,505.43700000,966130.81311600,0
1785969000000000,1912.11000000,1912.86000000,1909.22000000,1909.41000000,855.93140000,1785969899999999,1635557.11666800,12852,370.41590000,707652.95983800,0
1785969900000000,1909.41000000,1911.52000000,1906.59000000,1906.86000000,1097.85190000,1785970799999999,2095846.10878600,12494,547.74880000,1045744.12710600,0
1785970800000000,1906.85000000,1910.51000000,1904.34000000,1909.40000000,1441.56980000,1785971699999999,2749044.46478800,14553,613.50870000,1169803.93529300,0
1785971700000000,1909.40000000,1912.31000000,1908.40000000,1910.06000000,621.77900000,1785972599999999,1187940.54530700,9543,262.16120000,500851.57177100,0
1785972600000000,1910.06000000,1911.44000000,1909.22000000,1910.52000000,645.23210000,1785973499999999,1232547.95153700,9030,286.49270000,547227.64146700,0
1785973500000000,1910.52000000,1910.78000000,1908.08000000,1908.90000000,904.78930000,1785974399999999,1727582.24229100,8101,431.93390000,824655.58504100,0
1785974400000000,1908.91000000,1911.94000000,1907.29000000,1910.50000000,2066.09810000,1785975299999999,3944576.57438700,19637,1069.38150000,2041640.01665700,0
1785975300000000,1910.50000000,1914.02000000,1909.54000000,1911.67000000,1032.47700000,1785976199999999,1974089.50644900,15068,591.78620000,1131492.20957400,0
1785976200000000,1911.67000000,1912.46000000,1909.35000000,1909.36000000,727.34150000,1785977099999999,1389966.07445700,9756,350.05300000,668983.33009400,0
1785977100000000,1909.36000000,1912.25000000,1908.60000000,1910.40000000,1050.67590000,1785977999999999,2007227.16342700,10725,444.36070000,848791.34589300,0
1785978000000000,1910.40000000,1911.21000000,1908.18000000,1909.37000000,1458.29710000,1785978899999999,2785343.90439900,12786,919.74050000,1756733.14122500,0
1785978900000000,1909.37000000,1910.35000000,1905.01000000,1905.01000000,1349.65690000,1785979799999999,2574444.49234500,11179,518.98400000,989828.85568700,0
1785979800000000,1905.01000000,1908.87000000,1903.36000000,1906.28000000,1530.93540000,1785980699999999,2917781.90035700,19669,723.59720000,1378876.96895600,0
1785980700000000,1906.28000000,1909.82000000,1906.20000000,1906.75000000,1298.69010000,1785981599999999,2478303.71636500,12737,445.01710000,849275.39968400,0
1785981600000000,1906.74000000,1910.82000000,1903.34000000,1903.77000000,1950.35670000,1785982499999999,3720101.43164000,16581,666.61660000,1271568.25528500,0
1785982500000000,1903.77000000,1905.74000000,1895.34000000,1898.56000000,4663.08030000,1785983399999999,8856946.87328400,36905,1569.02750000,2979352.84372100,0
1785983400000000,1898.56000000,1900.47000000,1895.10000000,1900.43000000,1763.41820000,1785984299999999,3347127.41817500,21694,708.90570000,1345368.65842400,0
1785984300000000,1900.44000000,1901.54000000,1898.18000000,1899.21000000,1254.29560000,1785985199999999,2382439.31586800,12224,733.96820000,1394086.74733300,0
1785985200000000,1899.21000000,1899.33000000,1896.69000000,1898.11000000,849.16950000,1785986099999999,1611691.74760100,18810,345.66220000,655994.74895400,0
1785986100000000,1898.11000000,1898.16000000,1895.37000000,1896.93000000,1352.34370000,1785986999999999,2564953.88104600,13498,527.87370000,1001165.87794000,0
1785987000000000,1896.93000000,1899.04000000,1895.95000000,1897.39000000,1164.73000000,1785987899999999,2210229.85840000,15954,475.32480000,902032.47008400,0
1785987900000000,1897.40000000,1899.70000000,1896.25000000,1899.03000000,1509.19970000,1785988799999999,2864928.55503000,15366,590.15280000,1120364.59403300,0
1785988800000000,1899.04000000,1900.00000000,1895.73000000,1899.74000000,1406.75440000,1785989699999999,2669561.07556900,19926,452.12260000,857992.69399500,0
1785989700000000,1899.74000000,1906.54000000,1899.73000000,1906.19000000,3272.18550000,1785990599999999,6227521.57056600,20497,1900.19350000,3614983.67375400,0
1785990600000000,1906.20000000,1908.05000000,1904.78000000,1905.62000000,1246.16490000,1785991499999999,2375570.34741900,18050,737.97650000,1406770.17001300,0
1785991500000000,1905.63000000,1908.05000000,1904.67000000,1907.70000000,845.07310000,1785992399999999,1611193.56293800,12378,405.90930000,773871.09004100,0
1785992400000000,1907.70000000,1917.70000000,1907.29000000,1914.93000000,3387.17950000,1785993299999999,6482851.23244400,32485,2082.39660000,3985417.16669300,0
1785993300000000,1914.93000000,1918.70000000,1911.28000000,1911.77000000,2401.79030000,1785994199999999,4599444.44803800,27906,1122.55110000,2149770.45173800,0
1785994200000000,1911.77000000,1913.50000000,1910.62000000,1913.04000000,1029.97220000,1785995099999999,1969397.67725400,22304,546.91790000,1045817.87717100,0
1785995100000000,1913.04000000,1914.34000000,1911.32000000,1914.34000000,1590.67310000,1785995999999999,3043233.11464300,16604,721.86450000,1381047.81722300,0
1785996000000000,1914.35000000,1914.77000000,1909.95000000,1910.29000000,1150.92180000,1785996899999999,2200820.87802800,18552,639.22700000,1222343.64491300,0
1785996900000000,1910.28000000,1914.15000000,1909.60000000,1913.20000000,939.80940000,1785997799999999,1796378.13883500,14335,424.37450000,811283.90074400,0
1785997800000000,1913.20000000,1914.23000000,1911.95000000,1913.79000000,632.25260000,1785998699999999,1209602.38268100,14640,276.19750000,528421.90644100,0
1785998700000000,1913.78000000,1914.35000000,1912.65000000,1913.66000000,651.43600000,1785999599999999,1246474.59880600,10219,264.21750000,505535.06899000,0
1785999600000000,1913.67000000,1914.58000000,1911.73000000,1914.58000000,1064.88230000,1786000499999999,2037012.02063100,10726,335.86020000,642461.57398000,0
1786000500000000,1914.58000000,1915.33000000,1912.65000000,1912.66000000,1109.00000000,1786001399999999,2122479.81892500,15796,620.67180000,1187885.99821600,0
1786001400000000,1912.65000000,1912.72000000,1907.65000000,1908.61000000,1850.33960000,1786002299999999,3535283.45135300,14084,437.26790000,835482.06607600,0
1786002300000000,1908.61000000,1911.40000000,1908.02000000,1909.33000000,2319.81020000,1786003199999999,4429559.55514700,9201,610.13090000,1164926.40726200,0
1786003200000000,1909.33000000,1911.24000000,1908.41000000,1909.73000000,2144.41870000,1786004099999999,4095746.66055900,17140,773.71220000,1477622.63360600,0
1786004100000000,1909.73000000,1913.77000000,1909.05000000,1913.59000000,1674.26940000,1786004999999999,3200281.63999500,14857,943.17960000,1802717.66761500,0
1786005000000000,1913.58000000,1914.82000000,1911.70000000,1913.38000000,1639.84810000,1786005899999999,3137509.45067500,13884,832.06540000,1591932.70573500,0
1786005900000000,1913.38000000,1920.51000000,1913.38000000,1916.26000000,3630.98770000,1786006799999999,6959628.40450300,20911,1977.63560000,3790404.14273400,0
1786006800000000,1916.26000000,1917.03000000,1905.90000000,1907.54000000,4559.76880000,1786007699999999,8718520.75043300,27559,1489.32850000,2847593.61835800,0
1786007700000000,1907.54000000,1911.63000000,1906.61000000,1908.77000000,2851.51470000,1786008599999999,5443934.70319400,16571,1481.90330000,2829099.93171300,0
1786008600000000,1908.76000000,1908.99000000,1906.36000000,1906.37000000,955.77680000,1786009499999999,1823495.43716600,11301,325.55240000,621112.82805400,0
1786009500000000,1906.36000000,1908.50000000,1904.83000000,1907.67000000,1425.28080000,1786010399999999,2717959.31572600,11009,658.79730000,1256519.44788400,0
1786010400000000,1907.67000000,1907.67000000,1902.88000000,1903.01000000,1692.76130000,1786011299999999,3224050.09689400,16044,650.85750000,1239726.14985400,0
1786011300000000,1903.01000000,1906.26000000,1901.62000000,1905.42000000,1338.30170000,1786012199999999,2548964.57202800,11489,642.98800000,1224560.72995600,0
1786012200000000,1905.42000000,1905.76000000,1903.87000000,1904.30000000,964.96750000,1786013099999999,1838122.97288300,7339,450.47240000,858018.95861700,0
1786013100000000,1904.29000000,1904.91000000,1901.62000000,1902.58000000,1169.39770000,1786013999999999,2225639.80013300,9776,476.73770000,907395.19045900,0
1786014000000000,1902.59000000,1902.95000000,1897.00000000,1902.33000000,2533.50210000,1786014899999999,4812958.83748400,20224,985.45750000,1872030.13909000,0
1786014900000000,1902.34000000,1907.00000000,1902.33000000,1905.38000000,1252.65190000,1786015799999999,2387041.45503000,12617,754.27210000,1437198.07991800,0
1786015800000000,1905.38000000,1909.20000000,1905.38000000,1908.88000000,1064.46170000,1786016699999999,2030685.82992000,8687,716.36640000,1366512.24529500,0
1786016700000000,1908.87000000,1908.88000000,1905.84000000,1907.77000000,1069.82310000,1786017599999999,2040639.64329900,9579,441.78120000,842653.48194900,0
1786017600000000,1907.77000000,1908.02000000,1901.29000000,1901.72000000,1845.09360000,1786018499999999,3512233.24318900,14917,607.04460000,1155376.92833300,0
1786018500000000,1901.72000000,1906.14000000,1901.42000000,1904.81000000,963.00370000,1786019399999999,1833184.75410300,10177,547.09580000,1041417.27551100,0
1786019400000000,1904.80000000,1906.26000000,1903.10000000,1903.89000000,1155.08260000,1786020299999999,2199993.81989400,12516,509.17450000,969701.18941500,0
1786020300000000,1903.89000000,1904.69000000,1899.02000000,1899.09000000,1888.03070000,1786021199999999,3591289.19362900,13708,703.29670000,1337950.40003300,0
1786021200000000,1899.10000000,1900.56000000,1892.38000000,1896.25000000,4664.55760000,1786022099999999,8842955.23337300,35436,1943.95750000,3685194.26799900,0
1786022100000000,1896.26000000,1898.01000000,1894.75000000,1897.71000000,2381.53700000,1786022999999999,4516594.62509700,30101,1341.36290000,2543880.44774900,0
1786023000000000,1897.71000000,1908.06000000,1893.34000000,1906.75000000,5995.96550000,1786023899999999,11397473.58842900,66076,3426.99250000,6515028.56329600,0
1786023900000000,1906.74000000,1911.11000000,1905.10000000,1907.43000000,3497.59280000,1786024799999999,6674591.56595500,53155,1924.55670000,3672627.95534600,0
1786024800000000,1907.44000000,1911.84000000,1905.15000000,1908.26000000,3253.03660000,1786025699999999,6208727.83050800,57303,1792.35000000,3420856.63689500,0
1786025700000000,1908.25000000,1912.83000000,1892.04000000,1906.86000000,6066.25100000,1786026599999999,11569194.42282300,45698,1877.43330000,3583651.81072700,0
1786026600000000,1906.86000000,1918.72000000,1903.28000000,1915.44000000,6839.50640000,1786027499999999,13071624.99723000,75804,3324.91530000,6356222.18179400,0
1786027500000000,1915.45000000,1916.19000000,1910.60000000,1915.01000000,2636.32520000,1786028399999999,5043878.87179600,43919,1038.99670000,1987865.44459000,0
1786028400000000,1915.01000000,1919.68000000,1912.81000000,1915.15000000,2903.95120000,1786029299999999,5565081.44447500,36706,1473.33530000,2823188.24273600,0
1786029300000000,1915.16000000,1917.69000000,1912.50000000,1917.25000000,3195.02870000,1786030199999999,6120013.66657400,30851,1801.80280000,3451642.26206500,0
1786030200000000,1917.25000000,1919.44000000,1912.96000000,1913.45000000,3036.50370000,1786031099999999,5817779.43026500,31677,1463.26830000,2803596.67061700,0
1786031100000000,1913.44000000,1918.78000000,1910.38000000,1910.69000000,2667.19100000,1786031999999999,5106697.74221600,28163,1353.45600000,2591560.22617900,0
1786032000000000,1910.70000000,1911.80000000,1908.46000000,1909.88000000,2279.57200000,1786032899999999,4354877.19140700,26245,1051.50840000,2008863.05923300,0
1786032900000000,1909.88000000,1913.63000000,1909.26000000,1911.64000000,1940.47170000,1786033799999999,3708006.65486600,22227,1029.24050000,1966574.47482100,0
1786033800000000,1911.63000000,1916.80000000,1910.38000000,1915.00000000,2164.46990000,1786034699999999,4141632.35261900,25685,884.68720000,1693183.21876900,0
1786034700000000,1915.00000000,1916.52000000,1912.77000000,1915.77000000,1376.47690000,1786035599999999,2635897.38662000,21672,733.34430000,1404269.25640100,0
1786035600000000,1915.78000000,1918.47000000,1914.52000000,1914.53000000,1894.27660000,1786036499999999,3630603.60409400,19847,930.22980000,1782997.14725400,0
1786036500000000,1914.52000000,1916.45000000,1913.62000000,1914.31000000,1152.12610000,1786037399999999,2206129.36649900,11326,512.75340000,981851.32790600,0
1786037400000000,1914.32000000,1917.06000000,1910.38000000,1912.63000000,1633.25590000,1786038299999999,3125920.43934500,14094,817.32720000,1564323.73315600,0
1786038300000000,1912.63000000,1915.29000000,1911.11000000,1914.08000000,1016.67680000,1786039199999999,1945181.19152400,9217,456.02660000,872552.08492500,0
1786039200000000,1914.08000000,1914.10000000,1908.89000000,1911.58000000,1180.91110000,1786040099999999,2256518.82009200,17449,378.82080000,723803.57849600,0
1786040100000000,1911.58000000,1914.01000000,1910.00000000,1911.39000000,821.01730000,1786040999999999,1569963.43657600,14280,220.63050000,421838.26375900,0
1786041000000000,1911.40000000,1911.53000000,1905.34000000,1905.84000000,1543.95580000,1786041899999999,2945420.54038000,22681,663.11120000,1265127.14041300,0
1786041900000000,1905.84000000,1907.61000000,1903.08000000,1905.95000000,4412.44520000,1786042799999999,8404881.00923600,20190,885.31760000,1687022.72543200,0
1786042800000000,1905.95000000,1909.29000000,1905.95000000,1908.49000000,2277.36110000,1786043699999999,4345069.35050800,13430,1292.46700000,2466072.18379100,0
1786043700000000,1908.49000000,1909.84000000,1906.63000000,1907.04000000,2545.02520000,1786044599999999,4856404.98641400,14619,1564.60120000,2985535.50213000,0
1786044600000000,1907.04000000,1909.07000000,1906.36000000,1908.60000000,2223.83200000,1786045499999999,4243241.27917100,12501,1383.50830000,2639835.79320900,0
1786045500000000,1908.60000000,1911.29000000,1907.33000000,1910.06000000,2958.55820000,1786046399999999,5648492.41050100,19810,1878.65130000,3586592.53604100,0
1786046400000000,1910.07000000,1910.85000000,1909.08000000,1909.58000000,721.54970000,1786047299999999,1378177.37990800,11195,210.48830000,402015.58799900,0
1786047300000000,1909.59000000,1909.95000000,1906.20000000,1906.90000000,875.58350000,1786048199999999,1670753.03302600,10320,268.01020000,511363.77199400,0
1786048200000000,1906.89000000,1908.97000000,1906.00000000,1907.93000000,537.50840000,1786049099999999,1025365.15911400,6589,199.05330000,379690.92918100,0
1786049100000000,1907.93000000,1907.93000000,1906.67000000,1907.14000000,735.11620000,1786049999999999,1401932.44959700,7911,382.41080000,729251.57692800,0
1786050000000000,1907.15000000,1909.14000000,1906.55000000,1908.25000000,1105.89880000,1786050899999999,2109942.44280300,9377,369.17670000,704237.66929500,0
1786050900000000,1908.26000000,1909.45000000,1906.96000000,1907.37000000,787.22750000,1786051799999999,1501897.24872400,8372,327.72000000,625188.45184900,0
1786051800000000,1907.37000000,1908.81000000,1905.88000000,1907.51000000,848.62650000,1786052699999999,1618691.08973000,13917,426.10880000,812712.91366900,0
1786052700000000,1907.50000000,1907.50000000,1905.90000000,1906.28000000,568.07070000,1786053599999999,1083108.37735900,7265,212.13030000,404440.36859000,0
1786053600000000,1906.28000000,1907.44000000,1903.74000000,1907.11000000,1187.56310000,1786054499999999,2263437.45942000,11793,528.90670000,1008067.04214300,0
1786054500000000,1907.11000000,1907.35000000,1902.77000000,1904.08000000,878.27230000,1786055399999999,1672905.68817000,8091,285.65870000,543974.30668100,0
1786055400000000,1904.07000000,1904.84000000,1902.27000000,1903.30000000,904.81970000,1786056299999999,1722688.84343100,8141,452.89760000,862230.36971700,0
1786056300000000,1903.30000000,1905.60000000,1903.30000000,1905.25000000,509.28920000,1786057199999999,970020.68285200,6200,279.50340000,532323.00631700,0
1786057200000000,1905.24000000,1905.79000000,1904.06000000,1905.04000000,456.49570000,1786058099999999,869663.59642500,5675,224.34060000,427380.37560600,0
1786058100000000,1905.03000000,1905.20000000,1900.22000000,1901.68000000,1440.73520000,1786058999999999,2740337.48295900,9677,639.10850000,1215508.78348100,0
1786059000000000,1901.69000000,1902.16000000,1898.94000000,1900.16000000,978.82600000,1786059899999999,1859899.80325300,7096,347.09630000,659503.49119000,0
1786059900000000,1900.17000000,1904.27000000,1899.52000000,1904.10000000,698.29930000,1786060799999999,1328195.18347600,9993,336.82260000,640609.28064900,0
1786060800000000,1904.10000000,1905.47000000,1900.61000000,1901.20000000,970.12950000,1786061699999999,1846742.64912300,12989,400.27060000,761939.78812000,0
1786061700000000,1901.20000000,1902.82000000,1899.84000000,1901.76000000,1103.44080000,1786062599999999,2097630.62645900,11460,604.64560000,1149297.32985200,0
1786062600000000,1901.76000000,1904.22000000,1900.12000000,1903.50000000,794.08680000,1786063499999999,1510533.30671700,11660,316.26320000,601540.20373000,0
1786063500000000,1903.50000000,1904.48000000,1901.81000000,1903.88000000,648.55820000,1786064399999999,1234187.47655700,10842,320.64110000,610144.22488400,0
1786064400000000,1903.89000000,1907.55000000,1903.11000000,1903.64000000,998.54080000,1786065299999999,1902437.79027100,15562,527.12730000,1004299.42388600,0
1786065300000000,1903.64000000,1905.87000000,1902.49000000,1905.52000000,968.27890000,1786066199999999,1843786.96558000,13818,564.53610000,1074997.19037900,0
1786066200000000,1905.51000000,1906.33000000,1899.04000000,1902.14000000,1695.65920000,1786067099999999,3224937.78861700,15922,767.46450000,1459682.96952300,0
1786067100000000,1902.14000000,1904.85000000,1901.95000000,1903.36000000,1160.99090000,1786067999999999,2209457.66624100,12644,451.10210000,858493.43254000,0
1786068000000000,1903.36000000,1903.86000000,1897.52000000,1902.69000000,1810.95150000,1786068899999999,3442888.72126800,23639,558.66160000,1062160.99035500,0
1786068900000000,1902.69000000,1908.61000000,1900.47000000,1900.65000000,2306.95520000,1786069799999999,4392338.31666100,27213,1398.38490000,2662785.04254800,0
1786069800000000,1900.65000000,1902.97000000,1899.65000000,1902.67000000,1059.02740000,1786070699999999,2013384.38228000,22340,607.86230000,1155649.54055700,0
1786070700000000,1902.68000000,1905.00000000,1902.46000000,1902.73000000,525.79490000,1786071599999999,1000990.31425000,12952,252.02460000,479791.45543400,0
1786071600000000,1902.72000000,1903.95000000,1900.63000000,1901.07000000,899.81980000,1786072499999999,1711458.84456000,13922,408.04260000,776078.33172000,0
1786072500000000,1901.07000000,1901.67000000,1899.05000000,1900.19000000,1275.03530000,1786073399999999,2423458.43080200,14544,526.69570000,1001109.24439000,0
1786073400000000,1900.19000000,1902.24000000,1899.23000000,1899.90000000,1194.45510000,1786074299999999,2269991.69469200,14686,704.28260000,1338414.58536500,0
1786074300000000,1899.91000000,1900.66000000,1896.16000000,1897.43000000,900.06570000,1786075199999999,1708525.78117400,11465,390.21350000,740693.80322400,0
1786075200000000,1897.43000000,1900.00000000,1895.99000000,1898.76000000,1508.92190000,1786076099999999,2864065.18648600,13744,494.36220000,938326.04314800,0
1786076100000000,1898.76000000,1900.76000000,1897.67000000,1899.19000000,2755.61160000,1786076999999999,5234421.12641900,14094,2103.21660000,3995251.62252800,0
1786077000000000,1899.19000000,1900.74000000,1897.87000000,1898.36000000,1185.78860000,1786077899999999,2252220.63432500,13465,373.07720000,708484.40933400,0
1786077900000000,1898.36000000,1898.54000000,1894.35000000,1897.44000000,1303.88190000,1786078799999999,2472596.95488800,15795,552.41530000,1047625.75726500,0
1786078800000000,1897.44000000,1898.74000000,1896.24000000,1897.79000000,652.92890000,1786079699999999,1239103.17506800,10472,360.66760000,684425.71094600,0
1786079700000000,1897.78000000,1898.08000000,1896.02000000,1896.38000000,603.49690000,1786080599999999,1144732.18520700,7950,305.42020000,579292.67589200,0
1786080600000000,1896.38000000,1898.83000000,1895.41000000,1898.03000000,1102.53500000,1786081499999999,2091541.69200000,7845,542.87030000,1029723.58586600,0
1786081500000000,1898.02000000,1902.40000000,1897.90000000,1901.58000000,1665.09460000,1786082399999999,3165026.71528000,10014,707.54980000,1344866.56943800,0
1786082400000000,1901.59000000,1904.00000000,1900.00000000,1904.00000000,1168.44630000,1786083299999999,2222294.94783600,9163,592.83770000,1127567.62949100,0
1786083300000000,1903.99000000,1907.58000000,1903.48000000,1905.76000000,1226.36040000,1786084199999999,2336756.12026700,8586,621.28070000,1183753.08956100,0
1786084200000000,1905.76000000,1906.56000000,1903.93000000,1904.66000000,776.68550000,1786085099999999,1479543.90237200,8659,375.45140000,715165.69251400,0
1786085100000000,1904.67000000,1905.60000000,1902.98000000,1904.53000000,1692.82830000,1786085999999999,3223381.70343100,8129,846.58870000,1611840.07173600,0
1786086000000000,1904.54000000,1907.30000000,1902.65000000,1906.31000000,1056.55560000,1786086899999999,2012775.70610900,9462,519.73780000,989942.32918500,0
1786086900000000,1906.32000000,1907.44000000,1905.37000000,1905.58000000,1753.99860000,1786087799999999,3343413.43548400,12018,1144.84010000,2182168.25196600,0
1786087800000000,1905.57000000,1905.58000000,1903.01000000,1903.34000000,1261.58270000,1786088699999999,2402266.42064300,8402,245.71560000,467858.28839400,0
1786088700000000,1903.33000000,1903.86000000,1902.35000000,1902.36000000,1094.07810000,1786089599999999,2082189.28576300,5660,200.91750000,382378.76923600,0
1786089600000000,1902.35000000,1906.70000000,1901.91000000,1906.57000000,1617.21540000,1786090499999999,3079089.17377000,9092,1051.50520000,2002172.74374900,0
1786090500000000,1906.56000000,1907.22000000,1905.00000000,1906.25000000,1120.76910000,1786091399999999,2136430.79903600,9530,395.03680000,752936.38312500,0
1786091400000000,1906.25000000,1914.90000000,1906.05000000,1913.23000000,5851.01390000,1786092299999999,11178653.27729700,22230,3162.50240000,6045187.93451200,0
1786092300000000,1913.24000000,1913.25000000,1909.69000000,1910.70000000,2073.37290000,1786093199999999,3961637.05915100,12929,496.31510000,948176.80179600,0
1786093200000000,1910.70000000,1914.99000000,1910.70000000,1912.62000000,3856.54600000,1786094099999999,7374705.87086000,15951,2126.13310000,4065514.68612900,0
1786094100000000,1912.62000000,1913.85000000,1910.54000000,1911.02000000,6728.93790000,1786094999999999,12864772.83481400,19257,1127.79620000,2156230.57108800,0
1786095000000000,1911.02000000,1917.67000000,1910.30000000,1916.12000000,11258.50650000,1786095899999999,21554685.70055100,26473,2697.29110000,5165529.20684400,0
1786095900000000,1916.12000000,1916.37000000,1912.79000000,1913.04000000,6758.96380000,1786096799999999,12936060.70267400,15988,728.32830000,1394044.34634300,0
1786096800000000,1913.04000000,1916.00000000,1912.67000000,1915.17000000,2094.39160000,1786097699999999,4009588.74714800,10409,786.30670000,1505296.25482900,0
1786097700000000,1915.17000000,1915.17000000,1913.00000000,1914.58000000,694.85490000,1786098599999999,1330020.46960000,5421,285.05720000,545630.34377300,0
1786098600000000,1914.58000000,1914.87000000,1912.64000000,1913.54000000,774.98730000,1786099499999999,1483270.42473200,6310,262.76760000,502875.33869300,0
1786099500000000,1913.53000000,1914.70000000,1912.69000000,1912.85000000,944.82420000,1786100399999999,1808154.08109100,5416,482.04380000,922560.42178800,0
1786100400000000,1912.85000000,1916.70000000,1912.62000000,1915.80000000,1079.72240000,1786101299999999,2067985.34285700,8042,529.18180000,1013364.03148600,0
1786101300000000,1915.79000000,1921.00000000,1914.04000000,1916.72000000,4739.97720000,1786102199999999,9088745.72225100,19267,2153.80180000,4131450.33398600,0
1786102200000000,1916.72000000,1917.60000000,1915.24000000,1916.22000000,1302.98960000,1786103099999999,2496783.93185100,10536,821.95270000,1574929.63174000,0
1786103100000000,1916.22000000,1916.59000000,1914.85000000,1916.33000000,1634.06720000,1786103999999999,3130654.64338600,5869,973.21260000,1864580.08171000,0
1786104000000000,1916.33000000,1937.75000000,1916.33000000,1933.85000000,11473.36400000,1786104899999999,22134928.37863000,77055,7175.69650000,13840566.41834100,0
1786104900000000,1933.85000000,1934.46000000,1927.66000000,1932.93000000,5036.85840000,1786105799999999,9721592.75553100,28537,2775.55030000,5356586.66381000,0
1786105800000000,1932.93000000,1943.02000000,1922.00000000,1929.11000000,11326.24480000,1786106699999999,21877284.12028400,56770,5641.45360000,10899860.00121800,0
1786106700000000,1929.10000000,1936.00000000,1929.07000000,1932.13000000,3167.76110000,1786107599999999,6122958.12491100,23680,2019.35170000,3903165.07837600,0
1786107600000000,1932.14000000,1934.06000000,1928.28000000,1929.10000000,3020.83070000,1786108499999999,5832319.67012700,23655,1759.27330000,3396769.36477600,0
1786108500000000,1929.11000000,1931.68000000,1925.99000000,1928.09000000,2986.17930000,1786109399999999,5760366.39904200,22078,1787.49860000,3448357.95038800,0
1786109400000000,1928.10000000,1935.05000000,1926.44000000,1932.47000000,4864.20620000,1786110299999999,9392574.41501100,52106,3060.31120000,5909606.69512800,0
1786110300000000,1932.47000000,1932.67000000,1921.53000000,1923.50000000,4739.24200000,1786111199999999,9130251.30524100,36381,2178.11230000,4196639.74941600,0
1786111200000000,1923.50000000,1923.54000000,1910.79000000,1912.63000000,7806.54330000,1786112099999999,14953057.78284000,58086,3597.06510000,6889112.33374600,0
1786112100000000,1912.62000000,1925.31000000,1910.53000000,1923.87000000,4099.66800000,1786112999999999,7864417.46741200,37161,2222.19210000,4263435.76101100,0
1786113000000000,1923.87000000,1926.50000000,1917.55000000,1918.11000000,4094.74070000,1786113899999999,7872299.50833100,42778,2257.85120000,4340803.18465300,0
1786113900000000,1918.11000000,1921.06000000,1911.76000000,1913.57000000,2779.57590000,1786114799999999,5325281.22776700,31779,1474.58550000,2825376.82888000,0
1786114800000000,1913.57000000,1919.75000000,1913.02000000,1915.53000000,2091.95430000,1786115699999999,4007168.57492000,25517,1204.07090000,2306331.26384900,0
1786115700000000,1915.52000000,1918.73000000,1914.04000000,1916.84000000,1146.60810000,1786116599999999,2197505.81263400,15790,516.50350000,989887.95706200,0
1786116600000000,1916.85000000,1921.00000000,1916.09000000,1920.28000000,1769.58670000,1786117499999999,3395011.34296300,20882,875.05740000,1679019.37732400,0
1786117500000000,1920.29000000,1920.65000000,1917.26000000,1917.88000000,1332.42270000,1786118399999999,2557138.10515000,13179,456.14480000,875257.71608900,0
1786118400000000,1917.87000000,1925.00000000,1917.87000000,1923.40000000,1753.78750000,1786119299999999,3368985.66870600,17562,719.82180000,1382840.95363300,0
1786119300000000,1923.39000000,1924.02000000,1913.75000000,1914.97000000,2442.39240000,1786120199999999,4685995.78093400,37280,993.62670000,1906851.24585900,0
1786120200000000,1914.98000000,1916.31000000,1912.03000000,1915.39000000,1569.04020000,1786121099999999,3004051.34475100,17480,722.77010000,1383521.90246100,0
1786121100000000,1915.39000000,1916.60000000,1909.34000000,1909.51000000,2203.39000000,1786121999999999,4215156.93694100,17848,697.02280000,1333791.97159400,0
1786122000000000,1909.50000000,1911.49000000,1905.45000000,1907.16000000,3300.66930000,1786122899999999,6298589.10803500,36430,967.06200000,1845226.77806400,0
1786122900000000,1907.15000000,1910.69000000,1906.14000000,1908.22000000,1861.75240000,1786123799999999,3553070.89198200,16241,493.05970000,941042.31048400,0
1786123800000000,1908.22000000,1912.41000000,1905.40000000,1912.00000000,2131.71890000,1786124699999999,4068527.94129200,16953,1102.52120000,2104251.88825000,0
1786124700000000,1912.00000000,1912.99000000,1907.28000000,1912.45000000,2096.64820000,1786125599999999,4005726.94639900,15949,1264.65940000,2416181.62639800,0
1786125600000000,1912.45000000,1915.29000000,1912.06000000,1913.94000000,1547.29930000,1786126499999999,2961491.20704400,12382,982.82040000,1881079.70854300,0
1786126500000000,1913.94000000,1915.21000000,1912.46000000,1912.65000000,876.15480000,1786127399999999,1676764.04644100,7559,534.74820000,1023416.92224500,0
1786127400000000,1912.64000000,1913.98000000,1908.00000000,1908.01000000,989.31160000,1786128299999999,1890846.20745700,10854,319.96700000,611675.95404800,0
1786128300000000,1908.01000000,1910.55000000,1906.28000000,1909.86000000,924.62630000,1786129199999999,1764406.24411400,9893,562.63610000,1073726.50467600,0
1786129200000000,1909.87000000,1914.76000000,1909.87000000,1913.39000000,2830.12820000,1786130099999999,5415590.34318200,15267,747.32140000,1429553.48407000,0
1786130100000000,1913.38000000,1918.46000000,1913.38000000,1916.80000000,3497.37780000,1786130999999999,6701296.31117900,23646,1351.23360000,2589589.76782600,0
1786131000000000,1916.80000000,1919.45000000,1916.66000000,1918.46000000,2462.60520000,1786131899999999,4723445.75701300,14580,581.62560000,1115592.85469800,0
1786131900000000,1918.45000000,1920.24000000,1917.42000000,1918.85000000,1388.38840000,1786132799999999,2664335.88202900,16226,604.08860000,1159164.08685800,0
1786132800000000,1918.84000000,1920.36000000,1917.46000000,1918.74000000,1100.34880000,1786133699999999,2111244.40067200,13026,591.70760000,1135261.43619600,0
1786133700000000,1918.73000000,1918.74000000,1916.47000000,1916.91000000,550.17230000,1786134599999999,1054896.27681900,6858,196.80710000,377322.00932000,0
1786134600000000,1916.90000000,1916.90000000,1915.35000000,1915.42000000,726.38120000,1786135499999999,1391670.69640000,6279,319.73020000,612547.30290500,0
1786135500000000,1915.43000000,1915.78000000,1914.38000000,1914.81000000,1373.21760000,1786136399999999,2629758.56352900,5904,411.98890000,788917.66757100,0
1786136400000000,1914.82000000,1915.64000000,1913.93000000,1914.74000000,1005.23060000,1786137299999999,1924606.09633300,6135,280.43320000,536932.88464600,0
1786137300000000,1914.75000000,1916.12000000,1912.72000000,1914.00000000,638.70640000,1786138199999999,1222504.01086300,7399,329.43640000,630495.69848200,0
1786138200000000,1913.99000000,1922.81000000,1913.53000000,1918.22000000,3649.37280000,1786139099999999,6999773.57102400,26398,2323.25720000,4456330.89571400,0
1786139100000000,1918.21000000,1918.28000000,1916.16000000,1916.55000000,1007.40550000,1786139999999999,1931411.39892000,10697,349.72940000,670497.20119500,0
1786140000000000,1916.55000000,1916.56000000,1914.83000000,1915.49000000,1472.46020000,1786140899999999,2820532.24321300,11429,432.65520000,828723.84736200,0
1786140900000000,1915.50000000,1916.44000000,1915.00000000,1915.26000000,1052.93430000,1786141799999999,2016938.70833900,4702,229.02720000,438692.60882100,0
1786141800000000,1915.26000000,1915.59000000,1913.92000000,1914.59000000,581.43900000,1786142699999999,1113209.82724300,4791,254.41950000,487093.44429000,0
1786142700000000,1914.58000000,1914.84000000,1914.33000000,1914.84000000,340.77190000,1786143599999999,652433.57599100,2263,166.84370000,319434.88583600,0
1786143600000000,1914.84000000,1916.07000000,1914.83000000,1916.00000000,201.12540000,1786144499999999,385232.77047000,1477,82.75260000,158501.45473300,0
1786144500000000,1915.99000000,1916.04000000,1914.88000000,1915.07000000,331.59610000,1786145399999999,635132.13050100,2866,122.32870000,234308.23745000,0
1786145400000000,1915.06000000,1915.89000000,1914.99000000,1915.82000000,285.52770000,1786146299999999,546873.19065900,1143,159.40200000,305333.47582400,0
1786146300000000,1915.83000000,1916.41000000,1913.92000000,1914.18000000,697.03770000,1786147199999999,1334768.21041600,5149,268.48920000,514170.78930400,0
1786147200000000,1914.19000000,1915.10000000,1912.72000000,1914.34000000,1147.70980000,1786148099999999,2196727.50555900,6296,473.01910000,905447.35458600,0
1786148100000000,1914.34000000,1914.34000000,1912.50000000,1914.21000000,369.77240000,1786148999999999,707598.96950500,3966,137.54850000,263214.51577500,0
1786149000000000,1914.20000000,1914.72000000,1914.20000000,1914.72000000,394.69260000,1786149899999999,755644.06423500,1804,200.52330000,383905.83643500,0
1786149900000000,1914.71000000,1914.72000000,1914.11000000,1914.35000000,473.46180000,1786150799999999,906355.50156500,2408,100.39980000,192188.72632800,0
1786150800000000,1914.36000000,1915.33000000,1914.04000000,1914.81000000,1619.21750000,1786151699999999,3100303.29415400,7455,385.97280000,738975.88397500,0
1786151700000000,1914.82000000,1916.62000000,1914.26000000,1914.67000000,956.97050000,1786152599999999,1832779.62556800,7111,234.29850000,448732.33880300,0
1786152600000000,1914.68000000,1915.36000000,1914.67000000,1915.30000000,314.09280000,1786153499999999,601510.39835500,1503,69.63600000,133351.15197800,0
1786153500000000,1915.29000000,1915.29000000,1914.30000000,1914.65000000,287.56890000,1786154399999999,550579.42782200,1924,99.29810000,190107.22221700,0
1786154400000000,1914.66000000,1914.66000000,1913.34000000,1913.35000000,280.61800000,1786155299999999,537092.44017100,1638,108.39090000,207447.58310700,0
1786155300000000,1913.34000000,1913.50000000,1912.27000000,1913.50000000,370.58790000,1786156199999999,708949.92306000,2252,193.65680000,370477.00810500,0
1786156200000000,1913.50000000,1914.25000000,1913.13000000,1913.13000000,265.52230000,1786157099999999,508083.63464800,1800,78.20260000,149648.74440200,0
1786157100000000,1913.14000000,1913.18000000,1912.73000000,1913.18000000,453.77910000,1786157999999999,868072.88707700,1910,264.68240000,506335.02425100,0
1786158000000000,1913.18000000,1914.42000000,1913.17000000,1914.30000000,366.08280000,1786158899999999,700679.23984600,2049,203.10290000,388742.99188300,0
1786158900000000,1914.30000000,1916.50000000,1914.29000000,1916.50000000,586.76580000,1786159799999999,1123622.40176500,3188,493.26930000,944533.56214800,0
1786159800000000,1916.50000000,1919.02000000,1916.50000000,1917.37000000,673.66600000,1786160699999999,1292140.83314500,4756,321.25450000,616158.71616200,0
1786160700000000,1917.38000000,1918.47000000,1916.79000000,1918.08000000,471.11030000,1786161599999999,903465.05602600,3781,257.56310000,493929.78235400,0
1786161600000000,1918.09000000,1919.58000000,1916.42000000,1916.91000000,893.34460000,1786162499999999,1713240.39842700,4895,570.80380000,1094712.49415800,0
1786162500000000,1916.91000000,1917.46000000,1916.40000000,1917.39000000,333.78540000,1786163399999999,639866.62273000,2848,155.98070000,299000.28184200,0
1786163400000000,1917.38000000,1918.96000000,1916.91000000,1918.10000000,622.68820000,1786164299999999,1194391.51082200,3579,347.93690000,667459.05917700,0
1786164300000000,1918.10000000,1918.18000000,1916.64000000,1917.00000000,396.16800000,1786165199999999,759595.12464600,2332,192.21260000,368504.02191600,0
1786165200000000,1917.00000000,1917.32000000,1916.66000000,1916.81000000,319.08490000,1786166099999999,611659.89121700,1836,173.47280000,332533.31301900,0
1786166100000000,1916.81000000,1917.51000000,1916.13000000,1916.99000000,177.29590000,1786166999999999,339848.62698100,2179,99.64270000,190999.96626500,0
1786167000000000,1917.00000000,1918.78000000,1916.89000000,1917.93000000,295.43820000,1786167899999999,566650.80699000,3312,148.48150000,284770.86836600,0
1786167900000000,1917.93000000,1917.97000000,1915.81000000,1917.56000000,384.67520000,1786168799999999,737353.88596800,3394,244.57990000,468815.19503400,0
1786168800000000,1917.55000000,1917.89000000,1916.87000000,1917.28000000,354.38100000,1786169699999999,679485.44844100,2991,94.02780000,180284.80322000,0
1786169700000000,1917.28000000,1917.28000000,1916.48000000,1916.61000000,263.85360000,1786170599999999,505721.35110100,2201,108.30770000,207581.04674500,0
1786170600000000,1916.60000000,1917.27000000,1916.17000000,1916.87000000,524.57060000,1786171499999999,1005432.26390600,2525,291.96460000,559556.87046800,0
1786171500000000,1916.88000000,1917.83000000,1916.20000000,1916.44000000,266.90380000,1786172399999999,511647.70774500,2764,87.59350000,167916.06974400,0
1786172400000000,1916.45000000,1916.75000000,1915.69000000,1916.02000000,416.55470000,1786173299999999,798191.32508800,2336,165.65480000,317418.09323300,0
1786173300000000,1916.01000000,1916.23000000,1915.54000000,1915.67000000,335.47910000,1786174199999999,642734.07711400,2254,62.57190000,119880.34672000,0
1786174200000000,1915.66000000,1915.67000000,1914.00000000,1914.52000000,376.93490000,1786175099999999,721715.99553900,3324,143.19140000,274138.68634800,0
1786175100000000,1914.52000000,1915.27000000,1914.52000000,1915.11000000,670.68480000,1786175999999999,1284255.30482700,2190,495.06500000,947958.22237400,0
1786176000000000,1915.11000000,1915.57000000,1914.58000000,1915.57000000,485.86140000,1786176899999999,930349.74141100,1878,133.79690000,256201.07413000,0
1786176900000000,1915.56000000,1915.91000000,1915.21000000,1915.90000000,218.91300000,1786177799999999,419319.78981000,1900,97.02110000,185839.23409000,0
1786177800000000,1915.90000000,1917.73000000,1915.90000000,1917.73000000,364.87890000,1786178699999999,699415.59391700,2910,152.54610000,292371.95206700,0
1786178700000000,1917.73000000,1917.73000000,1916.81000000,1916.85000000,411.81730000,1786179599999999,789604.41505900,4090,108.55210000,208103.10751900,0
1786179600000000,1916.85000000,1917.47000000,1916.66000000,1916.87000000,554.00970000,1786180499999999,1062034.36421400,6256,278.36250000,533615.86963300,0
1786180500000000,1916.87000000,1917.06000000,1916.25000000,1916.67000000,460.25330000,1786181399999999,882176.62001100,4254,171.78380000,329232.01704500,0
1786181400000000,1916.66000000,1923.22000000,1916.66000000,1919.32000000,1973.65890000,1786182299999999,3789882.22230600,13509,1009.84200000,1938589.89731400,0
1786182300000000,1919.32000000,1920.09000000,1918.83000000,1918.95000000,526.33450000,1786183199999999,1010216.00265900,4560,169.63240000,325539.19168500,0
1786183200000000,1918.94000000,1920.94000000,1918.94000000,1920.29000000,586.79930000,1786184099999999,1126774.05992800,6477,181.44770000,348358.57434700,0
1786184100000000,1920.28000000,1922.72000000,1920.28000000,1922.61000000,692.12410000,1786184999999999,1329795.68037700,6821,262.92580000,505123.80194900,0
1786185000000000,1922.61000000,1922.61000000,1921.07000000,1921.14000000,308.59930000,1786185899999999,592936.49195700,3424,112.52080000,216175.53432800,0
1786185900000000,1921.15000000,1921.35000000,1920.54000000,1921.17000000,579.58520000,1786186799999999,1113375.57030200,4124,318.93950000,612655.16076600,0
1786186800000000,1921.18000000,1923.57000000,1921.17000000,1921.95000000,984.32100000,1786187699999999,1891826.44514600,6837,596.38460000,1146228.59671000,0
1786187700000000,1921.94000000,1921.95000000,1919.76000000,1919.98000000,717.51190000,1786188599999999,1378160.73811600,5319,227.11630000,436271.93110100,0
1786188600000000,1919.98000000,1920.09000000,1919.53000000,1919.73000000,463.38650000,1786189499999999,889650.65609700,2872,226.38900000,434641.10535400,0
1786189500000000,1919.73000000,1921.14000000,1919.60000000,1920.99000000,390.33660000,1786190399999999,749592.42186200,3281,264.95730000,508831.65562200,0
1786190400000000,1920.99000000,1921.00000000,1918.70000000,1920.99000000,1207.59990000,1786191299999999,2318781.71138100,8495,484.52340000,930394.81620300,0
1786191300000000,1920.99000000,1922.47000000,1919.93000000,1919.93000000,417.34010000,1786192199999999,801806.13531900,5916,181.75830000,349227.73055300,0
1786192200000000,1919.94000000,1920.90000000,1919.88000000,1920.06000000,435.69560000,1786193099999999,836729.32860700,3239,235.40880000,452088.11408200,0
1786193100000000,1920.06000000,1920.80000000,1919.08000000,1919.19000000,315.68410000,1786193999999999,606133.43331200,3487,118.33820000,227200.61957800,0
1786194000000000,1919.20000000,1920.55000000,1919.20000000,1919.48000000,508.74180000,1786194899999999,976768.41220500,4564,212.09880000,407204.57998100,0
1786194900000000,1919.49000000,1919.89000000,1919.12000000,1919.19000000,351.57420000,1786195799999999,674812.55702600,3556,137.93780000,264755.58497000,0
1786195800000000,1919.18000000,1919.30000000,1918.61000000,1919.25000000,622.46590000,1786196699999999,1194436.35643300,3961,258.98920000,496971.66980900,0
1786196700000000,1919.26000000,1920.00000000,1918.68000000,1920.00000000,498.43670000,1786197599999999,956743.51662200,4109,261.69000000,502328.42161900,0
1786197600000000,1920.00000000,1921.69000000,1919.99000000,1921.46000000,992.02950000,1786198499999999,1905399.09552600,5573,553.48120000,1062989.60216900,0
1786198500000000,1921.47000000,1924.00000000,1921.04000000,1923.74000000,1225.38790000,1786199399999999,2355779.12770900,12374,734.22220000,1411507.04639200,0
1786199400000000,1923.74000000,1926.72000000,1922.03000000,1922.22000000,1758.96400000,1786200299999999,3384648.42469300,18292,929.16420000,1788037.21680100,0
1786200300000000,1922.21000000,1925.21000000,1922.21000000,1923.77000000,1083.07970000,1786201199999999,2083952.00964000,8575,599.77280000,1154019.33518300,0
1786201200000000,1923.78000000,1924.56000000,1922.29000000,1923.69000000,786.75470000,1786202099999999,1513039.64319500,7206,492.32980000,946799.35155100,0
1786202100000000,1923.69000000,1924.17000000,1922.49000000,1922.73000000,845.21320000,1786202999999999,1625605.95215600,5551,522.93290000,1005811.05226000,0
1786203000000000,1922.72000000,1922.73000000,1921.35000000,1922.12000000,517.02850000,1786203899999999,993678.61271600,4189,232.63590000,447074.02017000,0
1786203900000000,1922.12000000,1923.70000000,1921.60000000,1922.62000000,796.90040000,1786204799999999,1532107.28212900,5582,429.20080000,825102.74488300,0
1786204800000000,1922.63000000,1925.00000000,1922.62000000,1922.81000000,724.28140000,1786205699999999,1393224.55394300,7342,388.54940000,747386.04476400,0
1786205700000000,1922.81000000,1923.43000000,1922.34000000,1922.51000000,682.21330000,1786206599999999,1311748.81419800,7133,374.55350000,720170.57683600,0
1786206600000000,1922.51000000,1922.52000000,1921.65000000,1921.96000000,447.19470000,1786207499999999,859486.83841500,3976,246.70050000,474124.11238800,0
1786207500000000,1921.96000000,1922.46000000,1921.94000000,1922.46000000,385.61910000,1786208399999999,741213.72931400,3486,308.10550000,592221.76136400,0
1786208400000000,1922.45000000,1923.31000000,1922.25000000,1923.10000000,861.64800000,1786209299999999,1656639.77911900,6503,527.18960000,1013591.05106800,0
1786209300000000,1923.10000000,1924.10000000,1922.88000000,1924.05000000,1078.68890000,1786210199999999,2074443.56265200,5231,748.57950000,1439642.55810700,0
1786210200000000,1924.04000000,1926.45000000,1923.84000000,1924.99000000,1119.44590000,1786211099999999,2154937.54529900,8652,589.07870000,1133998.59792000,0
1786211100000000,1925.00000000,1925.30000000,1923.84000000,1923.85000000,867.75850000,1786211999999999,1670136.42796200,5965,556.05920000,1070240.28769900,0
1786212000000000,1923.84000000,1923.84000000,1922.88000000,1922.88000000,492.06730000,1786212899999999,946415.43605100,2961,218.06970000,419437.09015000,0
1786212900000000,1922.88000000,1922.89000000,1919.77000000,1920.71000000,1271.73340000,1786213799999999,2443289.95335900,8758,447.06720000,858925.31778700,0
1786213800000000,1920.71000000,1921.55000000,1920.36000000,1921.33000000,660.69160000,1786214699999999,1269128.10914800,6603,383.63400000,736890.45945400,0
1786214700000000,1921.32000000,1921.33000000,1921.02000000,1921.10000000,356.69970000,1786215599999999,685251.83236800,2397,265.58930000,510216.75230500,0
1786215600000000,1921.10000000,1921.54000000,1921.09000000,1921.23000000,306.97030000,1786216499999999,589751.77579900,2879,176.82010000,339705.57190100,0
1786216500000000,1921.23000000,1921.31000000,1919.90000000,1919.90000000,453.19770000,1786217399999999,870524.09769500,3987,152.16940000,292313.15122500,0
1786217400000000,1919.90000000,1920.53000000,1919.67000000,1920.16000000,409.48400000,1786218299999999,786250.20508400,3690,164.18140000,315232.12453900,0
1786218300000000,1920.15000000,1921.51000000,1919.70000000,1920.41000000,609.85900000,1786219199999999,1171223.13194800,5347,341.59710000,655989.04974800,0
1786219200000000,1920.41000000,1920.41000000,1920.00000000,1920.16000000,323.21510000,1786220099999999,620613.00056800,2302,130.62540000,250817.74829800,0
1786220100000000,1920.17000000,1920.67000000,1919.95000000,1919.95000000,368.33670000,1786220999999999,707326.75169500,1933,239.70940000,460333.38441400,0
1786221000000000,1919.96000000,1921.21000000,1919.95000000,1920.93000000,338.68740000,1786221899999999,650574.65881900,3049,192.39730000,369562.13136200,0
1786221900000000,1920.92000000,1921.20000000,1920.33000000,1920.39000000,314.15640000,1786222799999999,603387.49581700,2708,139.92510000,268750.86241800,0
1786222800000000,1920.39000000,1920.85000000,1920.27000000,1920.55000000,306.94990000,1786223699999999,589523.41065000,2738,166.53110000,319825.44141100,0
1786223700000000,1920.55000000,1921.70000000,1920.54000000,1921.02000000,383.68900000,1786224599999999,737086.68502600,3230,192.95200000,370649.61406300,0
1786224600000000,1921.02000000,1922.73000000,1920.67000000,1922.62000000,613.92920000,1786225499999999,1179837.83839100,6358,323.71890000,622100.94970000,0
1786225500000000,1922.61000000,1922.61000000,1920.28000000,1920.82000000,538.03140000,1786226399999999,1033739.61617500,6974,276.41340000,531069.68275300,0
1786226400000000,1920.82000000,1921.59000000,1919.53000000,1919.54000000,647.08170000,1786227299999999,1242720.08166700,7143,277.83750000,533583.33044000,0
1786227300000000,1919.53000000,1920.63000000,1919.43000000,1920.63000000,562.92840000,1786228199999999,1080914.68433000,2702,341.83060000,656369.61350100,0
1786228200000000,1920.63000000,1920.63000000,1919.24000000,1919.68000000,532.81170000,1786229099999999,1022908.60769900,2783,349.69830000,671340.42005900,0
1786229100000000,1919.68000000,1919.68000000,1916.66000000,1916.75000000,690.42500000,1786229999999999,1324411.36537800,6871,225.47050000,432511.23686900,0
1786230000000000,1916.74000000,1916.93000000,1915.09000000,1915.80000000,598.95610000,1786230899999999,1147666.08026400,5841,274.50170000,526020.82582600,0
1786230900000000,1915.81000000,1917.51000000,1914.69000000,1916.91000000,660.91920000,1786231799999999,1266775.49601800,5037,330.69100000,633843.54236900,0
1786231800000000,1916.91000000,1919.00000000,1916.90000000,1918.62000000,559.30710000,1786232699999999,1072837.20652100,3495,299.23400000,573940.07184900,0
1786232700000000,1918.62000000,1918.62000000,1916.69000000,1916.74000000,960.66750000,1786233599999999,1842221.56718900,3899,204.11170000,391467.46334400,0
1786233600000000,1916.75000000,1918.46000000,1916.34000000,1918.40000000,1796.12960000,1786234499999999,3443095.93267100,9071,543.61650000,1042190.51819500,0
1786234500000000,1918.40000000,1918.40000000,1917.54000000,1917.60000000,288.07280000,1786235399999999,552485.13511200,2434,145.66370000,279346.22039300,0
1786235400000000,1917.60000000,1918.53000000,1917.60000000,1917.94000000,259.09330000,1786236299999999,496920.03401700,1928,102.48680000,196552.53648700,0
1786236300000000,1917.94000000,1918.66000000,1916.47000000,1918.09000000,449.16550000,1786237199999999,861306.94164500,3993,182.56500000,350077.80663000,0
1786237200000000,1918.08000000,1920.21000000,1917.49000000,1918.95000000,640.09740000,1786238099999999,1228330.71097600,6182,245.26260000,470594.35922800,0
1786238100000000,1918.95000000,1919.04000000,1914.38000000,1914.38000000,522.71330000,1786238999999999,1002080.77963600,5390,125.90260000,241346.63011500,0
1786239000000000,1914.38000000,1916.18000000,1913.37000000,1916.07000000,593.73450000,1786239899999999,1136964.26422800,6063,347.04530000,664547.08121000,0
1786239900000000,1916.08000000,1916.47000000,1914.64000000,1916.14000000,419.48540000,1786240799999999,803630.99937600,3803,168.09580000,322047.85134600,0
1786240800000000,1916.15000000,1916.71000000,1915.17000000,1916.70000000,380.18680000,1786241699999999,728410.45119700,4227,175.88980000,336993.01411400,0
1786241700000000,1916.71000000,1916.71000000,1915.06000000,1916.26000000,243.84140000,1786242599999999,467216.14765600,2859,102.67480000,196727.20939900,0
1786242600000000,1916.25000000,1916.26000000,1914.54000000,1914.54000000,300.36900000,1786243499999999,575384.99023700,3080,67.39020000,129091.75776600,0
1786243500000000,1914.55000000,1915.25000000,1913.64000000,1914.80000000,417.57770000,1786244399999999,799476.18699000,4393,174.06110000,333252.32450100,0
1786244400000000,1914.79000000,1914.79000000,1912.36000000,1912.94000000,862.91330000,1786245299999999,1651179.69450800,6321,234.70600000,449061.34951400,0
1786245300000000,1912.94000000,1913.85000000,1912.75000000,1913.85000000,600.30130000,1786246199999999,1148575.74640300,2839,379.77700000,726631.83352400,0
1786246200000000,1913.85000000,1914.43000000,1913.84000000,1913.96000000,314.25410000,1786247099999999,601518.85433400,2626,165.77140000,317303.31067300,0
1786247100000000,1913.96000000,1914.30000000,1913.95000000,1914.04000000,257.51760000,1786247999999999,492919.97108200,2046,194.88170000,373023.75383200,0
1786248000000000,1914.04000000,1915.60000000,1913.87000000,1915.13000000,387.28520000,1786248899999999,741400.58607600,3554,163.52950000,313056.47293900,0
1786248900000000,1915.13000000,1915.63000000,1913.75000000,1914.28000000,385.60230000,1786249799999999,738248.24673000,4109,201.25790000,385262.60667000,0
1786249800000000,1914.28000000,1914.32000000,1913.40000000,1913.40000000,187.00300000,1786250699999999,357886.70431200,2305,101.77380000,194769.33708900,0
1786250700000000,1913.41000000,1913.70000000,1912.99000000,1913.16000000,434.32930000,1786251599999999,830977.56387300,3476,222.00510000,424749.88861500,0
1786251600000000,1913.17000000,1914.79000000,1913.11000000,1913.85000000,366.56080000,1786252499999999,701524.28226100,3574,248.92350000,476394.01199000,0
1786252500000000,1913.85000000,1915.04000000,1913.82000000,1914.09000000,264.76190000,1786253399999999,506840.48000600,2423,114.35030000,218906.19805800,0
1786253400000000,1914.08000000,1914.59000000,1914.02000000,1914.04000000,310.35700000,1786254299999999,594085.73309100,2609,131.83040000,252343.29070500,0
1786254300000000,1914.03000000,1914.46000000,1913.86000000,1914.46000000,513.81170000,1786255199999999,983496.55293900,2339,129.59480000,248053.92972200,0
1786255200000000,1914.45000000,1915.56000000,1912.83000000,1915.50000000,2019.93620000,1786256099999999,3866870.65517700,3787,396.44000000,759061.07128900,0
1786256100000000,1915.49000000,1917.16000000,1915.48000000,1916.98000000,1303.05980000,1786256999999999,2497294.85728700,4580,577.78090000,1107375.71045900,0
1786257000000000,1916.98000000,1918.01000000,1916.97000000,1917.91000000,318.59830000,1786257899999999,610954.30114600,3064,196.82740000,377435.30117300,0
1786257900000000,1917.91000000,1919.51000000,1917.91000000,1919.33000000,673.39550000,1786258799999999,1292134.77454100,4965,333.84340000,640570.37825800,0
1786258800000000,1919.34000000,1919.79000000,1918.29000000,1918.30000000,2229.65940000,1786259699999999,4278943.31796500,8808,1083.48140000,2079465.68759800,0
1786259700000000,1918.29000000,1918.32000000,1917.14000000,1918.00000000,1033.18320000,1786260599999999,1981273.33836100,6307,510.08040000,978063.68087700,0
1786260600000000,1917.99000000,1918.00000000,1917.19000000,1917.71000000,1191.14540000,1786261499999999,2284015.17186000,4378,984.87480000,1888445.53155000,0
1786261500000000,1917.70000000,1918.97000000,1917.47000000,1918.97000000,496.82360000,1786262399999999,952871.62625900,2262,315.85770000,605797.47718400,0
1786262400000000,1918.97000000,1925.00000000,1918.97000000,1922.56000000,1478.04650000,1786263299999999,2841907.37368400,9077,897.76550000,1726074.92259800,0
1786263300000000,1922.56000000,1922.69000000,1920.92000000,1921.49000000,472.97480000,1786264199999999,908947.99229600,5695,178.90810000,343791.59106900,0
1786264200000000,1921.49000000,1921.57000000,1914.00000000,1914.62000000,1269.09190000,1786265099999999,2433777.45342800,14695,370.36970000,709978.25970500,0
1786265100000000,1914.62000000,1916.12000000,1914.19000000,1915.94000000,799.12700000,1786265999999999,1530584.15824100,8150,378.28200000,724537.58439700,0
1786266000000000,1915.94000000,1916.48000000,1915.19000000,1915.31000000,515.11800000,1786266899999999,986765.93652800,4697,307.24850000,588529.00005900,0
1786266900000000,1915.30000000,1915.60000000,1913.39000000,1914.21000000,1643.75920000,1786267799999999,3146786.62063500,9061,865.24430000,1656417.34677700,0
1786267800000000,1914.20000000,1916.98000000,1914.20000000,1916.55000000,826.17510000,1786268699999999,1582421.83633700,10533,640.65990000,1227014.82912200,0
1786268700000000,1916.56000000,1921.45000000,1916.55000000,1921.45000000,1417.51820000,1786269599999999,2719420.89786200,7446,1143.73160000,2193890.25229700,0
1786269600000000,1921.45000000,1922.96000000,1921.31000000,1921.75000000,1238.87490000,1786270499999999,2381045.65912800,9669,425.46410000,817650.53278700,0
1786270500000000,1921.75000000,1922.02000000,1920.32000000,1920.60000000,1266.41390000,1786271399999999,2433017.53191700,9986,421.95390000,810540.05449200,0
1786271400000000,1920.60000000,1920.61000000,1919.64000000,1920.03000000,543.71000000,1786272299999999,1044068.95712300,4394,185.52440000,356245.88422400,0
1786272300000000,1920.04000000,1920.79000000,1919.94000000,1920.10000000,739.59440000,1786273199999999,1420507.32876000,4393,260.28410000,499890.69880500,0
1786273200000000,1920.09000000,1920.70000000,1920.09000000,1920.70000000,254.95420000,1786274099999999,489630.38506700,1769,117.14260000,224967.02803900,0
1786274100000000,1920.69000000,1921.51000000,1920.53000000,1920.79000000,340.33110000,1786274999999999,653760.16721000,3286,151.35390000,290730.71461700,0
1786275000000000,1920.79000000,1921.30000000,1920.43000000,1920.64000000,511.60700000,1786275899999999,982670.09667600,3715,360.92680000,693233.52140900,0
1786275900000000,1920.64000000,1920.70000000,1918.37000000,1919.23000000,478.89450000,1786276799999999,919261.84390100,5199,189.19860000,363166.92271600,0
1786276800000000,1919.23000000,1919.23000000,1916.51000000,1918.01000000,799.57770000,1786277699999999,1533227.19237500,5991,306.37620000,587442.05904400,0
1786277700000000,1918.02000000,1918.24000000,1917.59000000,1918.08000000,238.12220000,1786278599999999,456702.04124000,2516,122.59910000,235138.44552100,0
1786278600000000,1918.08000000,1918.51000000,1917.44000000,1917.45000000,507.05290000,1786279499999999,972476.26841700,4049,318.91950000,611639.21423400,0
1786279500000000,1917.45000000,1917.89000000,1917.37000000,1917.50000000,772.30270000,1786280399999999,1480924.41267400,4327,564.16880000,1081772.04634500,0
1786280400000000,1917.50000000,1920.00000000,1917.50000000,1920.00000000,315.86880000,1786281299999999,606196.17571300,4672,162.78290000,312386.13148100,0
1786281300000000,1920.00000000,1926.31000000,1919.99000000,1925.29000000,3186.92500000,1786282199999999,6131112.94964000,16652,1965.42560000,3780428.05804100,0
1786282200000000,1925.28000000,1925.58000000,1922.22000000,1922.79000000,1774.83710000,1786283099999999,3415042.32889100,16416,811.57720000,1561554.19039800,0
1786283100000000,1922.79000000,1923.58000000,1922.79000000,1923.36000000,809.98180000,1786283999999999,1557776.63236200,5528,182.62140000,351203.37287500,0
1786284000000000,1923.36000000,1926.58000000,1922.61000000,1925.63000000,1644.37320000,1786284899999999,3164891.93484000,11056,955.31250000,1838691.13944700,0
1786284900000000,1925.62000000,1925.62000000,1922.97000000,1923.63000000,657.76450000,1786285799999999,1265607.57686300,5211,290.51650000,558944.32219400,0
1786285800000000,1923.64000000,1925.45000000,1923.30000000,1923.71000000,831.47720000,1786286699999999,1600002.07881700,6771,349.33590000,672237.12393800,0
1786286700000000,1923.70000000,1926.41000000,1923.70000000,1925.07000000,649.48270000,1786287599999999,1250160.87536400,4545,358.54400000,690189.99931800,0
1786287600000000,1925.08000000,1927.27000000,1924.16000000,1926.84000000,1143.70000000,1786288499999999,2202610.32024600,8491,540.43860000,1040833.52169600,0
1786288500000000,1926.85000000,1927.12000000,1926.38000000,1926.39000000,867.39840000,1786289399999999,1671263.63764100,4870,427.81410000,824320.33781800,0
1786289400000000,1926.39000000,1926.66000000,1926.03000000,1926.28000000,520.35210000,1786290299999999,1002333.96006600,3148,274.64150000,529038.27313800,0
1786290300000000,1926.27000000,1927.36000000,1926.27000000,1926.56000000,761.88980000,1786291199999999,1467939.24191200,3785,540.72730000,1041791.76533800,0
1786291200000000,1926.57000000,1926.95000000,1924.73000000,1924.96000000,801.47760000,1786292099999999,1543754.90866400,6199,395.53360000,761907.26044400,0
1786292100000000,1924.97000000,1925.42000000,1921.60000000,1922.40000000,864.60050000,1786292999999999,1662752.15999200,8360,348.77570000,670635.49522700,0
1786293000000000,1922.40000000,1925.33000000,1922.40000000,1925.06000000,519.72180000,1786293899999999,1000184.11328500,3548,221.09230000,425428.66800200,0
1786293900000000,1925.06000000,1925.25000000,1924.10000000,1924.11000000,341.86870000,1786294799999999,657998.77794900,2518,145.91330000,280860.13661400,0
1786294800000000,1924.10000000,1924.84000000,1923.39000000,1924.75000000,554.35010000,1786295699999999,1066646.41613500,3317,268.14420000,515901.34137400,0
1786295700000000,1924.74000000,1924.74000000,1923.67000000,1924.56000000,719.99510000,1786296599999999,1385525.38326300,3108,295.82440000,569312.67177000,0
1786296600000000,1924.56000000,1924.68000000,1924.11000000,1924.28000000,441.31160000,1786297499999999,849264.25987200,2526,223.25400000,429620.49431600,0
1786297500000000,1924.28000000,1924.28000000,1923.11000000,1923.11000000,446.15710000,1786298399999999,858106.76125100,2660,162.01970000,311617.81497800,0
1786298400000000,1923.10000000,1923.80000000,1922.71000000,1922.71000000,441.96620000,1786299299999999,850091.10248900,2445,184.51160000,354891.53431400,0
1786299300000000,1922.72000000,1922.72000000,1920.15000000,1922.16000000,669.20910000,1786300199999999,1285673.08631300,5672,295.47470000,567638.76458600,0
1786300200000000,1922.15000000,1922.37000000,1921.23000000,1921.23000000,331.22790000,1786301099999999,636565.42392400,2926,158.54490000,304700.75703500,0
1786301100000000,1921.23000000,1921.69000000,1921.22000000,1921.52000000,451.56450000,1786301999999999,867615.47121000,3720,321.22600000,617185.91543100,0
1786302000000000,1921.51000000,1922.08000000,1921.35000000,1921.39000000,414.15480000,1786302899999999,795914.64259100,5007,249.35410000,479199.71971200,0
1786302900000000,1921.39000000,1922.37000000,1921.38000000,1922.16000000,321.99460000,1786303799999999,618879.00339500,2635,194.31640000,373464.17492000,0
1786303800000000,1922.17000000,1922.47000000,1922.15000000,1922.44000000,351.98330000,1786304699999999,676609.82500400,2257,153.21090000,294513.76933500,0
1786304700000000,1922.43000000,1922.44000000,1921.58000000,1922.04000000,258.45950000,1786305599999999,496777.19221500,2490,117.85120000,226514.47386100,0
1786305600000000,1922.04000000,1922.27000000,1919.07000000,1919.11000000,1647.30830000,1786306499999999,3164266.56688400,6975,272.11810000,522806.20018200,0
1786306500000000,1919.11000000,1920.82000000,1918.00000000,1920.20000000,846.84820000,1786307399999999,1625504.53316600,12975,507.19070000,973544.94570900,0
1786307400000000,1920.20000000,1921.28000000,1920.20000000,1920.30000000,667.31960000,1786308299999999,1281648.31208900,7399,438.67810000,842511.75392400,0
1786308300000000,1920.30000000,1920.82000000,1920.16000000,1920.73000000,555.52350000,1786309199999999,1066886.74387500,5261,283.65170000,544729.70241900,0
1786309200000000,1920.72000000,1921.45000000,1919.84000000,1921.45000000,569.33350000,1786310099999999,1093368.53302000,4324,333.63390000,640702.67349600,0
1786310100000000,1921.44000000,1924.36000000,1921.33000000,1924.27000000,386.88240000,1786310999999999,743738.58703500,3392,206.08320000,396160.01343800,0
1786311000000000,1924.26000000,1926.84000000,1923.83000000,1925.57000000,1118.28560000,1786311899999999,2152468.68019400,10757,458.36060000,882270.71887700,0
1786311900000000,1925.58000000,1926.91000000,1924.46000000,1924.73000000,1058.58570000,1786312799999999,2038480.25588400,13013,429.34650000,826775.44154900,0
1786312800000000,1924.73000000,1936.73000000,1924.73000000,1933.34000000,4068.93340000,1786313699999999,7858881.73314200,23497,2415.85280000,4666377.65343800,0
1786313700000000,1933.33000000,1938.22000000,1929.17000000,1929.61000000,3471.69580000,1786314599999999,6713707.32415100,31689,1753.24170000,3390930.16543200,0
1786314600000000,1929.62000000,1930.46000000,1916.34000000,1919.29000000,3432.37830000,1786315499999999,6594086.64278400,29350,1584.48590000,3043613.29541000,0
1786315500000000,1919.28000000,1920.42000000,1915.00000000,1919.55000000,1528.36450000,1786316399999999,2930610.30875300,15145,762.23660000,1461740.06169600,0
1786316400000000,1919.54000000,1920.61000000,1916.74000000,1917.69000000,1471.90350000,1786317299999999,2824032.85609300,15444,880.80830000,1689942.10974900,0
1786317300000000,1917.68000000,1918.38000000,1913.20000000,1914.40000000,3401.71010000,1786318199999999,6516827.56092200,28314,1715.44000000,3286496.34054300,0
1786318200000000,1914.40000000,1914.40000000,1908.49000000,1910.71000000,4210.09310000,1786319099999999,8044145.91238600,41010,1845.06330000,3524926.52566400,0
1786319100000000,1910.71000000,1912.40000000,1907.56000000,1910.65000000,1751.85500000,1786319999999999,3346324.44402300,23670,963.63620000,1840808.63615100,0
1786320000000000,1910.65000000,1928.28000000,1908.67000000,1921.68000000,3959.03070000,1786320899999999,7595694.82274400,55113,2273.36030000,4361712.57657500,0
1786320900000000,1921.69000000,1922.57000000,1913.57000000,1914.16000000,1643.48750000,1786321799999999,3151451.40652800,31990,701.43370000,1345110.57689700,0
1786321800000000,1914.16000000,1916.33000000,1906.17000000,1907.08000000,2865.41770000,1786322699999999,5473979.93969300,30995,1287.06070000,2458763.94456800,0
1786322700000000,1907.08000000,1917.19000000,1906.77000000,1912.78000000,1741.77970000,1786323599999999,3329864.97812500,25781,1003.55000000,1918683.53659100,0
1786323600000000,1912.79000000,1915.53000000,1908.01000000,1914.28000000,1697.32730000,1786324499999999,3245192.90561800,22185,1025.94980000,1961682.56777100,0
1786324500000000,1914.27000000,1918.40000000,1914.27000000,1915.17000000,1153.33820000,1786325399999999,2210428.11678700,15542,649.77550000,1245261.88281600,0
1786325400000000,1915.17000000,1916.70000000,1912.60000000,1915.33000000,1382.27390000,1786326299999999,2646817.29896700,15349,679.41860000,1300912.61637100,0
1786326300000000,1915.33000000,1931.57000000,1914.90000000,1925.23000000,3867.97140000,1786327199999999,7449025.43694500,42367,2086.44740000,4017535.25681200,0
1786327200000000,1925.23000000,1926.10000000,1920.75000000,1921.61000000,1820.82160000,1786328099999999,3500999.32368200,31156,615.73660000,1183836.59042100,0
1786328100000000,1921.61000000,1921.73000000,1912.86000000,1915.48000000,2105.24100000,1786328999999999,4033982.52680700,24354,1095.54490000,2098862.56586300,0
1786329000000000,1915.48000000,1926.72000000,1915.47000000,1925.92000000,1689.49720000,1786329899999999,3244916.31774800,15711,844.13660000,1621426.66131200,0
1786329900000000,1925.92000000,1925.92000000,1922.52000000,1923.52000000,1243.14050000,1786330799999999,2392079.72812900,14176,489.06670000,941091.79055600,0
1786330800000000,1923.51000000,1924.51000000,1915.04000000,1915.92000000,1377.53480000,1786331699999999,2645016.91359400,17606,439.05130000,843102.37737100,0
1786331700000000,1915.92000000,1924.66000000,1913.66000000,1918.13000000,2077.66220000,1786332599999999,3987231.35408500,24888,1085.64500000,2082903.92564400,0
1786332600000000,1918.13000000,1920.97000000,1917.30000000,1919.72000000,1836.95330000,1786333499999999,3526118.42307200,17518,446.97160000,857723.01188000,0
1786333500000000,1919.72000000,1920.68000000,1916.24000000,1917.44000000,1052.90250000,1786334399999999,2020221.75807000,10375,379.48540000,727969.56169400,0
1786334400000000,1917.44000000,1920.24000000,1916.51000000,1920.09000000,2314.26410000,1786335299999999,4440203.79938600,13906,1129.57730000,2167290.94339500,0
1786335300000000,1920.08000000,1921.01000000,1918.76000000,1919.58000000,1449.25120000,1786336199999999,2782292.72788300,11212,562.74700000,1080310.83424800,0
1786336200000000,1919.59000000,1920.49000000,1912.60000000,1916.77000000,2452.78360000,1786337099999999,4700228.62717900,24643,1167.58040000,2237297.23246300,0
1786337100000000,1916.76000000,1918.52000000,1914.51000000,1915.79000000,1650.48990000,1786337999999999,3163408.48576900,16984,803.43310000,1539613.33679400,0
1786338000000000,1915.79000000,1918.74000000,1915.33000000,1916.16000000,1068.31340000,1786338899999999,2048126.21505200,15603,667.22710000,1279130.22543400,0
1786338900000000,1916.16000000,1920.52000000,1916.16000000,1920.25000000,840.63260000,1786339799999999,1612593.95410800,14786,612.91880000,1175697.56624700,0
1786339800000000,1920.24000000,1922.28000000,1919.58000000,1921.41000000,1222.35830000,1786340699999999,2347731.33808900,12875,638.83520000,1227073.30621400,0
1786340700000000,1921.40000000,1925.02000000,1920.76000000,1923.17000000,1189.10460000,1786341599999999,2286689.87473600,12758,466.08470000,896378.22880700,0
1786341600000000,1923.18000000,1927.61000000,1923.01000000,1925.61000000,1946.66290000,1786342499999999,3748012.66047900,22235,946.99980000,1823317.05486100,0
1786342500000000,1925.62000000,1929.43000000,1924.21000000,1925.47000000,3562.37730000,1786343399999999,6865465.92626900,32890,1929.45740000,3718547.10270100,0
1786343400000000,1925.48000000,1927.52000000,1925.00000000,1927.50000000,1035.49660000,1786344299999999,1994352.87521200,11431,323.93400000,623926.92041600,0
1786344300000000,1927.50000000,1929.12000000,1926.49000000,1928.03000000,1360.48050000,1786345199999999,2622346.64219600,11641,521.05810000,1004390.80856600,0
1786345200000000,1928.03000000,1928.76000000,1926.19000000,1926.83000000,647.93340000,1786346099999999,1248680.98389100,8352,245.34920000,472811.45506800,0
1786346100000000,1926.82000000,1929.89000000,1925.90000000,1929.54000000,949.81290000,1786346999999999,1831287.03103300,9607,525.94770000,1014012.95198600,0
1786347000000000,1929.53000000,1930.84000000,1927.53000000,1927.53000000,3139.87550000,1786347899999999,6059309.31751900,16683,1333.76330000,2573793.36821400,0
1786347900000000,1927.53000000,1928.03000000,1924.80000000,1925.26000000,1191.40430000,1786348799999999,2294679.42160500,7665,403.19390000,776633.53595500,0
1786348800000000,1925.26000000,1928.35000000,1925.26000000,1927.32000000,982.21270000,1786349699999999,1892555.80151000,7858,450.60350000,868132.41565100,0
1786349700000000,1927.32000000,1929.74000000,1926.40000000,1928.20000000,1305.85370000,1786350599999999,2517168.50726600,13992,728.87300000,1404909.20446500,0
1786350600000000,1928.20000000,1928.49000000,1923.21000000,1925.23000000,1504.68340000,1786351499999999,2897477.14706200,14960,533.70970000,1027347.20694000,0
1786351500000000,1925.23000000,1927.36000000,1924.32000000,1926.80000000,629.06220000,1786352399999999,1211516.02080400,8510,264.33700000,509077.71399200,0
1786352400000000,1926.80000000,1927.09000000,1925.06000000,1926.52000000,629.20500000,1786353299999999,1211946.84458900,9484,279.13860000,537651.20047200,0
1786353300000000,1926.51000000,1926.60000000,1922.90000000,1922.90000000,1080.65420000,1786354199999999,2080207.64069000,9113,744.53660000,1433216.61003600,0
1786354200000000,1922.91000000,1922.91000000,1917.99000000,1918.27000000,2452.27050000,1786355099999999,4706552.51347500,25063,1188.79220000,2281331.98376700,0
1786355100000000,1918.27000000,1918.27000000,1916.21000000,1916.39000000,2751.34560000,1786355999999999,5274944.03041800,22133,1601.43010000,3070273.93366400,0
1786356000000000,1916.38000000,1919.66000000,1916.12000000,1919.18000000,1501.87020000,1786356899999999,2881195.52033600,14026,1031.63650000,1978995.51987500,0
1786356900000000,1919.18000000,1920.70000000,1918.93000000,1919.30000000,1638.26030000,1786357799999999,3145108.45822700,8569,933.22770000,1791471.78877400,0
1786357800000000,1919.30000000,1919.46000000,1916.70000000,1917.72000000,1024.96790000,1786358699999999,1965871.44383000,10130,556.09170000,1066586.62629400,0
1786358700000000,1917.71000000,1918.97000000,1917.24000000,1917.75000000,730.19760000,1786359599999999,1400518.18835300,6971,430.41560000,825515.12837700,0
1786359600000000,1917.75000000,1917.89000000,1914.68000000,1916.55000000,1263.29520000,1786360499999999,2420830.78936900,10498,452.37060000,866916.90731200,0
1786360500000000,1916.55000000,1919.80000000,1916.54000000,1919.26000000,1219.87230000,1786361399999999,2340286.67872400,11179,673.63400000,1292210.16250900,0
1786361400000000,1919.25000000,1920.44000000,1918.37000000,1918.39000000,937.36730000,1786362299999999,1799088.85364000,5883,388.75840000,746180.49907700,0
1786362300000000,1918.40000000,1921.11000000,1918.17000000,1920.42000000,923.03880000,1786363199999999,1771773.85242300,8927,569.78800000,1093758.14809100,0
1786363200000000,1920.42000000,1923.34000000,1919.85000000,1920.72000000,1628.04770000,1786364099999999,3129045.96825000,16789,814.68280000,1565797.25273500,0
1786364100000000,1920.73000000,1920.73000000,1916.58000000,1916.96000000,1577.91900000,1786364999999999,3026933.72411800,10516,773.35980000,1483457.78875200,0
1786365000000000,1916.96000000,1916.96000000,1912.01000000,1915.59000000,3731.09670000,1786365899999999,7142009.75183400,16632,1393.29540000,2667314.54451600,0
1786365900000000,1915.59000000,1915.60000000,1905.00000000,1906.00000000,6126.29310000,1786366799999999,11697631.66248900,26438,2020.42760000,3858370.62474400,0
1786366800000000,1905.99000000,1909.72000000,1905.06000000,1908.97000000,3187.41090000,1786367699999999,6081133.66119500,19180,1891.27780000,3608417.31611200,0
1786367700000000,1908.96000000,1910.46000000,1906.65000000,1908.38000000,1988.27310000,1786368599999999,3794353.46952200,13310,914.85500000,1745813.22140200,0
1786368600000000,1908.39000000,1908.93000000,1898.37000000,1901.12000000,7907.82690000,1786369499999999,15044201.66389100,65440,2923.43730000,5561444.50271200,0
1786369500000000,1901.11000000,1902.98000000,1894.56000000,1897.60000000,7101.17610000,1786370399999999,13476883.31320300,40763,3138.95410000,5957722.15239000,0
1786370400000000,1897.61000000,1902.84000000,1896.94000000,1901.31000000,3261.66580000,1786371299999999,6196214.54715200,26005,2160.60560000,4104862.22111400,0
1786371300000000,1901.32000000,1902.55000000,1897.03000000,1899.50000000,1540.14350000,1786372199999999,2925756.59718000,16650,854.29270000,1622855.61519600,0
1786372200000000,1899.49000000,1902.33000000,1897.38000000,1900.07000000,1460.27050000,1786373099999999,2774161.09317900,14631,744.55500000,1414431.37731200,0
1786373100000000,1900.06000000,1901.23000000,1891.60000000,1893.59000000,3786.16390000,1786373999999999,7177281.83414800,30597,1485.95610000,2816560.20551200,0
1786374000000000,1893.58000000,1893.58000000,1875.26000000,1876.39000000,13197.45940000,1786374899999999,24861696.65063500,91478,4506.26830000,8487940.09588800,0
1786374900000000,1876.38000000,1881.07000000,1871.37000000,1876.98000000,8055.48200000,1786375799999999,15120220.77377400,77639,3664.65050000,6879984.04985400,0
1786375800000000,1876.99000000,1880.37000000,1874.38000000,1878.43000000,4793.74880000,1786376699999999,9002050.71282000,36012,1802.50810000,3384619.89855100,0
1786376700000000,1878.42000000,1880.33000000,1876.37000000,1877.00000000,3384.12150000,1786377599999999,6355581.37631200,19706,1226.55110000,2303477.79007900,0
1786377600000000,1876.99000000,1878.71000000,1875.00000000,1875.95000000,4312.00530000,1786378499999999,8093632.05553300,31124,2001.63670000,3757429.59325900,0
1786378500000000,1875.94000000,1877.17000000,1867.96000000,1875.05000000,5989.83070000,1786379399999999,11222923.03586700,40288,1888.81180000,3538721.00503600,0
1786379400000000,1875.04000000,1878.00000000,1872.50000000,1872.88000000,3972.13060000,1786380299999999,7448333.13911500,28101,1452.20040000,2723097.46976800,0
1786380300000000,1872.88000000,1873.38000000,1868.84000000,1872.36000000,3493.98530000,1786381199999999,6539819.39855400,29262,1395.46520000,2611899.25459100,0
1786381200000000,1872.38000000,1876.02000000,1868.71000000,1874.84000000,2844.89370000,1786382099999999,5325665.30619000,31738,1371.69250000,2568141.28580300,0
1786382100000000,1874.83000000,1876.84000000,1873.01000000,1874.28000000,1795.35860000,1786382999999999,3365340.47436600,14135,932.49280000,1747891.17049400,0
1786383000000000,1874.28000000,1877.39000000,1873.90000000,1875.67000000,2325.06250000,1786383899999999,4361860.58232800,11761,1035.37920000,1942263.63398800,0
1786383900000000,1875.66000000,1875.76000000,1872.86000000,1873.70000000,1257.35530000,1786384799999999,2356676.52658900,12180,467.44400000,876129.44640300,0
1786384800000000,1873.70000000,1875.24000000,1871.66000000,1871.67000000,2678.76700000,1786385699999999,5018923.13682600,19671,1188.49360000,2227088.75397500,0
1786385700000000,1871.67000000,1874.54000000,1870.92000000,1872.07000000,1966.65700000,1786386599999999,3682142.91748700,14001,875.69640000,1639576.40082900,0
1786386600000000,1872.07000000,1873.07000000,1869.57000000,1873.06000000,1893.90330000,1786387499999999,3543963.40922500,17899,743.97570000,1392244.54604000,0
1786387500000000,1873.06000000,1873.43000000,1868.00000000,1872.95000000,2063.32220000,1786388399999999,3860627.68250000,13692,783.79920000,1466719.75397500,0
1786388400000000,1872.95000000,1875.48000000,1871.86000000,1875.26000000,2119.09490000,1786389299999999,3970163.44602700,11444,704.41310000,1320175.60806300,0
1786389300000000,1875.26000000,1878.50000000,1875.26000000,1878.49000000,1636.63370000,1786390199999999,3072003.41252600,11535,833.22270000,1563942.77312900,0
1786390200000000,1878.50000000,1880.47000000,1876.36000000,1878.92000000,1615.27950000,1786391099999999,3035359.28224300,22810,864.26380000,1624020.21405800,0
1786391100000000,1878.92000000,1879.72000000,1876.69000000,1878.51000000,1557.20220000,1786391999999999,2924572.28822600,18505,889.03920000,1669716.45680800,0
1786392000000000,1878.52000000,1879.39000000,1877.74000000,1878.59000000,1005.64390000,1786392899999999,1889196.07631400,13934,478.07590000,898090.91724200,0
1786392900000000,1878.59000000,1879.46000000,1878.00000000,1879.46000000,858.49960000,1786393799999999,1612870.32575400,9405,375.37140000,705187.06051400,0
1786393800000000,1879.45000000,1881.31000000,1879.00000000,1880.55000000,1102.25020000,1786394699999999,2071945.76978900,9890,434.05390000,815954.92401500,0
1786394700000000,1880.54000000,1880.54000000,1878.80000000,1879.73000000,684.18120000,1786395599999999,1285974.27208300,9273,353.92170000,665211.59533500,0
1786395600000000,1879.72000000,1879.72000000,1875.79000000,1876.04000000,946.10320000,1786396499999999,1776372.19256500,12124,428.13230000,803815.69730400,0
1786396500000000,1876.03000000,1877.07000000,1874.58000000,1877.07000000,558.80720000,1786397399999999,1048048.31211800,7098,280.24180000,525584.46481600,0
1786397400000000,1877.07000000,1877.88000000,1875.13000000,1876.17000000,1255.59560000,1786398299999999,2356243.50285200,19411,512.98750000,962644.71357200,0
1786398300000000,1876.18000000,1876.42000000,1873.54000000,1874.45000000,1383.66510000,1786399199999999,2594218.04924000,17987,391.55010000,734071.33656000,0
1786399200000000,1874.45000000,1877.77000000,1872.55000000,1877.15000000,1845.31800000,1786400099999999,3459409.80311200,22891,849.79000000,1593150.94798300,0
1786400100000000,1877.16000000,1878.13000000,1875.35000000,1876.86000000,578.59100000,1786400999999999,1085901.66682300,8337,301.38090000,565558.23750000,0
1786401000000000,1876.87000000,1876.94000000,1872.13000000,1874.47000000,1478.02640000,1786401899999999,2770073.71230500,17314,517.76430000,970184.72602300,0
1786401900000000,1874.47000000,1876.15000000,1874.27000000,1876.14000000,1062.48440000,1786402799999999,1992630.18494500,6279,192.15310000,360362.23227000,0
1786402800000000,1876.15000000,1876.15000000,1874.13000000,1874.50000000,1537.52960000,1786403699999999,2882482.72175700,11140,364.88120000,683989.25866200,0
1786403700000000,1874.50000000,1875.24000000,1872.40000000,1873.84000000,805.09280000,1786404599999999,1508800.98087900,9262,380.92440000,713792.52274000,0
1786404600000000,1873.85000000,1873.85000000,1870.12000000,1872.95000000,1367.98470000,1786405499999999,2560820.54313900,9124,558.35770000,1045167.58791100,0
1786405500000000,1872.95000000,1873.94000000,1871.56000000,1873.16000000,980.89100000,1786406399999999,1836994.37440400,7513,496.65890000,930112.60098600,0
1786406400000000,1873.16000000,1874.03000000,1871.00000000,1873.61000000,1941.19120000,1786407299999999,3634678.11250600,14391,742.58910000,1390292.55486200,0
1786407300000000,1873.62000000,1875.99000000,1871.78000000,1875.99000000,1251.80790000,1786408199999999,2344963.13657000,9875,677.90750000,1269775.14984300,0
1786408200000000,1875.99000000,1876.04000000,1872.45000000,1874.10000000,1509.18940000,1786409099999999,2828114.89906900,9781,433.88370000,813073.53158400,0
1786409100000000,1874.11000000,1875.77000000,1873.44000000,1875.32000000,658.62360000,1786409999999999,1234644.49678200,7355,356.84000000,668892.49499600,0
1786410000000000,1875.31000000,1877.85000000,1873.49000000,1877.23000000,1076.28110000,1786410899999999,2018758.93926200,9592,651.95330000,1222930.66269300,0
1786410900000000,1877.24000000,1878.57000000,1873.90000000,1878.06000000,1170.28680000,1786411799999999,2196151.12024600,16519,541.79560000,1016838.07300500,0
1786411800000000,1878.06000000,1878.06000000,1874.25000000,1875.77000000,1545.43860000,1786412699999999,2900080.78878200,11825,745.33500000,1398736.40168400,0
1786412700000000,1875.76000000,1878.60000000,1875.52000000,1878.14000000,812.81520000,1786413599999999,1526139.73477700,13223,402.49840000,755661.03318600,0
1786413600000000,1878.13000000,1881.78000000,1877.70000000,1878.04000000,3070.83790000,1786414499999999,5771272.41132600,9275,2138.18460000,4018987.64011900,0
1786414500000000,1878.04000000,1878.55000000,1877.41000000,1877.48000000,917.46190000,1786415399999999,1722815.51937000,7024,566.05720000,1062947.32478900,0
1786415400000000,1877.48000000,1878.66000000,1877.36000000,1878.65000000,658.55280000,1786416299999999,1236669.50746400,4490,390.16360000,732670.15777800,0
1786416300000000,1878.66000000,1878.82000000,1877.97000000,1878.60000000,798.19400000,1786417199999999,1499432.58646400,3393,317.20890000,595871.27309200,0
1786417200000000,1878.61000000,1880.44000000,1878.60000000,1880.13000000,879.76430000,1786418099999999,1653979.61932000,4175,321.95000000,605207.07283100,0
1786418100000000,1880.13000000,1881.29000000,1879.61000000,1880.33000000,1027.72900000,1786418999999999,1932596.43673200,6575,547.79760000,1030098.30087800,0
1786419000000000,1880.33000000,1881.78000000,1880.22000000,1880.62000000,626.64670000,1786419899999999,1178582.22357500,4320,405.45650000,762512.12034600,0
1786419900000000,1880.63000000,1881.22000000,1880.30000000,1881.03000000,1232.24880000,1786420799999999,2317486.45219000,4009,669.89740000,1259886.73938100,0
1786420800000000,1881.02000000,1882.18000000,1879.85000000,1879.86000000,804.17970000,1786421699999999,1512353.91664700,4189,315.32460000,592969.29382400,0
1786421700000000,1879.85000000,1880.42000000,1879.78000000,1879.96000000,1144.82930000,1786422599999999,2152289.81713700,2235,427.54730000,803766.39959900,0
1786422600000000,1879.97000000,1880.05000000,1877.70000000,1877.94000000,933.56410000,1786423499999999,1753831.62091100,4234,282.32120000,530291.23255400,0
1786423500000000,1877.94000000,1878.20000000,1876.22000000,1876.25000000,857.43180000,1786424399999999,1609604.84972700,4053,367.02140000,688977.81305100,0
1786424400000000,1876.25000000,1876.81000000,1875.73000000,1876.76000000,660.23690000,1786425299999999,1238809.51665400,3106,231.66620000,434673.02319000,0
1786425300000000,1876.76000000,1876.76000000,1872.19000000,1873.80000000,1459.13740000,1786426199999999,2734507.37773500,5969,404.02570000,756975.08297700,0
1786426200000000,1873.80000000,1876.79000000,1873.34000000,1876.50000000,1522.37050000,1786427099999999,2854290.43575600,6636,628.99920000,1179577.34454200,0
1786427100000000,1876.51000000,1876.67000000,1874.02000000,1874.03000000,1539.65650000,1786427999999999,2887824.07758200,7941,454.21470000,852068.13527900,0
1786428000000000,1874.03000000,1875.02000000,1872.12000000,1874.16000000,2239.42650000,1786428899999999,4195832.10720100,11165,806.07330000,1510118.15680500,0
1786428900000000,1874.16000000,1874.76000000,1871.91000000,1872.52000000,1596.42770000,1786429799999999,2990361.89850300,8721,549.91250000,1030089.92124200,0
1786429800000000,1872.53000000,1874.73000000,1871.62000000,1873.31000000,3731.48390000,1786430699999999,6986538.66214600,16158,1299.16330000,2432587.01793100,0
1786430700000000,1873.32000000,1874.27000000,1870.86000000,1874.24000000,1848.20850000,1786431599999999,3461368.26008800,13151,672.25880000,1259077.20707100,0
1786431600000000,1874.25000000,1875.71000000,1873.68000000,1873.69000000,876.41570000,1786432499999999,1642958.45536600,10184,364.84710000,683958.89149600,0
1786432500000000,1873.69000000,1873.69000000,1870.29000000,1871.76000000,1847.20810000,1786433399999999,3457546.34491500,12380,799.19710000,1495849.41904900,0
1786433400000000,1871.77000000,1879.27000000,1871.77000000,1877.96000000,4276.09010000,1786434299999999,8024311.24828300,18490,2539.26620000,4765399.35888500,0
1786434300000000,1877.96000000,1879.34000000,1876.36000000,1877.95000000,3253.84590000,1786435199999999,6110199.74824800,15019,1507.98620000,2831756.13752100,0
1786435200000000,1877.95000000,1879.22000000,1875.85000000,1876.00000000,1409.32830000,1786436099999999,2646503.80479100,8602,351.31250000,659675.19688900,0
1786436100000000,1876.01000000,1877.69000000,1875.75000000,1876.92000000,2164.21440000,1786436999999999,4061636.40234200,8248,1280.18570000,2402602.62576600,0
1786437000000000,1876.92000000,1879.17000000,1876.50000000,1878.38000000,2375.51410000,1786437899999999,4459990.93182000,7771,621.53450000,1166746.95497400,0
1786437900000000,1878.38000000,1880.39000000,1877.28000000,1879.21000000,2493.68310000,1786438799999999,4684884.65174800,9714,737.82220000,1386382.94252700,0
1786438800000000,1879.20000000,1879.48000000,1877.32000000,1877.56000000,2354.34100000,1786439699999999,4421848.05085300,9974,525.13850000,986251.15646500,0
1786439700000000,1877.56000000,1880.41000000,1877.34000000,1879.55000000,2008.62240000,1786440599999999,3774884.80200900,10458,979.94980000,1841620.17408200,0
1786440600000000,1879.56000000,1880.47000000,1878.64000000,1880.31000000,1200.41980000,1786441499999999,2256079.15137200,6324,555.16990000,1043489.36398200,0
1786441500000000,1880.31000000,1885.41000000,1879.96000000,1885.41000000,2679.03860000,1786442399999999,5042562.34794800,16322,1627.60960000,3063569.45633700,0
1786442400000000,1885.41000000,1889.00000000,1884.20000000,1885.16000000,2829.65820000,1786443299999999,5337987.68342500,25026,1486.12200000,2803674.08170200,0
1786443300000000,1885.16000000,1887.96000000,1882.66000000,1887.41000000,1899.60280000,1786444199999999,3580288.17323900,16504,974.49760000,1836811.14485500,0
1786444200000000,1887.41000000,1888.08000000,1885.74000000,1886.45000000,1240.60390000,1786445099999999,2340209.78073600,10492,689.16880000,1299932.61373000,0
1786445100000000,1886.46000000,1888.08000000,1885.83000000,1886.16000000,1439.30310000,1786445999999999,2715655.85237100,10692,776.33420000,1464588.70066900,0
1786446000000000,1886.17000000,1895.60000000,1886.17000000,1893.66000000,4951.68710000,1786446899999999,9367907.33397200,32078,3260.48430000,6166616.36264000,0
1786446900000000,1893.67000000,1894.03000000,1891.00000000,1891.70000000,1836.37020000,1786447799999999,3475118.63623700,12844,895.86420000,1695065.55937300,0
1786447800000000,1891.70000000,1892.87000000,1891.54000000,1891.99000000,1111.90940000,1786448699999999,2103876.20427600,7468,455.86990000,862498.89876500,0
1786448700000000,1892.00000000,1894.00000000,1892.00000000,1892.97000000,1287.19780000,1786449599999999,2436853.83259900,9111,618.59820000,1171035.48086200,0
1786449600000000,1892.96000000,1897.80000000,1892.96000000,1895.33000000,3179.00320000,1786450499999999,6024292.24730100,27284,1771.58590000,3357062.01957500,0
1786450500000000,1895.33000000,1895.42000000,1889.24000000,1890.13000000,3325.63760000,1786451399999999,6292798.49095100,16820,1996.93530000,3778929.74545700,0
1786451400000000,1890.13000000,1892.32000000,1888.48000000,1888.67000000,2688.28920000,1786452299999999,5082826.67091100,16644,1269.72780000,2400761.48542700,0
1786452300000000,1888.67000000,1889.45000000,1887.34000000,1888.00000000,1204.24250000,1786453199999999,2274062.51669600,8505,416.30630000,786071.84741700,0
1786453200000000,1888.00000000,1891.85000000,1887.12000000,1889.67000000,1701.68060000,1786454099999999,3214540.43160600,13648,764.01250000,1443349.35777000,0
1786454100000000,1889.68000000,1889.68000000,1884.79000000,1886.96000000,1304.85830000,1786454999999999,2462050.68102600,13209,517.38580000,976181.60334100,0
1786455000000000,1886.96000000,1892.69000000,1883.63000000,1890.37000000,4021.26600000,1786455899999999,7592904.53502700,46017,2151.32800000,4062479.98218900,0
1786455900000000,1890.36000000,1892.14000000,1887.75000000,1890.03000000,2042.50120000,1786456799999999,3859866.90481000,28840,991.77460000,1874237.35711400,0
1786456800000000,1890.02000000,1890.66000000,1886.27000000,1889.56000000,1293.14390000,1786457699999999,2442355.26923600,22141,542.95160000,1025414.22043200,0
1786457700000000,1889.56000000,1891.61000000,1876.55000000,1880.76000000,3971.49380000,1786458599999999,7474909.33240900,36040,1684.42930000,3170487.62639000,0
1786458600000000,1880.76000000,1881.25000000,1874.34000000,1877.33000000,2922.14740000,1786459499999999,5486749.67417200,31694,995.73440000,1869577.63718300,0
1786459500000000,1877.34000000,1878.60000000,1870.33000000,1873.69000000,6290.46770000,1786460399999999,11787061.09085500,47753,2395.25210000,4486667.79701600,0
1786460400000000,1873.68000000,1877.63000000,1872.87000000,1873.66000000,3283.33480000,1786461299999999,6156407.18217600,32207,1636.56590000,3068935.40851700,0
1786461300000000,1873.65000000,1877.71000000,1869.43000000,1877.36000000,3522.81310000,1786462199999999,6599927.72073500,31266,1542.95000000,2891913.52883600,0
1786462200000000,1877.35000000,1877.40000000,1853.62000000,1859.67000000,11105.28250000,1786463099999999,20683083.11877200,81662,3406.38360000,6341787.88315300,0
1786463100000000,1859.66000000,1864.08000000,1856.73000000,1862.74000000,4142.75380000,1786463999999999,7704586.50111000,41216,2120.75440000,3944212.01934800,0
1786464000000000,1862.75000000,1866.26000000,1859.78000000,1864.96000000,3255.48100000,1786464899999999,6065979.75506100,38473,1560.38780000,2907691.63812300,0
1786464900000000,1864.97000000,1867.06000000,1863.02000000,1864.15000000,1867.46060000,1786465799999999,3483306.66786100,27096,1024.21990000,1910419.15741100,0
1786465800000000,1864.14000000,1866.42000000,1862.70000000,1863.59000000,2716.45030000,1786466699999999,5063476.67788800,24829,730.83750000,1362631.25113800,0
1786466700000000,1863.59000000,1865.57000000,1862.94000000,1864.82000000,1102.99580000,1786467599999999,2056757.52914900,10908,462.17420000,861810.20916400,0
1786467600000000,1864.83000000,1866.57000000,1863.00000000,1864.12000000,1344.70590000,1786468499999999,2507191.69092800,11909,511.96830000,954543.75704600,0
1786468500000000,1864.13000000,1867.95000000,1862.88000000,1865.49000000,1618.87650000,1786469399999999,3019131.91353600,13514,791.07260000,1475444.43154700,0
1786469400000000,1865.49000000,1866.31000000,1863.01000000,1864.97000000,1306.45130000,1786470299999999,2436049.90595900,10437,569.10910000,1060995.89388900,0
1786470300000000,1864.97000000,1866.89000000,1863.18000000,1864.69000000,2222.25840000,1786471199999999,4143423.55212500,9502,620.02020000,1156103.57074700,0
1786471200000000,1864.69000000,1865.37000000,1863.41000000,1864.26000000,1399.84940000,1786472099999999,2610032.72673000,11035,667.58130000,1244670.34877400,0
1786472100000000,1864.25000000,1866.02000000,1861.85000000,1862.00000000,1553.21260000,1786472999999999,2895270.51977600,11091,662.28500000,1234921.36951600,0
1786473000000000,1861.99000000,1867.09000000,1860.00000000,1863.88000000,3591.82890000,1786473899999999,6692987.68126200,27964,1378.37850000,2568547.15685400,0
1786473900000000,1863.88000000,1866.03000000,1863.46000000,1866.03000000,800.45370000,1786474799999999,1492529.54710000,13057,441.39300000,823013.65544900,0
1786474800000000,1866.03000000,1866.27000000,1862.90000000,1863.01000000,1208.92270000,1786475699999999,2254175.93119100,11184,475.47980000,886635.55623600,0
1786475700000000,1863.01000000,1869.97000000,1863.00000000,1869.80000000,1269.09540000,1786476599999999,2369829.44276700,12372,909.08900000,1697520.43723800,0
1786476600000000,1869.80000000,1872.50000000,1868.52000000,1871.63000000,1701.63650000,1786477499999999,3183445.27761700,16216,867.36820000,1622584.79533400,0
1786477500000000,1871.64000000,1884.83000000,1870.97000000,1881.90000000,5785.63520000,1786478399999999,10864571.98020600,32808,3455.74720000,6488461.95021100,0
1786478400000000,1881.90000000,1885.38000000,1881.12000000,1882.58000000,2711.03450000,1786479299999999,5105220.57798100,24760,1648.54180000,3104336.29103200,0
1786479300000000,1882.59000000,1882.59000000,1879.09000000,1881.13000000,1766.23750000,1786480199999999,3321370.97881400,13711,823.86890000,1549048.60902000,0
1786480200000000,1881.13000000,1884.10000000,1879.42000000,1879.43000000,1292.99870000,1786481099999999,2432300.26794400,11367,653.48140000,1229205.45825600,0
1786481100000000,1879.43000000,1882.47000000,1879.42000000,1882.22000000,1530.35660000,1786481999999999,2878605.75079200,11392,1024.67690000,1927323.94664900,0
1786482000000000,1882.22000000,1885.32000000,1881.58000000,1884.13000000,1106.81730000,1786482899999999,2084186.17604300,8799,572.82270000,1078519.02148000,0
1786482900000000,1884.12000000,1884.58000000,1880.67000000,1881.15000000,1474.21530000,1786483799999999,2775073.46449800,11240,499.80550000,940730.64494300,0
1786483800000000,1881.15000000,1882.77000000,1880.43000000,1882.63000000,2724.17130000,1786484699999999,5125831.34163700,15475,1795.07710000,3377559.48501100,0
1786484700000000,1882.64000000,1885.19000000,1881.90000000,1884.68000000,1631.18800000,1786485599999999,3071768.85528600,17101,854.61690000,1609288.86108900,0
1786485600000000,1884.68000000,1887.64000000,1882.83000000,1883.99000000,3038.75650000,1786486499999999,5728727.86169400,14999,1797.34920000,3388698.20550700,0
1786486500000000,1884.00000000,1885.68000000,1882.97000000,1883.80000000,888.45800000,1786487399999999,1673657.61692000,8582,484.32120000,912352.38899300,0
1786487400000000,1883.80000000,1884.77000000,1880.61000000,1880.62000000,962.64660000,1786488299999999,1812787.93618900,10480,415.25640000,782127.89495900,0
1786488300000000,1880.61000000,1883.16000000,1879.61000000,1882.16000000,1014.68510000,1786489199999999,1908949.76577900,6172,593.81390000,1117279.21568600,0
1786489200000000,1882.17000000,1882.17000000,1879.00000000,1879.52000000,746.87390000,1786490099999999,1404115.90885600,6249,249.34830000,468732.63727400,0
1786490100000000,1879.53000000,1880.92000000,1878.92000000,1880.92000000,718.16060000,1786490999999999,1350101.14248700,7660,362.50110000,681454.24453400,0
1786491000000000,1880.92000000,1884.41000000,1880.55000000,1884.18000000,1182.17170000,1786491899999999,2225782.99222600,9048,603.49230000,1136166.35446700,0
1786491900000000,1884.17000000,1884.41000000,1882.58000000,1882.59000000,718.43920000,1786492799999999,1353158.17272200,5682,329.04370000,619742.29441400,0
1786492800000000,1882.58000000,1882.58000000,1880.78000000,1882.20000000,1313.28090000,1786493699999999,2470872.30226900,9947,583.54400000,1097875.53719600,0
1786493700000000,1882.20000000,1883.48000000,1880.65000000,1882.03000000,1014.68000000,1786494599999999,1909615.01279800,11140,482.39920000,907793.82538800,0
1786494600000000,1882.03000000,1883.72000000,1881.34000000,1881.72000000,1015.23430000,1786495499999999,1911369.90693500,8442,638.62680000,1202402.45386800,0
1786495500000000,1881.72000000,1883.35000000,1881.72000000,1882.35000000,707.67270000,1786496399999999,1332241.77351500,8490,343.35590000,646373.30345600,0
1786496400000000,1882.36000000,1885.83000000,1882.35000000,1885.67000000,1161.76210000,1786497299999999,2188623.24663000,8881,681.16160000,1283189.64661900,0
1786497300000000,1885.67000000,1886.53000000,1882.22000000,1883.01000000,1199.55250000,1786498199999999,2259850.34078600,8416,555.22020000,1045809.26752800,0
1786498200000000,1883.01000000,1885.95000000,1881.11000000,1885.43000000,630.21230000,1786499099999999,1186813.60545400,6735,348.63470000,656584.75735600,0
1786499100000000,1885.43000000,1886.48000000,1883.35000000,1884.77000000,1170.57040000,1786499999999999,2206419.04557100,8408,589.46140000,1110958.91330100,0
1786500000000000,1884.77000000,1887.91000000,1884.77000000,1885.67000000,1354.69650000,1786500899999999,2555052.60021300,11202,589.79720000,1112372.34193600,0
1786500900000000,1885.66000000,1886.77000000,1883.96000000,1886.76000000,958.49070000,1786501799999999,1807067.89888100,9479,459.93690000,867203.78486000,0
1786501800000000,1886.77000000,1887.27000000,1883.97000000,1884.81000000,630.56830000,1786502699999999,1188690.33584000,10263,261.64030000,493192.94666100,0
1786502700000000,1884.81000000,1885.59000000,1883.59000000,1884.47000000,510.93980000,1786503599999999,963001.65266100,6141,221.78820000,418002.78538800,0
1786503600000000,1884.48000000,1885.70000000,1882.90000000,1883.11000000,558.07540000,1786504499999999,1051569.02304000,7204,169.40560000,319158.72144400,0
1786504500000000,1883.11000000,1884.37000000,1882.66000000,1883.74000000,774.66060000,1786505399999999,1458940.97634300,6369,344.15810000,648156.15318700,0
1786505400000000,1883.75000000,1887.33000000,1883.22000000,1886.26000000,891.44990000,1786506299999999,1681126.80131400,7550,549.15850000,1035721.77611700,0
1786506300000000,1886.25000000,1887.17000000,1885.90000000,1886.62000000,718.66490000,1786507199999999,1355716.48133900,4720,277.86170000,524166.96640300,0
1786507200000000,1886.63000000,1887.66000000,1885.47000000,1887.26000000,797.54200000,1786508099999999,1504988.54258600,5350,390.25650000,736388.07174200,0
1786508100000000,1887.27000000,1893.37000000,1887.11000000,1889.71000000,3600.25130000,1786508999999999,6809183.15994700,18862,2603.57450000,4924721.01909500,0
1786509000000000,1889.71000000,1889.71000000,1887.37000000,1888.58000000,911.53530000,1786509899999999,1721209.94850300,9002,313.09800000,591152.42632700,0
1786509900000000,1888.58000000,1891.16000000,1888.43000000,1889.42000000,937.57720000,1786510799999999,1771532.25061200,7146,539.45230000,1019317.58876900,0
1786510800000000,1889.41000000,1890.89000000,1886.77000000,1890.13000000,702.08480000,1786511699999999,1325668.83008400,8276,264.85780000,500117.62298800,0
1786511700000000,1890.12000000,1890.90000000,1889.82000000,1890.00000000,586.19110000,1786512599999999,1108111.99345900,5754,319.81550000,604567.20323100,0
1786512600000000,1890.00000000,1891.88000000,1890.00000000,1891.81000000,892.27440000,1786513499999999,1687443.32580200,8127,493.90490000,934020.05730800,0
1786513500000000,1891.81000000,1892.44000000,1891.06000000,1891.71000000,1025.15880000,1786514399999999,1939299.21023000,6778,557.21040000,1054010.26225100,0
1786514400000000,1891.70000000,1891.71000000,1887.65000000,1887.65000000,824.16980000,1786515299999999,1557486.29851900,6725,250.06620000,472496.05239400,0
1786515300000000,1887.65000000,1889.72000000,1885.78000000,1886.44000000,2361.82440000,1786516199999999,4458719.56145900,10385,538.40700000,1016431.05441700,0
1786516200000000,1886.43000000,1886.85000000,1885.38000000,1885.69000000,1026.06720000,1786517099999999,1935199.36168800,8268,425.57470000,802643.94308300,0
1786517100000000,1885.69000000,1887.74000000,1885.69000000,1887.73000000,676.38610000,1786517999999999,1276168.09361500,7377,383.55830000,723660.97237100,0
1786518000000000,1887.74000000,1891.16000000,1887.64000000,1889.75000000,888.10730000,1786518899999999,1678350.83649700,7866,481.07020000,909046.42827200,0
1786518900000000,1889.75000000,1890.59000000,1889.49000000,1889.50000000,740.00890000,1786519799999999,1398759.40368900,5490,443.28940000,837894.40134800,0
1786519800000000,1889.50000000,1891.62000000,1888.25000000,1888.82000000,1347.64150000,1786520699999999,2546313.64867200,9584,487.87720000,921962.62244000,0
1786520700000000,1888.83000000,1891.82000000,1886.34000000,1891.69000000,1148.51660000,1786521599999999,2169301.27218600,8925,537.36710000,1015091.46045200,0
1786521600000000,1891.70000000,1896.11000000,1890.63000000,1892.40000000,2572.45760000,1786522499999999,4871356.81795800,20278,1582.21850000,2996114.13162100,0
1786522500000000,1892.40000000,1894.86000000,1892.40000000,1892.88000000,841.66200000,1786523399999999,1593604.21999000,12807,427.98280000,810291.67667100,0
1786523400000000,1892.87000000,1892.87000000,1891.12000000,1891.12000000,585.32130000,1786524299999999,1107365.04098600,8567,248.12390000,469405.73180800,0
1786524300000000,1891.13000000,1892.37000000,1890.76000000,1890.95000000,725.90450000,1786525199999999,1373064.35849900,6639,396.23370000,749442.66883400,0
1786525200000000,1890.94000000,1893.23000000,1890.00000000,1892.87000000,993.98040000,1786526099999999,1880372.68542700,8311,523.21640000,989792.12350200,0
1786526100000000,1892.88000000,1905.31000000,1892.87000000,1903.70000000,5878.85700000,1786526999999999,11169893.99055700,42168,3438.95240000,6532381.61995700,0
1786527000000000,1903.69000000,1909.63000000,1902.84000000,1905.03000000,4182.21230000,1786527899999999,7971133.36449800,32368,2427.93020000,4627491.91958800,0
1786527900000000,1905.03000000,1906.00000000,1902.88000000,1905.84000000,2372.10520000,1786528799999999,4518801.95777100,13559,882.92850000,1681768.56432400,0
1786528800000000,1905.84000000,1915.54000000,1905.84000000,1911.68000000,4875.11960000,1786529699999999,9317249.36419400,38094,2577.44460000,4925950.19703600,0
1786529700000000,1911.68000000,1914.78000000,1910.84000000,1910.85000000,2969.86290000,1786530599999999,5680857.80780400,27457,1495.77040000,2861151.34531400,0
1786530600000000,1910.85000000,1913.20000000,1910.12000000,1911.69000000,1996.95630000,1786531499999999,3817798.43057700,17968,818.19190000,1564136.35331900,0
1786531500000000,1911.69000000,1912.16000000,1907.66000000,1909.17000000,3132.77760000,1786532399999999,5983872.65392400,14855,1123.13730000,2145263.51292700,0
1786532400000000,1909.18000000,1911.38000000,1907.41000000,1908.87000000,1444.22470000,1786533299999999,2757249.53152900,16724,735.42150000,1404048.09956900,0
1786533300000000,1908.88000000,1913.63000000,1908.87000000,1913.53000000,1323.76100000,1786534199999999,2529863.15660600,9170,724.40570000,1384480.85505300,0
1786534200000000,1913.54000000,1915.42000000,1911.83000000,1913.33000000,1770.99330000,1786535099999999,3389571.93531500,10117,838.06880000,1603809.90017700,0
1786535100000000,1913.34000000,1915.99000000,1913.22000000,1915.57000000,2244.16970000,1786535999999999,4296873.41102200,9471,1132.27570000,2167974.48548700,0
1786536000000000,1915.58000000,1918.14000000,1914.50000000,1914.50000000,2535.45630000,1786536899999999,4858760.15135800,18232,1432.72150000,2745671.35617200,0
1786536900000000,1914.51000000,1925.00000000,1914.03000000,1922.34000000,5641.97440000,1786537799999999,10830625.61368700,32645,3051.23560000,5858272.40580200,0
1786537800000000,1922.38000000,1925.00000000,1907.56000000,1909.46000000,9515.60840000,1786538699999999,18208597.47666000,85562,4316.91720000,8263918.94227200,0
1786538700000000,1909.46000000,1913.58000000,1905.52000000,1911.32000000,4874.16930000,1786539599999999,9303499.76357200,29261,1911.20660000,3648379.28975600,0
1786539600000000,1911.31000000,1912.60000000,1905.28000000,1908.61000000,2556.70610000,1786540499999999,4879679.02183800,28859,1157.56920000,2208999.63974200,0
1786540500000000,1908.61000000,1910.67000000,1906.03000000,1907.42000000,1601.20990000,1786541399999999,3055542.00040700,18796,868.78200000,1657783.50233800,0
1786541400000000,1907.43000000,1908.11000000,1901.51000000,1904.72000000,4088.72860000,1786542299999999,7788755.33032200,48471,1962.88670000,3739234.70352800,0
1786542300000000,1904.72000000,1908.32000000,1900.04000000,1901.32000000,3237.78890000,1786543199999999,6165418.41952300,37083,1923.41710000,3663255.45228800,0
1786543200000000,1901.31000000,1903.71000000,1889.24000000,1899.83000000,5949.34750000,1786544099999999,11277708.17052300,82911,2648.66720000,5020854.88779200,0
1786544100000000,1899.82000000,1899.83000000,1891.89000000,1892.19000000,1934.86910000,1786544999999999,3667385.80478700,42415,788.91400000,1495307.92333800,0
1786545000000000,1892.20000000,1894.06000000,1887.30000000,1892.18000000,3948.07250000,1786545899999999,7464338.25497500,43301,1891.59210000,3575950.60051800,0
1786545900000000,1892.18000000,1895.31000000,1885.00000000,1887.79000000,3886.33290000,1786546799999999,7343002.36739300,31947,1555.43630000,2939047.58918100,0
1786546800000000,1887.78000000,1893.86000000,1884.54000000,1892.78000000,2236.49430000,1786547699999999,4226135.09155100,29435,1293.45500000,2444603.69446800,0
1786547700000000,1892.79000000,1895.80000000,1891.22000000,1894.47000000,1909.11760000,1786548599999999,3615625.39736900,29143,1339.31580000,2536575.47341200,0
1786548600000000,1894.47000000,1896.29000000,1891.36000000,1894.52000000,1699.80150000,1786549499999999,3220764.42032200,29184,715.10380000,1354718.72909000,0
1786549500000000,1894.52000000,1895.76000000,1892.52000000,1892.75000000,1834.34240000,1786550399999999,3473718.46074200,18256,596.51150000,1129577.03346300,0
1786550400000000,1892.75000000,1893.55000000,1889.24000000,1892.96000000,1578.37400000,1786551299999999,2984996.19796700,20169,819.89560000,1550599.38672000,0
1786551300000000,1892.96000000,1895.77000000,1892.42000000,1894.92000000,1501.40310000,1786552199999999,2844099.21948000,13197,689.58520000,1306220.15735600,0
1786552200000000,1894.92000000,1895.35000000,1892.36000000,1892.52000000,1330.48460000,1786553099999999,2519723.76533600,13255,641.71910000,1215150.81572700,0
1786553100000000,1892.52000000,1892.62000000,1890.41000000,1890.70000000,813.30540000,1786553999999999,1538274.01827300,13411,462.10980000,873989.23749200,0
1786554000000000,1890.70000000,1891.89000000,1889.50000000,1889.77000000,1375.00890000,1786554899999999,2599420.12156800,10042,641.07820000,1211976.04866700,0
1786554900000000,1889.77000000,1890.20000000,1885.12000000,1886.92000000,2559.34320000,1786555799999999,4830182.00014100,19257,1092.16040000,2061277.03721700,0
1786555800000000,1886.92000000,1890.46000000,1885.21000000,1888.10000000,1220.91900000,1786556699999999,2305547.43223200,10642,593.89110000,1121461.69345500,0
1786556700000000,1888.09000000,1890.13000000,1887.26000000,1888.14000000,889.97850000,1786557599999999,1680645.53612200,8922,447.28720000,844688.37018500,0
1786557600000000,1888.13000000,1890.45000000,1887.00000000,1889.63000000,868.57420000,1786558499999999,1640560.77130400,9855,504.90300000,953561.14409300,0
1786558500000000,1889.62000000,1889.62000000,1886.01000000,1887.15000000,775.33990000,1786559399999999,1463166.24222200,8429,410.18540000,774039.88391200,0
1786559400000000,1887.15000000,1891.33000000,1886.83000000,1887.80000000,1144.21130000,1786560299999999,2160928.34242700,13464,562.81850000,1062989.53621900,0
1786560300000000,1887.80000000,1887.81000000,1885.50000000,1885.55000000,883.42180000,1786561199999999,1666547.38635400,10024,412.64510000,778395.29075900,0
1786561200000000,1885.54000000,1886.67000000,1883.92000000,1884.11000000,1059.23760000,1786562099999999,1997172.17077400,12670,397.12970000,748900.92947400,0
1786562100000000,1884.10000000,1886.80000000,1882.06000000,1884.55000000,1367.98380000,1786562999999999,2577136.87755600,18169,716.09670000,1348993.22178400,0
1786563000000000,1884.55000000,1885.38000000,1879.14000000,1880.12000000,2262.82470000,1786563899999999,4258392.14679200,21049,751.76850000,1415294.39172100,0
1786563900000000,1880.11000000,1880.65000000,1877.98000000,1879.38000000,1977.32130000,1786564799999999,3715549.14414400,18221,846.63370000,1590829.34288500,0
1786564800000000,1879.37000000,1882.53000000,1877.81000000,1880.49000000,1525.58440000,1786565699999999,2868190.70170600,11802,915.18350000,1720789.74582500,0
1786565700000000,1880.49000000,1884.26000000,1879.39000000,1884.26000000,839.45520000,1786566599999999,1580010.57813800,7116,561.43100000,1056771.82732300,0
1786566600000000,1884.25000000,1887.40000000,1884.25000000,1886.47000000,1241.94790000,1786567499999999,2342218.21190900,6669,918.27870000,1731733.34409800,0
1786567500000000,1886.48000000,1887.68000000,1885.65000000,1886.60000000,625.16380000,1786568399999999,1179472.09092300,4659,398.03960000,750953.07294500,0
1786568400000000,1886.60000000,1889.47000000,1885.86000000,1886.06000000,1059.80410000,1786569299999999,2000491.73250800,8307,729.33830000,1376655.07902600,0
1786569300000000,1886.06000000,1886.98000000,1873.29000000,1878.41000000,2926.41340000,1786570199999999,5500857.89525400,19289,1153.88260000,2169056.52501400,0
1786570200000000,1878.40000000,1883.23000000,1875.52000000,1883.18000000,1786.25180000,1786571099999999,3357544.65841700,24305,1040.58810000,1955979.02880600,0
1786571100000000,1883.19000000,1884.32000000,1877.17000000,1877.95000000,2085.48560000,1786571999999999,3925400.17407300,20733,655.37790000,1233878.36752900,0
1786572000000000,1877.94000000,1881.37000000,1875.63000000,1879.11000000,2604.45540000,1786572899999999,4893297.07727500,19825,1125.89650000,2115576.16049800,0
1786572900000000,1879.12000000,1881.15000000,1878.76000000,1879.91000000,787.12480000,1786573799999999,1479671.59608600,7958,508.82970000,956415.78097100,0
1786573800000000,1879.91000000,1879.97000000,1876.72000000,1878.02000000,1003.45650000,1786574699999999,1885073.69395900,10545,560.08750000,1052075.14835000,0
1786574700000000,1878.03000000,1878.91000000,1877.04000000,1878.45000000,839.35060000,1786575599999999,1576155.39743500,8869,454.60030000,853678.19981300,0
1786575600000000,1878.46000000,1878.94000000,1875.30000000,1876.54000000,1574.36410000,1786576499999999,2955252.05159300,12015,755.65030000,1418484.34278700,0
1786576500000000,1876.54000000,1878.28000000,1874.81000000,1876.98000000,896.82890000,1786577399999999,1682655.17410400,9001,541.85850000,1016678.66640800,0
1786577400000000,1876.98000000,1879.25000000,1876.98000000,1878.20000000,634.05960000,1786578299999999,1191022.96152700,5868,364.41940000,684509.13913900,0
1786578300000000,1878.20000000,1880.11000000,1878.00000000,1879.81000000,782.28700000,1786579199999999,1469876.96067600,5451,464.70250000,873171.53651800,0
1786579200000000,1879.80000000,1883.73000000,1878.90000000,1882.85000000,2412.78880000,1786580099999999,4540063.36292500,14940,1163.43080000,2189017.69205500,0
1786580100000000,1882.85000000,1885.55000000,1881.44000000,1882.34000000,1330.15430000,1786580999999999,2505074.77349500,15165,891.04770000,1678171.09619800,0
1786581000000000,1882.34000000,1882.35000000,1877.26000000,1879.07000000,2120.05110000,1786581899999999,3984944.66139900,19876,1046.12580000,1966265.10879700,0
1786581900000000,1879.08000000,1883.51000000,1878.18000000,1880.29000000,1013.09830000,1786582799999999,1905659.96788700,13204,515.87620000,970227.01925300,0
1786582800000000,1880.28000000,1882.83000000,1878.78000000,1882.83000000,1288.61360000,1786583699999999,2423268.36403300,9432,700.54310000,1317391.41338900,0
1786583700000000,1882.83000000,1882.83000000,1875.25000000,1876.37000000,1855.05550000,1786584599999999,3484691.63910600,12492,784.86520000,1474238.85670700,0
1786584600000000,1876.37000000,1880.43000000,1876.11000000,1876.16000000,1026.75490000,1786585499999999,1928575.62368900,9510,587.39550000,1103358.49643500,0
1786585500000000,1876.15000000,1880.04000000,1875.01000000,1878.09000000,2008.60670000,1786586399999999,3771321.70923100,11689,855.14790000,1605307.83943300,0
1786586400000000,1878.09000000,1879.09000000,1876.85000000,1877.82000000,1599.93190000,1786587299999999,3004363.68886400,10376,888.85310000,1668829.36970400,0
1786587300000000,1877.82000000,1878.23000000,1876.35000000,1877.26000000,956.30410000,1786588199999999,1795259.74567700,9342,428.92790000,805235.81876500,0
1786588200000000,1877.25000000,1877.26000000,1873.17000000,1876.89000000,1542.44170000,1786589099999999,2891360.64211200,16815,602.33950000,1129030.45134900,0
1786589100000000,1876.89000000,1883.28000000,1876.02000000,1881.93000000,1577.30550000,1786589999999999,2965314.56406600,11011,1200.82530000,2257434.96857800,0
1786590000000000,1881.94000000,1884.78000000,1881.68000000,1883.45000000,1932.21950000,1786590899999999,3638424.28514000,7677,1153.20590000,2171381.86048800,0
1786590900000000,1883.45000000,1884.99000000,1882.80000000,1883.01000000,1066.44980000,1786591799999999,2008854.21673200,8241,593.34200000,1117663.46019400,0
1786591800000000,1883.01000000,1886.32000000,1883.01000000,1883.96000000,1519.96420000,1786592699999999,2864903.73125900,11680,909.40520000,1713890.79538000,0
1786592700000000,1883.97000000,1888.89000000,1883.96000000,1887.52000000,1785.62710000,1786593599999999,3369569.90614500,15626,1237.86870000,2335752.99978700,0
1786593600000000,1887.52000000,1887.93000000,1886.09000000,1887.30000000,573.06940000,1786594499999999,1081474.54244800,7703,282.46170000,533015.41985500,0
1786594500000000,1887.30000000,1887.30000000,1885.46000000,1886.03000000,745.92460000,1786595399999999,1407106.56252800,8664,338.88870000,639269.97594400,0
1786595400000000,1886.03000000,1891.10000000,1886.03000000,1891.09000000,1369.28180000,1786596299999999,2586925.32651700,11413,929.91800000,1756682.06534600,0
1786596300000000,1891.09000000,1894.99000000,1891.09000000,1892.37000000,1796.16070000,1786597199999999,3399721.35656500,19016,1143.37570000,2164107.25258300,0
1786597200000000,1892.37000000,1898.56000000,1891.77000000,1898.35000000,3315.67870000,1786598099999999,6287838.65499700,26192,2147.96840000,4073697.04062600,0
1786598100000000,1898.35000000,1900.00000000,1896.55000000,1898.63000000,2317.66220000,1786598999999999,4399923.88950600,22331,1114.70250000,2116367.44376100,0
1786599000000000,1898.64000000,1899.41000000,1896.43000000,1897.38000000,1307.53150000,1786599899999999,2481496.20617100,13347,785.95070000,1491761.39652500,0
1786599900000000,1897.39000000,1898.13000000,1895.81000000,1895.81000000,677.46350000,1786600799999999,1285039.01464400,6928,307.46900000,583186.92569800,0
1786600800000000,1895.80000000,1896.07000000,1892.54000000,1894.17000000,897.46100000,1786601699999999,1699886.50595900,10780,401.43840000,760419.33540000,0
1786601700000000,1894.17000000,1895.71000000,1893.85000000,1894.60000000,688.41330000,1786602599999999,1304386.97990700,8443,347.74250000,658857.84317200,0
1786602600000000,1894.61000000,1894.61000000,1892.17000000,1892.91000000,798.52850000,1786603499999999,1511670.07615900,7515,280.45320000,530856.90422400,0
1786603500000000,1892.92000000,1898.62000000,1892.91000000,1898.62000000,1076.70510000,1786604399999999,2041964.92756100,14935,688.53450000,1305801.84856600,0
1786604400000000,1898.62000000,1898.93000000,1896.12000000,1897.08000000,794.07660000,1786605299999999,1506571.88288300,7595,416.06980000,789350.24656100,0
1786605300000000,1897.08000000,1898.00000000,1896.45000000,1897.99000000,721.09660000,1786606199999999,1368082.70463300,6609,438.49590000,831905.77372900,0
1786606200000000,1898.00000000,1898.13000000,1896.84000000,1896.85000000,1374.21350000,1786607099999999,2607824.63970000,6203,732.68440000,1390355.26794800,0
1786607100000000,1896.85000000,1896.88000000,1895.31000000,1895.57000000,1323.08780000,1786607999999999,2508510.62672600,4584,641.33200000,1215925.88531200,0
1786608000000000,1895.57000000,1897.00000000,1892.73000000,1892.91000000,1294.01290000,1786608899999999,2452238.82734600,9746,477.52480000,904949.18606600,0
1786608900000000,1892.92000000,1893.33000000,1892.23000000,1892.64000000,826.23280000,1786609799999999,1563836.66778200,9456,296.47580000,561134.63149200,0
1786609800000000,1892.64000000,1893.15000000,1891.75000000,1892.07000000,2408.32600000,1786610699999999,4557440.67594700,9310,1735.78100000,3284580.20699400,0
1786610700000000,1892.07000000,1892.07000000,1888.38000000,1890.05000000,3056.31740000,1786611599999999,5775634.10864700,10806,1552.78110000,2934084.74163600,0
1786611600000000,1890.05000000,1890.05000000,1882.11000000,1883.04000000,1766.40230000,1786612499999999,3332123.99646700,14570,790.44180000,1490671.91896100,0
1786612500000000,1883.04000000,1886.83000000,1881.39000000,1885.75000000,1283.24310000,1786613399999999,2418633.10827400,19927,703.45160000,1325741.53463300,0
1786613400000000,1885.75000000,1888.02000000,1885.74000000,1887.90000000,988.58430000,1786614299999999,1865668.11866600,9089,423.15530000,798570.18858800,0
1786614300000000,1887.89000000,1890.59000000,1887.56000000,1889.78000000,1818.25550000,1786615199999999,3435094.34468000,10555,1187.70940000,2243864.88316600,0
1786615200000000,1889.78000000,1890.24000000,1882.45000000,1884.90000000,4888.91170000,1786616099999999,9219772.19058000,33716,2487.41920000,4691513.13326800,0
1786616100000000,1884.90000000,1886.97000000,1884.69000000,1885.05000000,1365.42830000,1786616999999999,2574716.59513300,12651,902.63260000,1701998.51525600,0
1786617000000000,1885.05000000,1885.13000000,1882.08000000,1883.69000000,1701.00210000,1786617899999999,3203854.99253400,16559,935.11680000,1761248.25215300,0
1786617900000000,1883.70000000,1884.11000000,1882.95000000,1883.17000000,1010.51550000,1786618799999999,1903270.78463600,8474,392.84300000,739886.02618200,0
1786618800000000,1883.18000000,1883.72000000,1881.04000000,1881.47000000,1135.06870000,1786619699999999,2136830.70250900,12421,488.10870000,918866.65367400,0
1786619700000000,1881.47000000,1881.47000000,1876.71000000,1876.92000000,2504.98840000,1786620599999999,4705940.89429300,25576,1028.68780000,1932177.57958600,0
1786620600000000,1876.92000000,1879.99000000,1875.49000000,1879.87000000,2199.50240000,1786621499999999,4128811.39826900,23521,1309.50250000,2458214.85161700,0
1786621500000000,1879.86000000,1881.19000000,1878.69000000,1880.39000000,1161.14300000,1786622399999999,2182684.42400600,13043,838.66180000,1576469.76446600,0
1786622400000000,1880.40000000,1883.70000000,1879.17000000,1883.61000000,1057.94700000,1786623299999999,1990941.12812300,16146,679.46790000,1278701.16398400,0
1786623300000000,1883.62000000,1885.12000000,1882.52000000,1884.77000000,1038.75990000,1786624199999999,1956632.95533300,10432,572.92020000,1079113.15453400,0
1786624200000000,1884.77000000,1890.18000000,1882.43000000,1887.38000000,2728.05930000,1786625099999999,5147514.31040800,27082,1473.24880000,2779564.45365000,0
1786625100000000,1887.39000000,1889.50000000,1886.83000000,1889.04000000,1911.03870000,1786625999999999,3608730.74023200,15892,699.74070000,1321303.98207800,0
1786626000000000,1889.04000000,1895.71000000,1889.04000000,1892.23000000,4430.47980000,1786626899999999,8385107.63221900,25485,2642.81010000,5001927.30945900,0
1786626900000000,1892.24000000,1892.47000000,1887.15000000,1888.35000000,2184.85020000,1786627799999999,4128893.78086700,15787,1233.85660000,2331650.59594200,0
1786627800000000,1888.33000000,1895.44000000,1887.06000000,1893.54000000,2903.31050000,1786628699999999,5494033.22825300,32008,1347.38180000,2549514.77457600,0
1786628700000000,1893.54000000,1894.37000000,1889.71000000,1890.39000000,2097.27700000,1786629599999999,3966796.68745000,26550,1062.72770000,2009971.71676200,0
1786629600000000,1890.39000000,1894.92000000,1888.64000000,1892.82000000,1736.02550000,1786630499999999,3282928.76192400,22713,712.33520000,1347250.97974300,0
1786630500000000,1892.83000000,1894.29000000,1890.01000000,1891.17000000,1609.56790000,1786631399999999,3045809.62378700,19100,988.88120000,1871252.97345400,0
1786631400000000,1891.16000000,1897.36000000,1890.09000000,1896.39000000,2726.59050000,1786632299999999,5168123.47533600,27223,1545.14640000,2928800.28103600,0
1786632300000000,1896.39000000,1896.62000000,1892.98000000,1893.43000000,1175.86790000,1786633199999999,2227590.62355000,13924,573.06840000,1085577.80279300,0
1786633200000000,1893.44000000,1896.04000000,1891.02000000,1892.00000000,1340.20500000,1786634099999999,2537467.69103200,15108,684.31090000,1295623.11289900,0
1786634100000000,1891.99000000,1894.32000000,1882.82000000,1885.70000000,2351.59850000,1786634999999999,4441189.80979200,22430,899.33200000,1697990.47657400,0
1786635000000000,1885.69000000,1892.00000000,1884.57000000,1890.83000000,1726.15760000,1786635899999999,3259605.80799900,23052,782.04430000,1476373.17983900,0
1786635900000000,1890.82000000,1890.83000000,1880.00000000,1880.01000000,1914.80340000,1786636799999999,3611152.09561600,25400,749.99710000,1414512.13878900,0
1786636800000000,1880.01000000,1884.05000000,1878.24000000,1880.77000000,3720.41630000,1786637699999999,6997012.25871100,37486,2023.74810000,3806349.50088600,0
1786637700000000,1880.77000000,1884.94000000,1878.34000000,1879.18000000,2472.79340000,1786638599999999,4652790.89835800,31948,1105.41610000,2080286.25550100,0
1786638600000000,1879.18000000,1881.54000000,1863.67000000,1871.16000000,10987.74080000,1786639499999999,20545228.62272300,71591,4514.44630000,8439846.90441700,0
1786639500000000,1871.15000000,1877.24000000,1869.12000000,1874.85000000,3607.64900000,1786640399999999,6760593.24477500,32012,2161.16230000,4050121.09348500,0
1786640400000000,1874.86000000,1877.46000000,1873.73000000,1876.11000000,1523.92810000,1786641299999999,2858564.94446500,20680,884.78620000,1659625.94910000,0
1786641300000000,1876.11000000,1879.76000000,1874.64000000,1877.15000000,1446.47850000,1786642199999999,2715617.26424600,24202,794.03030000,1490560.98398500,0
1786642200000000,1877.16000000,1880.09000000,1875.80000000,1879.62000000,1245.60460000,1786643099999999,2339511.87292600,25534,646.05810000,1213336.42919600,0
1786643100000000,1879.62000000,1881.01000000,1876.88000000,1876.98000000,1076.34970000,1786643999999999,2022439.57813200,20573,487.58140000,916084.70340600,0
1786644000000000,1876.98000000,1881.83000000,1876.86000000,1879.38000000,771.42030000,1786644899999999,1450097.91510800,17189,437.13640000,821738.49541600,0
1786644900000000,1879.39000000,1881.26000000,1876.90000000,1877.28000000,836.80570000,1786645799999999,1572680.96784000,16975,427.40160000,803311.70337200,0
1786645800000000,1877.28000000,1879.81000000,1876.63000000,1879.79000000,679.98370000,1786646699999999,1276899.07009000,18000,381.29720000,715991.01373700,0
1786646700000000,1879.79000000,1887.30000000,1879.37000000,1885.52000000,1568.95660000,1786647599999999,2956815.96310500,30259,906.73000000,1708755.40903200,0
1786647600000000,1885.52000000,1892.73000000,1885.16000000,1888.31000000,2726.93240000,1786648499999999,5151168.28244900,39872,1432.06830000,2704884.77938500,0
1786648500000000,1888.31000000,1889.70000000,1886.80000000,1887.95000000,1554.61080000,1786649399999999,2935563.36870500,22218,472.63050000,892402.15519800,0
1786649400000000,1887.95000000,1888.53000000,1885.41000000,1887.60000000,1363.64820000,1786650299999999,2573520.19323000,16129,585.72950000,1105273.99844500,0
1786650300000000,1887.60000000,1889.48000000,1886.72000000,1887.41000000,1101.46900000,1786651199999999,2079405.31251800,14052,524.90620000,990877.83814900,0
1786651200000000,1887.41000000,1889.34000000,1886.16000000,1887.27000000,945.95810000,1786652099999999,1785572.06776500,9762,347.77110000,656543.89501500,0
1786652100000000,1887.28000000,1888.51000000,1887.00000000,1887.65000000,635.52460000,1786652999999999,1199596.28840100,6991,341.86700000,645286.38736900,0
1786653000000000,1887.64000000,1889.56000000,1886.78000000,1887.05000000,385.87600000,1786653899999999,728685.77313200,5370,168.00520000,317252.12416500,0
1786653900000000,1887.04000000,1887.06000000,1885.32000000,1886.43000000,607.89020000,1786654799999999,1146600.86288400,4873,229.55350000,432997.06100000,0
1786654800000000,1886.43000000,1888.79000000,1886.01000000,1887.18000000,430.62140000,1786655699999999,812740.83131200,5811,253.12880000,477721.08129300,0
1786655700000000,1887.18000000,1888.46000000,1886.60000000,1888.45000000,302.84720000,1786656599999999,571693.88072500,4308,184.13960000,347618.77676300,0
1786656600000000,1888.46000000,1889.47000000,1887.85000000,1888.37000000,579.04960000,1786657499999999,1093646.42872700,6595,239.07440000,451514.11482600,0
1786657500000000,1888.37000000,1888.91000000,1887.45000000,1888.76000000,594.21940000,1786658399999999,1122035.00994900,7942,305.22660000,576323.72324600,0
1786658400000000,1888.77000000,1893.03000000,1888.60000000,1891.81000000,1095.34250000,1786659299999999,2071253.84447800,12187,606.25180000,1146457.67660300,0
1786659300000000,1891.80000000,1892.77000000,1890.60000000,1890.99000000,608.49640000,1786660199999999,1150908.36288900,8150,304.74860000,576401.56958800,0
1786660200000000,1891.00000000,1891.21000000,1889.55000000,1890.84000000,461.58340000,1786661099999999,872600.44678900,6176,233.37260000,441154.61331700,0
1786661100000000,1890.83000000,1890.98000000,1889.07000000,1889.40000000,470.95370000,1786661999999999,890158.75060300,5114,209.08480000,395176.64464700,0
1786662000000000,1889.41000000,1889.41000000,1886.55000000,1886.71000000,521.64880000,1786662899999999,984635.75944400,7418,230.82290000,435653.61110100,0
1786662900000000,1886.71000000,1887.16000000,1885.60000000,1886.00000000,567.85920000,1786663799999999,1071153.69537300,8087,254.47170000,479986.19558700,0
1786663800000000,1886.01000000,1887.36000000,1886.00000000,1886.66000000,1115.47520000,1786664699999999,2104621.63787300,10048,499.90410000,943124.54659300,0
1786664700000000,1886.66000000,1886.66000000,1884.60000000,1886.15000000,980.30310000,1786665599999999,1848336.31519300,10219,396.82490000,748183.97533400,0
1786665600000000,1886.16000000,1887.50000000,1885.79000000,1886.25000000,687.00650000,1786666499999999,1296116.17889800,8724,358.45280000,676228.95618800,0
1786666500000000,1886.24000000,1888.83000000,1884.91000000,1886.11000000,845.28200000,1786667399999999,1595063.98869100,11437,370.01480000,698197.96476500,0
1786667400000000,1886.12000000,1889.49000000,1883.53000000,1889.10000000,871.67760000,1786668299999999,1643839.03917800,12005,395.67040000,746213.84687100,0
1786668300000000,1889.10000000,1889.40000000,1886.78000000,1889.40000000,712.94290000,1786669199999999,1346061.73915900,9406,375.31280000,708559.61522000,0
1786669200000000,1889.40000000,1889.45000000,1885.92000000,1886.25000000,1113.51470000,1786670099999999,2101847.72631400,12385,407.98890000,770089.07855000,0
1786670100000000,1886.25000000,1889.45000000,1884.85000000,1886.35000000,895.89460000,1786670999999999,1690438.53076500,12635,350.08100000,660573.49333500,0
1786671000000000,1886.34000000,1889.65000000,1885.78000000,1889.62000000,618.69090000,1786671899999999,1167750.49662300,8818,354.63090000,669374.54120100,0
1786671900000000,1889.62000000,1890.23000000,1888.04000000,1889.41000000,473.08460000,1786672799999999,893618.64765900,7774,250.10580000,472447.25102100,0
1786672800000000,1889.41000000,1891.30000000,1887.76000000,1888.38000000,1177.54880000,1786673699999999,2225244.54758000,9040,416.79240000,787736.76018300,0
1786673700000000,1888.38000000,1889.09000000,1886.05000000,1886.65000000,749.89030000,1786674599999999,1415143.89744300,7928,198.98020000,375504.13330000,0
1786674600000000,1886.66000000,1888.79000000,1886.66000000,1888.33000000,486.96850000,1786675499999999,919330.04734200,6883,148.75650000,280812.97521500,0
1786675500000000,1888.32000000,1889.24000000,1886.62000000,1886.62000000,383.33440000,1786676399999999,723861.36026100,5635,145.48070000,274759.82016700,0
1786676400000000,1886.63000000,1886.73000000,1883.35000000,1885.72000000,1034.05710000,1786677299999999,1948870.14948300,9467,342.56270000,645582.16300600,0
1786677300000000,1885.72000000,1889.07000000,1885.66000000,1887.09000000,510.41390000,1786678199999999,963611.84385100,8235,255.44610000,482235.48155200,0
1786678200000000,1887.10000000,1887.10000000,1883.82000000,1884.98000000,613.46630000,1786679099999999,1156408.76825700,6318,339.73150000,640410.03519000,0
1786679100000000,1884.97000000,1884.98000000,1882.44000000,1883.00000000,788.77490000,1786679999999999,1485488.35797300,7180,402.22530000,757501.11715700,0
1786680000000000,1883.00000000,1885.18000000,1882.16000000,1885.12000000,596.42870000,1786680899999999,1123663.49162100,6628,321.77960000,606178.25826400,0
1786680900000000,1885.12000000,1887.87000000,1885.08000000,1886.16000000,1120.59360000,1786681799999999,2113452.66737800,7844,717.59020000,1353184.71660400,0
1786681800000000,1886.17000000,1886.70000000,1885.83000000,1885.84000000,248.84280000,1786682699999999,469365.30060100,3341,100.43500000,189440.75232300,0
1786682700000000,1885.83000000,1885.97000000,1884.09000000,1884.77000000,316.65960000,1786683599999999,596858.44894200,3664,171.79740000,323798.29570000,0
1786683600000000,1884.78000000,1885.54000000,1882.53000000,1882.95000000,598.77490000,1786684499999999,1128019.43180600,5752,238.04980000,448428.65764000,0
1786684500000000,1882.96000000,1883.14000000,1880.55000000,1882.77000000,861.34480000,1786685399999999,1621034.27200300,8646,346.55680000,652180.36363900,0
1786685400000000,1882.76000000,1884.48000000,1882.24000000,1883.81000000,528.09730000,1786686299999999,994572.32749700,6440,193.42850000,364258.91170600,0
1786686300000000,1883.81000000,1884.58000000,1883.39000000,1884.07000000,582.38680000,1786687199999999,1097179.36930500,5393,132.80660000,250189.88393000,0
1786687200000000,1884.07000000,1884.08000000,1880.21000000,1880.44000000,1057.38720000,1786688099999999,1989958.38844000,9913,342.34910000,644198.15206500,0
1786688100000000,1880.44000000,1880.55000000,1877.51000000,1877.52000000,1186.94710000,1786688999999999,2230394.12737900,15843,443.77400000,833866.54740400,0
1786689000000000,1877.51000000,1879.33000000,1875.97000000,1877.44000000,1633.74520000,1786689899999999,3067275.51504100,15526,722.68990000,1356724.56963000,0
1786689900000000,1877.43000000,1878.45000000,1872.83000000,1872.85000000,2739.51620000,1786690799999999,5136708.34258500,19798,1086.65950000,2037476.15221500,0
1786690800000000,1872.86000000,1876.52000000,1872.28000000,1875.36000000,1718.96020000,1786691699999999,3222704.41619000,15640,1076.65870000,2018420.67482600,0
1786691700000000,1875.37000000,1878.29000000,1875.36000000,1877.90000000,1308.68800000,1786692599999999,2456613.67943500,8125,830.50930000,1558985.97032500,0
1786692600000000,1877.89000000,1877.93000000,1873.82000000,1875.29000000,1266.09170000,1786693499999999,2374579.48841200,11009,560.40670000,1051055.56771700,0
1786693500000000,1875.29000000,1876.09000000,1873.27000000,1873.40000000,1361.70680000,1786694399999999,2553042.10166100,9432,686.04740000,1286262.07578900,0
1786694400000000,1873.40000000,1875.32000000,1873.39000000,1873.71000000,1592.12090000,1786695299999999,2984403.13237100,13160,947.53510000,1776100.93212400,0
1786695300000000,1873.71000000,1875.51000000,1869.32000000,1871.78000000,3049.70580000,1786696199999999,5707651.71040300,27243,1607.98530000,3009209.79221000,0
1786696200000000,1871.79000000,1875.91000000,1870.14000000,1873.60000000,1737.49010000,1786697099999999,3254121.37884800,20999,854.67720000,1600335.88254600,0
1786697100000000,1873.60000000,1878.71000000,1873.28000000,1878.71000000,1140.92100000,1786697999999999,2140354.78791200,14073,738.02100000,1384696.77600800,0
1786698000000000,1878.72000000,1878.91000000,1875.51000000,1876.48000000,917.79780000,1786698899999999,1722584.12747400,11270,489.30150000,918210.74819400,0
1786698900000000,1876.48000000,1877.80000000,1874.96000000,1875.10000000,668.37100000,1786699799999999,1254017.31150800,11838,277.62730000,520889.21238300,0
1786699800000000,1875.09000000,1875.09000000,1871.34000000,1872.69000000,1777.02480000,1786700699999999,3328237.98517700,18207,749.53660000,1403590.58185600,0
1786700700000000,1872.69000000,1875.28000000,1872.69000000,1873.22000000,597.53600000,1786701599999999,1119871.83276200,10301,235.60350000,441506.81190200,0
1786701600000000,1873.21000000,1876.00000000,1872.51000000,1875.61000000,708.42430000,1786702499999999,1327958.29622500,12890,374.73540000,702441.12027600,0
1786702500000000,1875.60000000,1877.91000000,1875.42000000,1877.20000000,2366.22250000,1786703399999999,4441016.04476000,16718,2013.91190000,3779797.28409500,0
1786703400000000,1877.20000000,1878.43000000,1876.18000000,1876.39000000,869.57240000,1786704299999999,1632667.95165000,9572,502.00760000,942576.95324000,0
1786704300000000,1876.38000000,1877.64000000,1875.00000000,1876.19000000,1079.44380000,1786705199999999,2025545.02736100,13731,613.07990000,1150436.56129000,0
1786705200000000,1876.18000000,1878.60000000,1875.07000000,1876.38000000,1330.04580000,1786706099999999,2496055.49622700,13882,558.90440000,1048814.94380100,0
1786706100000000,1876.39000000,1878.67000000,1875.93000000,1877.75000000,980.33020000,1786706999999999,1840829.26887800,8971,499.29310000,937518.79177100,0
1786707000000000,1877.75000000,1881.19000000,1877.24000000,1879.56000000,929.21720000,1786707899999999,1746036.27914600,9444,451.26130000,847921.83249300,0
1786707900000000,1879.56000000,1880.73000000,1877.84000000,1878.20000000,758.46840000,1786708799999999,1425611.63444500,7355,233.18370000,438232.15677100,0
1786708800000000,1878.20000000,1878.89000000,1873.67000000,1875.73000000,1714.89340000,1786709699999999,3217561.54412500,16862,923.83770000,1733121.88546400,0
1786709700000000,1875.73000000,1878.63000000,1875.14000000,1878.62000000,993.10990000,1786710599999999,1863656.62590300,13238,590.10470000,1107419.58849700,0
1786710600000000,1878.62000000,1879.59000000,1874.95000000,1874.96000000,1369.34410000,1786711499999999,2570934.64790800,14137,569.94110000,1070012.91953700,0
1786711500000000,1874.96000000,1876.80000000,1873.00000000,1873.51000000,1188.15880000,1786712399999999,2227948.19901900,11852,693.62480000,1300669.34350700,0
1786712400000000,1873.51000000,1873.94000000,1867.37000000,1870.31000000,2396.46870000,1786713299999999,4483682.34970600,22887,1023.08880000,1914325.83161900,0
1786713300000000,1870.31000000,1872.65000000,1867.08000000,1871.73000000,1842.49800000,1786714199999999,3444743.59946200,21627,929.20550000,1737159.88811700,0
1786714200000000,1871.73000000,1872.66000000,1866.43000000,1869.84000000,2773.36200000,1786715099999999,5184781.17583900,51419,1031.38780000,1928076.74253900,0
1786715100000000,1869.84000000,1870.70000000,1866.90000000,1869.97000000,2101.46170000,1786715999999999,3926797.93122900,28995,1164.19670000,2175185.48732100,0
1786716000000000,1869.98000000,1872.12000000,1866.70000000,1867.06000000,1926.66770000,1786716899999999,3600883.18951500,31719,795.05950000,1485856.93909400,0
1786716900000000,1867.06000000,1869.75000000,1864.28000000,1868.55000000,2209.43250000,1786717799999999,4123715.07719000,36420,863.40250000,1611609.60458600,0
1786717800000000,1868.56000000,1873.54000000,1867.86000000,1870.69000000,1478.64050000,1786718699999999,2766645.26313000,27993,806.55960000,1509028.50250100,0
1786718700000000,1870.70000000,1872.25000000,1864.52000000,1866.93000000,1504.02350000,1786719599999999,2808427.68886300,21319,588.71160000,1099477.27790000,0
1786719600000000,1866.94000000,1869.25000000,1866.28000000,1868.75000000,869.77640000,1786720499999999,1624482.47340100,18002,439.65120000,821061.26834600,0
1786720500000000,1868.76000000,1879.84000000,1868.29000000,1879.72000000,2716.32480000,1786721399999999,5090500.69371900,29231,2078.09880000,3894521.22163300,0
1786721400000000,1879.72000000,1884.71000000,1876.20000000,1884.12000000,3673.40900000,1786722299999999,6907136.40206900,43970,2272.67710000,4272838.54951100,0
1786722300000000,1884.12000000,1884.50000000,1881.56000000,1881.56000000,2268.41960000,1786723199999999,4270797.62018500,22639,862.35000000,1623583.51817100,0
1786723200000000,1881.56000000,1883.41000000,1879.32000000,1881.10000000,1738.55150000,1786724099999999,3270851.35198200,20011,981.71030000,1846905.40743700,0
1786724100000000,1881.11000000,1885.14000000,1880.58000000,1884.20000000,1760.79240000,1786724999999999,3315398.80268700,17472,991.74900000,1867480.96351400,0
1786725000000000,1884.21000000,1888.42000000,1883.76000000,1886.22000000,1751.35120000,1786725899999999,3303850.14919500,17303,920.83010000,1737049.17529300,0
1786725900000000,1886.22000000,1886.23000000,1884.21000000,1885.41000000,1051.10400000,1786726799999999,1981556.55523200,10659,368.51080000,694707.63044700,0
1786726800000000,1885.41000000,1886.15000000,1883.31000000,1885.23000000,836.48430000,1786727699999999,1576661.71581300,13854,314.27690000,592288.11359100,0
1786727700000000,1885.24000000,1887.66000000,1884.40000000,1885.68000000,984.40070000,1786728599999999,1856616.15006300,14590,438.02030000,826135.75908400,0
1786728600000000,1885.68000000,1886.94000000,1882.38000000,1883.15000000,784.73780000,1786729499999999,1478978.71991000,10744,407.67120000,768276.70403800,0
1786729500000000,1883.15000000,1883.83000000,1876.71000000,1878.57000000,2038.91850000,1786730399999999,3833491.72414300,17624,794.92180000,1494299.12124300,0
1786730400000000,1878.57000000,1878.87000000,1874.80000000,1876.44000000,1915.45830000,1786731299999999,3595891.41382200,16383,1027.16520000,1928347.34463800,0
1786731300000000,1876.43000000,1879.00000000,1875.61000000,1875.90000000,1070.26890000,1786732199999999,2009459.06337800,14584,707.04090000,1327449.37568500,0
1786732200000000,1875.89000000,1878.29000000,1874.51000000,1877.48000000,988.22120000,1786733099999999,1854374.46365000,14533,645.37000000,1211053.06149000,0
1786733100000000,1877.49000000,1877.80000000,1873.70000000,1875.76000000,827.00680000,1786733999999999,1551239.95991800,11096,537.46120000,1008096.44739600,0
1786734000000000,1875.75000000,1875.75000000,1873.86000000,1874.01000000,954.53850000,1786734899999999,1789393.69343200,14495,531.38430000,996128.45650800,0
1786734900000000,1874.00000000,1878.34000000,1873.90000000,1877.87000000,818.28540000,1786735799999999,1535061.76318000,12250,527.13310000,988843.62185600,0
1786735800000000,1877.88000000,1880.24000000,1876.80000000,1879.91000000,835.60530000,1786736699999999,1569890.93621800,11100,451.58240000,848280.50070100,0
1786736700000000,1879.91000000,1881.96000000,1879.30000000,1880.89000000,1096.62280000,1786737599999999,2062351.89631900,12796,633.44760000,1191279.99452300,0
1786737600000000,1880.89000000,1881.90000000,1879.86000000,1880.18000000,422.80230000,1786738499999999,795278.54770200,9282,231.33890000,435153.86612900,0
1786738500000000,1880.18000000,1880.95000000,1879.25000000,1880.25000000,672.21480000,1786739399999999,1263831.67822300,9722,287.65250000,540809.09103200,0
1786739400000000,1880.25000000,1880.43000000,1878.95000000,1879.67000000,398.23610000,1786740299999999,748565.78741400,5470,180.08460000,338494.82409200,0
1786740300000000,1879.67000000,1880.54000000,1879.38000000,1880.42000000,319.02660000,1786741199999999,599759.35378200,3825,171.63690000,322667.25470100,0
1786741200000000,1880.42000000,1881.25000000,1877.74000000,1878.83000000,477.14610000,1786742099999999,896801.71321400,10061,230.56440000,433263.50522100,0
1786742100000000,1878.84000000,1880.44000000,1877.70000000,1879.87000000,453.76660000,1786742999999999,852719.70356900,7665,196.71560000,369654.65148500,0
1786743000000000,1879.86000000,1880.10000000,1878.00000000,1878.00000000,636.28150000,1786743899999999,1195720.94780500,19972,344.77580000,647873.90494500,0
1786743900000000,1878.00000000,1879.75000000,1877.35000000,1879.44000000,566.09830000,1786744799999999,1063297.30776800,22407,191.24300000,359209.30504600,0
1786744800000000,1879.43000000,1881.16000000,1877.34000000,1877.56000000,763.13480000,1786745699999999,1434147.38575500,17281,306.65580000,576306.93998800,0
1786745700000000,1877.56000000,1878.01000000,1876.10000000,1876.50000000,707.84470000,1786746599999999,1328684.20840600,11664,296.02930000,555658.72178400,0
1786746600000000,1876.51000000,1879.85000000,1876.46000000,1879.84000000,336.47360000,1786747499999999,632162.97177400,7075,164.58540000,309191.00528600,0
1786747500000000,1879.85000000,1880.09000000,1879.06000000,1879.77000000,367.88840000,1786748399999999,691476.35660700,5378,144.71820000,271994.15754700,0
1786748400000000,1879.77000000,1881.17000000,1879.42000000,1880.92000000,376.31420000,1786749299999999,707494.30482400,4467,134.72720000,253294.52169600,0
1786749300000000,1880.92000000,1881.28000000,1879.56000000,1880.88000000,500.44000000,1786750199999999,941053.52526400,8284,197.83760000,371993.17000300,0
1786750200000000,1880.88000000,1881.84000000,1878.74000000,1880.59000000,588.30780000,1786751099999999,1106247.54992500,11773,285.42300000,536641.29183200,0
1786751100000000,1880.59000000,1882.67000000,1880.38000000,1882.20000000,468.04850000,1786751999999999,880604.32880200,6580,295.02040000,555031.80646400,0
1786752000000000,1882.20000000,1883.00000000,1881.71000000,1882.19000000,594.66780000,1786752899999999,1119309.73000800,6701,373.45660000,702917.37849300,0
1786752900000000,1882.20000000,1883.19000000,1882.01000000,1882.68000000,355.74820000,1786753799999999,669750.16292800,5035,157.25500000,296045.12065600,0
1786753800000000,1882.69000000,1883.48000000,1882.20000000,1882.71000000,391.58980000,1786754699999999,737348.78020000,4488,137.79960000,259468.87641500,0
1786754700000000,1882.72000000,1882.98000000,1881.91000000,1882.41000000,264.53520000,1786755599999999,497965.47342900,2863,105.51380000,198618.20705800,0
1786755600000000,1882.41000000,1882.82000000,1881.12000000,1882.81000000,697.98980000,1786756499999999,1313555.45166800,4568,301.28850000,566984.84731000,0
1786756500000000,1882.81000000,1884.37000000,1882.46000000,1884.02000000,601.54840000,1786757399999999,1133021.49984100,5512,297.00190000,559398.91017000,0
1786757400000000,1884.02000000,1884.69000000,1883.36000000,1883.86000000,304.95130000,1786758299999999,574556.36048900,4196,123.52010000,232722.60390600,0
1786758300000000,1883.86000000,1884.39000000,1883.82000000,1884.00000000,232.88170000,1786759199999999,438753.37461500,2456,150.03220000,282663.30512300,0
1786759200000000,1884.00000000,1885.00000000,1883.99000000,1885.00000000,391.83930000,1786760099999999,738459.23220700,4112,214.76010000,404723.07310100,0
1786760100000000,1884.99000000,1885.82000000,1884.99000000,1885.00000000,471.21790000,1786760999999999,888403.21334900,4081,259.92930000,490036.66857600,0
1786761000000000,1885.00000000,1885.54000000,1884.28000000,1884.56000000,483.09710000,1786761899999999,910647.17152600,3592,173.63220000,327258.61487700,0
1786761900000000,1884.56000000,1884.94000000,1884.14000000,1884.94000000,348.82450000,1786762799999999,657372.25486300,3254,159.78320000,301130.34152400,0
1786762800000000,1884.94000000,1886.35000000,1884.93000000,1886.02000000,545.45470000,1786763699999999,1028570.70699600,4006,328.01260000,618546.13775600,0
1786763700000000,1886.02000000,1886.59000000,1884.70000000,1884.75000000,683.81600000,1786764599999999,1289310.82360500,4285,342.64560000,646038.17847200,0
1786764600000000,1884.76000000,1884.90000000,1883.08000000,1883.09000000,568.71950000,1786765499999999,1071527.28133800,3492,173.62080000,327123.19865800,0
1786765500000000,1883.09000000,1883.45000000,1882.68000000,1882.68000000,206.68110000,1786766399999999,389239.50308600,1473,83.59790000,157437.31252500,0
1786766400000000,1882.69000000,1883.80000000,1882.69000000,1883.80000000,262.17340000,1786767299999999,493715.89497500,4079,134.18840000,252694.78726800,0
1786767300000000,1883.79000000,1884.42000000,1883.46000000,1884.41000000,190.06730000,1786768199999999,358065.99611600,3879,94.77010000,178536.32112100,0
1786768200000000,1884.41000000,1885.69000000,1884.21000000,1885.69000000,484.34280000,1786769099999999,912929.03234100,5610,340.68910000,642161.39315100,0
1786769100000000,1885.69000000,1885.69000000,1884.37000000,1884.37000000,415.87140000,1786769999999999,783896.84935600,2450,76.02860000,143310.53620800,0
1786770000000000,1884.38000000,1885.36000000,1883.78000000,1884.79000000,498.12210000,1786770899999999,938684.33038600,4032,217.05690000,409040.77340400,0
1786770900000000,1884.79000000,1884.90000000,1883.27000000,1883.35000000,352.02860000,1786771799999999,663228.79372600,3577,188.96220000,355968.41157500,0
1786771800000000,1883.34000000,1883.58000000,1880.26000000,1881.43000000,524.65130000,1786772699999999,987138.66812000,8114,270.47550000,508844.32051400,0
1786772700000000,1881.43000000,1881.60000000,1880.00000000,1880.66000000,506.07440000,1786773599999999,951636.47162300,7089,262.53190000,493662.68480600,0
1786773600000000,1880.67000000,1881.92000000,1880.16000000,1880.17000000,410.31480000,1786774499999999,771860.84611100,6763,208.77920000,392737.89448600,0
1786774500000000,1880.17000000,1881.32000000,1880.12000000,1880.42000000,902.79820000,1786775399999999,1697843.30105700,7204,405.86090000,763270.90121000,0
1786775400000000,1880.43000000,1881.77000000,1880.02000000,1881.77000000,761.48160000,1786776299999999,1432095.59399600,5066,530.93100000,998466.11087200,0
1786776300000000,1881.76000000,1883.61000000,1881.75000000,1882.16000000,366.04990000,1786777199999999,689162.05374700,4628,162.08930000,305148.26170400,0
1786777200000000,1882.17000000,1882.59000000,1880.67000000,1882.59000000,582.37200000,1786778099999999,1095748.88688800,5797,405.55930000,763071.64866400,0
1786778100000000,1882.59000000,1882.59000000,1881.12000000,1881.18000000,334.01160000,1786778999999999,628521.76754500,4195,118.26100000,222531.28031400,0
1786779000000000,1881.18000000,1881.50000000,1880.86000000,1881.25000000,192.99300000,1786779899999999,363066.08078500,2688,108.79850000,204671.84836700,0
1786779900000000,1881.24000000,1881.25000000,1880.19000000,1880.40000000,262.15140000,1786780799999999,493058.66475100,2185,102.47400000,192727.25969800,0
1786780800000000,1880.40000000,1880.95000000,1879.38000000,1880.79000000,1125.05830000,1786781699999999,2115544.52451500,5766,881.81630000,1658163.66468600,0
1786781700000000,1880.80000000,1881.69000000,1880.79000000,1881.22000000,584.11140000,1786782599999999,1098865.35923300,3798,445.52980000,838141.03254400,0
1786782600000000,1881.23000000,1881.23000000,1878.56000000,1878.70000000,1063.01700000,1786783499999999,1998221.55695600,7019,257.51820000,483937.20006800,0
1786783500000000,1878.70000000,1879.20000000,1876.53000000,1877.05000000,675.39110000,1786784399999999,1268184.39343000,9611,320.58460000,601928.37732800,0
1786784400000000,1877.04000000,1877.79000000,1876.01000000,1877.79000000,823.63230000,1786785299999999,1546011.07496700,7835,497.87300000,934535.81537600,0
1786785300000000,1877.79000000,1878.49000000,1877.58000000,1878.49000000,624.18320000,1786786199999999,1172102.34926900,5007,407.71040000,765600.45551900,0
1786786200000000,1878.48000000,1879.88000000,1878.48000000,1879.72000000,454.66860000,1786787099999999,854393.71590800,5249,298.90700000,561673.81995400,0
1786787100000000,1879.71000000,1881.32000000,1879.71000000,1880.44000000,335.99330000,1786787999999999,631895.07562600,2078,96.79350000,182026.34987900,0
1786788000000000,1880.45000000,1880.58000000,1878.42000000,1879.26000000,390.66600000,1786788899999999,734136.90248900,3096,161.09990000,302746.15756800,0
1786788900000000,1879.26000000,1879.41000000,1879.25000000,1879.41000000,188.03860000,1786789799999999,353390.82713200,783,108.77530000,204429.75156100,0
1786789800000000,1879.42000000,1880.99000000,1878.93000000,1880.14000000,608.73680000,1786790699999999,1144305.60004900,3567,388.32140000,729936.80730600,0
1786790700000000,1880.14000000,1881.39000000,1880.14000000,1881.01000000,255.11780000,1786791599999999,479798.83276800,2656,141.72620000,266537.88363500,0
1786791600000000,1881.00000000,1881.30000000,1880.57000000,1880.68000000,219.89680000,1786792499999999,413600.34799900,1947,97.19250000,182805.12247800,0
1786792500000000,1880.68000000,1880.74000000,1879.83000000,1879.92000000,247.61020000,1786793399999999,465554.09402600,1408,76.00460000,142899.85439500,0
1786793400000000,1879.93000000,1880.43000000,1879.35000000,1880.31000000,284.81980000,1786794299999999,535433.25051100,2180,116.00330000,218059.76111600,0
1786794300000000,1880.30000000,1880.40000000,1879.24000000,1879.49000000,228.24990000,1786795199999999,429025.77286800,2670,115.60160000,217283.94481200,0
1786795200000000,1879.49000000,1879.53000000,1878.60000000,1878.60000000,430.62850000,1786796099999999,809158.39287700,3195,182.84710000,343566.96780900,0
1786796100000000,1878.60000000,1879.11000000,1878.56000000,1878.76000000,231.13300000,1786796999999999,434265.96212000,2214,117.32350000,220436.50795100,0
1786797000000000,1878.75000000,1879.07000000,1878.37000000,1878.74000000,363.68880000,1786797899999999,683299.86367000,1863,105.87300000,198917.33449900,0
1786797900000000,1878.74000000,1883.97000000,1878.19000000,1883.86000000,1205.66500000,1786798799999999,2267864.92728400,6823,926.22450000,1742231.73771500,0
1786798800000000,1883.86000000,1884.86000000,1882.33000000,1884.12000000,1054.03910000,1786799699999999,1985281.60043000,14278,338.22950000,637104.14055800,0
1786799700000000,1884.12000000,1884.36000000,1882.76000000,1883.11000000,592.85700000,1786800599999999,1116648.94948200,6044,168.21720000,316787.77725500,0
1786800600000000,1883.11000000,1883.99000000,1883.05000000,1883.43000000,1030.77690000,1786801499999999,1941699.65875000,7050,322.88710000,608175.22544300,0
1786801500000000,1883.43000000,1884.93000000,1883.04000000,1883.86000000,993.11130000,1786802399999999,1870845.85514100,6983,457.09840000,861040.94300200,0
1786802400000000,1883.85000000,1883.86000000,1882.52000000,1883.15000000,681.48890000,1786803299999999,1283471.37422000,5674,200.97110000,378452.44591200,0
1786803300000000,1883.15000000,1883.38000000,1881.47000000,1882.14000000,699.96470000,1786804199999999,1317614.86602600,4602,307.06690000,578061.56830200,0
1786804200000000,1882.14000000,1883.01000000,1882.14000000,1882.80000000,402.90960000,1786805099999999,758569.77321500,4159,166.34560000,313179.84688500,0
1786805100000000,1882.80000000,1884.61000000,1882.53000000,1883.56000000,332.37850000,1786805999999999,626123.66158300,3802,153.27710000,288723.39603200,0
1786806000000000,1883.55000000,1884.16000000,1883.12000000,1883.66000000,454.99790000,1786806899999999,857009.45071800,4603,195.89270000,368982.27790000,0
1786806900000000,1883.67000000,1885.00000000,1883.11000000,1884.23000000,559.22680000,1786807799999999,1053671.94645300,7257,214.03630000,403227.49073000,0
1786807800000000,1884.23000000,1885.83000000,1884.15000000,1885.51000000,820.58150000,1786808699999999,1547008.89083700,6158,371.22190000,699814.98128900,0
1786808700000000,1885.52000000,1885.61000000,1884.83000000,1884.91000000,520.25750000,1786809599999999,980834.85988700,4542,72.13220000,135988.14682100,0
1786809600000000,1884.92000000,1885.36000000,1883.92000000,1884.56000000,1176.02000000,1786810499999999,2216254.45527600,6277,605.78600000,1141585.64382600,0
1786810500000000,1884.56000000,1885.70000000,1883.95000000,1885.69000000,322.33100000,1786811399999999,607548.01544200,3427,124.77190000,235172.62223700,0
1786811400000000,1885.69000000,1885.70000000,1884.45000000,1884.45000000,429.33980000,1786812299999999,809298.71306800,4398,92.41920000,174184.31891100,0
1786812300000000,1884.45000000,1885.17000000,1884.28000000,1884.98000000,874.03040000,1786813199999999,1647260.43216900,3205,449.29590000,846816.25861200,0
1786813200000000,1884.98000000,1885.70000000,1884.91000000,1885.70000000,752.69890000,1786814099999999,1419093.99547700,3383,291.48460000,549569.17116700,0
1786814100000000,1885.70000000,1886.58000000,1883.03000000,1883.29000000,1066.10310000,1786814999999999,2009163.79556600,9280,533.07410000,1004631.41198700,0
1786815000000000,1883.29000000,1884.29000000,1883.28000000,1883.88000000,918.54470000,1786815899999999,1730374.51227000,3756,680.42640000,1281786.23213400,0
1786815900000000,1883.87000000,1884.49000000,1883.78000000,1884.49000000,340.41840000,1786816799999999,641384.44785100,2659,148.91400000,280571.94152000,0
1786816800000000,1884.49000000,1885.80000000,1884.48000000,1884.54000000,496.99520000,1786817699999999,936806.76528300,3191,292.98290000,552272.95726700,0
1786817700000000,1884.54000000,1884.83000000,1882.59000000,1882.60000000,299.90550000,1786818599999999,564798.28566700,4258,101.70270000,191545.36322800,0
1786818600000000,1882.59000000,1882.96000000,1882.59000000,1882.95000000,269.81680000,1786819499999999,508020.00032000,1280,113.63630000,213959.75401100,0
1786819500000000,1882.95000000,1883.00000000,1882.82000000,1882.82000000,169.09030000,1786820399999999,318391.45505500,1783,68.00850000,128058.20974500,0
1786820400000000,1882.82000000,1883.26000000,1882.82000000,1883.25000000,356.39170000,1786821299999999,671112.66319800,2205,126.90640000,238970.08548800,0
1786821300000000,1883.26000000,1884.60000000,1883.26000000,1884.02000000,231.38790000,1786822199999999,435939.35412000,2133,108.86390000,205092.64880000,0
1786822200000000,1884.02000000,1884.97000000,1884.01000000,1884.27000000,313.56210000,1786823099999999,590879.23368000,3642,152.57240000,287501.21216700,0
1786823100000000,1884.27000000,1884.84000000,1884.27000000,1884.55000000,212.90690000,1786823999999999,401256.32610400,2155,85.19460000,160555.77672700,0
1786824000000000,1884.55000000,1884.56000000,1883.90000000,1883.90000000,205.66680000,1786824899999999,387532.24572100,1686,73.79820000,139059.77450200,0
1786824900000000,1883.90000000,1883.91000000,1883.00000000,1883.21000000,302.36820000,1786825799999999,569465.83901300,2710,160.58880000,302437.69972300,0
1786825800000000,1883.21000000,1883.22000000,1882.80000000,1883.03000000,168.12120000,1786826699999999,316568.75263300,1439,82.30310000,154972.72085300,0
1786826700000000,1883.03000000,1883.42000000,1883.03000000,1883.42000000,171.39610000,1786827599999999,322801.82437600,1148,121.60820000,229033.55519500,0
1786827600000000,1883.41000000,1884.49000000,1883.41000000,1884.06000000,378.28310000,1786828499999999,712633.62847700,1912,228.21520000,429885.60061800,0
1786828500000000,1884.06000000,1884.81000000,1884.05000000,1884.62000000,263.85760000,1786829399999999,497236.51498800,1647,141.81130000,267235.11508500,0
1786829400000000,1884.62000000,1885.30000000,1884.60000000,1885.29000000,562.01050000,1786830299999999,1059321.50686000,3286,323.45860000,609680.62006900,0
1786830300000000,1885.29000000,1885.60000000,1884.63000000,1885.17000000,990.31700000,1786831199999999,1866938.91663100,6777,546.97130000,1031086.02379600,0
1786831200000000,1885.16000000,1885.64000000,1884.46000000,1884.85000000,534.73140000,1786832099999999,1007955.41091200,4526,232.68120000,438580.56175300,0
1786832100000000,1884.86000000,1885.80000000,1884.68000000,1885.79000000,429.66740000,1786832999999999,809932.29391800,3555,222.98190000,420345.57172800,0
1786833000000000,1885.80000000,1885.80000000,1884.68000000,1884.82000000,539.43060000,1786833899999999,1016968.27006000,4730,140.72160000,265288.39360600,0
1786833900000000,1884.82000000,1885.50000000,1884.48000000,1884.84000000,386.03280000,1786834799999999,727631.34860700,3469,193.45770000,364632.83500800,0
1786834800000000,1884.84000000,1884.85000000,1881.98000000,1883.60000000,893.89370000,1786835699999999,1683706.23886500,7626,330.27420000,621998.80320700,0
1786835700000000,1883.60000000,1883.61000000,1882.30000000,1883.17000000,524.13820000,1786836599999999,987019.92718900,5557,234.95560000,442445.85680400,0
1786836600000000,1883.18000000,1883.88000000,1882.89000000,1883.24000000,376.08500000,1786837499999999,708252.12426600,3654,175.97130000,331396.35365700,0
1786837500000000,1883.24000000,1883.30000000,1882.61000000,1882.64000000,569.58640000,1786838399999999,1072417.96664700,3489,107.23490000,201908.75876900,0
1786838400000000,1882.64000000,1883.33000000,1882.46000000,1882.72000000,474.46450000,1786839299999999,893383.00297200,4069,260.30700000,490122.69648100,0
1786839300000000,1882.72000000,1882.75000000,1882.26000000,1882.74000000,529.34690000,1786840199999999,996559.43184900,2658,284.49330000,535594.24165100,0
1786840200000000,1882.74000000,1883.06000000,1882.22000000,1882.88000000,505.69330000,1786841099999999,952003.36853000,4706,193.63940000,364550.14123300,0
1786841100000000,1882.88000000,1883.20000000,1881.67000000,1882.57000000,425.52960000,1786841999999999,801073.22385400,3894,210.11560000,395568.38578400,0
1786842000000000,1882.57000000,1882.57000000,1880.19000000,1881.33000000,688.15840000,1786842899999999,1294759.80354400,7637,330.77270000,622352.67490300,0
1786842900000000,1881.33000000,1882.08000000,1880.42000000,1880.42000000,314.87220000,1786843799999999,592366.31132100,5341,146.52300000,275647.70875000,0
1786843800000000,1880.41000000,1880.80000000,1877.01000000,1880.61000000,1180.39890000,1786844699999999,2218262.11273300,12810,649.20570000,1219926.64833000,0
1786844700000000,1880.60000000,1880.61000000,1879.34000000,1880.54000000,518.33650000,1786845599999999,974363.09166500,5369,315.93960000,593856.22945600,0
1786845600000000,1880.54000000,1881.30000000,1879.09000000,1879.18000000,327.00250000,1786846499999999,614790.69251900,4738,174.94300000,328875.66312800,0
1786846500000000,1879.18000000,1885.00000000,1879.17000000,1884.22000000,1219.39910000,1786847399999999,2296161.23801200,9858,821.95000000,1547420.88671300,0
1786847400000000,1884.21000000,1885.00000000,1883.32000000,1884.18000000,552.56150000,1786848299999999,1041116.98935500,7212,283.13640000,533471.65137500,0
1786848300000000,1884.17000000,1884.18000000,1882.98000000,1883.71000000,455.03910000,1786849199999999,857115.76953000,5751,86.19810000,162355.20184900,0
1786849200000000,1883.71000000,1884.24000000,1883.58000000,1884.08000000,487.15910000,1786850099999999,917800.44732200,4539,141.72570000,267006.54019300,0
1786850100000000,1884.09000000,1884.28000000,1883.24000000,1883.35000000,627.92620000,1786850999999999,1183010.45402500,4848,132.23190000,249114.15637800,0
1786851000000000,1883.35000000,1883.84000000,1883.34000000,1883.67000000,280.76810000,1786851899999999,528883.71897900,1868,116.95720000,220313.58309900,0
1786851900000000,1883.67000000,1883.68000000,1883.03000000,1883.30000000,310.20760000,1786852799999999,584226.62006100,2456,176.06460000,331575.27848500,0
1786852800000000,1883.31000000,1883.56000000,1882.79000000,1882.95000000,301.44310000,1786853699999999,567698.42575200,2071,132.53410000,249596.02791000,0
1786853700000000,1882.94000000,1884.56000000,1882.80000000,1884.23000000,270.36630000,1786854599999999,509254.46984800,2825,109.53200000,206318.90717200,0
1786854600000000,1884.23000000,1884.24000000,1882.20000000,1882.67000000,458.59730000,1786855499999999,863396.11032100,2762,218.49170000,411342.35847900,0
1786855500000000,1882.66000000,1882.67000000,1880.60000000,1881.70000000,263.27460000,1786856399999999,495440.06090000,3171,116.21610000,218666.43147900,0
1786856400000000,1881.70000000,1881.92000000,1881.29000000,1881.71000000,392.32450000,1786857299999999,738217.57636500,4865,226.87860000,426899.52107500,0
1786857300000000,1881.70000000,1881.71000000,1879.75000000,1880.63000000,468.20740000,1786858199999999,880467.86552400,6033,281.47850000,529303.81016300,0
1786858200000000,1880.62000000,1881.34000000,1880.40000000,1880.67000000,506.33590000,1786859099999999,952372.59553000,5193,310.15050000,583346.85878000,0
1786859100000000,1880.66000000,1880.68000000,1879.16000000,1879.81000000,678.19050000,1786859999999999,1275012.34791700,3852,389.68060000,732541.49561000,0
1786860000000000,1879.82000000,1880.58000000,1879.80000000,1879.80000000,317.68470000,1786860899999999,597322.96274700,2675,177.13230000,333049.90587100,0
1786860900000000,1879.80000000,1880.11000000,1879.00000000,1880.11000000,744.72780000,1786861799999999,1399726.87229700,6315,472.79540000,888645.94228400,0
1786861800000000,1880.10000000,1880.82000000,1879.66000000,1880.70000000,496.65950000,1786862699999999,933880.33305700,4348,341.69610000,642489.23996600,0
1786862700000000,1880.69000000,1881.59000000,1880.57000000,1880.58000000,330.84030000,1786863599999999,622251.00448500,2833,180.10550000,338733.77132600,0
1786863600000000,1880.58000000,1880.58000000,1879.91000000,1880.55000000,301.82100000,1786864499999999,567486.18483500,2827,186.76240000,351142.99464000,0
1786864500000000,1880.56000000,1881.65000000,1880.55000000,1881.41000000,282.84230000,1786865399999999,532044.13523900,2490,92.65570000,174278.30560000,0
1786865400000000,1881.40000000,1881.41000000,1881.14000000,1881.14000000,184.52950000,1786866299999999,347134.34817500,1589,34.09000000,64129.47579700,0
1786866300000000,1881.15000000,1881.54000000,1881.14000000,1881.54000000,330.50800000,1786867199999999,621742.28581700,2077,203.15760000,382173.78657100,0
1786867200000000,1881.54000000,1881.56000000,1880.80000000,1880.80000000,368.28550000,1786868099999999,692809.44017000,1520,162.84070000,306333.63293900,0
1786868100000000,1880.80000000,1880.95000000,1880.80000000,1880.80000000,194.69440000,1786868999999999,366193.20151200,2111,76.51980000,143923.16108800,0
1786869000000000,1880.79000000,1881.24000000,1880.48000000,1880.48000000,329.15210000,1786869899999999,619110.13330300,2969,144.80440000,272358.90185600,0
1786869900000000,1880.48000000,1880.94000000,1880.48000000,1880.94000000,337.25250000,1786870799999999,634238.77170700,2510,181.35690000,341061.23602000,0
1786870800000000,1880.94000000,1882.09000000,1880.93000000,1882.09000000,794.32110000,1786871699999999,1494282.78962900,3628,560.85230000,1055112.10565600,0
1786871700000000,1882.09000000,1882.52000000,1881.78000000,1881.78000000,1077.29210000,1786872599999999,2027697.30897900,4773,727.76100000,1369786.51745200,0
1786872600000000,1881.78000000,1882.01000000,1879.87000000,1880.05000000,822.14800000,1786873499999999,1546401.59321900,4138,262.81880000,494331.24868700,0
1786873500000000,1880.05000000,1881.28000000,1879.27000000,1880.43000000,476.86380000,1786874399999999,896784.75660400,4112,224.38560000,421944.30335600,0
1786874400000000,1880.42000000,1880.78000000,1879.62000000,1879.63000000,845.30040000,1786875299999999,1589291.47177800,6228,385.69190000,725102.42670400,0
1786875300000000,1879.63000000,1880.55000000,1879.62000000,1880.54000000,446.30340000,1786876199999999,838995.82140700,3197,279.67030000,525745.31478100,0
1786876200000000,1880.55000000,1880.75000000,1880.19000000,1880.74000000,505.00680000,1786877099999999,949636.05763700,4639,314.71140000,591794.89094300,0
1786877100000000,1880.74000000,1881.17000000,1880.74000000,1880.79000000,248.76220000,1786877999999999,467922.86482300,1702,78.44090000,147545.16966700,0
1786878000000000,1880.80000000,1881.08000000,1880.71000000,1880.78000000,302.70830000,1786878899999999,569355.52522100,2551,144.97180000,272659.71076900,0
1786878900000000,1880.78000000,1880.83000000,1880.30000000,1880.64000000,179.48190000,1786879799999999,337527.87657700,1479,79.13660000,148827.29631800,0
1786879800000000,1880.64000000,1880.82000000,1880.54000000,1880.55000000,277.69920000,1786880699999999,522278.33642400,1580,134.02830000,252070.13691900,0
1786880700000000,1880.54000000,1880.95000000,1880.16000000,1880.94000000,512.31490000,1786881599999999,963333.45191800,3249,284.75510000,535433.54511200,0
1786881600000000,1880.94000000,1880.95000000,1880.05000000,1880.05000000,353.26140000,1786882499999999,664323.02705800,2111,123.26130000,231787.12850600,0
1786882500000000,1880.04000000,1880.62000000,1880.04000000,1880.61000000,151.20730000,1786883399999999,284317.66082700,1351,76.44920000,143747.39247700,0
1786883400000000,1880.62000000,1880.62000000,1879.32000000,1879.50000000,308.90890000,1786884299999999,580712.11114100,2842,87.71100000,164876.01130600,0
1786884300000000,1879.51000000,1880.17000000,1879.50000000,1879.83000000,294.24740000,1786885199999999,553155.58038700,2085,128.00570000,240626.60598500,0
1786885200000000,1879.82000000,1881.11000000,1879.82000000,1880.96000000,274.85790000,1786886099999999,516915.79013600,2465,132.63400000,249420.13461600,0
1786886100000000,1880.96000000,1881.35000000,1880.81000000,1880.81000000,336.52260000,1786886999999999,632994.25615900,2295,94.23910000,177261.97416100,0
1786887000000000,1880.81000000,1881.96000000,1880.81000000,1881.53000000,608.91860000,1786887899999999,1145666.99343500,4175,254.32080000,478451.90622700,0
1786887900000000,1881.52000000,1881.97000000,1881.52000000,1881.96000000,403.54710000,1786888799999999,759333.24133300,2470,106.96660000,201284.55429600,0
1786888800000000,1881.96000000,1882.67000000,1881.96000000,1882.50000000,502.32650000,1786889699999999,945547.66899900,1958,171.44700000,322703.28688700,0
1786889700000000,1882.50000000,1884.49000000,1882.05000000,1882.06000000,1392.17610000,1786890599999999,2622231.07345700,9097,314.94210000,593074.43503700,0
1786890600000000,1882.05000000,1883.74000000,1882.05000000,1882.80000000,609.29360000,1786891499999999,1147286.87421400,5613,219.34330000,412961.79081800,0
1786891500000000,1882.81000000,1883.51000000,1882.80000000,1883.50000000,429.04660000,1786892399999999,807950.14155800,2525,205.11530000,386249.89649100,0
1786892400000000,1883.51000000,1883.73000000,1883.50000000,1883.68000000,360.75180000,1786893299999999,679511.87528400,1971,69.66110000,131211.55621700,0
1786893300000000,1883.69000000,1884.00000000,1883.68000000,1884.00000000,632.79350000,1786894199999999,1192038.39729400,2460,104.87700000,197568.88702600,0
1786894200000000,1884.00000000,1885.00000000,1882.33000000,1882.62000000,1213.39940000,1786895099999999,2286242.90171500,7220,201.51460000,379555.19038400,0
1786895100000000,1882.63000000,1884.78000000,1882.63000000,1884.06000000,1260.96800000,1786895999999999,2375816.22051200,6101,392.91890000,740075.09816700,0
1786896000000000,1884.06000000,1885.70000000,1884.06000000,1885.66000000,861.97630000,1786896899999999,1624572.00664200,4506,524.81810000,989129.02803600,0
1786896900000000,1885.65000000,1889.41000000,1885.40000000,1888.15000000,2681.52290000,1786897799999999,5061303.00911300,14039,1759.32730000,3320449.53690800,0
1786897800000000,1888.15000000,1892.31000000,1888.15000000,1890.17000000,2887.21520000,1786898699999999,5458932.98695000,19586,1561.24550000,2951705.30951800,0
1786898700000000,1890.18000000,1890.73000000,1888.13000000,1889.58000000,804.41520000,1786899599999999,1520260.48864700,10181,385.88840000,729287.50845600,0
1786899600000000,1889.59000000,1891.03000000,1887.66000000,1888.12000000,748.07350000,1786900499999999,1413360.49998900,9436,268.08200000,506550.86506900,0
1786900500000000,1888.13000000,1888.13000000,1886.51000000,1887.32000000,481.88020000,1786901399999999,909364.83878700,6907,200.48980000,378342.37001600,0
1786901400000000,1887.31000000,1887.32000000,1883.81000000,1884.76000000,845.23460000,1786902299999999,1593572.77443000,10775,337.93610000,637066.40342900,0
1786902300000000,1884.76000000,1886.41000000,1884.75000000,1885.17000000,441.86330000,1786903199999999,833200.12478600,4968,269.93480000,508961.17577400,0
1786903200000000,1885.18000000,1885.95000000,1882.63000000,1884.61000000,966.90670000,1786904099999999,1822261.93247800,9412,472.03440000,889563.82404800,0
1786904100000000,1884.62000000,1886.41000000,1884.62000000,1886.05000000,709.24710000,1786904999999999,1337299.77716300,6808,428.89250000,808657.54341900,0
1786905000000000,1886.06000000,1886.33000000,1884.62000000,1885.14000000,664.71630000,1786905899999999,1253274.84987200,6457,351.93710000,663513.74167800,0
1786905900000000,1885.14000000,1885.90000000,1885.14000000,1885.49000000,306.10330000,1786906799999999,577159.02902800,2844,172.10310000,324487.26894100,0
1786906800000000,1885.49000000,1886.96000000,1885.49000000,1886.48000000,445.83710000,1786907699999999,841075.07525700,4344,226.46210000,427195.97868600,0
1786907700000000,1886.48000000,1887.76000000,1886.14000000,1887.76000000,388.23170000,1786908599999999,732534.84649200,3064,269.68950000,508859.39724100,0
1786908600000000,1887.76000000,1888.75000000,1885.26000000,1885.44000000,1001.61350000,1786909499999999,1890473.07325100,5832,266.35730000,502702.90014000,0
1786909500000000,1885.44000000,1886.39000000,1884.48000000,1885.83000000,677.54950000,1786910399999999,1277539.19328100,4226,366.37780000,690822.43555100,0
1786910400000000,1885.83000000,1887.04000000,1885.60000000,1887.03000000,366.42670000,1786911299999999,691176.68143700,3310,211.73780000,399369.30597400,0
1786911300000000,1887.03000000,1887.58000000,1885.96000000,1886.29000000,610.89330000,1786912199999999,1152568.60701900,4318,385.98050000,728169.59003900,0
1786912200000000,1886.28000000,1886.29000000,1882.97000000,1883.83000000,914.05400000,1786913099999999,1722638.80054700,6888,463.66380000,873726.90379700,0
1786913100000000,1883.84000000,1884.27000000,1881.59000000,1882.00000000,775.62100000,1786913999999999,1460333.35145600,10141,463.03330000,871764.57407900,0
1786914000000000,1881.99000000,1882.92000000,1880.36000000,1882.00000000,1033.72000000,1786914899999999,1945244.63276200,12298,708.43610000,1333088.94628600,0
1786914900000000,1882.00000000,1882.91000000,1879.16000000,1880.13000000,1272.18090000,1786915799999999,2392620.47709700,9166,642.11660000,1207665.86316300,0
1786915800000000,1880.13000000,1881.19000000,1869.17000000,1874.82000000,3854.01960000,1786916699999999,7226773.06491400,33985,1774.40970000,3327461.80042900,0
1786916700000000,1874.81000000,1876.88000000,1872.00000000,1875.56000000,1843.78720000,1786917599999999,3457747.49752200,22541,1079.10670000,2023788.36681100,0
1786917600000000,1875.55000000,1877.80000000,1870.62000000,1877.70000000,2847.30140000,1786918499999999,5337240.50198500,29165,1793.80250000,3362396.89955100,0
1786918500000000,1877.69000000,1878.26000000,1874.68000000,1875.29000000,1366.48320000,1786919399999999,2564214.76623100,12402,833.54270000,1564086.21518400,0
1786919400000000,1875.29000000,1875.30000000,1869.26000000,1873.47000000,2766.37830000,1786920299999999,5178766.49421000,19750,1326.34710000,2482755.37587700,0
1786920300000000,1873.47000000,1876.05000000,1872.33000000,1876.05000000,957.67630000,1786921199999999,1794768.01438900,9754,548.84800000,1028631.74719100,0
1786921200000000,1876.05000000,1877.48000000,1873.91000000,1873.91000000,1168.16990000,1786922099999999,2191686.18700800,9319,576.87280000,1082379.04593100,0
1786922100000000,1873.91000000,1876.20000000,1873.85000000,1873.90000000,802.00830000,1786922999999999,1503775.32517300,6847,376.47540000,705825.57754400,0
1786923000000000,1873.89000000,1876.23000000,1873.54000000,1876.23000000,600.26050000,1786923899999999,1125295.95108500,5795,318.71910000,597476.02144300,0
1786923900000000,1876.22000000,1877.17000000,1875.35000000,1876.00000000,408.02660000,1786924799999999,765600.00250500,3623,218.82310000,410591.42413600,0
1786924800000000,1876.01000000,1876.80000000,1874.41000000,1875.77000000,744.77050000,1786925699999999,1396983.45644100,6522,482.07930000,904217.00055300,0
1786925700000000,1875.77000000,1876.63000000,1872.46000000,1876.63000000,1273.26560000,1786926599999999,2385965.64920600,15277,756.13780000,1416945.64473600,0
1786926600000000,1876.63000000,1877.95000000,1873.22000000,1877.92000000,1258.20180000,1786927499999999,2359278.17061000,15126,856.65240000,1606246.92009300,0
1786927500000000,1877.92000000,1880.19000000,1875.09000000,1878.93000000,1354.30490000,1786928399999999,2542428.08852900,16692,887.67420000,1666314.84594300,0
1786928400000000,1878.92000000,1896.90000000,1878.21000000,1889.52000000,7708.77290000,1786929299999999,14571850.63356900,87264,4383.02250000,8284111.17682800,0
1786929300000000,1889.52000000,1896.53000000,1888.50000000,1894.47000000,3444.49440000,1786930199999999,6522835.45032700,37352,1517.16840000,2873035.85717000,0
1786930200000000,1894.48000000,1897.29000000,1892.08000000,1894.72000000,2557.76550000,1786931099999999,4846614.72822600,24096,1050.60060000,1991052.26669700,0
1786931100000000,1894.73000000,1895.38000000,1891.65000000,1891.65000000,2508.90880000,1786931999999999,4751035.47856400,16413,1164.16890000,2205342.34439000,0
1786932000000000,1891.66000000,1893.00000000,1888.72000000,1890.23000000,1024.37830000,1786932899999999,1936884.37237300,9327,476.89040000,901667.17011300,0
1786932900000000,1890.22000000,1895.00000000,1888.97000000,1893.78000000,1275.69590000,1786933799999999,2413470.26884300,13756,712.41910000,1347983.56819900,0
1786933800000000,1893.78000000,1897.00000000,1892.40000000,1895.75000000,3626.86800000,1786934699999999,6872911.15555600,18835,1316.92590000,2495805.34843900,0
1786934700000000,1895.74000000,1908.62000000,1895.60000000,1902.36000000,7170.01290000,1786935599999999,13642659.41712900,42805,4554.45540000,8665892.13614900,0
1786935600000000,1902.35000000,1905.00000000,1901.99000000,1903.03000000,3430.54170000,1786936499999999,6530181.21729500,17451,2311.07520000,4399027.34921200,0
1786936500000000,1903.04000000,1903.52000000,1898.33000000,1898.59000000,1589.91400000,1786937399999999,3021876.13037500,9512,554.95450000,1054471.06161300,0
1786937400000000,1898.59000000,1900.87000000,1898.06000000,1900.10000000,2048.87130000,1786938299999999,3892010.76632800,8484,1517.32050000,2882257.94186300,0
1786938300000000,1900.10000000,1903.12000000,1899.62000000,1900.92000000,1180.60020000,1786939199999999,2244422.91764800,8778,574.60190000,1092454.08646200,0
1786939200000000,1900.93000000,1904.62000000,1900.93000000,1903.90000000,1085.90400000,1786940099999999,2066621.06383700,7807,596.05500000,1134252.73345800,0
1786940100000000,1903.90000000,1904.73000000,1902.60000000,1902.62000000,1204.02550000,1786940999999999,2292147.44048900,9164,384.14970000,731189.53763900,0
1786941000000000,1902.63000000,1903.20000000,1901.46000000,1902.32000000,1380.25330000,1786941899999999,2625792.36983300,8112,588.38640000,1119224.61765500,0
1786941900000000,1902.33000000,1904.50000000,1902.32000000,1903.34000000,953.30760000,1786942799999999,1814615.47182800,6068,429.96510000,818396.31989200,0
1786942800000000,1903.33000000,1903.50000000,1900.01000000,1901.53000000,1140.83660000,1786943699999999,2169488.76136500,6610,404.78830000,769656.13130900,0
1786943700000000,1901.54000000,1904.00000000,1901.13000000,1901.31000000,871.37660000,1786944599999999,1658124.77800100,6890,429.94590000,818147.87160900,0
1786944600000000,1901.31000000,1901.35000000,1898.25000000,1898.89000000,1270.65740000,1786945499999999,2413796.79111900,7160,282.89300000,537366.70016100,0
1786945500000000,1898.89000000,1900.00000000,1898.59000000,1899.65000000,868.39130000,1786946399999999,1649594.82663400,2809,483.11090000,917729.62090100,0
1786946400000000,1899.66000000,1901.34000000,1897.13000000,1901.02000000,3551.70880000,1786947299999999,6745131.17178800,10043,1492.31430000,2834640.10746000,0
1786947300000000,1901.02000000,1902.04000000,1900.01000000,1901.41000000,1049.16640000,1786948199999999,1994557.26794500,5367,585.87290000,1113783.53842700,0
1786948200000000,1901.40000000,1903.31000000,1900.83000000,1903.31000000,1184.29130000,1786949099999999,2252864.56623700,4732,903.81680000,1719344.70845700,0
1786949100000000,1903.31000000,1912.60000000,1903.00000000,1907.05000000,7049.43010000,1786949999999999,13460012.10689500,35659,4708.03460000,8989919.88272000,0
1786950000000000,1907.06000000,1907.93000000,1903.33000000,1905.26000000,3224.97830000,1786950899999999,6144779.72244500,19295,1334.94770000,2543606.04116200,0
1786950900000000,1905.26000000,1906.00000000,1902.72000000,1905.39000000,990.19150000,1786951799999999,1885883.52688000,11442,497.88360000,948191.46312200,0
1786951800000000,1905.39000000,1905.39000000,1902.37000000,1902.40000000,1762.80020000,1786952699999999,3354966.18160200,11862,649.62470000,1236228.38451300,0
1786952700000000,1902.40000000,1902.77000000,1900.77000000,1900.93000000,2569.86790000,1786953599999999,4887615.75203700,6386,625.49440000,1189762.21619100,0
1786953600000000,1900.93000000,1901.72000000,1892.90000000,1895.80000000,3269.82470000,1786954499999999,6203995.83158600,23202,1304.04850000,2474156.08127100,0
1786954500000000,1895.81000000,1896.63000000,1891.57000000,1895.37000000,2249.76800000,1786955399999999,4260648.40151000,22539,957.79650000,1814099.28499700,0
1786955400000000,1895.37000000,1895.65000000,1892.94000000,1893.41000000,1346.59470000,1786956299999999,2550716.06221300,10913,766.13930000,1451147.87728000,0
1786956300000000,1893.40000000,1895.34000000,1891.92000000,1894.43000000,1149.77320000,1786957199999999,2177496.44748700,12250,434.61740000,823060.88288800,0
1786957200000000,1894.44000000,1897.40000000,1894.43000000,1896.88000000,1202.81760000,1786958099999999,2280754.57582400,9231,497.32590000,942854.91187500,0
1786958100000000,1896.88000000,1897.40000000,1894.00000000,1895.78000000,803.40880000,1786958999999999,1523029.25624000,8351,253.78170000,481068.12000500,0
1786959000000000,1895.79000000,1895.79000000,1893.50000000,1893.78000000,697.74140000,1786959899999999,1321805.91970100,7528,279.24380000,528960.56762400,0
1786959900000000,1893.77000000,1894.37000000,1893.15000000,1894.02000000,582.36970000,1786960799999999,1102908.79140000,5664,306.59950000,580650.96283300,0
1786960800000000,1894.02000000,1894.12000000,1892.62000000,1893.78000000,403.08710000,1786961699999999,763250.16295600,4301,149.28680000,282653.75481000,0
1786961700000000,1893.79000000,1898.77000000,1892.16000000,1898.77000000,1379.68770000,1786962599999999,2613641.79673700,13817,612.21190000,1160073.22323900,0
1786962600000000,1898.76000000,1907.20000000,1898.28000000,1907.20000000,2794.56690000,1786963499999999,5317358.14735500,36225,1666.72300000,3171252.04175900,0
1786963500000000,1907.20000000,1909.49000000,1904.78000000,1907.16000000,2472.18200000,1786964399999999,4714165.01602000,28182,1337.25970000,2549943.22022400,0
1786964400000000,1907.15000000,1907.57000000,1905.73000000,1907.08000000,1431.84780000,1786965299999999,2730174.37249300,13277,613.77820000,1170294.20518200,0
1786965300000000,1907.08000000,1907.28000000,1905.40000000,1905.88000000,914.21720000,1786966199999999,1742595.86289100,9412,320.22510000,610351.33178400,0
1786966200000000,1905.88000000,1906.72000000,1905.64000000,1906.03000000,872.21470000,1786967099999999,1662519.66408700,7862,570.75140000,1087872.80206400,0
1786967100000000,1906.03000000,1908.55000000,1904.09000000,1904.46000000,1618.17850000,1786967999999999,3084443.05295900,14322,1009.71250000,1924677.23376900,0
1786968000000000,1904.46000000,1906.71000000,1902.35000000,1904.45000000,1231.34590000,1786968899999999,2344449.05726000,14410,595.08660000,1133058.97833000,0
1786968900000000,1904.45000000,1904.46000000,1898.40000000,1899.22000000,2471.10820000,1786969799999999,4698414.27249700,13754,700.46440000,1331419.21517700,0
1786969800000000,1899.23000000,1901.11000000,1896.46000000,1898.41000000,1553.65420000,1786970699999999,2950706.19008800,13712,612.22270000,1162666.55900000,0
1786970700000000,1898.41000000,1900.58000000,1897.70000000,1899.22000000,1091.51330000,1786971599999999,2072971.39097900,8944,585.29450000,1111600.46767700,0
1786971600000000,1899.22000000,1900.68000000,1897.65000000,1899.23000000,1468.04540000,1786972499999999,2788511.46003400,8925,430.11490000,816950.85715000,0
1786972500000000,1899.23000000,1899.23000000,1896.28000000,1898.60000000,1493.41950000,1786973399999999,2833594.04368800,10154,609.95320000,1157190.08412700,0
1786973400000000,1898.59000000,1909.11000000,1897.42000000,1904.52000000,5089.51300000,1786974299999999,9697379.79773800,64900,2612.94840000,4977976.21677900,0
1786974300000000,1904.51000000,1907.70000000,1902.81000000,1904.92000000,2123.44160000,1786975199999999,4045497.15632200,24940,1034.40400000,1970782.13627000,0
1786975200000000,1904.92000000,1904.92000000,1899.48000000,1902.11000000,1799.84530000,1786976099999999,3423619.36117200,19842,746.46540000,1419759.19625400,0
1786976100000000,1902.10000000,1903.60000000,1898.37000000,1899.85000000,1651.98370000,1786976999999999,3139448.83728000,15113,533.62570000,1014110.65194400,0
1786977000000000,1899.85000000,1902.62000000,1898.44000000,1901.31000000,1283.42590000,1786977899999999,2439618.45977900,11960,678.37870000,1289429.50970800,0
1786977900000000,1901.30000000,1911.51000000,1901.00000000,1909.61000000,3251.08420000,1786978799999999,6201877.57543000,20978,2059.58190000,3929282.44184500,0
1786978800000000,1909.61000000,1909.80000000,1904.87000000,1904.87000000,2725.44270000,1786979699999999,5199269.51026800,22708,1352.23110000,2579627.20214900,0
1786979700000000,1904.87000000,1911.00000000,1904.54000000,1909.43000000,3142.50880000,1786980599999999,5993754.77967300,19801,2004.36920000,3822495.34016300,0
1786980600000000,1909.43000000,1910.70000000,1907.12000000,1909.61000000,2385.33270000,1786981499999999,4553830.64621900,24286,1234.39820000,2356622.49686600,0
1786981500000000,1909.61000000,1915.50000000,1909.42000000,1913.22000000,7010.17290000,1786982399999999,13411322.58523300,37771,3610.27230000,6906490.55648500,0
1786982400000000,1913.22000000,1913.85000000,1908.39000000,1909.11000000,1948.63000000,1786983299999999,3723617.54124200,21292,774.80860000,1480644.71773900,0
1786983300000000,1909.11000000,1910.74000000,1908.11000000,1908.11000000,919.15610000,1786984199999999,1754800.97073100,12980,413.82020000,790034.41039900,0
1786984200000000,1908.11000000,1910.94000000,1907.41000000,1907.71000000,1297.42640000,1786985099999999,2476953.24097000,13993,524.98820000,1002249.94699000,0
1786985100000000,1907.70000000,1909.07000000,1905.37000000,1907.22000000,1341.24140000,1786985999999999,2557769.20839500,13998,674.29010000,1285783.15852400,0
1786986000000000,1907.21000000,1907.22000000,1905.01000000,1905.21000000,2222.46980000,1786986899999999,4235815.20643200,18982,1383.23530000,2636101.86608600,0
1786986900000000,1905.21000000,1914.19000000,1905.00000000,1908.64000000,3999.00220000,1786987799999999,7637284.08224500,35651,2467.07060000,4711123.27771400,0
1786987800000000,1908.65000000,1909.55000000,1904.59000000,1907.86000000,1837.03760000,1786988699999999,3504667.12430500,20619,1127.43880000,2151352.78226700,0
1786988700000000,1907.85000000,1909.77000000,1907.85000000,1908.91000000,868.25820000,1786989599999999,1657393.60505000,13212,456.51140000,871405.82546000,0
1786989600000000,1908.90000000,1909.77000000,1907.33000000,1908.74000000,1112.92530000,1786990499999999,2123909.50605700,11816,606.25520000,1156917.18712800,0
1786990500000000,1908.75000000,1912.91000000,1908.54000000,1910.62000000,1917.21500000,1786991399999999,3663829.58553700,17453,1067.77380000,2040548.59940500,0
1786991400000000,1910.63000000,1911.07000000,1908.54000000,1910.82000000,1420.12120000,1786992299999999,2712164.57873400,11559,816.71160000,1559752.33336400,0
1786992300000000,1910.82000000,1911.52000000,1909.27000000,1910.01000000,1144.56280000,1786993199999999,2186648.44417100,9623,642.99290000,1228435.66437400,0
1786993200000000,1910.00000000,1910.20000000,1906.91000000,1906.92000000,1004.69740000,1786994099999999,1917283.96043800,10713,570.25680000,1088244.32340200,0
1786994100000000,1906.91000000,1910.43000000,1906.69000000,1909.84000000,990.44970000,1786994999999999,1889762.94521000,10966,489.21720000,933394.17586400,0
1786995000000000,1909.83000000,1910.92000000,1907.73000000,1909.64000000,970.73430000,1786995899999999,1853653.83226900,10574,356.36320000,680511.13447400,0
1786995900000000,1909.63000000,1909.64000000,1907.10000000,1907.25000000,759.59930000,1786996799999999,1449413.41157700,7981,368.19590000,702525.19347900,0
1786996800000000,1907.24000000,1907.64000000,1905.88000000,1906.62000000,614.58880000,1786997699999999,1171746.58243000,7065,293.08630000,558763.03671100,0
1786997700000000,1906.63000000,1909.18000000,1905.00000000,1908.81000000,1373.88880000,1786998599999999,2619529.59581000,8246,908.64210000,1732643.82484000,0
1786998600000000,1908.81000000,1910.60000000,1907.19000000,1910.60000000,1088.03800000,1786999499999999,2076491.69561100,8969,641.51550000,1224293.37236000,0
1786999500000000,1910.60000000,1910.77000000,1905.32000000,1906.73000000,1408.00380000,1787000399999999,2685801.26138900,10854,625.82180000,1193505.76327200,0
1787000400000000,1906.73000000,1908.82000000,1906.36000000,1908.15000000,1461.14620000,1787001299999999,2787498.38600000,10121,525.20130000,1001849.34448200,0
1787001300000000,1908.15000000,1908.49000000,1906.07000000,1906.24000000,377.89310000,1787002199999999,720641.90054700,4280,193.18250000,368401.86726700,0
1787002200000000,1906.23000000,1907.62000000,1905.91000000,1906.31000000,638.52150000,1787003099999999,1217459.03938100,7305,291.25250000,555291.94823700,0
1787003100000000,1906.31000000,1907.06000000,1905.99000000,1906.35000000,480.43970000,1787003999999999,915926.08813400,8523,241.69020000,460744.72488300,0
1787004000000000,1906.35000000,1908.03000000,1905.20000000,1905.23000000,798.32150000,1787004899999999,1521810.01328200,8768,314.74630000,600048.52157300,0
1787004900000000,1905.22000000,1906.06000000,1903.59000000,1904.22000000,526.21970000,1787005799999999,1002256.01101300,5850,257.93790000,491273.21857100,0
1787005800000000,1904.21000000,1905.17000000,1903.59000000,1904.53000000,383.69840000,1787006699999999,730626.56790500,4352,156.85520000,298653.87779200,0
1787006700000000,1904.53000000,1904.89000000,1904.24000000,1904.55000000,371.78960000,1787007599999999,708065.54117700,3338,234.72720000,447019.02845600,0
1787007600000000,1904.56000000,1908.36000000,1904.01000000,1908.03000000,933.54110000,1787008499999999,1778985.86972800,5647,417.57950000,795737.02160900,0
1787008500000000,1908.03000000,1915.33000000,1908.00000000,1915.33000000,2058.30080000,1787009399999999,3935841.75892000,7183,1116.71600000,2135463.94351900,0
1787009400000000,1915.33000000,1918.71000000,1912.54000000,1912.55000000,3388.95650000,1787010299999999,6492855.12143900,22618,1565.05410000,2998741.93675700,0
1787010300000000,1912.55000000,1914.48000000,1912.41000000,1913.60000000,755.74210000,1787011199999999,1446193.17217000,10584,344.06080000,658343.48952200,0
1787011200000000,1913.59000000,1914.38000000,1910.21000000,1910.67000000,1032.69180000,1787012099999999,1974443.24450500,12312,378.21420000,723053.62929800,0
1787012100000000,1910.68000000,1913.00000000,1910.67000000,1911.92000000,881.96750000,1787012999999999,1686119.23347500,16000,472.11720000,902551.41801700,0
1787013000000000,1911.92000000,1911.92000000,1908.62000000,1909.88000000,1039.95890000,1787013899999999,1986365.58951000,11927,381.53220000,728625.90946600,0
1787013900000000,1909.89000000,1910.25000000,1909.01000000,1910.11000000,654.10310000,1787014799999999,1249077.21145400,8865,284.16630000,542641.07841900,0
1787014800000000,1910.12000000,1910.33000000,1906.21000000,1908.24000000,1000.47410000,1787015699999999,1909158.34066600,11182,306.56600000,584933.85208900,0
1787015700000000,1908.24000000,1908.47000000,1906.87000000,1907.31000000,510.67620000,1787016599999999,974103.48376400,7337,181.96630000,347095.74831300,0
1787016600000000,1907.31000000,1907.95000000,1903.93000000,1905.14000000,839.65000000,1787017499999999,1600541.84245000,6559,350.28430000,667713.48785600,0
1787017500000000,1905.15000000,1905.15000000,1899.78000000,1901.54000000,3035.66800000,1787018399999999,5772510.34925300,17802,1554.90160000,2956646.24584900,0
1787018400000000,1901.53000000,1903.60000000,1899.77000000,1899.78000000,1576.38690000,1787019299999999,2997647.98549500,12645,759.07790000,1443422.83244600,0
1787019300000000,1899.77000000,1900.69000000,1897.75000000,1897.76000000,1477.44830000,1787020199999999,2806110.03030500,11615,504.85550000,958885.15641800,0
1787020200000000,1897.75000000,1898.22000000,1894.06000000,1894.60000000,1366.56210000,1787021099999999,2591707.83699300,12637,454.04530000,861132.15087600,0
1787021100000000,1894.60000000,1896.64000000,1889.28000000,1893.19000000,4920.75940000,1787021999999999,9314242.34564200,45425,1931.12010000,3655359.20946200,0
1787022000000000,1893.19000000,1895.30000000,1891.58000000,1891.66000000,1427.49110000,1787022899999999,2702770.69558700,18839,614.97150000,1164442.94986400,0
1787022900000000,1891.66000000,1893.90000000,1889.25000000,1891.03000000,2478.42980000,1787023799999999,4687189.40099400,25335,1174.12280000,2220303.91388500,0
1787023800000000,1891.03000000,1895.46000000,1885.78000000,1895.46000000,3620.99740000,1787024699999999,6843259.80277900,30906,1596.17350000,3017650.22356300,0
1787024700000000,1895.45000000,1895.49000000,1893.72000000,1894.69000000,1906.22810000,1787025599999999,3611523.76481600,11841,886.20990000,1678915.02932300,0
1787025600000000,1894.68000000,1895.50000000,1891.53000000,1895.08000000,1060.91040000,1787026499999999,2008904.58172200,11035,431.84620000,817572.69121100,0
1787026500000000,1895.08000000,1895.08000000,1893.88000000,1894.85000000,899.91760000,1787027399999999,1704812.74682000,5125,200.23370000,379297.30918800,0
1787027400000000,1894.85000000,1897.43000000,1894.85000000,1896.88000000,1507.66210000,1787028299999999,2859593.15756400,8752,759.23200000,1439975.50114300,0
1787028300000000,1896.89000000,1897.70000000,1895.85000000,1896.66000000,543.72880000,1787029199999999,1031236.10582100,7126,228.49360000,433352.53922500,0
1787029200000000,1896.66000000,1898.95000000,1895.16000000,1897.84000000,1037.32590000,1787030099999999,1967996.63702300,11534,573.79820000,1088585.92950300,0
1787030100000000,1897.84000000,1898.59000000,1895.86000000,1896.11000000,1388.63930000,1787030999999999,2634094.21768000,8772,391.53450000,742714.24669300,0
1787031000000000,1896.10000000,1896.93000000,1892.75000000,1896.90000000,1345.02470000,1787031899999999,2548404.78538300,10388,546.29270000,1034824.27376900,0
1787031900000000,1896.90000000,1896.91000000,1895.11000000,1895.63000000,779.55630000,1787032799999999,1477990.34240400,5766,266.68970000,505585.72622700,0
1787032800000000,1895.62000000,1897.09000000,1893.64000000,1896.33000000,1298.41340000,1787033699999999,2460283.04235100,7190,462.35540000,876161.09348900,0
1787033700000000,1896.33000000,1900.60000000,1896.32000000,1900.08000000,1321.75510000,1787034599999999,2509883.36636800,7354,695.73190000,1321155.48544400,0
1787034600000000,1900.09000000,1906.94000000,1900.09000000,1905.49000000,1674.85770000,1787035499999999,3189092.56016400,12311,962.09160000,1831878.41092100,0
1787035500000000,1905.49000000,1906.16000000,1901.09000000,1902.83000000,816.89790000,1787036399999999,1554799.49999000,8391,361.16550000,687263.61257600,0
1787036400000000,1902.84000000,1903.27000000,1901.53000000,1902.48000000,895.62500000,1787037299999999,1703996.02564700,8047,306.19710000,582518.81211700,0
1787037300000000,1902.48000000,1902.84000000,1899.48000000,1899.48000000,703.75280000,1787038199999999,1338006.34243500,5786,280.54340000,533477.60179900,0
1787038200000000,1899.48000000,1902.34000000,1898.92000000,1900.35000000,1711.49730000,1787039099999999,3252443.19469500,10350,969.91600000,1842944.18472500,0
1787039100000000,1900.34000000,1900.35000000,1897.07000000,1898.84000000,2568.18100000,1787039999999999,4875975.47110500,12865,1641.80810000,3116805.71868400,0
1787040000000000,1898.83000000,1899.04000000,1893.80000000,1897.18000000,1678.66680000,1787040899999999,3183590.69439400,17925,686.94670000,1302668.54706900,0
1787040900000000,1897.19000000,1900.40000000,1897.19000000,1897.82000000,2289.61460000,1787041799999999,4346692.54226700,19194,1429.02380000,2712703.46574300,0
1787041800000000,1897.82000000,1901.83000000,1897.43000000,1900.01000000,681.78350000,1787042699999999,1295403.81361700,12219,280.85880000,533616.49170500,0
1787042700000000,1900.00000000,1900.39000000,1898.10000000,1900.30000000,1045.01250000,1787043599999999,1985128.86696300,9130,614.89240000,1168042.46175100,0
1787043600000000,1900.31000000,1900.31000000,1898.23000000,1898.97000000,726.14220000,1787044499999999,1379024.02844400,8969,281.30670000,534190.43249000,0
1787044500000000,1898.97000000,1899.11000000,1895.58000000,1896.36000000,1923.96420000,1787045399999999,3649548.04019500,11089,964.59410000,1829710.51477200,0
1787045400000000,1896.37000000,1897.75000000,1895.87000000,1896.58000000,2244.17640000,1787046299999999,4256577.08359500,13619,1136.39030000,2155393.65158200,0
1787046300000000,1896.57000000,1897.52000000,1895.95000000,1896.93000000,847.25970000,1787047199999999,1607019.96450900,9087,429.54670000,814735.84624000,0
1787047200000000,1896.93000000,1898.38000000,1895.21000000,1896.12000000,780.30730000,1787048099999999,1479970.61034900,12028,388.08360000,736047.28122100,0
1787048100000000,1896.12000000,1897.00000000,1895.40000000,1896.77000000,616.04030000,1787048999999999,1168251.36008600,7247,204.28330000,387369.45169500,0
1787049000000000,1896.78000000,1899.56000000,1896.69000000,1897.49000000,1162.81980000,1787049899999999,2207176.26542300,8060,683.65840000,1297708.90700900,0
1787049900000000,1897.49000000,1898.35000000,1897.49000000,1898.02000000,569.20750000,1787050799999999,1080308.11848600,5023,203.35290000,385946.47178800,0
1787050800000000,1898.01000000,1902.01000000,1897.65000000,1902.00000000,1300.54330000,1787051699999999,2471384.09141200,15921,795.29350000,1511156.56604200,0
1787051700000000,1902.01000000,1905.65000000,1902.00000000,1904.89000000,1547.83150000,1787052599999999,2947578.41525200,14558,906.76630000,1726638.47286000,0
1787052600000000,1904.89000000,1905.32000000,1903.91000000,1904.58000000,731.70280000,1787053499999999,1393513.03831300,7440,374.58710000,713355.97013300,0
1787053500000000,1904.58000000,1905.17000000,1902.77000000,1903.11000000,734.40970000,1787054399999999,1398199.90948200,7235,273.90910000,521517.51971800,0
1787054400000000,1903.12000000,1904.07000000,1901.05000000,1901.60000000,724.31600000,1787055299999999,1377803.38628000,10326,292.95160000,557214.33014600,0
1787055300000000,1901.60000000,1902.73000000,1900.72000000,1901.59000000,574.03560000,1787056199999999,1091535.47494200,7116,276.74840000,526256.97165200,0
1787056200000000,1901.59000000,1901.82000000,1899.61000000,1899.61000000,788.02970000,1787057099999999,1497807.10984100,11461,302.98110000,575876.03743900,0
1787057100000000,1899.60000000,1900.96000000,1899.11000000,1899.48000000,607.69650000,1787057999999999,1154549.41956700,5699,290.69320000,552290.50483900,0
1787058000000000,1899.48000000,1899.48000000,1897.16000000,1898.11000000,822.43600000,1787058899999999,1560945.22925800,7272,381.88950000,724775.12921500,0
1787058900000000,1898.11000000,1898.11000000,1895.64000000,1895.80000000,859.42110000,1787059799999999,1630122.78142300,9114,244.88560000,464482.02930700,0
1787059800000000,1895.80000000,1900.00000000,1894.00000000,1897.28000000,3366.21300000,1787060699999999,6383750.09727700,29193,1326.21150000,2514892.51873800,0
1787060700000000,1897.27000000,1900.00000000,1894.72000000,1897.84000000,1245.03740000,1787061599999999,2362061.11371000,17242,413.23340000,784067.44851000,0
1787061600000000,1897.84000000,1902.32000000,1897.69000000,1897.93000000,1514.19130000,1787062499999999,2876406.02123300,19649,759.41590000,1442662.55870300,0
1787062500000000,1897.92000000,1919.70000000,1897.31000000,1918.23000000,8128.29020000,1787063399999999,15542175.45373900,54298,5621.08520000,10749498.87763200,0
1787063400000000,1918.23000000,1923.27000000,1911.22000000,1912.36000000,7684.29430000,1787064299999999,14730086.61439500,58720,4133.73610000,7926455.73137700,0
1787064300000000,1912.36000000,1915.76000000,1909.22000000,1911.02000000,2707.02900000,1787065199999999,5177228.60507000,24225,1008.22210000,1928128.91418400,0
1787065200000000,1911.03000000,1917.27000000,1908.44000000,1912.66000000,5663.14400000,1787066099999999,10836522.42274400,33816,2557.53870000,4893242.94411400,0
1787066100000000,1912.66000000,1917.00000000,1912.33000000,1916.01000000,2550.67250000,1787066999999999,4883660.30156100,23284,1191.22630000,2280811.28051600,0
1787067000000000,1916.01000000,1919.93000000,1915.43000000,1916.97000000,2879.22330000,1787067899999999,5522177.60991200,22184,1422.67000000,2728623.31286800,0
1787067900000000,1916.96000000,1918.63000000,1915.70000000,1917.70000000,2528.83240000,1787068799999999,4848721.77970900,15300,1216.02790000,2331365.18532300,0
1787068800000000,1917.71000000,1919.40000000,1914.67000000,1914.95000000,1957.86380000,1787069699999999,3753464.30773600,13248,808.97130000,1550755.87017900,0
1787069700000000,1914.95000000,1915.92000000,1913.50000000,1913.68000000,1220.65950000,1787070599999999,2337314.83901500,16632,434.86310000,832648.34345500,0
1787070600000000,1913.68000000,1918.90000000,1912.78000000,1918.27000000,2576.55800000,1787071499999999,4935469.32934800,20523,1134.84190000,2173961.18908100,0
1787071500000000,1918.27000000,1922.30000000,1917.88000000,1918.47000000,2302.15890000,1787072399999999,4418888.45619200,18718,1448.83670000,2781064.51241600,0
1787072400000000,1918.47000000,1918.62000000,1914.78000000,1915.70000000,1642.60090000,1787073299999999,3147099.40766700,14767,786.62220000,1506936.89072800,0
1787073300000000,1915.71000000,1917.00000000,1914.53000000,1916.31000000,938.71050000,1787074199999999,1798375.01369000,9926,480.67780000,920865.49548100,0
1787074200000000,1916.31000000,1916.39000000,1913.00000000,1914.16000000,2236.50850000,1787075099999999,4281819.41753900,16724,777.35260000,1488111.81728000,0
1787075100000000,1914.15000000,1914.41000000,1911.34000000,1911.38000000,863.38040000,1787075999999999,1651704.67537800,11138,279.40170000,534588.23836900,0
1787076000000000,1911.38000000,1914.32000000,1910.81000000,1914.32000000,691.93540000,1787076899999999,1323276.26290400,10021,363.55630000,695325.02051400,0
1787076900000000,1914.31000000,1916.40000000,1914.14000000,1916.39000000,594.54950000,1787077799999999,1138857.55128500,7576,260.14370000,498329.35393200,0
1787077800000000,1916.39000000,1917.54000000,1915.67000000,1915.99000000,1316.08190000,1787078699999999,2522161.05342800,11330,547.71330000,1049711.38409000,0
1787078700000000,1915.99000000,1917.24000000,1915.59000000,1916.60000000,911.81690000,1787079599999999,1747425.86453600,7397,389.00710000,745465.30446100,0
1787079600000000,1916.60000000,1916.60000000,1914.18000000,1914.19000000,701.98450000,1787080499999999,1344714.12341600,8301,171.98090000,329438.85590400,0
1787080500000000,1914.19000000,1917.58000000,1913.33000000,1916.70000000,1028.20980000,1787081399999999,1969959.27050900,8359,385.76740000,738903.33765200,0
1787081400000000,1916.70000000,1916.89000000,1914.58000000,1914.72000000,904.70220000,1787082299999999,1733185.21860200,7858,323.64940000,620022.53086200,0
1787082300000000,1914.72000000,1915.26000000,1913.14000000,1913.28000000,749.45050000,1787083199999999,1434527.81401100,6641,287.46360000,550215.92587600,0
1787083200000000,1913.28000000,1914.62000000,1911.98000000,1914.62000000,549.11740000,1787084099999999,1050645.69549800,6941,240.64690000,460422.32358300,0
1787084100000000,1914.61000000,1914.62000000,1912.27000000,1913.05000000,1059.25470000,1787084999999999,2026511.30014600,6395,522.92090000,1000297.99252000,0
1787085000000000,1913.05000000,1915.71000000,1912.84000000,1913.93000000,686.50200000,1787085899999999,1314448.84251500,6067,271.55630000,519882.47807700,0
1787085900000000,1913.94000000,1914.23000000,1911.81000000,1913.02000000,1405.36780000,1787086799999999,2688612.37576800,7405,643.01910000,1230041.76404100,0
1787086800000000,1913.01000000,1915.01000000,1913.01000000,1913.63000000,747.02220000,1787087699999999,1429821.97704500,5036,272.45300000,521467.79356500,0
1787087700000000,1913.63000000,1914.12000000,1913.01000000,1913.37000000,514.52890000,1787088599999999,984559.55630500,3563,173.21380000,331437.61039100,0
1787088600000000,1913.37000000,1913.38000000,1910.87000000,1911.82000000,936.89800000,1787089499999999,1791648.25537300,6235,288.90420000,552387.27668900,0
1787089500000000,1911.81000000,1912.41000000,1911.26000000,1912.22000000,759.16410000,1787090399999999,1451471.69862300,7051,289.34530000,553172.08358000,0
1787090400000000,1912.21000000,1914.92000000,1911.81000000,1913.93000000,1259.41910000,1787091299999999,2409649.08568300,9111,680.57770000,1302102.99584900,0
1787091300000000,1913.92000000,1915.00000000,1913.07000000,1914.58000000,1476.42100000,1787092199999999,2826432.00820000,6538,1059.06910000,2027473.92226400,0
1787092200000000,1914.58000000,1915.35000000,1913.71000000,1913.79000000,1064.61930000,1787093099999999,2038107.53383300,9151,462.45770000,885319.60926200,0
1787093100000000,1913.78000000,1913.86000000,1912.56000000,1913.42000000,891.60140000,1787093999999999,1705871.93825800,7547,422.96770000,809163.64420100,0
1787094000000000,1913.42000000,1916.93000000,1912.97000000,1916.69000000,694.25180000,1787094899999999,1329668.55283500,9078,397.13740000,760510.08502500,0
1787094900000000,1916.70000000,1919.34000000,1916.70000000,1918.66000000,1119.66380000,1787095799999999,2147516.67178400,6174,628.45800000,1205421.11683800,0
1787095800000000,1918.65000000,1920.00000000,1918.65000000,1919.41000000,888.29320000,1787096699999999,1704897.82473600,6098,316.50220000,607449.46499500,0
1787096700000000,1919.40000000,1920.10000000,1917.21000000,1917.85000000,902.03010000,1787097599999999,1730961.71062400,8067,370.53400000,711102.93198700,0
1787097600000000,1917.85000000,1918.80000000,1912.14000000,1913.61000000,1842.24260000,1787098499999999,3527654.97752700,18411,605.67600000,1159562.20996900,0
1787098500000000,1913.60000000,1919.15000000,1912.42000000,1916.48000000,1216.51610000,1787099399999999,2331045.79833900,13925,640.14230000,1226720.28999100,0
1787099400000000,1916.47000000,1918.00000000,1914.13000000,1914.89000000,1091.37730000,1787100299999999,2091768.67279200,9046,526.21530000,1008503.90697800,0
1787100300000000,1914.88000000,1915.72000000,1913.30000000,1913.62000000,1014.88790000,1787101199999999,1942909.10027500,9838,492.21720000,942298.82356200,0
1787101200000000,1913.62000000,1918.08000000,1912.76000000,1916.60000000,2063.29930000,1787102099999999,3952994.96623900,14163,1304.21840000,2498690.36406000,0
1787102100000000,1916.60000000,1916.63000000,1912.28000000,1915.35000000,1584.20390000,1787102999999999,3033190.30047300,13409,707.43040000,1354356.30574200,0
1787103000000000,1915.35000000,1915.68000000,1912.80000000,1914.02000000,1335.87770000,1787103899999999,2557384.73444100,11336,651.04610000,1246214.87086500,0
1787103900000000,1914.02000000,1915.13000000,1912.98000000,1913.68000000,925.96530000,1787104799999999,1772316.36767500,9061,537.25640000,1028271.86679100,0
1787104800000000,1913.68000000,1913.88000000,1911.06000000,1912.73000000,1351.36580000,1787105699999999,2584269.16015600,13346,696.70990000,1332244.28773200,0
1787105700000000,1912.73000000,1912.73000000,1907.43000000,1910.38000000,2054.37110000,1787106599999999,3924005.97921800,22433,794.60820000,1517706.04952300,0
1787106600000000,1910.38000000,1910.51000000,1908.50000000,1909.07000000,1291.36130000,1787107499999999,2465636.18364900,13293,542.15370000,1035095.70379900,0
1787107500000000,1909.07000000,1910.48000000,1907.51000000,1907.70000000,983.22380000,1787108399999999,1876594.77045600,9201,649.84660000,1240235.42209500,0
1787108400000000,1907.71000000,1911.81000000,1906.19000000,1911.60000000,2286.34970000,1787109299999999,4362461.54051600,20827,1093.00500000,2085663.67329100,0
1787109300000000,1911.60000000,1915.57000000,1911.52000000,1912.80000000,1579.59270000,1787110199999999,3022456.99676700,13392,1012.45800000,1937243.21448100,0
1787110200000000,1912.80000000,1912.90000000,1910.72000000,1912.06000000,1088.82160000,1787111099999999,2081633.89972900,9951,364.11950000,696054.83206300,0
1787111100000000,1912.06000000,1913.88000000,1911.32000000,1912.15000000,586.96850000,1787111999999999,1122574.26927100,8303,219.78280000,420309.75397400,0
1787112000000000,1912.15000000,1912.15000000,1910.38000000,1910.95000000,827.21130000,1787112899999999,1580815.96189500,5431,252.29980000,482132.43454300,0
1787112900000000,1910.96000000,1913.78000000,1910.95000000,1912.35000000,802.55930000,1787113799999999,1534828.32201900,6341,269.02640000,514478.56669900,0
1787113800000000,1912.34000000,1914.56000000,1911.38000000,1911.58000000,1585.64900000,1787114699999999,3031972.39035800,7847,347.03070000,663586.41877800,0
1787114700000000,1911.59000000,1912.74000000,1910.17000000,1910.85000000,1068.55720000,1787115599999999,2042444.18894600,5870,570.65810000,1090787.24371100,0
1787115600000000,1910.84000000,1914.14000000,1910.36000000,1913.31000000,941.85650000,1787116499999999,1801220.40693400,7852,456.05020000,872061.46019400,0
1787116500000000,1913.30000000,1913.79000000,1911.05000000,1913.60000000,738.43750000,1787117399999999,1412134.84588400,5503,368.09830000,703925.86806900,0
1787117400000000,1913.60000000,1914.12000000,1912.13000000,1912.65000000,1191.62570000,1787118299999999,2279361.50288800,5091,757.35930000,1448648.98679000,0
1787118300000000,1912.64000000,1912.65000000,1909.97000000,1910.27000000,1214.60600000,1787119199999999,2321694.78568900,7369,668.08620000,1277099.58055200,0
1787119200000000,1910.28000000,1911.17000000,1906.00000000,1907.06000000,2245.09030000,1787120099999999,4284296.34084000,14730,964.04770000,1839678.32410400,0
1787120100000000,1907.07000000,1912.97000000,1907.06000000,1910.91000000,1314.35840000,1787120999999999,2511518.96372400,11111,783.27370000,1496403.30041900,0
1787121000000000,1910.91000000,1912.18000000,1909.82000000,1912.13000000,1314.91800000,1787121899999999,2512809.75371900,8327,746.74470000,1426951.08509800,0
1787121900000000,1912.13000000,1917.64000000,1912.13000000,1917.63000000,2330.48640000,1787122799999999,4463320.19137200,11010,1706.95470000,3269115.68783100,0
1787122800000000,1917.64000000,1920.97000000,1915.40000000,1920.89000000,3414.73420000,1787123699999999,6549363.51068100,17405,2335.71450000,4480015.22994300,0
1787123700000000,1920.90000000,1920.91000000,1917.55000000,1917.98000000,1939.16680000,1787124599999999,3721001.15882300,13874,835.14310000,1602641.21724600,0
1787124600000000,1917.98000000,1921.32000000,1917.57000000,1919.65000000,2598.49310000,1787125499999999,4989283.61498100,12712,1516.27130000,2911072.03511000,0
1787125500000000,1919.65000000,1920.49000000,1915.71000000,1916.01000000,1142.26820000,1787126399999999,2190729.21228900,8077,370.87660000,711242.75936400,0
1787126400000000,1916.01000000,1917.98000000,1915.92000000,1915.92000000,887.89990000,1787127299999999,1702000.35305000,7549,453.23330000,868748.71758100,0
1787127300000000,1915.92000000,1917.17000000,1915.32000000,1917.16000000,617.40300000,1787128199999999,1183215.56960800,8165,259.23220000,496809.19496900,0
1787128200000000,1917.16000000,1929.94000000,1917.16000000,1924.35000000,6508.26800000,1787129099999999,12525099.50517500,38034,4317.11800000,8307471.77653800,0
1787129100000000,1924.35000000,1926.71000000,1921.52000000,1921.52000000,2342.86480000,1787129999999999,4508357.19036500,17714,1093.93910000,2105240.08902000,0
1787130000000000,1921.52000000,1923.85000000,1921.38000000,1922.36000000,1427.28160000,1787130899999999,2744288.87372800,11065,757.97500000,1457359.76829900,0
1787130900000000,1922.36000000,1923.55000000,1921.02000000,1921.10000000,1033.51140000,1787131799999999,1986794.22407500,14883,392.18420000,753940.08126700,0
1787131800000000,1921.11000000,1921.25000000,1918.20000000,1918.49000000,1026.01440000,1787132699999999,1969442.52959600,12068,483.03150000,927022.77693600,0
1787132700000000,1918.49000000,1919.48000000,1918.25000000,1919.30000000,1128.26020000,1787133599999999,2164852.61935500,10819,628.76520000,1206465.98650100,0
1787133600000000,1919.30000000,1919.30000000,1917.70000000,1918.83000000,1131.60210000,1787134499999999,2170811.48952200,11577,601.21330000,1153288.15168300,0
1787134500000000,1918.83000000,1919.46000000,1917.31000000,1918.37000000,727.76820000,1787135399999999,1396193.06260200,7208,264.91390000,508170.06722900,0
1787135400000000,1918.37000000,1919.23000000,1917.70000000,1918.99000000,392.59000000,1787136299999999,753188.07833100,5313,200.60930000,384862.09267300,0
1787136300000000,1918.98000000,1920.24000000,1918.61000000,1920.22000000,1150.46130000,1787137199999999,2208269.38508600,5850,271.59800000,521330.68249400,0
1787137200000000,1920.23000000,1926.43000000,1919.92000000,1924.75000000,2194.58050000,1787138099999999,4222436.79362200,10692,1013.87700000,1950571.30072300,0
1787138100000000,1924.75000000,1924.76000000,1920.27000000,1922.10000000,1555.29510000,1787138999999999,2989525.60920400,12877,505.95260000,972506.37907500,0
1787139000000000,1922.10000000,1924.15000000,1922.09000000,1922.15000000,832.14870000,1787139899999999,1600407.53295900,9701,376.07760000,723262.89458700,0
1787139900000000,1922.15000000,1923.20000000,1922.14000000,1923.06000000,894.64320000,1787140799999999,1720171.00931100,5969,389.20220000,748306.15155300,0
1787140800000000,1923.06000000,1924.15000000,1922.05000000,1924.14000000,1666.44150000,1787141699999999,3204995.63810700,11400,760.69070000,1463167.49367600,0
1787141700000000,1924.15000000,1924.15000000,1922.82000000,1923.32000000,1117.39380000,1787142599999999,2149226.25440500,9382,581.25000000,1117947.74172900,0
1787142600000000,1923.33000000,1933.51000000,1922.54000000,1933.05000000,7189.23980000,1787143499999999,13863564.44609200,35983,4173.21630000,8048367.95962500,0
1787143500000000,1933.05000000,1943.21000000,1932.12000000,1937.21000000,11671.65810000,1787144399999999,22614785.22635800,70716,7266.40180000,14079428.34985900,0
1787144400000000,1937.21000000,1938.44000000,1932.74000000,1935.83000000,8423.47060000,1787145299999999,16309634.15471200,39929,3677.16200000,7118465.25519100,0
1787145300000000,1935.82000000,1939.21000000,1935.68000000,1937.55000000,5760.03390000,1787146199999999,11161435.24733100,29279,1916.51940000,3713410.81984800,0
1787146200000000,1937.56000000,1941.65000000,1928.10000000,1932.86000000,8176.67900000,1787147099999999,15822316.87381100,80392,4613.26570000,8927232.97776800,0
1787147100000000,1932.85000000,1934.89000000,1928.69000000,1932.90000000,3207.11480000,1787147999999999,6196366.70559700,43801,1329.59750000,2569157.11174400,0
1787148000000000,1932.91000000,1939.18000000,1932.79000000,1937.05000000,6145.76150000,1787148899999999,11904260.97406500,38067,3445.84450000,6674316.75885600,0
1787148900000000,1937.05000000,1939.53000000,1935.56000000,1936.31000000,6785.68800000,1787149799999999,13147960.92959400,37352,2472.18680000,4790334.52976600,0
1787149800000000,1936.30000000,1941.39000000,1932.98000000,1940.00000000,4618.99500000,1787150699999999,8952261.65206500,21459,2267.48590000,4395281.53126700,0
1787150700000000,1939.99000000,1980.00000000,1939.59000000,1970.60000000,40951.01680000,1787151599999999,80441601.87825100,176147,21307.48540000,41810059.20160800,0
1787151600000000,1970.61000000,2020.00000000,1967.40000000,2011.73000000,52688.88320000,1787152499999999,105349236.09689200,234710,33052.16180000,66041118.47198100,0
1787152500000000,2011.73000000,2115.00000000,2008.45000000,2074.79000000,83979.08940000,1787153399999999,172717924.58557200,307993,41527.95250000,85488284.19887100,0
1787153400000000,2074.78000000,2089.90000000,2056.99000000,2087.16000000,39271.19690000,1787154299999999,81476129.92935700,345298,21999.08820000,45649241.80370500,0
1787154300000000,2087.16000000,2089.39000000,2076.52000000,2085.83000000,19149.80580000,1787155199999999,39900507.84155900,131001,10664.12950000,22220482.12580800,0
1787155200000000,2085.83000000,2108.00000000,2082.24000000,2089.66000000,26235.81890000,1787156099999999,54997556.59692400,210038,15378.98040000,32240271.57669200,0
1787156100000000,2089.66000000,2103.00000000,2089.46000000,2100.09000000,17921.60820000,1787156999999999,37565553.68311700,87032,7969.63900000,16715315.42444500,0
1787157000000000,2100.10000000,2101.30000000,2085.46000000,2089.02000000,11967.30310000,1787157899999999,25060584.47453800,69391,4725.28270000,9898394.45216000,0
1787157900000000,2089.01000000,2093.60000000,2086.00000000,2089.55000000,7426.25670000,1787158799999999,15511184.86122800,41461,3727.57000000,7785209.05213500,0
1787158800000000,2089.55000000,2090.62000000,2078.52000000,2079.43000000,14351.75670000,1787159699999999,29877411.06936900,75832,4644.40680000,9672343.85729000,0
1787159700000000,2079.43000000,2079.97000000,2067.43000000,2078.41000000,8211.12600000,1787160599999999,17027283.09525900,61906,4273.40680000,8861791.12647500,0
1787160600000000,2078.41000000,2087.00000000,2071.20000000,2085.77000000,6614.87400000,1787161499999999,13758803.01167400,40571,3920.35010000,8157367.69949300,0
1787161500000000,2085.77000000,2093.11000000,2085.23000000,2091.02000000,5362.70840000,1787162399999999,11209960.48878700,46015,3083.47950000,6445214.17482300,0
1787162400000000,2091.03000000,2092.50000000,2079.04000000,2085.42000000,6675.69470000,1787163299999999,13928877.33097700,69694,3190.55740000,6657217.14699200,0
1787163300000000,2085.43000000,2089.48000000,2084.81000000,2087.02000000,4210.91720000,1787164199999999,8789645.27911800,43733,2209.24610000,4611350.66846200,0
1787164200000000,2087.03000000,2091.31000000,2085.78000000,2090.28000000,2955.69310000,1787165099999999,6171476.87086700,25941,1782.63310000,3722247.78501900,0
1787165100000000,2090.29000000,2092.60000000,2088.38000000,2091.93000000,4129.56410000,1787165999999999,8632687.62900100,28306,2430.18780000,5079771.35875800,0
1787166000000000,2091.92000000,2102.48000000,2088.92000000,2090.15000000,10552.92180000,1787166899999999,22123888.34702000,73048,6023.99640000,12632086.60920800,0
1787166900000000,2090.15000000,2100.97000000,2090.14000000,2092.95000000,5129.17980000,1787167799999999,10748742.20278500,63274,2410.35000000,5050315.04635100,0
1787167800000000,2092.95000000,2101.36000000,2091.49000000,2099.45000000,4773.72700000,1787168699999999,10016793.86330500,39402,2721.92230000,5711236.97399700,0
1787168700000000,2099.45000000,2105.40000000,2097.11000000,2102.02000000,4869.77200000,1787169599999999,10235002.86610700,44291,1797.33730000,3777606.79593000,0
1787169600000000,2102.02000000,2119.82000000,2102.02000000,2113.35000000,11371.90290000,1787170499999999,24018354.48254200,75132,7387.80920000,15601634.05207400,0
1787170500000000,2113.35000000,2132.95000000,2108.30000000,2125.95000000,9343.58480000,1787171399999999,19823662.54087500,83613,5432.73920000,11528061.44394500,0
1787171400000000,2125.95000000,2129.71000000,2121.75000000,2124.55000000,4074.17100000,1787172299999999,8657208.26144000,52880,2277.10080000,4838370.38150500,0
1787172300000000,2124.55000000,2241.56000000,2122.98000000,2218.12000000,53349.28530000,1787173199999999,117071022.21787600,317350,29663.05580000,65035911.55088000,0
1787173200000000,2218.13000000,2333.65000000,2215.88000000,2259.69000000,84886.36310000,1787174099999999,192972826.75734300,511916,45955.38560000,104525666.89811600,0
1787174100000000,2259.70000000,2294.10000000,2254.30000000,2283.48000000,20198.98820000,1787174999999999,45848475.06672700,195324,11520.10700000,26161557.10615700,0
1787175000000000,2283.49000000,2298.78000000,2268.76000000,2284.99000000,17537.42670000,1787175899999999,40045707.48316700,181739,9014.20300000,20585451.07395500,0
1787175900000000,2284.99000000,2305.52000000,2278.05000000,2286.00000000,15952.76180000,1787176799999999,36535220.59622500,142851,7948.39550000,18207302.29363700,0
1787176800000000,2286.00000000,2290.00000000,2261.36000000,2267.98000000,20391.60780000,1787177699999999,46369860.14359900,155938,9313.56570000,21176489.59719400,0
1787177700000000,2267.97000000,2273.72000000,2256.86000000,2256.86000000,11884.82010000,1787178599999999,26927179.57324500,93958,4785.51360000,10844949.53625400,0
1787178600000000,2256.86000000,2266.84000000,2241.27000000,2258.74000000,10308.91840000,1787179499999999,23237781.34555900,81833,4428.60400000,9984684.26636300,0
1787179500000000,2258.74000000,2259.47000000,2243.90000000,2249.99000000,6707.49690000,1787180399999999,15091095.29444500,59468,2476.50660000,5570366.91487600,0
1787180400000000,2250.00000000,2252.56000000,2243.36000000,2246.32000000,6212.81150000,1787181299999999,13973727.56360000,47661,2864.58530000,6443051.11827300,0
1787181300000000,2246.33000000,2255.17000000,2243.86000000,2252.48000000,4666.70130000,1787182199999999,10496021.10430100,34260,2316.73880000,5210722.77640200,0
1787182200000000,2252.48000000,2261.70000000,2246.09000000,2257.53000000,5535.54630000,1787183099999999,12471588.12686700,35406,2884.60140000,6497717.66560300,0
1787183100000000,2257.53000000,2257.70000000,2247.84000000,2252.80000000,4122.53390000,1787183999999999,9285594.51849400,29536,1649.80480000,3715645.24636500,0
1787184000000000,2252.81000000,2262.59000000,2251.93000000,2259.51000000,9247.41330000,1787184899999999,20876759.19483100,75022,3677.80450000,8302314.10420100,0
1787184900000000,2259.50000000,2269.77000000,2257.67000000,2264.16000000,6364.31940000,1787185799999999,14408357.18505200,81774,3639.53230000,8237836.71145300,0
1787185800000000,2264.17000000,2274.25000000,2261.66000000,2268.84000000,5352.05540000,1787186699999999,12138083.32412700,57566,2924.61730000,6634486.03303500,0
1787186700000000,2268.87000000,2274.12000000,2255.83000000,2262.24000000,12589.75150000,1787187599999999,28509550.30889900,56750,4036.76390000,9141658.94033500,0
1787187600000000,2262.24000000,2268.12000000,2250.00000000,2257.43000000,9230.36630000,1787188499999999,20840675.71590500,64699,4795.87050000,10825922.05884200,0
1787188500000000,2257.44000000,2260.90000000,2252.76000000,2254.68000000,3508.69670000,1787189399999999,7918358.14365400,35957,1506.34960000,3400003.17136900,0
1787189400000000,2254.67000000,2266.48000000,2252.35000000,2265.78000000,6383.22410000,1787190299999999,14435826.64715200,44979,4479.57550000,10133307.32932400,0
1787190300000000,2265.78000000,2270.94000000,2265.06000000,2266.66000000,3124.68750000,1787191199999999,7086532.48404100,46910,1671.42120000,3790692.45903600,0
1787191200000000,2266.66000000,2270.68000000,2264.66000000,2268.37000000,4088.55470000,1787192099999999,9272534.05357100,43575,1765.55510000,4004226.28762000,0
1787192100000000,2268.36000000,2268.88000000,2257.46000000,2258.28000000,3417.13960000,1787192999999999,7731885.97268600,31249,1262.71500000,2856911.28582300,0
1787193000000000,2258.27000000,2262.51000000,2254.50000000,2257.29000000,2866.57160000,1787193899999999,6471460.16608100,33916,1243.60510000,2807839.47747900,0
1787193900000000,2257.29000000,2258.00000000,2250.00000000,2251.89000000,2839.11410000,1787194799999999,6396383.04196100,29140,1082.43570000,2438500.76308900,0
1787194800000000,2251.88000000,2252.36000000,2221.54000000,2228.63000000,21928.20910000,1787195699999999,48917177.85480800,110705,12938.18680000,28836877.48552600,0
1787195700000000,2228.63000000,2243.01000000,2228.38000000,2234.52000000,6953.63530000,1787196599999999,15549452.06558700,67286,3634.28430000,8126255.40379200,0
1787196600000000,2234.53000000,2251.70000000,2234.52000000,2250.54000000,6327.86100000,1787197499999999,14198070.93221100,70979,3475.64130000,7797038.33115800,0
1787197500000000,2250.54000000,2257.58000000,2249.84000000,2251.21000000,3927.42180000,1787198399999999,8851223.92322600,46958,1781.41700000,4014934.39027100,0
1787198400000000,2251.21000000,2258.39000000,2249.59000000,2255.79000000,4595.43780000,1787199299999999,10359732.23510300,26860,2405.35980000,5422109.95387400,0
1787199300000000,2255.79000000,2257.21000000,2253.27000000,2255.92000000,3185.98860000,1787200199999999,7185828.86805400,21513,1561.62300000,3521992.42756300,0
1787200200000000,2255.92000000,2256.54000000,2248.46000000,2251.00000000,3535.72030000,1787201099999999,7960756.99983200,18830,1775.74540000,3998047.54563500,0
1787201100000000,2251.00000000,2257.33000000,2250.27000000,2250.28000000,2482.57560000,1787201999999999,5593990.94216500,21219,1178.05360000,2654441.84539100,0
1787202000000000,2250.27000000,2254.81000000,2249.67000000,2249.67000000,3142.19640000,1787202899999999,7076005.97426600,22590,1286.44160000,2896860.91612700,0
1787202900000000,2249.68000000,2256.99000000,2249.67000000,2252.01000000,5455.39340000,1787203799999999,12297718.45826300,22608,2208.79090000,4979297.63411600,0
1787203800000000,2252.01000000,2254.37000000,2250.60000000,2251.83000000,2277.67490000,1787204699999999,5130206.98924500,17336,1178.91090000,2655286.69290100,0
1787204700000000,2251.83000000,2251.83000000,2243.86000000,2248.36000000,2968.66260000,1787205599999999,6670428.68557900,22890,1463.24970000,3287852.26786000,0
1787205600000000,2248.36000000,2248.75000000,2238.97000000,2243.59000000,7292.86140000,1787206499999999,16352725.89938200,47009,4502.39990000,10094720.91263700,0
1787206500000000,2243.58000000,2255.67000000,2242.21000000,2251.41000000,6614.87120000,1787207399999999,14881255.00245000,62338,4146.59260000,9328026.65815900,0
1787207400000000,2251.41000000,2263.68000000,2251.10000000,2262.19000000,6582.60420000,1787208299999999,14862500.62065500,66735,4498.10160000,10156197.42723900,0
1787208300000000,2262.20000000,2267.30000000,2261.60000000,2262.76000000,4817.89300000,1787209199999999,10908579.50777500,41863,3006.36260000,6806594.29602800,0
1787209200000000,2262.77000000,2264.77000000,2256.58000000,2256.59000000,4595.01520000,1787210099999999,10389115.70019600,49939,2763.91290000,6249284.31301600,0
1787210100000000,2256.58000000,2258.00000000,2248.83000000,2253.17000000,4876.97780000,1787210999999999,10990626.74258900,43121,2122.53320000,4783284.31024400,0
1787211000000000,2253.17000000,2253.17000000,2244.94000000,2245.09000000,5864.31350000,1787211899999999,13178621.12835200,54104,1881.89230000,4229231.36430500,0
1787211900000000,2245.08000000,2251.81000000,2244.10000000,2251.81000000,5879.02350000,1787212799999999,13220844.94688700,26939,2245.73210000,5050441.83841100,0
1787212800000000,2251.81000000,2287.26000000,2249.19000000,2284.03000000,15455.08420000,1787213699999999,35099113.19759500,109251,9164.96970000,20805000.22298700,0
1787213700000000,2284.02000000,2284.64000000,2270.24000000,2278.34000000,12691.78620000,1787214599999999,28897187.66680100,103380,5884.76060000,13398813.40388300,0
1787214600000000,2278.35000000,2278.44000000,2266.08000000,2275.45000000,6059.58880000,1787215499999999,13774442.22012900,81889,3433.38620000,7805307.38083400,0
1787215500000000,2275.44000000,2286.09000000,2273.85000000,2282.25000000,5706.88110000,1787216399999999,13009499.87194700,76298,3563.81510000,8123989.02143600,0
1787216400000000,2282.26000000,2297.38000000,2277.52000000,2294.99000000,9287.82340000,1787217299999999,21253481.85516800,97950,5640.90240000,12908031.93355600,0
1787217300000000,2295.00000000,2298.39000000,2284.55000000,2284.56000000,11174.62240000,1787218199999999,25613110.46066300,81705,6076.04320000,13928044.62187300,0
1787218200000000,2284.56000000,2294.13000000,2278.63000000,2289.33000000,7072.67570000,1787219099999999,16175712.56160500,82191,4164.15470000,9525374.65496300,0
1787219100000000,2289.32000000,2290.36000000,2275.23000000,2278.56000000,6264.56330000,1787219999999999,14287418.04052900,68115,2432.57510000,5549595.52121900,0
1787220000000000,2278.56000000,2289.72000000,2275.54000000,2288.44000000,16784.71400000,1787220899999999,38318748.12959700,70990,6353.37440000,14504404.39228000,0
1787220900000000,2288.45000000,2295.87000000,2282.51000000,2286.08000000,6244.59200000,1787221799999999,14295553.12463700,64032,3857.70810000,8832231.85823600,0
1787221800000000,2286.08000000,2288.00000000,2281.00000000,2281.72000000,3049.30710000,1787222699999999,6965142.86956800,29684,1326.84630000,3031015.23492200,0
1787222700000000,2281.73000000,2287.00000000,2280.54000000,2287.00000000,2598.36660000,1787223599999999,5931171.51104300,18901,1635.16120000,3732640.25405600,0
1787223600000000,2286.99000000,2295.49000000,2282.31000000,2288.83000000,5488.64110000,1787224499999999,12571409.14424500,55359,3293.72720000,7543165.47353900,0
1787224500000000,2288.83000000,2296.78000000,2285.15000000,2295.37000000,5589.40790000,1787225399999999,12815416.10259500,57011,3660.77380000,8394513.54488800,0
1787225400000000,2295.36000000,2315.81000000,2294.03000000,2307.26000000,21209.37110000,1787226299999999,48959526.62597300,151665,12528.32250000,28914657.16786800,0
1787226300000000,2307.26000000,2320.00000000,2294.00000000,2296.58000000,13808.64530000,1787227199999999,31875143.43973900,141786,8771.14510000,20257910.70191800,0
1787227200000000,2296.59000000,2300.97000000,2268.89000000,2274.43000000,16339.66390000,1787228099999999,37340289.14304800,118184,7479.78280000,17092873.86222000,0
1787228100000000,2274.42000000,2282.08000000,2273.29000000,2279.05000000,4387.49410000,1787228999999999,9992703.45996200,44187,2163.83470000,4928345.43846500,0
1787229000000000,2279.05000000,2284.87000000,2274.28000000,2281.07000000,4690.11850000,1787229899999999,10693762.55066500,44811,2531.72700000,5773059.13761000,0
1787229900000000,2281.07000000,2293.19000000,2268.00000000,2290.23000000,5220.69640000,1787230799999999,11915439.41077400,64077,2829.25410000,6459822.92426600,0
1787230800000000,2290.23000000,2298.19000000,2286.90000000,2294.60000000,5185.55920000,1787231699999999,11889704.00007400,54193,2643.81750000,6062431.67953500,0
1787231700000000,2294.61000000,2295.99000000,2287.70000000,2288.36000000,6207.46060000,1787232599999999,14227826.59143800,67727,3207.23080000,7351878.28476100,0
1787232600000000,2288.36000000,2288.66000000,2255.68000000,2274.91000000,13793.50630000,1787233499999999,31312479.07142900,153028,6588.60790000,14959358.58606500,0
1787233500000000,2274.90000000,2281.74000000,2266.00000000,2276.91000000,5780.54320000,1787234399999999,13152578.87366300,75876,2982.53510000,6788513.14099300,0
1787234400000000,2276.92000000,2289.33000000,2275.69000000,2281.32000000,5764.05400000,1787235299999999,13160807.45017600,64247,3242.68820000,7404629.66956000,0
1787235300000000,2281.33000000,2282.58000000,2271.83000000,2274.32000000,5541.66380000,1787236199999999,12624938.11942300,98418,2862.28460000,6521420.22435900,0
1787236200000000,2274.32000000,2285.96000000,2273.71000000,2276.87000000,5719.34860000,1787237099999999,13032517.59623400,68567,2938.15570000,6696542.80680400,0
1787237100000000,2276.88000000,2281.25000000,2271.48000000,2281.24000000,3604.49020000,1787237999999999,8206249.24535100,51813,1859.86940000,4234864.30467500,0
1787238000000000,2281.24000000,2307.05000000,2281.24000000,2297.82000000,11333.32260000,1787238899999999,26008217.78433400,129181,6366.35950000,14610663.46204200,0
1787238900000000,2297.81000000,2314.20000000,2292.62000000,2313.78000000,14303.66010000,1787239799999999,32954755.60608400,127691,9489.47180000,21864530.36708900,0
1787239800000000,2313.78000000,2323.49000000,2298.01000000,2303.46000000,13700.52540000,1787240699999999,31632318.99611300,123983,7526.46400000,17378647.95980800,0
1787240700000000,2303.45000000,2337.89000000,2303.01000000,2326.41000000,17665.91300000,1787241599999999,41054967.45794500,146311,10495.90970000,24390305.45375600,0
1787241600000000,2326.40000000,2331.60000000,2317.71000000,2319.71000000,11757.53990000,1787242499999999,27328721.27861200,95065,5512.05670000,12810558.36056500,0
1787242500000000,2319.72000000,2326.94000000,2314.44000000,2326.19000000,9490.48150000,1787243399999999,22028667.22009900,69506,5035.30430000,11689180.84457500,0
1787243400000000,2326.19000000,2360.00000000,2320.40000000,2348.94000000,21379.66930000,1787244299999999,50053621.71616400,119160,12863.92020000,30123521.58182300,0
1787244300000000,2348.94000000,2349.64000000,2336.86000000,2344.48000000,10560.38400000,1787245199999999,24751652.57128800,95375,6008.17950000,14083268.28027300,0
1787245200000000,2344.48000000,2345.00000000,2332.44000000,2337.73000000,8702.68100000,1787246099999999,20358345.61708400,76065,3414.31880000,7988512.91811600,0
1787246100000000,2337.74000000,2346.33000000,2335.07000000,2344.19000000,6100.57550000,1787246999999999,14278735.58110900,48145,3143.46960000,7358500.59951500,0
1787247000000000,2344.20000000,2348.00000000,2339.32000000,2344.61000000,5698.94720000,1787247899999999,13361948.50098700,62507,2890.17720000,6777075.09519200,0
1787247900000000,2344.61000000,2351.28000000,2342.52000000,2344.26000000,5935.11180000,1787248799999999,13925862.86541800,54692,2963.87600000,6955100.76817900,0
1787248800000000,2344.25000000,2348.11000000,2325.56000000,2331.42000000,9996.56130000,1787249699999999,23332012.24054700,62882,3946.82070000,9213787.28877900,0
1787249700000000,2331.42000000,2334.40000000,2320.00000000,2326.25000000,7299.81460000,1787250599999999,17000666.31934900,42122,3012.77810000,7017212.96253400,0
1787250600000000,2326.25000000,2326.87000000,2310.44000000,2316.79000000,10755.54390000,1787251499999999,24910781.22036500,60863,5206.37340000,12053876.73095000,0
1787251500000000,2316.79000000,2323.47000000,2314.20000000,2316.38000000,4637.24920000,1787252399999999,10753618.10431200,31934,2207.25450000,5118781.33380500,0
1787252400000000,2316.37000000,2323.79000000,2312.14000000,2321.33000000,6603.66110000,1787253299999999,15312071.52151200,40741,3131.38490000,7259985.16435800,0
1787253300000000,2321.33000000,2330.46000000,2321.32000000,2328.15000000,6669.98390000,1787254199999999,15520398.26075500,45550,3768.35350000,8767984.42774700,0
1787254200000000,2328.14000000,2332.60000000,2323.16000000,2329.95000000,6810.68470000,1787255099999999,15858934.03534800,49628,3625.81860000,8443489.03636000,0
1787255100000000,2329.95000000,2332.05000000,2320.52000000,2323.77000000,7197.32690000,1787255999999999,16739283.95892300,68681,3107.17730000,7227255.99952600,0
1787256000000000,2323.78000000,2327.47000000,2319.93000000,2320.56000000,2211.56300000,1787256899999999,5139658.49767600,24916,920.51060000,2139188.11898700,0
1787256900000000,2320.56000000,2330.00000000,2317.90000000,2327.28000000,2543.95780000,1787257799999999,5911959.77163600,25165,1380.18480000,3207230.54430200,0
1787257800000000,2327.29000000,2331.50000000,2317.71000000,2320.35000000,2357.54900000,1787258699999999,5482497.01558000,32838,991.46220000,2305830.73125900,0
1787258700000000,2320.35000000,2320.74000000,2313.81000000,2318.58000000,1512.82010000,1787259599999999,3505731.93351500,25743,619.45720000,1435499.55174200,0
1787259600000000,2318.58000000,2323.04000000,2313.32000000,2321.88000000,2781.00500000,1787260499999999,6445533.46380300,22819,1287.81220000,2985012.20104900,0
1787260500000000,2321.88000000,2325.60000000,2314.23000000,2314.83000000,2541.46320000,1787261399999999,5894353.24021000,19360,1044.07600000,2421579.62216600,0
1787261400000000,2314.83000000,2322.54000000,2314.36000000,2319.52000000,2378.15920000,1787262299999999,5516635.59647000,20812,1302.83310000,3022113.02016000,0
1787262300000000,2319.52000000,2320.73000000,2316.27000000,2318.81000000,1847.77250000,1787263199999999,4285563.83414900,21360,997.90100000,2314412.97857800,0
1787263200000000,2318.81000000,2319.45000000,2306.67000000,2311.92000000,4668.02010000,1787264099999999,10801963.20333100,39614,2271.49390000,5256901.08054400,0
1787264100000000,2311.87000000,2317.99000000,2308.23000000,2314.85000000,2795.43080000,1787264999999999,6465114.71879300,19917,1223.27570000,2829468.06355600,0
1787265000000000,2314.86000000,2315.79000000,2310.53000000,2312.14000000,1441.28810000,1787265899999999,3334625.38684300,15319,644.75880000,1491641.91500000,0
1787265900000000,2312.14000000,2318.89000000,2311.83000000,2314.42000000,1722.22440000,1787266799999999,3987877.09488500,14883,859.86960000,1991085.88430400,0
1787266800000000,2314.42000000,2322.53000000,2313.10000000,2322.53000000,1750.22260000,1787267699999999,4056683.92303900,19103,944.30920000,2189024.77412800,0
1787267700000000,2322.52000000,2340.00000000,2321.83000000,2331.45000000,4175.09040000,1787268599999999,9732397.46291600,60553,2559.59950000,5965666.60853400,0
1787268600000000,2331.46000000,2334.85000000,2324.84000000,2325.76000000,1987.78060000,1787269499999999,4629285.45624200,31912,858.46210000,1999416.04728000,0
1787269500000000,2325.77000000,2329.56000000,2323.58000000,2326.82000000,2269.83930000,1787270399999999,5281013.51734500,38037,1172.13670000,2727267.56518700,0
1787270400000000,2326.83000000,2338.43000000,2324.99000000,2337.67000000,3076.06180000,1787271299999999,7169966.90264200,58719,1854.78530000,4323858.87991500,0
1787271300000000,2337.66000000,2348.00000000,2331.59000000,2337.62000000,7396.30320000,1787272199999999,17316193.72295500,82404,4039.95310000,9458650.60726700,0
1787272200000000,2337.62000000,2351.15000000,2332.03000000,2337.89000000,4739.91870000,1787273099999999,11096824.93008200,88156,2695.72610000,6313027.45621800,0
1787273100000000,2337.86000000,2350.87000000,2334.44000000,2340.82000000,3714.92230000,1787273999999999,8703413.08742700,62600,1958.48300000,4588504.67470500,0
1787274000000000,2340.82000000,2348.49000000,2338.00000000,2345.75000000,4081.67250000,1787274899999999,9564924.27087200,45715,2291.22880000,5369504.12799300,0
1787274900000000,2345.74000000,2366.90000000,2338.60000000,2353.10000000,11651.87820000,1787275799999999,27416333.64283800,135239,6449.76300000,15178570.26799600,0
1787275800000000,2353.10000000,2369.50000000,2348.36000000,2357.37000000,9150.28910000,1787276699999999,21593000.57976400,117612,4484.44960000,10583863.88586000,0
1787276700000000,2357.37000000,2380.82000000,2356.04000000,2359.37000000,14567.37780000,1787277599999999,34532083.83331500,160412,8715.18180000,20664877.94943900,0
1787277600000000,2359.37000000,2362.71000000,2343.17000000,2354.08000000,6825.69060000,1787278499999999,16060645.30201400,88368,3255.57830000,7662892.96354900,0
1787278500000000,2354.09000000,2360.51000000,2340.00000000,2359.32000000,7036.53780000,1787279399999999,16539402.05958700,67876,2586.88820000,6085519.57524100,0
1787279400000000,2359.32000000,2365.00000000,2352.97000000,2355.87000000,5066.61640000,1787280299999999,11955150.80549200,53989,2439.96640000,5756900.70451000,0
1787280300000000,2355.88000000,2356.17000000,2344.60000000,2345.75000000,3589.76130000,1787281199999999,8430225.06061600,36407,1702.25810000,3997019.42727500,0
1787281200000000,2345.75000000,2349.02000000,2337.23000000,2345.38000000,4892.70710000,1787282099999999,11468482.57191900,41706,2901.73820000,6804711.13744200,0
1787282100000000,2345.38000000,2350.45000000,2340.88000000,2349.62000000,3249.47080000,1787282999999999,7627364.65167800,40501,1941.78280000,4557976.95738000,0
1787283000000000,2349.63000000,2354.50000000,2346.05000000,2349.52000000,2881.04130000,1787283899999999,6772913.80090600,25650,1714.89290000,4031833.57232400,0
1787283900000000,2349.51000000,2354.50000000,2340.88000000,2341.04000000,3869.27080000,1787284799999999,9086606.40502300,24585,1996.05200000,4691121.74840400,0
1787284800000000,2341.05000000,2350.74000000,2341.05000000,2346.22000000,3067.97420000,1787285699999999,7198154.58828900,35322,1726.97890000,4051767.93909000,0
1787285700000000,2346.22000000,2350.36000000,2344.25000000,2344.72000000,2607.19030000,1787286599999999,6120488.98754000,34080,1290.28870000,3029022.54019900,0
1787286600000000,2344.72000000,2351.07000000,2343.62000000,2350.38000000,1856.13560000,1787287499999999,4358942.52175300,31054,971.23710000,2280502.69632000,0
1787287500000000,2350.37000000,2356.00000000,2349.08000000,2354.42000000,2144.05910000,1787288399999999,5046814.27512200,29799,1410.95520000,3320918.62449700,0
1787288400000000,2354.43000000,2359.96000000,2349.84000000,2359.00000000,2465.08170000,1787289299999999,5804085.23014100,36189,1144.66900000,2695694.30228400,0
1787289300000000,2359.00000000,2362.50000000,2349.67000000,2353.89000000,4014.92420000,1787290199999999,9465972.08604900,50329,2253.65530000,5314627.15348600,0
1787290200000000,2353.89000000,2358.09000000,2351.52000000,2354.61000000,2097.32400000,1787291099999999,4938616.05169400,27307,1119.73320000,2636654.44463400,0
1787291100000000,2354.62000000,2368.76000000,2352.80000000,2368.42000000,3746.40570000,1787291999999999,8847678.97827700,47367,2422.23140000,5721042.87285500,0
1787292000000000,2368.42000000,2378.70000000,2364.09000000,2365.69000000,7184.75750000,1787292899999999,17039143.66249800,66881,3681.35750000,8730435.53562000,0
1787292900000000,2365.69000000,2368.78000000,2355.15000000,2360.80000000,3811.66980000,1787293799999999,9001234.22918400,55752,1858.91460000,4390726.16849000,0
1787293800000000,2360.81000000,2374.08000000,2360.70000000,2369.66000000,5183.36500000,1787294699999999,12280372.64936700,66279,3145.27810000,7451307.29354400,0
1787294700000000,2369.65000000,2384.17000000,2364.62000000,2372.47000000,6093.48110000,1787295599999999,14466652.40015900,72933,3523.56790000,8365951.78878700,0
1787295600000000,2372.48000000,2387.22000000,2370.71000000,2386.47000000,8623.15610000,1787296499999999,20504122.08523300,71343,3854.94300000,9166650.95235100,0
1787296500000000,2386.47000000,2398.71000000,2377.94000000,2381.74000000,12323.60760000,1787297399999999,29418810.70842700,129883,5699.42950000,13612657.67866000,0
1787297400000000,2381.73000000,2389.32000000,2372.18000000,2380.78000000,13911.99780000,1787298299999999,33130495.25444400,104945,6006.39360000,14309568.23109500,0
1787298300000000,2380.78000000,2383.18000000,2362.66000000,2371.66000000,12177.04660000,1787299199999999,28910027.62460700,55520,4490.13620000,10661938.49480700,0
1787299200000000,2371.67000000,2391.74000000,2370.24000000,2383.74000000,6225.06360000,1787300099999999,14829515.84883100,49670,3493.89800000,8322920.72117300,0
1787300100000000,2383.74000000,2392.42000000,2378.94000000,2387.38000000,6667.20850000,1787300999999999,15909682.56972100,65645,3547.43890000,8466715.65869200,0
1787301000000000,2387.38000000,2415.84000000,2386.19000000,2409.71000000,24437.80730000,1787301899999999,58773045.77531300,183651,13066.22970000,31413999.04367200,0
1787301900000000,2409.71000000,2447.98000000,2408.06000000,2444.20000000,29603.94270000,1787302799999999,71992960.34930700,202252,14275.03660000,34717508.98030600,0
1787302800000000,2444.20000000,2446.23000000,2376.32000000,2398.71000000,27398.39100000,1787303699999999,65951588.91088500,299897,13706.60510000,32996285.24044200,0
1787303700000000,2398.71000000,2400.00000000,2384.01000000,2389.47000000,8771.44570000,1787304599999999,20968957.32070100,146929,4453.86080000,10648802.67719300,0
1787304600000000,2389.47000000,2411.66000000,2385.95000000,2407.99000000,8292.72880000,1787305499999999,19895162.54092100,112981,4799.11370000,11516800.04388300,0
1787305500000000,2407.98000000,2416.25000000,2391.94000000,2404.00000000,9332.69060000,1787306399999999,22476721.81286400,109388,6060.97080000,14602271.59992600,0
1787306400000000,2404.00000000,2406.22000000,2394.22000000,2401.21000000,5734.18360000,1787307299999999,13758221.21297200,61583,3250.51120000,7800366.32624300,0
1787307300000000,2401.21000000,2411.84000000,2390.64000000,2400.30000000,5683.78000000,1787308199999999,13654838.94210600,91685,3005.78640000,7223151.49283000,0
1787308200000000,2400.30000000,2402.04000000,2391.31000000,2397.72000000,3719.09380000,1787309099999999,8913985.26047400,53693,1673.85070000,4011644.37703700,0
1787309100000000,2397.73000000,2405.54000000,2393.78000000,2395.33000000,3764.64290000,1787309999999999,9030313.89428600,30499,2024.82320000,4857059.00815000,0
1787310000000000,2395.32000000,2399.18000000,2377.11000000,2386.34000000,5673.44370000,1787310899999999,13548995.18688100,59482,2171.71350000,5188724.84349500,0
1787310900000000,2386.34000000,2389.00000000,2372.45000000,2385.78000000,7816.37880000,1787311799999999,18617688.50048500,97604,3730.51990000,8887422.73267300,0
1787311800000000,2385.79000000,2386.76000000,2357.18000000,2374.10000000,11352.62270000,1787312699999999,26922204.33465500,102420,5439.60450000,12900689.02224700,0
1787312700000000,2374.09000000,2377.49000000,2362.05000000,2370.47000000,9372.59740000,1787313599999999,22220211.33620300,88826,5003.60770000,11866424.10413300,0
1787313600000000,2370.48000000,2380.56000000,2365.44000000,2379.01000000,6042.82940000,1787314499999999,14339570.22134900,48136,4246.37180000,10076555.83194100,0
1787314500000000,2379.01000000,2379.46000000,2369.47000000,2375.19000000,5208.27940000,1787315399999999,12368840.61186300,45771,2908.49450000,6907203.14579900,0
1787315400000000,2375.19000000,2395.76000000,2373.30000000,2394.58000000,9265.17770000,1787316299999999,22107896.71450400,68356,5740.69330000,13695388.73129100,0
1787316300000000,2394.57000000,2397.50000000,2385.17000000,2388.62000000,7991.40650000,1787317199999999,19115653.12121700,45599,3252.00800000,7777144.45913500,0
1787317200000000,2388.62000000,2396.82000000,2384.22000000,2390.93000000,6181.85210000,1787318099999999,14772966.64219900,40714,3709.15250000,8864010.41003800,0
1787318100000000,2390.93000000,2391.18000000,2381.87000000,2386.80000000,4779.34620000,1787318999999999,11403804.54287500,39795,2284.10990000,5449795.55432900,0
1787319000000000,2386.80000000,2399.00000000,2368.08000000,2395.42000000,11910.42530000,1787319899999999,28364971.80517700,121449,6650.22780000,15842667.01279300,0
1787319900000000,2395.41000000,2406.41000000,2382.11000000,2387.65000000,9370.32040000,1787320799999999,22441939.05565900,137618,5017.39410000,12018021.36115300,0
1787320800000000,2387.65000000,2387.65000000,2374.08000000,2379.29000000,7062.74950000,1787321699999999,16813636.95225600,98028,3285.83020000,7825154.80812200,0
1787321700000000,2379.30000000,2392.31000000,2369.41000000,2392.25000000,8620.64470000,1787322599999999,20519513.09918700,90607,4748.01360000,11304702.13469900,0
1787322600000000,2392.26000000,2397.45000000,2376.87000000,2385.85000000,7416.84770000,1787323499999999,17708143.82325500,75692,3744.99880000,8942746.95524400,0
1787323500000000,2385.84000000,2394.44000000,2385.84000000,2393.67000000,3709.63850000,1787324399999999,8867998.94897700,56641,1738.33750000,4155041.04604000,0
1787324400000000,2393.67000000,2406.31000000,2391.53000000,2402.74000000,5311.57250000,1787325299999999,12744688.27957500,71597,3341.15490000,8018028.50404500,0
1787325300000000,2402.73000000,2408.55000000,2397.29000000,2398.81000000,8810.47670000,1787326199999999,21159334.84200500,80054,5956.67420000,14305583.28942800,0
1787326200000000,2398.80000000,2403.81000000,2394.64000000,2400.20000000,7363.83050000,1787327099999999,17673263.63198400,67942,4847.38400000,11633882.12709700,0
1787327100000000,2400.21000000,2404.00000000,2389.02000000,2393.65000000,9413.72770000,1787327999999999,22582081.21346200,66801,4378.21500000,10508276.65726200,0
1787328000000000,2393.64000000,2397.81000000,2384.30000000,2384.74000000,9026.43460000,1787328899999999,21579560.21133600,77290,6356.07620000,15196654.92296700,0
1787328900000000,2384.73000000,2403.26000000,2384.00000000,2402.91000000,8371.16730000,1787329799999999,20062800.72615400,73697,5022.82360000,12035028.28449600,0
1787329800000000,2402.91000000,2403.55000000,2399.13000000,2401.60000000,3649.72440000,1787330699999999,8763814.54899200,42155,1751.70110000,4206081.89723800,0
1787330700000000,2401.60000000,2413.14000000,2400.51000000,2405.97000000,7631.53530000,1787331599999999,18373466.52467800,68206,5308.34370000,12780105.62956400,0
1787331600000000,2405.97000000,2421.47000000,2404.62000000,2415.55000000,8709.00360000,1787332499999999,21015771.40800200,67517,5376.29930000,12973624.40691200,0
1787332500000000,2415.56000000,2416.55000000,2402.10000000,2416.55000000,9647.93780000,1787333399999999,23254937.24542500,59934,5802.11710000,13983927.96485800,0
1787333400000000,2416.55000000,2426.61000000,2414.76000000,2419.90000000,8632.62600000,1787334299999999,20896012.03638500,63941,4566.37110000,11054440.09615200,0
1787334300000000,2419.91000000,2428.00000000,2416.99000000,2423.61000000,6968.79330000,1787335199999999,16896666.13373600,30460,3335.01830000,8085624.46131000,0
1787335200000000,2423.61000000,2427.69000000,2417.61000000,2422.52000000,4622.45890000,1787336099999999,11206321.25819400,28106,2000.05380000,4848094.62111600,0
1787336100000000,2422.52000000,2432.35000000,2422.52000000,2424.67000000,5034.18840000,1787336999999999,12218266.55092700,33706,3244.39090000,7873953.32128100,0
1787337000000000,2424.68000000,2426.55000000,2406.40000000,2408.73000000,5393.29350000,1787337899999999,13038921.56571500,59386,2317.44050000,5602888.20483600,0
1787337900000000,2408.73000000,2422.37000000,2395.89000000,2420.71000000,8103.01580000,1787338799999999,19498076.37416400,83980,4673.81630000,11250245.64981900,0
1787338800000000,2420.72000000,2420.92000000,2407.56000000,2415.50000000,3004.70040000,1787339699999999,7249295.85724400,47403,1367.41560000,3298991.41222900,0
1787339700000000,2415.49000000,2419.99000000,2408.07000000,2418.66000000,3364.96070000,1787340599999999,8127348.92267600,39238,2017.01560000,4872729.27311900,0
1787340600000000,2418.66000000,2420.62000000,2413.90000000,2417.49000000,3406.94740000,1787341499999999,8236706.41803600,37731,1655.82470000,4003194.93841300,0
1787341500000000,2417.48000000,2418.75000000,2412.99000000,2413.55000000,4019.00480000,1787342399999999,9708325.65080300,37722,1502.32270000,3629058.23576800,0
1787342400000000,2413.54000000,2430.66000000,2408.86000000,2425.86000000,4686.60230000,1787343299999999,11351724.55261800,38095,2245.93670000,5440096.87723600,0
1787343300000000,2425.86000000,2447.85000000,2425.86000000,2445.24000000,8354.30970000,1787344199999999,20369864.03869300,82942,4819.13650000,11752374.53490500,0
1787344200000000,2445.24000000,2445.24000000,2433.14000000,2437.79000000,3581.52320000,1787345099999999,8734228.72558800,52870,1486.04070000,3623229.57799300,0
1787345100000000,2437.79000000,2445.00000000,2427.45000000,2441.05000000,3418.41840000,1787345999999999,8331630.53190600,50859,1529.43280000,3728096.03972700,0
1787346000000000,2441.05000000,2459.90000000,2434.71000000,2449.61000000,8536.70910000,1787346899999999,20914709.40616200,84071,4963.25080000,12161389.19040800,0
1787346900000000,2449.61000000,2489.00000000,2444.68000000,2479.99000000,17420.34310000,1787347799999999,43060850.73693000,139581,10306.60810000,25476037.72536700,0
1787347800000000,2479.99000000,2497.00000000,2474.63000000,2484.81000000,12416.47160000,1787348699999999,30858357.78736800,103885,6931.98760000,17234547.67501200,0
1787348700000000,2484.89000000,2520.86000000,2482.98000000,2513.27000000,21330.11890000,1787349599999999,53429726.91824700,133771,14950.04320000,37438797.31768500,0
1787349600000000,2513.26000000,2546.78000000,2506.88000000,2541.63000000,24596.40980000,1787350499999999,62285348.09769700,197842,15258.34280000,38633016.38294700,0
1787350500000000,2541.62000000,2543.12000000,2528.30000000,2532.95000000,8187.18220000,1787351399999999,20754070.03711600,74523,3730.15310000,9456023.31233900,0
1787351400000000,2532.96000000,2534.90000000,2509.23000000,2529.60000000,10695.56190000,1787352299999999,26992306.88934500,128216,5463.48440000,13791855.40958100,0
1787352300000000,2529.59000000,2529.59000000,2513.68000000,2521.89000000,9493.85430000,1787353199999999,23955691.49908600,80694,6292.87090000,15880641.10436500,0
1787353200000000,2521.89000000,2527.00000000,2515.44000000,2524.51000000,8255.91860000,1787354099999999,20817284.77842500,77180,6155.39300000,15523053.00230200,0
1787354100000000,2524.52000000,2546.42000000,2521.97000000,2525.60000000,9917.58460000,1787354999999999,25127831.55981300,95612,5378.55320000,13631047.85968800,0
1787355000000000,2525.61000000,2531.03000000,2512.46000000,2524.05000000,6186.18120000,1787355899999999,15595955.51213600,46654,2971.59690000,7493000.40974200,0
1787355900000000,2524.04000000,2525.57000000,2510.00000000,2516.30000000,4597.09160000,1787356799999999,11565463.52213900,49504,2107.94950000,5304198.98554700,0
1787356800000000,2516.31000000,2522.99000000,2491.11000000,2501.73000000,8801.59320000,1787357699999999,22038225.05945700,80405,3760.45590000,9419399.34861900,0
1787357700000000,2501.73000000,2512.09000000,2499.03000000,2506.89000000,6031.34040000,1787358599999999,15120229.19265900,38184,3413.51960000,8557516.70617100,0
1787358600000000,2506.89000000,2516.20000000,2504.09000000,2509.19000000,5657.64270000,1787359499999999,14201428.92261400,42609,3274.64770000,8220524.84619700,0
1787359500000000,2509.19000000,2522.93000000,2504.17000000,2522.44000000,9050.10900000,1787360399999999,22770588.81636500,73447,5305.97280000,13348679.33464800,0
1787360400000000,2522.44000000,2528.58000000,2518.35000000,2520.27000000,6543.94990000,1787361299999999,16508064.80065700,63582,4005.58400000,10105423.95165200,0
1787361300000000,2520.27000000,2525.09000000,2515.50000000,2518.07000000,4536.52210000,1787362199999999,11429441.24773600,51856,2488.92300000,6271010.37317200,0
1787362200000000,2518.07000000,2527.94000000,2511.48000000,2514.24000000,5836.08900000,1787363099999999,14705481.40547500,58331,3204.25850000,8074398.71801100,0
1787363100000000,2514.23000000,2523.96000000,2506.97000000,2506.99000000,5393.51680000,1787363999999999,13575427.60583700,38521,3142.93580000,7912162.80939600,0
1787364000000000,2506.99000000,2512.50000000,2504.11000000,2508.99000000,3862.62330000,1787364899999999,9690797.20973500,39307,1805.24950000,4529033.52240800,0
1787364900000000,2508.99000000,2523.24000000,2508.35000000,2519.50000000,3371.70770000,1787365799999999,8483430.46293700,32527,2093.21690000,5268537.43761000,0
1787365800000000,2519.50000000,2522.10000000,2495.65000000,2510.25000000,7223.43710000,1787366699999999,18115657.52804500,86940,3238.98050000,8122625.02062500,0
1787366700000000,2510.25000000,2516.02000000,2504.62000000,2516.02000000,3659.00390000,1787367599999999,9184813.96553300,55492,1853.17950000,4652079.32957700,0
1787367600000000,2516.02000000,2521.64000000,2512.64000000,2513.07000000,3408.91020000,1787368499999999,8579155.38776000,55397,1717.42560000,4322235.66934500,0
1787368500000000,2513.08000000,2526.68000000,2512.88000000,2520.00000000,4646.76810000,1787369399999999,11718614.04382400,40986,2621.76660000,6611799.23727400,0
1787369400000000,2519.99000000,2523.94000000,2513.49000000,2517.75000000,4574.02960000,1787370299999999,11518640.02794700,52866,2272.46240000,5722412.52120200,0
1787370300000000,2517.74000000,2523.01000000,2514.79000000,2515.06000000,3773.95590000,1787371199999999,9506595.99496200,35212,2153.31920000,5424194.57390600,0
1787371200000000,2515.06000000,2520.45000000,2510.00000000,2519.83000000,4265.61370000,1787372099999999,10732414.37451700,30660,2556.46190000,6433555.55160600,0
1787372100000000,2519.82000000,2519.82000000,2506.05000000,2517.19000000,5994.43700000,1787372999999999,15066126.54743100,61775,3189.28930000,8016437.86582900,0
1787373000000000,2517.20000000,2529.99000000,2514.39000000,2527.80000000,9362.31190000,1787373899999999,23619027.63882600,87695,5721.29220000,14428608.90381800,0
1787373900000000,2527.80000000,2527.92000000,2514.23000000,2514.43000000,5829.49540000,1787374799999999,14690623.64405800,60416,2407.99100000,6067591.57288500,0
1787374800000000,2514.43000000,2518.31000000,2385.00000000,2445.19000000,62089.05110000,1787375699999999,151597072.49320600,263054,27905.30290000,68038243.50252200,0
1787375700000000,2445.19000000,2453.34000000,2409.48000000,2438.40000000,25905.44900000,1787376599999999,63019837.21589900,224577,12586.14150000,30630340.27847900,0
1787376600000000,2438.41000000,2449.22000000,2423.26000000,2433.23000000,12425.43010000,1787377499999999,30249742.76570500,129953,4678.55710000,11393445.56144400,0
1787377500000000,2433.24000000,2445.90000000,2428.12000000,2439.95000000,7795.91640000,1787378399999999,19013854.11251700,61980,3503.60700000,8546145.01744200,0
1787378400000000,2439.95000000,2443.68000000,2427.15000000,2428.09000000,5949.98450000,1787379299999999,14479661.05058400,73679,2333.33510000,5678969.18390100,0
1787379300000000,2428.09000000,2437.00000000,2427.00000000,2430.09000000,4355.16770000,1787380199999999,10590155.16032200,39598,2173.23530000,5284708.87858700,0
1787380200000000,2430.08000000,2439.99000000,2412.18000000,2431.11000000,14470.58450000,1787381099999999,35101345.88616000,90134,7229.83090000,17538287.59267100,0
1787381100000000,2431.11000000,2439.56000000,2430.98000000,2437.78000000,5860.98220000,1787381999999999,14277301.90467500,59206,3975.62100000,9684095.38342000,0
1787382000000000,2437.79000000,2447.60000000,2428.07000000,2434.20000000,5269.06030000,1787382899999999,12852990.92992100,82601,2944.57030000,7184201.56034900,0
1787382900000000,2434.21000000,2441.99000000,2426.80000000,2441.99000000,3638.25810000,1787383799999999,8859119.59551400,61497,2026.28220000,4934677.01661200,0
1787383800000000,2441.99000000,2442.00000000,2431.75000000,2436.80000000,4711.57920000,1787384699999999,11491681.69727300,56178,1747.77580000,4262372.00528800,0
1787384700000000,2436.80000000,2438.85000000,2431.92000000,2433.31000000,3679.55890000,1787385599999999,8961792.29288600,31935,1588.47680000,3869182.43990400,0
1787385600000000,2433.32000000,2441.10000000,2428.76000000,2439.82000000,3580.43050000,1787386499999999,8717647.85657000,43170,1777.26580000,4328128.73150800,0
1787386500000000,2439.82000000,2440.16000000,2423.91000000,2426.64000000,4108.80950000,1787387399999999,9986712.69932300,55397,1393.04660000,3386334.62543200,0
1787387400000000,2426.64000000,2426.64000000,2412.16000000,2424.87000000,8563.66780000,1787388299999999,20717546.68142200,100511,3140.22450000,7597015.27944400,0
1787388300000000,2424.86000000,2426.53000000,2417.97000000,2425.74000000,6206.15470000,1787389199999999,15033179.68942100,33517,3742.42210000,9065416.30773100,0
1787389200000000,2425.74000000,2428.00000000,2412.84000000,2427.90000000,5766.73340000,1787390099999999,13956339.88187600,51131,2669.55330000,6462572.34743000,0
1787390100000000,2427.91000000,2429.41000000,2422.01000000,2425.30000000,3123.02710000,1787390999999999,7576067.63903800,44656,1750.12050000,4245428.05021800,0
1787391000000000,2425.29000000,2426.62000000,2420.01000000,2423.10000000,2736.63390000,1787391899999999,6632930.31009700,45531,1461.31880000,3541865.70617800,0
1787391900000000,2423.10000000,2423.44000000,2414.66000000,2421.93000000,4640.35490000,1787392799999999,11223835.20512500,66682,2311.64800000,5592375.87362500,0
1787392800000000,2421.93000000,2423.11000000,2397.99000000,2400.93000000,10319.66520000,1787393699999999,24851832.54485400,110555,5191.59380000,12500318.34860100,0
1787393700000000,2400.93000000,2408.30000000,2389.45000000,2406.95000000,9100.07810000,1787394599999999,21827715.40183500,109149,4246.75310000,10188177.64049900,0
1787394600000000,2406.95000000,2415.96000000,2403.03000000,2415.39000000,4136.02090000,1787395499999999,9965822.47669300,58892,2386.89340000,5752560.89652300,0
1787395500000000,2415.38000000,2417.39000000,2408.17000000,2412.73000000,6762.20720000,1787396399999999,16318903.49027400,49091,2193.88300000,5291760.90026100,0
1787396400000000,2412.73000000,2415.77000000,2405.40000000,2408.02000000,2801.00190000,1787397299999999,6751547.47002600,35982,1366.33910000,3293936.93427100,0
1787397300000000,2408.00000000,2415.96000000,2406.66000000,2414.48000000,2101.74300000,1787398199999999,5068785.28542800,19877,1162.51920000,2804019.13924600,0
1787398200000000,2414.48000000,2425.41000000,2413.08000000,2425.00000000,3516.52540000,1787399099999999,8509931.72232200,30817,2386.18020000,5774858.71596000,0
1787399100000000,2425.01000000,2426.73000000,2420.80000000,2423.93000000,3253.61140000,1787399999999999,7885510.27287300,38504,1995.99690000,4837953.06015900,0
1787400000000000,2423.92000000,2435.00000000,2419.10000000,2433.00000000,7448.06650000,1787400899999999,18092087.06070500,70857,5125.18960000,12450543.54372100,0
1787400900000000,2433.00000000,2437.76000000,2429.70000000,2435.37000000,4320.10430000,1787401799999999,10516698.39117100,33237,2587.14600000,6297369.18536200,0
1787401800000000,2435.37000000,2437.43000000,2427.65000000,2431.57000000,3180.68630000,1787402699999999,7733998.09894100,26550,1802.72900000,4382773.64610800,0
1787402700000000,2431.57000000,2432.50000000,2427.09000000,2428.12000000,2295.64880000,1787403599999999,5576677.12700400,23424,1380.31210000,3352946.80509700,0
1787403600000000,2428.11000000,2429.21000000,2424.60000000,2426.49000000,3379.91430000,1787404499999999,8201713.52544600,36950,1552.88680000,3768248.48246800,0
1787404500000000,2426.49000000,2429.98000000,2422.27000000,2426.22000000,2652.53540000,1787405399999999,6435966.34973600,33032,1502.68200000,3646170.34570800,0
1787405400000000,2426.23000000,2428.34000000,2421.71000000,2425.27000000,2050.56960000,1787406299999999,4972572.28970400,24304,1152.94400000,2795925.18439900,0
1787406300000000,2425.27000000,2433.25000000,2424.43000000,2430.09000000,3060.19050000,1787407199999999,7434755.15451900,24496,2055.34710000,4993573.44914800,0
1787407200000000,2430.09000000,2431.48000000,2414.40000000,2418.68000000,4612.44110000,1787408099999999,11165647.85773800,40066,1825.24570000,4419620.67154900,0
1787408100000000,2418.68000000,2421.00000000,2414.02000000,2420.99000000,2739.42670000,1787408999999999,6620644.37705000,30046,1436.05490000,3470946.77022800,0
1787409000000000,2420.99000000,2424.49000000,2412.40000000,2412.41000000,3632.55770000,1787409899999999,8786073.17243600,39013,1249.98140000,3023760.04442700,0
1787409900000000,2412.41000000,2415.64000000,2409.36000000,2413.94000000,2795.76100000,1787410799999999,6744529.51416600,32830,1367.07620000,3298144.54091800,0
1787410800000000,2413.93000000,2416.71000000,2406.32000000,2406.32000000,3390.93170000,1787411699999999,8176135.92204600,28213,1251.62140000,3018354.92935700,0
1787411700000000,2406.32000000,2411.87000000,2405.62000000,2410.90000000,3814.50620000,1787412599999999,9190207.38572000,26853,1828.89640000,4407006.53118300,0
1787412600000000,2410.91000000,2414.78000000,2410.10000000,2412.61000000,1943.40510000,1787413499999999,4687950.37302100,23052,825.58410000,1991569.32793100,0
1787413500000000,2412.61000000,2413.94000000,2409.23000000,2410.90000000,1658.91900000,1787414399999999,3999966.99824300,25810,821.94870000,1981784.04029800,0
1787414400000000,2410.89000000,2416.19000000,2409.00000000,2414.67000000,2328.11280000,1787415299999999,5617852.66724800,22363,1237.25870000,2985547.64207100,0
1787415300000000,2414.67000000,2422.55000000,2414.67000000,2420.51000000,1924.37170000,1787416199999999,4656150.76229800,20498,1162.31560000,2812226.36620400,0
1787416200000000,2420.51000000,2429.00000000,2419.24000000,2426.05000000,3483.11820000,1787417099999999,8442834.71667600,41535,2113.24770000,5122707.27569200,0
1787417100000000,2426.05000000,2429.94000000,2422.48000000,2422.63000000,2869.31500000,1787417999999999,6960098.23945100,25601,1760.74590000,4271527.95716900,0
1787418000000000,2422.64000000,2425.51000000,2421.84000000,2424.03000000,1258.24240000,1787418899999999,3049480.72360800,21017,607.41680000,1472127.53287900,0
1787418900000000,2424.04000000,2428.83000000,2417.27000000,2419.19000000,2491.94180000,1787419799999999,6041879.91455500,17656,1348.54430000,3270329.66339800,0
1787419800000000,2419.20000000,2425.47000000,2419.20000000,2424.85000000,1675.34020000,1787420699999999,4060353.18573600,17945,755.94120000,1832125.18193700,0
1787420700000000,2424.85000000,2431.55000000,2423.74000000,2426.32000000,1887.63680000,1787421599999999,4582731.45820200,22848,1054.52650000,2560335.11440400,0
1787421600000000,2426.33000000,2430.98000000,2425.36000000,2427.04000000,1221.88270000,1787422499999999,2966534.21875600,20725,530.64840000,1288229.90970000,0
1787422500000000,2427.04000000,2434.49000000,2426.82000000,2431.21000000,2202.33080000,1787423399999999,5354635.99776000,19273,1262.85400000,3070503.58241000,0
1787423400000000,2431.20000000,2434.12000000,2426.60000000,2426.61000000,1933.89450000,1787424299999999,4700196.11069700,17731,1091.37680000,2652667.85292300,0
1787424300000000,2426.60000000,2428.63000000,2421.76000000,2427.13000000,2371.02390000,1787425199999999,5750251.85267200,23049,1143.58750000,2773396.26948300,0
1787425200000000,2427.13000000,2430.30000000,2423.98000000,2429.51000000,1909.37210000,1787426099999999,4634725.87420900,23450,1156.41570000,2807316.08929200,0
1787426100000000,2429.51000000,2431.00000000,2427.06000000,2428.69000000,3007.48890000,1787426999999999,7304693.55018500,27042,2370.71010000,5757839.16274900,0
1787427000000000,2428.69000000,2435.02000000,2428.68000000,2435.01000000,1758.25480000,1787427899999999,4275894.56268100,18967,1331.67860000,3238599.12632000,0
1787427900000000,2435.00000000,2444.71000000,2433.75000000,2439.41000000,5482.10730000,1787428799999999,13376497.96660100,36484,4283.64340000,10451892.17376800,0
1787428800000000,2439.41000000,2443.72000000,2436.77000000,2441.30000000,3330.27150000,1787429699999999,8128284.15738700,21673,2374.93640000,5796973.50826100,0
1787429700000000,2441.29000000,2441.96000000,2437.56000000,2437.91000000,2228.06860000,1787430599999999,5436211.78327000,18828,1416.42850000,3456201.66701500,0
1787430600000000,2437.91000000,2439.60000000,2435.24000000,2436.66000000,1173.32550000,1787431499999999,2859307.86762300,17160,490.45430000,1195117.62061300,0
1787431500000000,2436.66000000,2437.50000000,2429.38000000,2431.84000000,1680.33310000,1787432399999999,4088607.64325800,14438,599.18150000,1458376.48989600,0
1787432400000000,2431.83000000,2431.95000000,2412.35000000,2412.73000000,5092.42690000,1787433299999999,12324807.22162800,48576,1728.02690000,4181150.96074900,0
1787433300000000,2412.73000000,2422.14000000,2412.73000000,2421.82000000,2920.53780000,1787434199999999,7064646.97527800,32282,1236.66160000,2991029.62907900,0
1787434200000000,2421.83000000,2422.86000000,2408.47000000,2416.44000000,4521.49430000,1787435099999999,10915134.87332800,41363,1585.80450000,3827594.60086200,0
1787435100000000,2416.45000000,2416.45000000,2403.47000000,2407.54000000,4007.33190000,1787435999999999,9654336.78444500,39476,1294.60350000,3118190.31260400,0
1787436000000000,2407.54000000,2421.42000000,2404.35000000,2419.89000000,5065.15650000,1787436899999999,12228955.71905100,48945,2653.64270000,6407996.17079100,0
1787436900000000,2419.88000000,2425.14000000,2417.47000000,2423.16000000,2074.90990000,1787437799999999,5024205.50109800,24138,1068.22720000,2586583.51968700,0
1787437800000000,2423.16000000,2423.48000000,2408.51000000,2414.61000000,3600.92770000,1787438699999999,8697082.52628900,27685,1322.23790000,3193212.31610500,0
1787438700000000,2414.62000000,2418.36000000,2411.91000000,2414.16000000,1883.89220000,1787439599999999,4549998.65039900,16345,876.80970000,2117646.49122600,0
1787439600000000,2414.17000000,2417.00000000,2410.82000000,2415.42000000,1710.81760000,1787440499999999,4131758.86539000,18111,637.60100000,1539737.02193100,0
1787440500000000,2415.42000000,2420.40000000,2414.17000000,2417.67000000,1686.00180000,1787441399999999,4076768.69317400,13839,880.54470000,2129214.84965400,0
1787441400000000,2417.67000000,2422.07000000,2415.57000000,2421.27000000,1920.30580000,1787442299999999,4645645.74125900,24834,944.15690000,2284190.93686700,0
1787442300000000,2421.27000000,2427.90000000,2420.95000000,2422.60000000,2798.24710000,1787443199999999,6786735.72339900,25106,2038.12540000,4943587.28094000,0
1787443200000000,2422.60000000,2425.63000000,2419.99000000,2420.98000000,1879.16280000,1787444099999999,4553708.31417500,24345,1058.40400000,2564768.84010500,0
1787444100000000,2420.97000000,2429.72000000,2419.67000000,2426.76000000,3388.24620000,1787444999999999,8216613.65818400,36238,2326.65580000,5642704.52453000,0
1787445000000000,2426.76000000,2434.00000000,2426.16000000,2427.43000000,2525.99200000,1787445899999999,6136488.29129200,30517,1410.21910000,3426222.80785500,0
1787445900000000,2427.43000000,2435.53000000,2426.71000000,2430.96000000,3330.22920000,1787446799999999,8099889.65999800,30666,1976.27960000,4806243.70321200,0
1787446800000000,2430.96000000,2431.02000000,2424.63000000,2430.19000000,2108.38350000,1787447699999999,5118401.49513900,29356,852.84990000,2070560.21944000,0
1787447700000000,2430.19000000,2433.34000000,2425.86000000,2429.98000000,1755.28420000,1787448599999999,4265235.77765100,17768,1194.63270000,2902863.10120900,0
1787448600000000,2429.98000000,2433.16000000,2420.92000000,2426.51000000,2932.05030000,1787449499999999,7112530.42633600,22621,1334.03210000,3235936.56435000,0
1787449500000000,2426.50000000,2429.85000000,2420.35000000,2423.25000000,2881.69750000,1787450399999999,6989348.38831900,25947,1482.84930000,3596927.88346100,0
1787450400000000,2423.26000000,2424.49000000,2413.48000000,2413.84000000,1794.68330000,1787451299999999,4342012.82316800,22584,632.55360000,1530482.52980000,0
1787451300000000,2413.84000000,2419.60000000,2408.00000000,2416.17000000,2601.22340000,1787452199999999,6278029.54575400,32410,837.32770000,2021015.56173300,0
1787452200000000,2416.16000000,2420.92000000,2415.51000000,2419.07000000,1065.84260000,1787453099999999,2578365.82235000,13202,567.66030000,1373123.35478000,0
1787453100000000,2419.07000000,2424.47000000,2416.26000000,2416.95000000,1684.38020000,1787453999999999,4076597.00883200,18553,900.85520000,2180296.85842900,0
1787454000000000,2416.96000000,2418.34000000,2413.37000000,2417.22000000,1477.65380000,1787454899999999,3570010.44795100,17221,438.98220000,1060561.27762100,0
1787454900000000,2417.21000000,2419.05000000,2412.18000000,2413.26000000,1535.23210000,1787455799999999,3707960.20912600,24210,642.18040000,1551008.58431400,0
1787455800000000,2413.26000000,2413.53000000,2408.40000000,2409.99000000,1885.76640000,1787456699999999,4545538.52096300,25471,838.71910000,2021515.18388200,0
1787456700000000,2409.99000000,2414.57000000,2409.99000000,2413.98000000,1419.27380000,1787457599999999,3424645.02127600,15609,702.20730000,1694332.18906200,0
1787457600000000,2413.98000000,2417.02000000,2402.00000000,2414.23000000,4192.94190000,1787458499999999,10098883.17621800,43175,1824.41290000,4395224.96532000,0
1787458500000000,2414.24000000,2416.15000000,2404.11000000,2410.59000000,3375.69430000,1787459399999999,8134541.24124900,33137,1283.77440000,3094494.92702200,0
1787459400000000,2410.59000000,2410.83000000,2401.81000000,2402.46000000,3262.77870000,1787460299999999,7846639.89339700,45616,1241.03510000,2984650.21545200,0
1787460300000000,2402.46000000,2403.02000000,2372.17000000,2378.66000000,14880.66420000,1787461199999999,35480922.82264200,125922,6157.24930000,14673647.05213200,0
1787461200000000,2378.67000000,2384.80000000,2363.26000000,2366.41000000,9840.57660000,1787462099999999,23368814.89135200,106784,4779.47810000,11352734.80163200,0
1787462100000000,2366.49000000,2387.00000000,2355.71000000,2380.27000000,9380.83250000,1787462999999999,22254752.94019800,119782,4655.62770000,11053560.46363100,0
1787463000000000,2380.26000000,2384.17000000,2373.18000000,2376.79000000,2809.04120000,1787463899999999,6681509.38199600,63015,1189.23400000,2828768.78139100,0
1787463900000000,2376.78000000,2378.62000000,2372.53000000,2372.99000000,1805.22460000,1787464799999999,4288967.61003500,34144,931.99230000,2214356.29897100,0
1787464800000000,2372.99000000,2380.00000000,2369.29000000,2379.33000000,4426.55670000,1787465699999999,10506404.47815200,46547,2311.19840000,5486950.98104800,0
1787465700000000,2379.33000000,2392.66000000,2378.44000000,2390.11000000,5244.22630000,1787466599999999,12516041.18760500,40007,3543.11790000,8455371.83367400,0
1787466600000000,2390.11000000,2396.67000000,2387.55000000,2392.04000000,3808.94550000,1787467499999999,9111475.43010700,47569,2401.80410000,5745025.51105300,0
1787467500000000,2392.04000000,2393.31000000,2386.36000000,2389.99000000,3701.20830000,1787468399999999,8844155.35733300,48177,2727.65630000,6517999.41662500,0
1787468400000000,2389.99000000,2396.78000000,2387.92000000,2394.73000000,2907.91760000,1787469299999999,6954480.77522900,28596,1989.51570000,4758126.83899000,0
1787469300000000,2394.73000000,2397.20000000,2392.08000000,2393.23000000,1882.25910000,1787470199999999,4507909.12446800,18712,1218.48600000,2918104.26682100,0
1787470200000000,2393.24000000,2393.27000000,2388.66000000,2389.74000000,2653.25180000,1787471099999999,6342464.65773400,23307,1721.84400000,4115821.35684000,0
1787471100000000,2389.75000000,2393.48000000,2386.84000000,2389.02000000,2682.55620000,1787471999999999,6410352.34332400,23385,1842.05390000,4402041.06787400,0
1787472000000000,2389.01000000,2413.68000000,2386.96000000,2407.04000000,9267.56240000,1787472899999999,22253937.52002000,54215,6617.18650000,15883424.70685300,0
1787472900000000,2407.04000000,2411.15000000,2405.41000000,2406.79000000,2042.75630000,1787473799999999,4918091.02672100,21342,1238.05310000,2980638.84748800,0
1787473800000000,2406.79000000,2426.03000000,2406.79000000,2419.71000000,6775.11750000,1787474699999999,16377577.97647100,47474,4770.56930000,11531499.92528000,0
1787474700000000,2419.70000000,2421.66000000,2410.86000000,2412.46000000,2622.20900000,1787475599999999,6333747.51950800,27405,1020.33310000,2464585.92503000,0
1787475600000000,2412.45000000,2416.17000000,2410.64000000,2412.97000000,1630.13280000,1787476499999999,3934601.27757200,17912,824.35540000,1989699.70121700,0
1787476500000000,2412.98000000,2413.61000000,2407.26000000,2410.72000000,2379.69150000,1787477399999999,5735190.89985600,18524,1094.72730000,2638327.78524300,0
1787477400000000,2410.72000000,2412.41000000,2404.51000000,2411.80000000,2170.60060000,1787478299999999,5228437.45627300,23855,1007.07100000,2425783.35724600,0
1787478300000000,2411.80000000,2415.70000000,2410.00000000,2411.20000000,3154.77910000,1787479199999999,7611335.82561300,22058,2199.90500000,5307205.98284000,0
1787479200000000,2411.20000000,2417.14000000,2410.84000000,2414.02000000,1985.46440000,1787480099999999,4793151.96878600,19314,1128.30430000,2723559.12895200,0
1787480100000000,2414.02000000,2420.89000000,2413.22000000,2413.54000000,2542.88510000,1787480999999999,6144342.55491000,20203,1400.46420000,3383832.73964400,0
1787481000000000,2413.54000000,2418.12000000,2412.81000000,2416.57000000,1425.86140000,1787481899999999,3444986.45021700,17823,927.73800000,2241276.82549400,0
1787481900000000,2416.57000000,2417.64000000,2414.18000000,2415.15000000,1103.16680000,1787482799999999,2665451.08247500,13204,803.96980000,1942506.82522100,0
1787482800000000,2415.15000000,2420.77000000,2414.82000000,2420.21000000,1388.47860000,1787483699999999,3356773.17470900,21897,999.84520000,2417218.87607700,0
1787483700000000,2420.21000000,2433.00000000,2417.72000000,2427.43000000,5807.92200000,1787484599999999,14100620.64147000,62078,3871.08130000,9398310.99155400,0
1787484600000000,2427.43000000,2438.31000000,2426.00000000,2433.80000000,4781.18190000,1787485499999999,11635982.28393000,35527,3002.28430000,7306638.67495100,0
1787485500000000,2433.80000000,2434.31000000,2428.02000000,2433.68000000,3078.15750000,1787486399999999,7484882.44094000,20783,1945.15800000,4729786.71234000,0
1787486400000000,2433.67000000,2433.68000000,2419.15000000,2422.90000000,4253.87270000,1787487299999999,10313862.72872400,42591,1957.20260000,4745924.43476500,0
1787487300000000,2422.89000000,2424.85000000,2420.73000000,2423.05000000,1383.16140000,1787488199999999,3351465.11552800,15869,695.00100000,1684006.29439400,0
1787488200000000,2423.05000000,2429.89000000,2422.41000000,2428.21000000,2231.15360000,1787489099999999,5410494.81972100,14322,898.73790000,2180497.14375100,0
1787489100000000,2428.21000000,2428.22000000,2424.26000000,2427.05000000,827.05500000,1787489999999999,2006887.69293600,11974,499.87080000,1212970.33688600,0
1787490000000000,2427.05000000,2432.90000000,2427.00000000,2432.23000000,1526.52340000,1787490899999999,3709706.98228600,13676,1183.86740000,2877043.77691900,0
1787490900000000,2432.23000000,2484.06000000,2432.04000000,2454.33000000,25505.32520000,1787491799999999,62751970.45021800,173946,14685.99060000,36121567.92359900,0
1787491800000000,2454.32000000,2459.09000000,2449.51000000,2456.04000000,7426.22060000,1787492699999999,18231377.33999100,71177,4788.49220000,11756929.19134700,0
1787492700000000,2456.04000000,2460.27000000,2451.74000000,2459.75000000,5525.19040000,1787493599999999,13569885.91114800,37077,3962.29940000,9732894.52652600,0
1787493600000000,2459.75000000,2469.30000000,2453.44000000,2464.19000000,7619.78790000,1787494499999999,18758128.06326300,62647,4757.19090000,11712858.54916900,0
1787494500000000,2464.20000000,2467.65000000,2455.25000000,2456.45000000,4435.19440000,1787495399999999,10919847.99995500,39862,2499.76030000,6155673.66720100,0
1787495400000000,2456.45000000,2457.66000000,2389.85000000,2420.60000000,19696.37260000,1787496299999999,47682453.57214200,115923,8992.44020000,21750157.06109000,0
1787496300000000,2420.61000000,2448.13000000,2420.53000000,2438.95000000,9956.02540000,1787497199999999,24238388.02453900,108389,5060.18380000,12322936.64244200,0
1787497200000000,2438.95000000,2441.07000000,2426.17000000,2433.42000000,5064.05700000,1787498099999999,12331372.77838600,75750,2390.84770000,5823652.38996600,0
1787498100000000,2433.43000000,2438.99000000,2421.87000000,2437.22000000,5066.67160000,1787498999999999,12319147.35492800,69135,2827.30140000,6877927.69733300,0
1787499000000000,2437.21000000,2452.86000000,2435.46000000,2446.68000000,4228.53650000,1787499899999999,10332465.29392200,46408,2542.75340000,6211707.83183700,0
1787499900000000,2446.68000000,2449.01000000,2436.25000000,2438.62000000,3116.46980000,1787500799999999,7614983.49268000,41283,1427.34490000,3487718.57375100,0
1787500800000000,2438.61000000,2446.83000000,2438.61000000,2444.76000000,2062.03200000,1787501699999999,5038876.95254100,35192,1257.95510000,3073950.23038800,0
1787501700000000,2444.76000000,2446.84000000,2441.53000000,2446.83000000,1656.15650000,1787502599999999,4048561.93759300,32079,942.85840000,2304775.11901600,0
1787502600000000,2446.83000000,2453.60000000,2444.98000000,2446.49000000,2298.28770000,1787503499999999,5627664.19969500,34093,1335.20210000,3269076.12873400,0
1787503500000000,2446.49000000,2459.22000000,2445.53000000,2450.56000000,3793.21660000,1787504399999999,9306219.39103300,45282,1978.00440000,4852938.06473100,0
1787504400000000,2450.56000000,2454.30000000,2432.81000000,2447.57000000,4278.41750000,1787505299999999,10458854.81492000,52641,1894.26230000,4631322.92664900,0
1787505300000000,2447.57000000,2450.00000000,2438.56000000,2441.26000000,4007.94990000,1787506199999999,9795634.19342500,38717,1670.44890000,4082563.64184500,0
1787506200000000,2441.25000000,2444.36000000,2434.24000000,2438.80000000,2406.64590000,1787507099999999,5870589.32374500,22604,1097.16530000,2676832.53339100,0
1787507100000000,2438.80000000,2446.59000000,2438.56000000,2440.12000000,2713.99360000,1787507999999999,6627560.73477600,26446,836.67600000,2043241.95584200,0
1787508000000000,2440.11000000,2449.26000000,2434.83000000,2445.16000000,3023.95350000,1787508899999999,7380935.23457300,34974,1547.68750000,3778458.76254100,0
1787508900000000,2445.15000000,2448.68000000,2443.99000000,2446.58000000,1817.81790000,1787509799999999,4447481.77650300,29741,905.32300000,2214812.22540200,0
1787509800000000,2446.58000000,2448.52000000,2444.24000000,2447.54000000,1668.59220000,1787510699999999,4082309.38810400,19018,1072.74910000,2624563.99777800,0
1787510700000000,2447.54000000,2449.27000000,2444.96000000,2448.68000000,1476.33150000,1787511599999999,3612441.87217400,19508,767.90850000,1878913.51446500,0
1787511600000000,2448.68000000,2450.21000000,2441.22000000,2443.26000000,1884.29770000,1787512499999999,4609385.96437900,23452,799.39900000,1955931.84448000,0
1787512500000000,2443.27000000,2444.95000000,2441.38000000,2443.04000000,1261.70160000,1787513399999999,3082753.73539100,13310,481.18570000,1175633.77517700,0
1787513400000000,2443.04000000,2448.16000000,2437.44000000,2448.13000000,2137.19490000,1787514299999999,5220439.69139300,26818,1255.02370000,3065761.79477000,0
1787514300000000,2448.13000000,2454.16000000,2444.95000000,2444.96000000,2063.59360000,1787515199999999,5056626.42000400,20529,1122.49740000,2750669.49345100,0
1787515200000000,2444.95000000,2444.95000000,2436.41000000,2441.46000000,2320.38370000,1787516099999999,5661294.90583200,33347,1010.98960000,2465976.95375300,0
1787516100000000,2441.45000000,2449.01000000,2440.78000000,2445.62000000,1364.19330000,1787516999999999,3335863.99860800,20018,732.43620000,1791170.34818000,0
1787517000000000,2445.62000000,2450.00000000,2445.62000000,2449.69000000,1143.98620000,1787517899999999,2800533.46402900,16544,644.45240000,1577589.90484600,0
1787517900000000,2449.69000000,2450.72000000,2446.60000000,2450.48000000,2894.51170000,1787518799999999,7088481.69744700,21706,1703.62120000,4172446.44002300,0
1787518800000000,2450.48000000,2469.52000000,2450.47000000,2466.17000000,8873.56360000,1787519699999999,21845765.69767500,66786,5884.69250000,14485391.24206400,0
1787519700000000,2466.18000000,2479.81000000,2466.12000000,2477.04000000,8217.76880000,1787520599999999,20314185.99307900,70475,4706.97710000,11635203.85227900,0
1787520600000000,2477.03000000,2484.62000000,2459.49000000,2461.38000000,8108.67240000,1787521499999999,20048240.87320800,98408,3853.63750000,9532659.30860900,0
1787521500000000,2461.38000000,2478.96000000,2461.38000000,2469.97000000,3624.69210000,1787522399999999,8956494.16869300,47768,2004.04810000,4951373.01695500,0
1787522400000000,2469.96000000,2474.53000000,2455.04000000,2463.58000000,5650.71310000,1787523299999999,13909746.60863000,88212,2769.90110000,6818421.55086600,0
1787523300000000,2463.57000000,2467.29000000,2458.24000000,2460.35000000,3397.62020000,1787524199999999,8368233.40760100,33145,1747.96260000,4305114.18880100,0
1787524200000000,2460.34000000,2463.12000000,2456.15000000,2459.13000000,2299.20250000,1787525099999999,5654693.80041500,23517,1081.73890000,2660420.64362200,0
1787525100000000,2459.12000000,2461.10000000,2451.89000000,2455.05000000,3829.10520000,1787525999999999,9408289.39592400,20342,1911.52920000,4697179.22195200,0
1787526000000000,2455.04000000,2455.69000000,2441.78000000,2448.69000000,5733.59680000,1787526899999999,14040038.18115900,42436,2064.86190000,5056271.46643600,0
1787526900000000,2448.69000000,2459.48000000,2447.99000000,2458.49000000,3342.52370000,1787527799999999,8199249.75452000,37906,1883.31190000,4619778.69382600,0
1787527800000000,2458.49000000,2471.02000000,2448.85000000,2454.07000000,5767.74220000,1787528699999999,14192914.68613000,64143,3116.87160000,7671642.83973100,0
1787528700000000,2454.08000000,2466.29000000,2453.72000000,2463.41000000,2591.38290000,1787529599999999,6379234.94593700,33309,1622.60630000,3994281.37453200,0
1787529600000000,2463.42000000,2464.00000000,2452.85000000,2458.89000000,3135.32130000,1787530499999999,7708894.82344600,48104,1348.38710000,3315125.33256700,0
1787530500000000,2458.89000000,2459.70000000,2443.90000000,2451.28000000,4668.32360000,1787531399999999,11445779.95936400,49115,2558.48530000,6272548.45097900,0
1787531400000000,2451.29000000,2460.00000000,2444.08000000,2445.67000000,2514.29440000,1787532299999999,6168683.33800400,28077,1090.78870000,2676388.80974500,0
1787532300000000,2445.68000000,2465.90000000,2442.35000000,2465.11000000,3607.77520000,1787533199999999,8855740.76945400,38161,2173.62290000,5334612.94695000,0
1787533200000000,2465.11000000,2466.98000000,2453.88000000,2453.90000000,3109.67770000,1787534099999999,7649797.31548600,32213,1299.33190000,3196561.36794200,0
1787534100000000,2453.89000000,2454.10000000,2442.51000000,2444.61000000,4310.57030000,1787534999999999,10552262.83622300,54798,1742.83290000,4266365.67562200,0
1787535000000000,2444.61000000,2449.70000000,2434.72000000,2439.31000000,4627.76260000,1787535899999999,11297160.69188800,49532,2050.65980000,5006436.14982800,0
1787535900000000,2439.31000000,2441.24000000,2427.27000000,2429.40000000,5155.97880000,1787536799999999,12547053.43226100,37078,1561.96990000,3801460.68668100,0
1787536800000000,2429.40000000,2446.13000000,2424.73000000,2444.15000000,4945.79050000,1787537699999999,12033250.53059200,60849,2345.13230000,5709129.97095600,0
1787537700000000,2444.16000000,2450.00000000,2444.16000000,2447.51000000,2495.64740000,1787538599999999,6108067.58073700,28412,1118.79790000,2738005.69227600,0
1787538600000000,2447.52000000,2451.77000000,2444.81000000,2446.10000000,2483.76000000,1787539499999999,6080690.16878600,23388,1232.40020000,3017146.46079300,0
1787539500000000,2446.10000000,2446.10000000,2435.53000000,2443.78000000,2407.56120000,1787540399999999,5875730.29812100,21206,1148.76500000,2803575.88655100,0
1787540400000000,2443.78000000,2445.62000000,2435.41000000,2436.39000000,2005.22540000,1787541299999999,4891332.65670000,19888,956.66550000,2333391.66726400,0
1787541300000000,2436.38000000,2443.80000000,2433.59000000,2434.18000000,2942.96900000,1787542199999999,7173699.55343800,30723,1734.22850000,4227365.92817600,0
1787542200000000,2434.17000000,2438.19000000,2426.49000000,2435.61000000,3589.09410000,1787543099999999,8730278.31836900,44195,1630.76860000,3966471.07277500,0
1787543100000000,2435.61000000,2441.31000000,2427.95000000,2430.64000000,2304.78630000,1787543999999999,5612222.16204700,31456,1313.20250000,3197679.99444400,0
1787544000000000,2430.65000000,2439.16000000,2430.64000000,2438.97000000,2444.06240000,1787544899999999,5955576.62305000,24265,1244.39850000,3031898.61114900,0
1787544900000000,2438.97000000,2446.34000000,2438.96000000,2445.92000000,3562.49630000,1787545799999999,8704485.25567300,18971,1436.28770000,3509024.21879600,0
1787545800000000,2445.93000000,2446.42000000,2438.08000000,2442.73000000,3146.20130000,1787546699999999,7684958.11640700,28097,917.83350000,2241655.12699200,0
1787546700000000,2442.73000000,2443.78000000,2428.11000000,2438.08000000,4951.08720000,1787547599999999,12054547.80917300,30986,1778.06760000,4328661.31491500,0
1787547600000000,2438.07000000,2458.83000000,2433.98000000,2457.91000000,5719.70940000,1787548499999999,13988337.29393500,43249,3093.01240000,7569231.00634900,0
1787548500000000,2457.90000000,2459.82000000,2447.72000000,2450.51000000,5181.30880000,1787549399999999,12711582.63737100,36252,2475.23600000,6072170.62386400,0
1787549400000000,2450.51000000,2452.38000000,2437.90000000,2448.10000000,3898.80870000,1787550299999999,9535109.74029800,50450,1861.11210000,4551956.14745400,0
1787550300000000,2448.10000000,2449.78000000,2444.44000000,2448.92000000,2409.33380000,1787551199999999,5896995.27235400,18276,1244.00690000,3044802.99531300,0
1787551200000000,2448.92000000,2457.47000000,2444.22000000,2456.42000000,4037.59210000,1787552099999999,9893030.02352000,32781,2424.14170000,5940942.23637900,0
1787552100000000,2456.42000000,2458.54000000,2451.95000000,2454.11000000,2545.69250000,1787552999999999,6249721.58666800,24076,1206.67210000,2962270.82658600,0
1787553000000000,2454.11000000,2455.31000000,2445.44000000,2447.55000000,1531.57970000,1787553899999999,3750731.76674500,20197,717.95610000,1758007.49597100,0
1787553900000000,2447.55000000,2463.74000000,2446.84000000,2456.50000000,3010.04430000,1787554799999999,7398775.67160100,34771,1812.03120000,4453687.44328000,0
1787554800000000,2456.50000000,2474.09000000,2455.27000000,2470.30000000,4161.33300000,1787555699999999,10258998.51179200,49657,2677.94590000,6602478.49327000,0
1787555700000000,2470.30000000,2470.30000000,2460.03000000,2462.37000000,3306.63150000,1787556599999999,8146011.99634100,30981,1929.19540000,4751684.43758200,0
1787556600000000,2462.37000000,2462.37000000,2452.28000000,2453.08000000,5319.11420000,1787557499999999,13065042.14665200,40827,3018.85770000,7415034.24350000,0
1787557500000000,2453.07000000,2459.36000000,2452.85000000,2454.64000000,4519.66200000,1787558399999999,11101326.60779300,24821,1981.75840000,4868208.52152500,0
1787558400000000,2454.67000000,2459.33000000,2448.08000000,2449.22000000,3654.73640000,1787559299999999,8962690.49764200,33661,1465.36680000,3594126.56380600,0
1787559300000000,2449.21000000,2449.48000000,2436.41000000,2439.79000000,6487.12320000,1787560199999999,15843863.32738000,64442,3038.80800000,7421209.75167600,0
1787560200000000,2439.80000000,2453.63000000,2439.44000000,2453.37000000,4285.57910000,1787561099999999,10484037.74144100,31139,2879.29190000,7044167.16361900,0
1787561100000000,2453.37000000,2457.00000000,2450.42000000,2454.84000000,5765.81070000,1787561999999999,14152035.92253400,29686,3717.63980000,9124827.75076500,0
1787562000000000,2454.84000000,2463.21000000,2453.75000000,2462.04000000,6103.50710000,1787562899999999,15012500.59749700,39036,4224.29710000,10390978.79913600,0
1787562900000000,2462.03000000,2463.32000000,2454.05000000,2460.09000000,3629.10480000,1787563799999999,8926560.76296100,30196,2307.25620000,5675837.58120400,0
1787563800000000,2460.08000000,2464.58000000,2459.21000000,2462.19000000,1907.19300000,1787564699999999,4695725.05737900,26020,1163.56140000,2864722.63513600,0
1787564700000000,2462.19000000,2465.10000000,2461.29000000,2463.08000000,1454.54830000,1787565599999999,3582870.92124500,17495,784.58870000,1932778.08334100,0
1787565600000000,2463.07000000,2490.89000000,2462.28000000,2483.20000000,11154.41020000,1787566499999999,27634759.41227900,73056,7116.39320000,17630732.53526300,0
1787566500000000,2483.20000000,2483.85000000,2470.32000000,2472.29000000,4605.07770000,1787567399999999,11402081.45279900,51159,1898.30630000,4700399.60015800,0
1787567400000000,2472.29000000,2477.97000000,2463.77000000,2466.52000000,4274.74870000,1787568299999999,10567852.70436500,34404,2013.95050000,4979597.14676000,0
1787568300000000,2466.51000000,2470.47000000,2461.73000000,2465.20000000,2288.55100000,1787569199999999,5643574.86861200,19665,921.52110000,2272327.62346700,0
1787569200000000,2465.20000000,2470.78000000,2454.40000000,2469.01000000,4953.29890000,1787570099999999,12195771.20679200,40944,2421.96000000,5964267.96902800,0
1787570100000000,2469.00000000,2473.31000000,2465.69000000,2472.26000000,2211.79230000,1787570999999999,5462697.86154600,22091,1063.28020000,2626318.18825500,0
1787571000000000,2472.26000000,2506.95000000,2471.33000000,2506.53000000,14851.42630000,1787571899999999,37041661.58948200,129272,8923.27950000,22254275.00152400,0
1787571900000000,2506.53000000,2509.00000000,2488.00000000,2494.18000000,7392.58970000,1787572799999999,18447555.93264500,94601,3513.57520000,8766517.66833000,0
1787572800000000,2494.18000000,2494.27000000,2482.85000000,2484.51000000,4158.41790000,1787573699999999,10340772.32762400,41794,2179.99430000,5420871.46894700,0
1787573700000000,2484.52000000,2494.52000000,2474.50000000,2493.47000000,6774.97860000,1787574599999999,16842638.06809700,67032,3997.83800000,9941311.39235300,0
1787574600000000,2493.46000000,2506.17000000,2487.68000000,2500.10000000,10255.79540000,1787575499999999,25616610.14994600,66649,5936.54420000,14826719.19808600,0
1787575500000000,2500.10000000,2518.54000000,2498.95000000,2512.54000000,11023.03460000,1787576399999999,27674507.04707200,65316,7101.87060000,17832413.18492200,0
1787576400000000,2512.54000000,2519.88000000,2502.05000000,2515.71000000,8549.82070000,1787577299999999,21469193.30232400,54700,4695.66650000,11792276.08705900,0
1787577300000000,2515.71000000,2517.04000000,2504.76000000,2507.20000000,6459.10600000,1787578199999999,16209997.02617500,47410,3634.77870000,9122559.79193500,0
1787578200000000,2507.20000000,2507.43000000,2483.07000000,2486.60000000,12540.89080000,1787579099999999,31291429.81869200,142537,5789.65940000,14444638.48724500,0
1787579100000000,2486.58000000,2495.80000000,2476.31000000,2493.83000000,9509.72790000,1787579999999999,23652552.44752700,102302,4676.36590000,11633177.45629100,0
1787580000000000,2493.83000000,2513.00000000,2491.61000000,2511.36000000,10539.05200000,1787580899999999,26370833.54174900,91392,5266.82630000,13181842.07375400,0
1787580900000000,2511.36000000,2528.00000000,2502.62000000,2516.86000000,12772.86240000,1787581799999999,32118563.20875400,142965,6825.15110000,17168583.95056900,0
1787581800000000,2516.85000000,2532.12000000,2515.58000000,2522.58000000,15022.29960000,1787582699999999,37935306.64354800,110344,8490.35570000,21441595.60052200,0
1787582700000000,2522.57000000,2524.54000000,2509.03000000,2516.16000000,6944.61590000,1787583599999999,17465498.12043700,73623,2973.76940000,7478706.94078900,0
1787583600000000,2516.16000000,2521.19000000,2510.83000000,2515.80000000,5686.67970000,1787584499999999,14309812.80324300,66911,2756.51470000,6937712.54426100,0
1787584500000000,2515.80000000,2532.95000000,2514.73000000,2525.34000000,9172.96460000,1787585399999999,23152041.50331300,65469,4732.76640000,11944221.18806700,0
1787585400000000,2525.28000000,2525.37000000,2489.00000000,2495.03000000,12369.56270000,1787586299999999,31025273.84876800,109511,4829.91280000,12115296.97644100,0
1787586300000000,2495.02000000,2502.51000000,2479.38000000,2487.99000000,11626.13420000,1787587199999999,28947246.99817000,85116,4771.69180000,11881629.85284500,0
1787587200000000,2487.99000000,2506.00000000,2486.49000000,2498.75000000,10511.44970000,1787588099999999,26234710.09937300,93922,5892.22290000,14703374.69133500,0
1787588100000000,2498.74000000,2506.00000000,2498.27000000,2499.48000000,4612.34170000,1787588999999999,11539947.73901000,55422,2744.13300000,6865844.62942700,0
1787589000000000,2499.47000000,2500.86000000,2489.27000000,2489.49000000,4383.29350000,1787589899999999,10936799.21305300,39412,1783.96070000,4451365.82719800,0
1787589900000000,2489.48000000,2491.34000000,2469.02000000,2478.43000000,8686.95060000,1787590799999999,21532589.08195100,77066,3587.88070000,8894930.85764100,0
1787590800000000,2478.43000000,2484.29000000,2463.71000000,2476.75000000,6897.98900000,1787591699999999,17066759.01600400,61338,3063.09400000,7580928.22703200,0
1787591700000000,2476.75000000,2480.05000000,2455.00000000,2458.32000000,10274.87470000,1787592599999999,25331491.85025400,101520,4132.21720000,10188950.76940500,0
1787592600000000,2458.32000000,2469.70000000,2456.90000000,2460.98000000,4871.34910000,1787593499999999,11998670.35628000,89865,2480.23540000,6108857.88272100,0
1787593500000000,2460.98000000,2470.34000000,2458.55000000,2468.97000000,4256.22080000,1787594399999999,10492619.67916200,57332,2420.03800000,5966026.64121700,0
1787594400000000,2468.97000000,2483.78000000,2468.97000000,2482.06000000,5530.94540000,1787595299999999,13697628.86360000,42087,3393.94560000,8404866.77630400,0
1787595300000000,2482.07000000,2483.21000000,2474.80000000,2479.54000000,4119.85960000,1787596199999999,10215567.76687900,30565,1866.86860000,4629370.18544700,0
1787596200000000,2479.55000000,2482.21000000,2467.19000000,2476.48000000,3227.76950000,1787597099999999,7987306.12940500,31677,1578.86620000,3907058.08201900,0
1787597100000000,2476.48000000,2480.42000000,2472.93000000,2473.84000000,3738.32370000,1787597999999999,9256568.46250200,34549,2486.30240000,6155577.69284400,0
1787598000000000,2473.85000000,2477.69000000,2464.52000000,2473.84000000,6650.07360000,1787598899999999,16438460.29480200,55224,2840.02910000,7020707.15228400,0
1787598900000000,2473.83000000,2475.31000000,2461.87000000,2470.48000000,3685.39090000,1787599799999999,9093700.84718200,29829,1682.94070000,4152829.16072300,0
1787599800000000,2470.48000000,2474.46000000,2467.94000000,2471.77000000,2566.85400000,1787600699999999,6343196.63935600,22057,1466.27090000,3623551.56935000,0
1787600700000000,2471.78000000,2472.44000000,2465.00000000,2471.40000000,3108.33860000,1787601599999999,7675721.23479400,24803,1549.06430000,3825445.29306000,0
1787601600000000,2471.48000000,2475.52000000,2465.46000000,2472.39000000,2016.34930000,1787602499999999,4982090.43019600,20089,1011.21090000,2498751.15995000,0
1787602500000000,2472.38000000,2472.39000000,2466.19000000,2468.46000000,1420.43410000,1787603399999999,3507999.20199900,17273,541.91470000,1338275.19524100,0
1787603400000000,2468.46000000,2479.21000000,2466.32000000,2474.05000000,2114.13780000,1787604299999999,5230305.04111100,22286,1231.79020000,3047404.67363900,0
1787604300000000,2474.04000000,2475.16000000,2471.40000000,2475.16000000,1018.26280000,1787605199999999,2518515.86591600,11152,515.28180000,1274507.78584300,0
1787605200000000,2475.16000000,2483.93000000,2475.16000000,2483.92000000,2211.90300000,1787606099999999,5486296.36514400,16163,1489.15290000,3693135.87658300,0
1787606100000000,2483.93000000,2484.31000000,2479.03000000,2481.58000000,1717.43230000,1787606999999999,4260961.48623900,12432,832.97930000,2066647.18414400,0
1787607000000000,2481.58000000,2484.11000000,2480.03000000,2483.39000000,1363.64270000,1787607899999999,3384452.75679600,11921,774.80630000,1922919.78256800,0
1787607900000000,2483.36000000,2489.67000000,2481.52000000,2483.56000000,1650.81130000,1787608799999999,4101955.38397700,15737,938.02380000,2330726.20073600,0
1787608800000000,2483.56000000,2485.38000000,2479.23000000,2481.22000000,1637.48250000,1787609699999999,4063907.15548000,18708,803.47870000,1994211.77805900,0
1787609700000000,2481.23000000,2482.45000000,2475.79000000,2477.67000000,1606.58940000,1787610599999999,3983097.88588400,16209,768.51790000,1905207.94651300,0
1787610600000000,2477.68000000,2484.89000000,2476.63000000,2476.82000000,2363.04710000,1787611499999999,5861520.70040600,17820,1408.15420000,3492875.54406500,0
1787611500000000,2476.82000000,2480.15000000,2472.50000000,2474.26000000,1388.40520000,1787612399999999,3438888.22086400,12324,515.65860000,1277322.13191700,0
1787612400000000,2474.27000000,2479.34000000,2470.70000000,2477.65000000,1680.77820000,1787613299999999,4160626.14794600,21535,941.50060000,2331082.39947200,0
1787613300000000,2477.64000000,2484.99000000,2477.09000000,2483.03000000,1821.82510000,1787614199999999,4519865.84541900,26509,1113.39140000,2762366.24645700,0
1787614200000000,2483.04000000,2487.24000000,2482.00000000,2485.12000000,2145.02460000,1787615099999999,5329882.58547200,27492,1191.74630000,2961364.54189900,0
1787615100000000,2485.13000000,2486.49000000,2476.99000000,2482.31000000,1682.40160000,1787615999999999,4174130.83456900,24253,728.30530000,1806987.60470200,0
1787616000000000,2482.31000000,2484.51000000,2477.61000000,2479.25000000,2874.23220000,1787616899999999,7131533.25160700,27897,1574.35270000,3906308.28679400,0
1787616900000000,2479.26000000,2482.64000000,2472.18000000,2478.99000000,2878.63940000,1787617799999999,7132703.81498800,30887,1540.00760000,3816123.02508200,0
1787617800000000,2478.98000000,2494.01000000,2476.69000000,2492.67000000,3760.76490000,1787618699999999,9347904.05764600,54164,2225.99350000,5531985.77741700,0
1787618700000000,2492.68000000,2504.74000000,2489.85000000,2493.61000000,6319.96030000,1787619599999999,15781935.61366200,78302,2937.79400000,7337008.15527500,0
1787619600000000,2493.61000000,2499.99000000,2487.82000000,2488.78000000,2945.08900000,1787620499999999,7342354.73339800,26227,1524.48770000,3800792.40450800,0
1787620500000000,2488.79000000,2504.62000000,2484.88000000,2498.58000000,5595.84500000,1787621399999999,13968787.37681600,36155,3028.37100000,7559485.59267200,0
1787621400000000,2498.59000000,2502.15000000,2494.16000000,2494.36000000,2404.98390000,1787622299999999,6007923.57098200,32292,1159.02570000,2895340.29228600,0
1787622300000000,2494.32000000,2497.02000000,2489.24000000,2495.99000000,3063.41110000,1787623199999999,7636852.30912100,31622,1827.84680000,4556508.98627100,0
1787623200000000,2495.99000000,2498.74000000,2492.31000000,2494.39000000,1844.30790000,1787624099999999,4601745.76703600,23535,912.66380000,2277238.33540200,0
1787624100000000,2494.40000000,2532.50000000,2493.45000000,2529.61000000,16928.02210000,1787624999999999,42612344.77125700,133416,9567.94140000,24090926.52392600,0
1787625000000000,2529.60000000,2532.34000000,2514.38000000,2517.21000000,6785.54080000,1787625899999999,17124008.35645500,117176,3459.22230000,8731727.63074500,0
1787625900000000,2517.20000000,2518.87000000,2501.96000000,2507.69000000,6837.79950000,1787626799999999,17167409.76409300,78429,3731.95740000,9372384.05085900,0
1787626800000000,2507.70000000,2514.55000000,2504.84000000,2511.00000000,2592.33150000,1787627699999999,6507770.66423900,46637,1170.83740000,2939620.77705100,0
1787627700000000,2511.00000000,2511.81000000,2504.64000000,2505.73000000,3092.14980000,1787628599999999,7755813.34199800,30190,1577.29100000,3956132.58113300,0
1787628600000000,2505.73000000,2509.28000000,2496.86000000,2498.77000000,4058.97460000,1787629499999999,10162575.23707200,33135,1649.73170000,4131177.86170900,0
1787629500000000,2498.77000000,2501.32000000,2488.99000000,2499.29000000,4463.21950000,1787630399999999,11138242.16841000,33528,1890.62500000,4718640.25603400,0
1787630400000000,2499.30000000,2504.09000000,2492.81000000,2500.15000000,2733.85800000,1787631299999999,6831170.48029100,24663,1179.67960000,2947358.84467500,0
1787631300000000,2500.15000000,2500.65000000,2491.94000000,2494.34000000,3457.22000000,1787632199999999,8626019.40693900,32952,1535.73930000,3831581.39909000,0
1787632200000000,2494.35000000,2497.43000000,2488.96000000,2491.77000000,3300.25680000,1787633099999999,8229029.14422700,31036,1310.59480000,3267811.99425200,0
1787633100000000,2491.76000000,2495.48000000,2490.34000000,2494.99000000,2193.52560000,1787633999999999,5468259.21821800,24454,1292.08320000,3221106.16340100,0
1787634000000000,2494.99000000,2501.95000000,2493.77000000,2500.85000000,2998.81130000,1787634899999999,7494168.77879300,38495,1698.12280000,4243736.73514100,0
1787634900000000,2500.85000000,2511.82000000,2500.21000000,2508.71000000,2839.24770000,1787635799999999,7112462.40698100,34221,1626.20500000,4074467.57641500,0
1787635800000000,2508.71000000,2511.78000000,2506.79000000,2506.79000000,2779.94700000,1787636699999999,6976080.95083100,31252,1156.75980000,2902809.64807300,0
1787636700000000,2506.80000000,2510.71000000,2505.47000000,2508.73000000,1693.66040000,1787637599999999,4248827.98246600,34059,907.85790000,2277422.32706700,0
1787637600000000,2508.73000000,2510.57000000,2506.73000000,2510.12000000,1551.17500000,1787638499999999,3891569.34708000,31649,643.60600000,1614618.86124700,0
1787638500000000,2510.11000000,2515.43000000,2508.72000000,2510.54000000,1632.38370000,1787639399999999,4100500.65703500,23771,808.45550000,2031116.42074300,0
1787639400000000,2510.54000000,2510.54000000,2499.28000000,2504.24000000,2771.01470000,1787640299999999,6937788.62005100,21058,917.45250000,2296322.25161600,0
1787640300000000,2504.25000000,2504.66000000,2496.04000000,2500.88000000,1912.12250000,1787641199999999,4781716.97879100,18209,570.87820000,1427246.81471000,0
1787641200000000,2500.89000000,2513.00000000,2500.17000000,2507.24000000,2614.76100000,1787642099999999,6558812.62979700,20156,1641.21950000,4116786.61745400,0
1787642100000000,2507.23000000,2508.11000000,2502.82000000,2504.87000000,1047.19560000,1787642999999999,2623253.33597700,12966,512.77930000,1284355.95370300,0
1787643000000000,2504.87000000,2504.87000000,2496.41000000,2499.22000000,3750.91330000,1787643899999999,9380002.49118800,18975,908.54820000,2272281.23009700,0
1787643900000000,2499.21000000,2499.60000000,2464.41000000,2478.94000000,14205.76960000,1787644799999999,35240182.62883700,70537,5558.67740000,13785966.67699600,0
1787644800000000,2478.94000000,2486.43000000,2475.00000000,2485.50000000,4393.69710000,1787645699999999,10903551.68965100,28741,2543.90700000,6314921.18952700,0
1787645700000000,2485.49000000,2498.00000000,2485.38000000,2494.06000000,2945.51870000,1787646599999999,7342567.90077600,38064,1625.97490000,4053752.21197600,0
1787646600000000,2494.07000000,2496.32000000,2485.69000000,2490.35000000,2284.11560000,1787647499999999,5688331.04818700,34173,698.68490000,1740410.07556900,0
1787647500000000,2490.35000000,2490.95000000,2480.47000000,2484.82000000,3994.30230000,1787648399999999,9920158.04486000,33166,1857.32590000,4612246.52801800,0
1787648400000000,2484.82000000,2489.47000000,2479.58000000,2487.48000000,3275.40300000,1787649299999999,8138944.42221900,39755,1727.54580000,4292637.62051100,0
1787649300000000,2487.48000000,2492.00000000,2484.14000000,2487.21000000,1873.76160000,1787650199999999,4661917.73797600,31570,838.88610000,2087516.16878300,0
1787650200000000,2487.20000000,2491.41000000,2486.03000000,2486.03000000,1719.06330000,1787651099999999,4277508.68564000,29913,802.47690000,1996718.40771000,0
1787651100000000,2486.03000000,2486.96000000,2462.81000000,2474.67000000,7696.95920000,1787651999999999,19036807.28885700,70193,3143.62840000,7776875.90507000,0
1787652000000000,2474.67000000,2479.89000000,2469.87000000,2478.21000000,2606.81770000,1787652899999999,6453222.77441000,26097,1258.74900000,3115818.40022800,0
1787652900000000,2478.21000000,2479.85000000,2475.15000000,2476.20000000,1723.03420000,1787653799999999,4268953.67277300,19065,817.96550000,2026523.48580400,0
1787653800000000,2476.19000000,2479.06000000,2474.16000000,2477.97000000,1874.22600000,1787654699999999,4643541.20157300,22616,892.66340000,2211614.77858800,0
1787654700000000,2477.96000000,2485.83000000,2477.96000000,2481.82000000,2427.65880000,1787655599999999,6028750.85058600,22868,1280.69090000,3180092.12428100,0
1787655600000000,2481.82000000,2484.12000000,2474.76000000,2475.30000000,1642.89090000,1787656499999999,4072453.45774800,24694,794.01030000,1967965.81962700,0
1787656500000000,2475.29000000,2479.14000000,2474.92000000,2478.22000000,1760.06290000,1787657399999999,4359393.84723500,24937,1062.43920000,2631399.63671900,0
1787657400000000,2478.22000000,2486.16000000,2478.16000000,2479.16000000,2000.34410000,1787658299999999,4965423.85326200,29029,1036.69140000,2573357.08647700,0
1787658300000000,2479.16000000,2483.41000000,2477.15000000,2477.91000000,1843.89080000,1787659199999999,4572484.06051000,32546,885.22990000,2195469.66501800,0
1787659200000000,2477.90000000,2481.37000000,2467.14000000,2477.96000000,3873.89800000,1787660099999999,9584918.46650500,45310,1597.22900000,3952333.66588000,0
1787660100000000,2477.97000000,2477.97000000,2458.01000000,2468.23000000,6127.28970000,1787660999999999,15112363.00760600,48897,2674.95840000,6597468.45887600,0
1787661000000000,2468.24000000,2471.43000000,2460.48000000,2469.64000000,3405.29560000,1787661899999999,8403507.78058300,39719,1561.99560000,3854514.80806000,0
1787661900000000,2469.65000000,2476.95000000,2468.20000000,2473.50000000,3587.40140000,1787662799999999,8874114.80756300,23040,1221.69250000,3021824.22280900,0
1787662800000000,2473.51000000,2476.12000000,2465.62000000,2467.67000000,3435.89930000,1787663699999999,8488983.23025400,29750,1081.20330000,2671827.08926600,0
1787663700000000,2467.67000000,2467.67000000,2454.62000000,2457.62000000,5649.32210000,1787664599999999,13901420.92187400,53322,2383.38650000,5865551.54494600,0
1787664600000000,2457.62000000,2477.08000000,2455.69000000,2464.62000000,8272.33570000,1787665499999999,20426408.83044700,77746,3852.79890000,9513226.93667400,0
1787665500000000,2464.63000000,2465.67000000,2440.00000000,2460.73000000,10237.00760000,1787666399999999,25104433.59501700,107421,4433.55490000,10878189.81703600,0
1787666400000000,2460.73000000,2472.99000000,2454.33000000,2467.19000000,5976.23680000,1787667299999999,14731423.13074400,96347,3249.48940000,8009782.18902200,0
1787667300000000,2467.19000000,2480.34000000,2464.68000000,2475.90000000,5101.95820000,1787668199999999,12611561.17954200,63986,3032.74310000,7498253.81569800,0
1787668200000000,2475.90000000,2484.00000000,2470.42000000,2474.58000000,5571.17500000,1787669099999999,13799920.81788300,60355,2738.68200000,6784783.44600100,0
1787669100000000,2474.57000000,2479.63000000,2474.54000000,2476.91000000,2630.07260000,1787669999999999,6515635.19439700,48184,1127.57900000,2793444.03308900,0
1787670000000000,2476.92000000,2478.34000000,2467.57000000,2467.61000000,3387.84130000,1787670899999999,8380297.84330500,52502,1295.38790000,3204710.14122300,0
1787670900000000,2467.61000000,2477.72000000,2466.14000000,2474.80000000,3148.58920000,1787671799999999,7787237.72890900,26303,1087.76380000,2690237.02381200,0
1787671800000000,2474.80000000,2480.62000000,2470.40000000,2477.72000000,3585.89360000,1787672699999999,8878083.32822200,28916,1300.84210000,3221251.25827000,0
1787672700000000,2477.71000000,2483.85000000,2472.53000000,2482.88000000,3149.02920000,1787673599999999,7805273.98747200,23890,1018.47970000,2525090.97727000,0
1787673600000000,2482.89000000,2485.60000000,2472.45000000,2473.91000000,3630.14710000,1787674499999999,9002102.03413700,43165,1098.59910000,2724658.30760800,0
1787674500000000,2473.90000000,2476.98000000,2467.10000000,2472.03000000,2769.49870000,1787675399999999,6843428.78788000,28502,1320.49120000,3262279.59133100,0
1787675400000000,2472.02000000,2478.59000000,2471.51000000,2475.68000000,1814.81850000,1787676299999999,4492903.61211800,35735,812.48380000,2011365.47855500,0
1787676300000000,2475.68000000,2479.47000000,2469.21000000,2470.68000000,1539.48030000,1787677199999999,3807942.99678800,24822,482.38390000,1193234.86879300,0
1787677200000000,2470.68000000,2471.47000000,2455.93000000,2463.06000000,5104.03020000,1787678099999999,12568689.89154500,44498,1901.54510000,4682190.64204500,0
1787678100000000,2463.06000000,2466.59000000,2457.56000000,2458.47000000,2531.46250000,1787678999999999,6232050.95407000,21537,952.02540000,2343678.44726000,0
1787679000000000,2458.47000000,2469.22000000,2458.47000000,2468.24000000,2608.06430000,1787679899999999,6430588.89125400,19816,1189.09060000,2931146.43131800,0
1787679900000000,2468.23000000,2471.19000000,2467.59000000,2471.03000000,2837.16720000,1787680799999999,7005625.39343400,17374,1106.61570000,2732366.99076700,0
1787680800000000,2471.04000000,2474.67000000,2470.32000000,2473.62000000,2916.95720000,1787681699999999,7212177.40043000,22197,1290.30960000,3190133.86858000,0
1787681700000000,2473.63000000,2474.80000000,2471.53000000,2472.86000000,1645.08020000,1787682599999999,4068398.93001300,15511,663.34470000,1640306.59355000,0
1787682600000000,2472.86000000,2472.86000000,2466.43000000,2468.30000000,2369.14100000,1787683499999999,5850088.85632200,14068,759.00520000,1873567.66084300,0
1787683500000000,2468.31000000,2470.25000000,2464.23000000,2467.44000000,1823.20860000,1787684399999999,4498402.42798100,11942,613.55100000,1513766.91869800,0
1787684400000000,2467.44000000,2469.53000000,2462.96000000,2468.27000000,1919.35720000,1787685299999999,4734337.13956100,13876,970.92490000,2394716.83244000,0
1787685300000000,2468.28000000,2470.13000000,2462.38000000,2462.57000000,3378.00930000,1787686199999999,8335191.80509600,16562,1830.00690000,4516109.80032900,0
1787686200000000,2462.57000000,2462.67000000,2455.54000000,2456.37000000,2862.90510000,1787687099999999,7041048.42408700,19696,1152.26870000,2833824.33718700,0
1787687100000000,2456.38000000,2463.86000000,2456.38000000,2463.42000000,3065.95380000,1787687999999999,7543498.57660700,17528,1410.22380000,3469888.49128200,0
1787688000000000,2463.42000000,2464.24000000,2449.85000000,2457.97000000,3208.22620000,1787688899999999,7877742.16589000,33479,1286.76710000,3160373.88185000,0
1787688900000000,2457.98000000,2461.74000000,2456.37000000,2456.38000000,1967.93570000,1787689799999999,4839810.84420400,28690,995.84510000,2449330.75085800,0
1787689800000000,2456.38000000,2456.96000000,2442.80000000,2446.29000000,3029.46680000,1787690699999999,7423262.10421700,49289,1122.80820000,2751623.74021000,0
1787690700000000,2446.30000000,2448.41000000,2433.62000000,2436.44000000,8129.75440000,1787691599999999,19828394.29570400,49400,3161.95300000,7713178.68417600,0
1787691600000000,2436.44000000,2441.21000000,2414.64000000,2430.75000000,11912.30020000,1787692499999999,28904038.32229000,91133,4558.05830000,11065606.62344900,0
1787692500000000,2430.76000000,2434.82000000,2424.48000000,2433.90000000,4018.20500000,1787693399999999,9763839.08250200,34112,1870.36180000,4545187.19722600,0
1787693400000000,2433.89000000,2442.84000000,2432.75000000,2441.33000000,2239.90110000,1787694299999999,5461949.68350100,21540,1347.13080000,3284533.08958300,0
1787694300000000,2441.33000000,2443.90000000,2439.50000000,2441.79000000,1973.50970000,1787695199999999,4818363.91906600,20924,969.93210000,2368016.89944100,0
1787695200000000,2441.80000000,2452.06000000,2441.80000000,2451.89000000,2441.18880000,1787696099999999,5976236.05992900,30419,1601.35310000,3919852.95147600,0
1787696100000000,2451.89000000,2452.98000000,2442.09000000,2446.51000000,1830.34460000,1787696999999999,4480392.86926000,25393,847.04750000,2073407.04099100,0
1787697000000000,2446.51000000,2450.77000000,2444.48000000,2450.32000000,1286.11060000,1787697899999999,3148977.61943300,18696,582.34350000,1425708.95485700,0
1787697900000000,2450.31000000,2455.78000000,2449.67000000,2453.84000000,829.81430000,1787698799999999,2035759.97258800,15900,433.48190000,1063367.34597000,0
1787698800000000,2453.85000000,2456.51000000,2451.82000000,2454.92000000,2161.43920000,1787699699999999,5304603.63100900,21066,1124.25490000,2759250.76078500,0
1787699700000000,2454.92000000,2456.30000000,2448.62000000,2452.38000000,1337.08360000,1787700599999999,3278690.42980300,21274,574.98490000,1409848.64721600,0
1787700600000000,2452.38000000,2452.38000000,2443.05000000,2444.44000000,1131.11500000,1787701499999999,2769214.24208400,19854,364.11010000,891120.68110900,0
1787701500000000,2444.44000000,2444.44000000,2437.07000000,2442.64000000,1949.15940000,1787702399999999,4758455.50814900,29070,815.18380000,1989995.18677300,0
1787702400000000,2442.65000000,2445.00000000,2435.81000000,2437.26000000,2280.97140000,1787703299999999,5564911.52346900,44952,825.24570000,2013401.53760600,0
1787703300000000,2437.26000000,2443.81000000,2436.74000000,2443.73000000,961.70680000,1787704199999999,2347537.55090200,22750,471.99120000,1152082.17215900,0
1787704200000000,2443.73000000,2446.11000000,2437.04000000,2440.38000000,2326.14060000,1787705099999999,5680993.94712300,24042,852.35680000,2081258.60044400,0
1787705100000000,2440.39000000,2450.51000000,2439.10000000,2446.24000000,2497.70350000,1787705999999999,6106567.26479700,23395,1195.25800000,2923507.45223100,0
1787706000000000,2446.24000000,2459.43000000,2445.00000000,2453.78000000,2328.81970000,1787706899999999,5715793.39335700,31582,1516.17960000,3721476.23722100,0
1787706900000000,2453.78000000,2457.65000000,2452.50000000,2453.30000000,1342.14590000,1787707799999999,3294456.14185600,26206,895.72240000,2198424.82532100,0
1787707800000000,2453.30000000,2462.32000000,2453.30000000,2457.64000000,2207.14950000,1787708699999999,5429333.02403400,28779,1533.57710000,3772769.26845500,0
1787708700000000,2457.64000000,2457.70000000,2454.01000000,2455.99000000,663.70540000,1787709599999999,1629732.47362800,15427,315.13870000,773788.40209300,0
1787709600000000,2455.98000000,2459.07000000,2454.05000000,2455.43000000,798.73570000,1787710499999999,1962047.88267100,16989,510.78220000,1254743.70339600,0
1787710500000000,2455.42000000,2468.12000000,2455.20000000,2468.08000000,2097.32800000,1787711399999999,5164623.59727100,22443,1462.04540000,3600020.74932300,0
1787711400000000,2468.08000000,2469.82000000,2464.97000000,2467.05000000,1291.04860000,1787712299999999,3185628.90063200,14783,699.84110000,1726964.09240200,0
1787712300000000,2467.06000000,2468.81000000,2464.21000000,2465.21000000,798.99060000,1787713199999999,1970444.98291500,10713,361.61010000,891833.05260300,0
1787713200000000,2465.21000000,2468.00000000,2462.17000000,2463.13000000,1233.26020000,1787714099999999,3038647.20948400,10623,566.25150000,1395276.98879200,0
1787714100000000,2463.13000000,2466.32000000,2460.20000000,2463.48000000,944.78500000,1787714999999999,2327287.97167700,10852,464.95100000,1145380.50757900,0
1787715000000000,2463.48000000,2467.64000000,2458.66000000,2464.88000000,1377.24230000,1787715899999999,3393036.61624000,18626,761.70130000,1876760.00647600,0
1787715900000000,2464.89000000,2467.19000000,2461.09000000,2465.57000000,1202.74110000,1787716799999999,2964096.41148000,13772,735.77910000,1813132.83762900,0
1787716800000000,2465.56000000,2472.86000000,2462.03000000,2466.31000000,2329.93390000,1787717699999999,5748076.73913300,27354,1237.42480000,3053541.31398500,0
1787717700000000,2466.31000000,2470.00000000,2465.15000000,2466.40000000,1404.47090000,1787718599999999,3465239.70744800,18189,530.16730000,1308148.92213100,0
1787718600000000,2466.41000000,2467.20000000,2462.73000000,2464.40000000,1478.30280000,1787719499999999,3644304.06575800,11524,645.31440000,1590803.21698900,0
1787719500000000,2464.41000000,2464.41000000,2455.68000000,2456.90000000,2251.93460000,1787720399999999,5539070.16996300,17945,713.05890000,1753594.79585000,0
1787720400000000,2456.89000000,2460.33000000,2451.49000000,2457.79000000,1667.64970000,1787721299999999,4095543.41032600,24130,802.54600000,1971281.09916100,0
1787721300000000,2457.78000000,2463.99000000,2453.95000000,2463.11000000,1842.07400000,1787722199999999,4528514.26950700,22315,767.38390000,1886906.93452600,0
1787722200000000,2463.11000000,2468.00000000,2462.16000000,2465.24000000,1463.85480000,1787723099999999,3608335.29993800,19414,717.15670000,1767795.44557400,0
1787723100000000,2465.24000000,2465.24000000,2461.22000000,2464.92000000,983.49480000,1787723999999999,2422743.48176000,11215,369.92730000,911320.63546500,0
1787724000000000,2464.91000000,2467.47000000,2461.16000000,2461.80000000,1883.61720000,1787724899999999,4643027.52425500,18649,618.21830000,1523645.02202600,0
1787724900000000,2461.80000000,2462.25000000,2454.61000000,2456.92000000,1355.19400000,1787725799999999,3330799.89734400,15337,530.73790000,1304304.34827100,0
1787725800000000,2456.91000000,2460.64000000,2453.59000000,2460.27000000,1863.10160000,1787726699999999,4578225.18518000,15500,839.61280000,2063208.07230400,0
1787726700000000,2460.27000000,2461.36000000,2457.60000000,2460.13000000,923.83380000,1787727599999999,2272155.88590000,8672,357.30040000,878655.98497900,0
1787727600000000,2460.14000000,2468.66000000,2457.22000000,2464.72000000,2728.85990000,1787728499999999,6721904.00412600,13028,958.66370000,2361414.54099100,0
1787728500000000,2464.73000000,2466.82000000,2461.47000000,2463.39000000,1778.45560000,1787729399999999,4383447.18189100,12492,902.68290000,2224732.15935000,0
1787729400000000,2463.40000000,2467.00000000,2461.55000000,2465.06000000,2805.51310000,1787730299999999,6915118.06313400,15917,1712.75850000,4221258.28111300,0
1787730300000000,2465.07000000,2466.99000000,2461.48000000,2461.78000000,2039.10330000,1787731199999999,5025174.16758100,15549,956.89130000,2357760.24709800,0
1787731200000000,2461.78000000,2470.00000000,2459.36000000,2465.18000000,4543.93170000,1787732099999999,11206227.71157800,25501,2334.27910000,5756760.04720500,0
1787732100000000,2465.19000000,2466.49000000,2458.33000000,2462.83000000,1609.42450000,1787732999999999,3963720.87813600,24863,707.39770000,1742420.43859700,0
1787733000000000,2462.83000000,2464.63000000,2460.21000000,2464.20000000,2787.80170000,1787733899999999,6864418.90939300,27618,1689.45470000,4159944.25716300,0
1787733900000000,2464.19000000,2464.19000000,2453.66000000,2456.29000000,2308.71750000,1787734799999999,5675556.73973500,25905,912.27270000,2241591.29717800,0
1787734800000000,2456.29000000,2461.00000000,2454.60000000,2456.09000000,1804.02680000,1787735699999999,4435198.92766800,22881,1028.10280000,2527381.48395200,0
1787735700000000,2456.10000000,2456.44000000,2445.24000000,2450.61000000,4090.75890000,1787736599999999,10021224.03751900,37092,2363.09910000,5789156.91403900,0
1787736600000000,2450.61000000,2453.20000000,2444.25000000,2444.85000000,1875.37840000,1787737499999999,4593303.92764800,26379,787.10940000,1928095.63936400,0
1787737500000000,2444.86000000,2449.57000000,2442.76000000,2447.87000000,1635.72310000,1787738399999999,4002200.00885300,19799,871.59640000,2132650.26810700,0
1787738400000000,2447.86000000,2450.00000000,2444.69000000,2449.47000000,1438.63850000,1787739299999999,3519638.91681900,16189,729.33290000,1784260.02346800,0
1787739300000000,2449.47000000,2454.66000000,2449.23000000,2454.39000000,1586.17030000,1787740199999999,3889152.40968500,13727,1135.88580000,2784989.31148300,0
1787740200000000,2454.40000000,2470.31000000,2453.65000000,2465.01000000,5377.36930000,1787741099999999,13243185.82938600,36743,3006.93730000,7403516.04509200,0
1787741100000000,2465.02000000,2475.61000000,2464.08000000,2468.96000000,3572.44730000,1787741999999999,8823074.29040000,37950,2212.12110000,5463410.76985800,0
1787742000000000,2468.97000000,2473.25000000,2466.87000000,2468.22000000,1816.36470000,1787742899999999,4486234.67043400,29495,879.90870000,2173290.28697600,0
1787742900000000,2468.23000000,2468.97000000,2465.06000000,2466.19000000,1291.97890000,1787743799999999,3187019.10715900,23619,425.00740000,1048332.63153000,0
1787743800000000,2466.19000000,2467.65000000,2456.32000000,2461.85000000,2374.51170000,1787744699999999,5848048.26285700,31155,1018.59350000,2508611.77107100,0
1787744700000000,2461.85000000,2468.78000000,2459.44000000,2463.09000000,1238.49080000,1787745599999999,3052181.71035000,17994,609.98120000,1503139.95893100,0
1787745600000000,2463.09000000,2465.63000000,2458.58000000,2460.58000000,1441.66310000,1787746499999999,3549395.70240200,20340,566.01350000,1393910.07020000,0
1787746500000000,2460.57000000,2472.05000000,2457.59000000,2471.21000000,2063.56190000,1787747399999999,5088757.89300700,28100,986.55820000,2433804.82495500,0
1787747400000000,2471.21000000,2471.22000000,2443.76000000,2455.01000000,6815.30030000,1787748299999999,16745307.63791000,92949,2802.56040000,6887467.54321900,0
1787748300000000,2455.01000000,2460.41000000,2452.58000000,2455.01000000,2160.21810000,1787749199999999,5305586.79010500,35083,1110.52470000,2727736.36593000,0
1787749200000000,2455.01000000,2458.29000000,2442.00000000,2446.06000000,3932.95320000,1787750099999999,9630458.20611200,55318,1545.05530000,3784518.63821300,0
1787750100000000,2446.06000000,2448.09000000,2437.11000000,2444.29000000,4891.11830000,1787750999999999,11949098.82291900,60413,2160.70160000,5278983.43639500,0
1787751000000000,2444.29000000,2459.27000000,2443.61000000,2458.82000000,5049.74550000,1787751899999999,12381718.69493100,79881,3210.62740000,7873613.20348400,0
1787751900000000,2458.82000000,2462.76000000,2450.00000000,2457.30000000,3797.19000000,1787752799999999,9328596.77984900,49284,2289.32080000,5624599.49004300,0
1787752800000000,2457.30000000,2462.14000000,2453.63000000,2456.30000000,3554.78160000,1787753699999999,8742055.24582400,35078,1500.61970000,3690408.73246300,0
1787753700000000,2456.31000000,2461.90000000,2448.82000000,2450.76000000,2931.39780000,1787754599999999,7195449.73957800,38226,1251.56590000,3072656.18081600,0
1787754600000000,2450.75000000,2452.91000000,2444.50000000,2445.00000000,2777.35630000,1787755499999999,6801495.01401300,36210,1343.75700000,3291192.99185200,0
1787755500000000,2445.01000000,2447.49000000,2438.41000000,2439.38000000,3573.34870000,1787756399999999,8729163.75931900,40477,1680.45500000,4106045.22707600,0
1787756400000000,2439.38000000,2443.39000000,2432.32000000,2441.21000000,5848.35950000,1787757299999999,14258516.11666100,64654,2910.56250000,7094346.06869100,0
1787757300000000,2441.21000000,2455.38000000,2436.26000000,2454.40000000,3692.72990000,1787758199999999,9033056.60746800,37092,2188.98650000,5355180.79738200,0
1787758200000000,2454.40000000,2454.74000000,2441.81000000,2448.00000000,3499.21730000,1787759099999999,8564257.27774000,34627,1331.51930000,3258524.67806100,0
1787759100000000,2448.00000000,2453.04000000,2448.00000000,2449.85000000,3116.76480000,1787759999999999,7636976.25362600,20794,1889.32930000,4629082.95789000,0
1787760000000000,2449.85000000,2455.36000000,2447.31000000,2450.40000000,1674.80450000,1787760899999999,4106071.61566600,20390,579.19320000,1420050.47472600,0
1787760900000000,2450.40000000,2453.25000000,2447.41000000,2449.29000000,2135.25440000,1787761799999999,5231086.42105800,18438,821.87210000,2013313.91937000,0
1787761800000000,2449.28000000,2453.76000000,2438.10000000,2438.69000000,2759.13410000,1787762699999999,6745906.45547200,22988,985.94090000,2410640.34536600,0
1787762700000000,2438.70000000,2451.50000000,2438.70000000,2444.64000000,1980.24770000,1787763599999999,4844798.00505800,19996,1159.61760000,2836537.44096800,0
1787763600000000,2444.65000000,2448.39000000,2443.80000000,2447.35000000,1315.05290000,1787764499999999,3216516.61751500,16490,670.19770000,1639133.61538300,0
1787764500000000,2447.36000000,2463.45000000,2447.36000000,2463.08000000,3480.65550000,1787765399999999,8552944.86426000,37842,1946.38670000,4782908.63143100,0
1787765400000000,2463.09000000,2467.03000000,2461.05000000,2461.44000000,3838.39330000,1787766299999999,9456990.30058100,41769,1514.56400000,3731908.88381100,0
1787766300000000,2461.44000000,2462.78000000,2455.72000000,2460.84000000,1679.16470000,1787767199999999,4129680.72352000,23661,862.28010000,2120081.25285400,0
1787767200000000,2460.84000000,2471.28000000,2458.85000000,2467.21000000,2415.19990000,1787768099999999,5956478.84759200,27000,1356.90770000,3346644.53182100,0
1787768100000000,2467.22000000,2469.22000000,2461.67000000,2462.90000000,1982.81200000,1787768999999999,4888924.90134400,17814,1179.14350000,2907051.86622800,0
1787769000000000,2462.90000000,2467.11000000,2462.37000000,2464.62000000,1620.74480000,1787769899999999,3994341.09838500,20582,690.39070000,1701242.73186600,0
1787769900000000,2464.63000000,2474.34000000,2464.46000000,2472.69000000,2838.86050000,1787770799999999,7014039.94357100,26148,1692.19010000,4180508.77655300,0
1787770800000000,2472.69000000,2473.50000000,2469.21000000,2470.52000000,2465.86080000,1787771699999999,6093921.86116700,23239,1121.86960000,2772141.75151200,0
1787771700000000,2470.51000000,2483.52000000,2470.26000000,2480.33000000,5568.26620000,1787772599999999,13790965.62195200,43509,3317.20110000,8216225.45050600,0
1787772600000000,2480.33000000,2480.66000000,2468.00000000,2471.25000000,3198.94310000,1787773499999999,7914032.93419100,27709,1604.57140000,3968960.27481500,0
1787773500000000,2471.26000000,2473.89000000,2469.08000000,2470.79000000,2539.83410000,1787774399999999,6278041.85382400,25824,1405.44620000,3474036.19926000,0
1787774400000000,2470.79000000,2474.49000000,2468.83000000,2469.15000000,1884.81260000,1787775299999999,4658179.79409600,24885,1263.26440000,3122118.81056400,0
1787775300000000,2469.16000000,2470.78000000,2460.29000000,2469.10000000,2533.04150000,1787776199999999,6245690.87040100,34298,924.86710000,2280772.66198600,0
1787776200000000,2469.10000000,2469.75000000,2464.29000000,2468.76000000,3235.23370000,1787777099999999,7978691.96080800,16564,1660.68040000,4095019.33132200,0
1787777100000000,2468.76000000,2472.87000000,2468.41000000,2472.27000000,3029.62780000,1787777999999999,7489088.41327500,10776,1151.68440000,2846352.76617700,0
1787778000000000,2472.27000000,2494.68000000,2470.56000000,2492.50000000,5519.29600000,1787778899999999,13714818.16234100,56753,3450.71490000,8573371.44530700,0
1787778900000000,2492.51000000,2505.00000000,2488.31000000,2500.81000000,10828.17500000,1787779799999999,27016375.34538200,57551,6447.96080000,16087885.27638600,0
1787779800000000,2500.81000000,2501.13000000,2493.73000000,2494.15000000,2675.49580000,1787780699999999,6681084.37467000,32156,1449.50110000,3619210.03547700,0
1787780700000000,2494.16000000,2498.39000000,2491.67000000,2496.82000000,1567.71230000,1787781599999999,3911536.26774100,20193,837.60170000,2089830.56455300,0
1787781600000000,2496.82000000,2507.00000000,2494.66000000,2503.42000000,3952.86820000,1787782499999999,9890187.49327400,40883,2280.97970000,5706988.08436700,0
1787782500000000,2503.42000000,2515.38000000,2502.78000000,2506.13000000,5444.70620000,1787783399999999,13663719.95117300,62411,3595.16980000,9022894.33631900,0
1787783400000000,2506.13000000,2506.60000000,2494.72000000,2497.66000000,2375.62300000,1787784299999999,5938016.82371900,30763,961.57580000,2403514.00564500,0
1787784300000000,2497.66000000,2497.66000000,2489.49000000,2493.73000000,1814.35430000,1787785199999999,4522389.83351100,23465,894.64820000,2229851.72712300,0
1787785200000000,2493.72000000,2495.72000000,2488.33000000,2490.45000000,1754.36110000,1787786099999999,4369974.99937100,26139,796.79740000,1984702.89760600,0
1787786100000000,2490.44000000,2500.84000000,2489.95000000,2498.92000000,2506.80530000,1787786999999999,6257638.42434300,29070,1528.25230000,3815035.40585100,0
1787787000000000,2498.91000000,2507.76000000,2497.96000000,2507.35000000,3028.87770000,1787787899999999,7580728.80314400,27809,1612.44460000,4035606.04397900,0
1787787900000000,2507.35000000,2512.69000000,2501.59000000,2506.78000000,5289.74300000,1787788799999999,13257220.58096000,31944,3149.94140000,7894239.15589200,0
1787788800000000,2506.78000000,2510.64000000,2500.00000000,2502.61000000,4208.67190000,1787789699999999,10546068.95896800,37264,1982.74980000,4969104.61774000,0
1787789700000000,2502.61000000,2506.64000000,2499.01000000,2500.92000000,1805.47040000,1787790599999999,4517886.03444600,22037,934.69390000,2339029.40127600,0
1787790600000000,2500.92000000,2501.68000000,2494.15000000,2496.20000000,1739.75960000,1787791499999999,4344769.60865400,29213,694.20910000,1733416.82000400,0
1787791500000000,2496.20000000,2497.24000000,2492.00000000,2492.01000000,2284.50040000,1787792399999999,5697196.81617000,30035,1441.98810000,3595858.86930300,0
1787792400000000,2492.00000000,2495.04000000,2487.03000000,2489.50000000,2216.72540000,1787793299999999,5522311.58010600,43948,1078.93610000,2687813.98896000,0
1787793300000000,2489.49000000,2505.64000000,2487.48000000,2503.04000000,2012.04220000,1787794199999999,5025853.62980900,40295,1228.84510000,3070204.87732600,0
1787794200000000,2503.05000000,2505.74000000,2493.00000000,2493.00000000,2345.86740000,1787795099999999,5863381.05376900,37608,1004.75190000,2511282.69750500,0
1787795100000000,2493.00000000,2506.15000000,2492.82000000,2497.87000000,3696.68360000,1787795999999999,9250466.95494500,29957,2122.06830000,5310216.23591200,0
1787796000000000,2497.87000000,2504.95000000,2497.44000000,2502.12000000,1931.24250000,1787796899999999,4831775.44354700,22399,1136.73060000,2843328.11246800,0
1787796900000000,2502.08000000,2502.48000000,2494.31000000,2495.97000000,1156.80920000,1787797799999999,2889982.29748600,19117,413.01820000,1031892.85270600,0
1787797800000000,2495.97000000,2498.16000000,2493.12000000,2494.00000000,839.41530000,1787798699999999,2094552.63471300,12146,351.30650000,876627.15745900,0
1787798700000000,2493.99000000,2495.92000000,2493.37000000,2494.73000000,899.66560000,1787799599999999,2244337.76726200,11475,435.49740000,1086368.12901600,0
1787799600000000,2494.73000000,2497.00000000,2490.61000000,2491.09000000,967.42320000,1787800499999999,2412935.26058200,15364,518.44370000,1293255.71221300,0
1787800500000000,2491.09000000,2499.03000000,2489.20000000,2497.91000000,3017.11560000,1787801399999999,7526859.92142100,26451,1489.56910000,3716958.92435900,0
1787801400000000,2497.91000000,2498.45000000,2492.41000000,2492.46000000,1246.55170000,1787802299999999,3109619.34342000,19006,424.58350000,1059255.69050200,0
1787802300000000,2492.47000000,2494.73000000,2489.32000000,2492.89000000,2477.30780000,1787803199999999,6172226.47022900,18069,648.90530000,1616506.08547900,0
1787803200000000,2492.89000000,2494.99000000,2491.52000000,2494.17000000,1302.40620000,1787804099999999,3247721.76427500,13829,372.42300000,928583.55767600,0
1787804100000000,2494.18000000,2495.75000000,2491.92000000,2491.92000000,948.94310000,1787804999999999,2366936.44793000,10742,355.67320000,887096.25488100,0
1787805000000000,2491.92000000,2491.92000000,2484.41000000,2489.15000000,2796.13170000,1787805899999999,6954987.04090300,26276,1129.45080000,2809306.84976100,0
1787805900000000,2489.16000000,2491.12000000,2484.24000000,2487.38000000,1223.61910000,1787806799999999,3043141.19485000,16203,303.71130000,755329.63581000,0
1787806800000000,2487.39000000,2488.61000000,2483.50000000,2485.44000000,1221.73930000,1787807699999999,3037370.24182000,15391,536.16580000,1332651.57127400,0
1787807700000000,2485.44000000,2491.36000000,2483.65000000,2485.28000000,1143.59690000,1787808599999999,2844260.94018500,15203,488.82780000,1215725.00847500,0
1787808600000000,2485.27000000,2490.64000000,2481.74000000,2488.14000000,1352.08860000,1787809499999999,3361368.69386100,22955,583.47620000,1450578.39493000,0
1787809500000000,2488.14000000,2497.94000000,2487.94000000,2496.63000000,2745.65210000,1787810399999999,6850596.12959500,23473,1552.80580000,3873556.74566300,0
1787810400000000,2496.63000000,2496.63000000,2485.30000000,2488.50000000,1231.56020000,1787811299999999,3066857.21696300,15024,438.83080000,1092184.59518300,0
1787811300000000,2488.50000000,2488.50000000,2484.20000000,2485.61000000,1783.67280000,1787812199999999,4433496.18352500,19173,620.82540000,1543246.18850200,0
1787812200000000,2485.62000000,2488.71000000,2485.61000000,2488.39000000,744.13380000,1787813099999999,1851077.31500100,13499,292.82560000,728395.94961400,0
1787813100000000,2488.39000000,2493.34000000,2488.39000000,2493.11000000,913.93940000,1787813999999999,2276402.68564500,13327,433.70370000,1080170.58840400,0
1787814000000000,2493.11000000,2495.34000000,2490.79000000,2494.24000000,872.82230000,1787814899999999,2175450.24116400,15305,416.51170000,1038072.55597100,0
1787814900000000,2494.24000000,2494.34000000,2488.86000000,2490.79000000,831.98220000,1787815799999999,2073089.43950600,15541,377.46870000,940285.56708500,0
1787815800000000,2490.79000000,2494.42000000,2490.41000000,2491.65000000,2774.53160000,1787816699999999,6913645.18338300,23588,736.97250000,1836543.93182400,0
1787816700000000,2491.64000000,2499.00000000,2491.29000000,2497.16000000,1788.92640000,1787817599999999,4464182.53551100,17744,924.75160000,2307645.42959800,0
1787817600000000,2497.17000000,2529.00000000,2497.05000000,2520.00000000,15246.76560000,1787818499999999,38359459.39046500,96909,9740.14790000,24504729.85817500,0
1787818500000000,2520.00000000,2535.00000000,2512.44000000,2533.88000000,9369.25960000,1787819399999999,23633606.23088900,57806,5512.32970000,13911396.63099400,0
1787819400000000,2533.88000000,2546.84000000,2527.08000000,2536.42000000,10883.36760000,1787820299999999,27612328.70924400,91062,6224.18710000,15797273.60976600,0
1787820300000000,2536.42000000,2540.58000000,2528.79000000,2531.05000000,4811.26510000,1787821199999999,12197107.66343200,62113,2289.21950000,5804290.60742700,0
1787821200000000,2531.05000000,2536.91000000,2525.45000000,2535.61000000,5890.66060000,1787822099999999,14908862.27546100,60414,3984.44300000,10085523.43744400,0
1787822100000000,2535.62000000,2566.53000000,2531.16000000,2554.44000000,18067.17700000,1787822999999999,46087815.92832300,130807,9827.86520000,25064120.07963400,0
1787823000000000,2554.44000000,2556.58000000,2538.82000000,2541.54000000,5299.36340000,1787823899999999,13500073.00837400,66293,2613.03160000,6658749.22871200,0
1787823900000000,2541.54000000,2545.54000000,2532.53000000,2534.94000000,2180.23920000,1787824799999999,5533466.08276900,38080,858.22870000,2178894.84211600,0
1787824800000000,2534.94000000,2539.98000000,2525.57000000,2529.95000000,6095.36050000,1787825699999999,15443383.50004100,64391,2944.58530000,7462924.19775600,0
1787825700000000,2529.96000000,2532.03000000,2486.97000000,2510.91000000,15149.66570000,1787826599999999,37980265.53639900,102894,7531.10720000,18867922.88917600,0
1787826600000000,2510.91000000,2513.00000000,2496.98000000,2505.86000000,5713.71910000,1787827499999999,14309703.75224300,83486,2891.76800000,7242572.48317800,0
1787827500000000,2505.85000000,2506.58000000,2501.09000000,2503.60000000,2770.86810000,1787828399999999,6938904.36771000,34777,1210.86820000,3032182.03137800,0
1787828400000000,2503.60000000,2509.10000000,2501.81000000,2508.10000000,2538.12130000,1787829299999999,6361152.80009300,36293,1271.79800000,3187148.36652300,0
1787829300000000,2508.10000000,2510.18000000,2499.07000000,2501.24000000,3862.62530000,1787830199999999,9677484.39093800,28013,1174.10720000,2942252.95070600,0
1787830200000000,2501.23000000,2505.36000000,2498.39000000,2503.38000000,1850.32540000,1787831099999999,4629136.17372000,34791,920.77660000,2303684.38637000,0
1787831100000000,2503.37000000,2503.37000000,2492.56000000,2501.73000000,3093.93170000,1787831999999999,7733007.36368900,30417,824.77410000,2061313.45127300,0
1787832000000000,2501.74000000,2506.80000000,2500.00000000,2505.36000000,2223.03010000,1787832899999999,5563758.34797800,33450,1078.54400000,2699900.38050500,0
1787832900000000,2505.36000000,2507.55000000,2502.74000000,2505.88000000,2150.37860000,1787833799999999,5388090.87140700,27375,1178.45590000,2952722.80182900,0
1787833800000000,2505.89000000,2506.16000000,2496.27000000,2496.30000000,4724.22110000,1787834699999999,11812299.48425900,31130,1060.97790000,2653185.75307100,0
1787834700000000,2496.30000000,2500.00000000,2492.28000000,2494.90000000,2240.62850000,1787835599999999,5595138.33968700,16572,916.81480000,2289086.61393600,0
1787835600000000,2494.90000000,2500.00000000,2494.90000000,2497.94000000,1095.44610000,1787836499999999,2735937.19654300,15784,564.14780000,1408936.66610000,0
1787836500000000,2497.94000000,2506.86000000,2496.87000000,2503.09000000,2996.02550000,1787837399999999,7498632.72315700,32862,1842.31280000,4611127.52352700,0
1787837400000000,2503.09000000,2503.15000000,2484.61000000,2489.97000000,6779.65960000,1787838299999999,16892678.84730500,111297,2736.37700000,6818619.32593100,0
1787838300000000,2489.96000000,2498.21000000,2482.54000000,2496.68000000,5384.33000000,1787839199999999,13413685.29345300,102519,2637.19870000,6571306.65336400,0
1787839200000000,2496.69000000,2504.68000000,2489.04000000,2492.47000000,5926.07850000,1787840099999999,14789258.50124700,85389,2410.47110000,6017613.51855500,0
1787840100000000,2492.47000000,2508.74000000,2490.58000000,2508.40000000,4829.24160000,1787840999999999,12090486.41020600,53110,2363.28890000,5915526.66092300,0
1787841000000000,2508.40000000,2523.46000000,2504.45000000,2520.80000000,10009.91380000,1787841899999999,25187429.59070300,75630,6674.70610000,16800092.93477700,0
1787841900000000,2520.79000000,2520.79000000,2511.35000000,2517.44000000,3989.85260000,1787842799999999,10036690.52544900,50299,1301.39960000,3273069.14258300,0
1787842800000000,2517.44000000,2530.32000000,2513.62000000,2526.38000000,4950.66860000,1787843699999999,12488109.39743500,68941,2774.48950000,6999953.58559000,0
1787843700000000,2526.38000000,2527.84000000,2516.46000000,2523.10000000,6679.81060000,1787844599999999,16840808.65435300,64833,4527.52220000,11413448.64492900,0
1787844600000000,2523.10000000,2531.84000000,2515.23000000,2525.79000000,6587.61690000,1787845499999999,16628888.47407400,71469,3407.89090000,8603056.23734600,0
1787845500000000,2525.79000000,2526.37000000,2519.78000000,2521.68000000,3402.93830000,1787846399999999,8583713.64581900,48953,1701.36650000,4291002.04804900,0
1787846400000000,2521.68000000,2527.00000000,2516.32000000,2523.95000000,5176.28410000,1787847299999999,13059505.98170300,34040,1831.06870000,4620380.05392400,0
1787847300000000,2523.95000000,2528.15000000,2522.02000000,2522.06000000,2820.34930000,1787848199999999,7124223.66998200,29265,1385.30530000,3499468.96119400,0
1787848200000000,2522.06000000,2533.24000000,2518.82000000,2531.14000000,3030.47970000,1787849099999999,7654536.67242000,30491,1577.77640000,3986424.23417800,0
1787849100000000,2531.13000000,2531.16000000,2522.18000000,2522.31000000,2272.09730000,1787849999999999,5738313.82860100,30385,898.50100000,2269136.87972300,0
1787850000000000,2522.31000000,2531.54000000,2516.12000000,2529.27000000,3677.53960000,1787850899999999,9281297.46939500,47918,1855.11240000,4682381.74845500,0
1787850900000000,2529.27000000,2533.78000000,2523.97000000,2523.98000000,5635.76530000,1787851799999999,14260477.27579700,52742,2348.57680000,5943903.43255000,0
1787851800000000,2523.98000000,2526.35000000,2517.34000000,2518.31000000,2948.34040000,1787852699999999,7437818.37321800,34273,1059.92620000,2675004.44758200,0
1787852700000000,2518.30000000,2522.13000000,2515.36000000,2518.07000000,2654.69400000,1787853599999999,6688085.71027900,26518,824.26800000,2076632.79152300,0
1787853600000000,2518.07000000,2518.21000000,2494.36000000,2500.12000000,5786.47900000,1787854499999999,14507569.85853800,48791,1853.91290000,4646263.42177700,0
1787854500000000,2500.12000000,2503.36000000,2488.74000000,2493.45000000,9896.62100000,1787855399999999,24670818.51070900,50781,2694.73540000,6721286.88773700,0
1787855400000000,2493.45000000,2497.90000000,2491.39000000,2496.90000000,3864.44760000,1787856299999999,9643064.40183500,29244,1830.70530000,4568261.58744700,0
1787856300000000,2496.89000000,2506.98000000,2495.48000000,2506.69000000,4456.20050000,1787857199999999,11138558.71121600,26814,2416.83050000,6041367.16440700,0
1787857200000000,2506.69000000,2512.60000000,2505.05000000,2510.12000000,3376.70490000,1787858099999999,8471803.35502400,29489,1868.12130000,4687031.52013500,0
1787858100000000,2510.12000000,2512.12000000,2507.58000000,2511.78000000,3263.29970000,1787858999999999,8191135.38910300,21448,1578.12680000,3961331.76486100,0
1787859000000000,2511.78000000,2514.34000000,2507.82000000,2510.41000000,3622.88460000,1787859899999999,9096792.97646300,24659,1711.46280000,4297228.33364600,0
1787859900000000,2510.40000000,2511.76000000,2497.51000000,2498.21000000,5199.95510000,1787860799999999,13024282.90711000,31444,2355.96970000,5900345.29330800,0
1787860800000000,2498.22000000,2501.17000000,2495.06000000,2496.66000000,2034.78850000,1787861699999999,5083597.44881900,29149,918.92580000,2295900.41540700,0
1787861700000000,2496.66000000,2505.50000000,2496.19000000,2502.95000000,1418.42510000,1787862599999999,3549144.62010600,19527,610.01070000,1526381.04747600,0
1787862600000000,2502.95000000,2506.56000000,2502.73000000,2506.32000000,753.67920000,1787863499999999,1887630.43371500,11492,405.20240000,1014821.50476700,0
1787863500000000,2506.33000000,2507.91000000,2501.72000000,2507.83000000,1166.04320000,1787864399999999,2921564.88677300,13557,593.19380000,1486293.56977700,0
1787864400000000,2507.84000000,2508.79000000,2503.53000000,2505.87000000,1984.26790000,1787865299999999,4974040.10220400,12477,754.48760000,1891186.88052900,0
1787865300000000,2505.87000000,2505.87000000,2500.43000000,2502.06000000,1381.77390000,1787866199999999,3458358.06025100,10747,654.32690000,1637420.21386000,0
1787866200000000,2502.06000000,2504.87000000,2499.22000000,2499.62000000,1092.85240000,1787867099999999,2733526.65903700,14389,477.20930000,1193616.79585400,0
1787867100000000,2499.63000000,2504.86000000,2499.22000000,2504.12000000,1428.97750000,1787867999999999,3575251.34047100,15098,442.59880000,1107225.90647900,0
1787868000000000,2504.12000000,2512.68000000,2504.12000000,2509.90000000,1763.10030000,1787868899999999,4424212.72842700,29608,1060.51740000,2661001.22096400,0
1787868900000000,2509.91000000,2516.98000000,2509.90000000,2512.96000000,4546.51120000,1787869799999999,11429272.32688500,30593,2948.32940000,7412074.39336000,0
1787869800000000,2512.96000000,2514.36000000,2510.16000000,2513.05000000,1233.53420000,1787870699999999,3099247.24075700,16897,503.08470000,1264023.32857900,0
1787870700000000,2513.05000000,2515.18000000,2511.23000000,2515.15000000,2379.91270000,1787871599999999,5984302.37805700,11526,1836.25800000,4617733.10560800,0
1787871600000000,2515.16000000,2516.81000000,2510.67000000,2511.11000000,2038.04370000,1787872499999999,5125231.94993400,17513,854.08600000,2147733.92033900,0
1787872500000000,2511.11000000,2515.93000000,2509.05000000,2514.17000000,1321.24810000,1787873399999999,3320799.35560200,20938,624.13240000,1568631.63567100,0
1787873400000000,2514.16000000,2514.50000000,2510.69000000,2510.94000000,593.65340000,1787874299999999,1491810.22077400,12564,241.30950000,606401.53420300,0
1787874300000000,2510.93000000,2512.64000000,2509.66000000,2510.94000000,781.55350000,1787875199999999,1962397.11175200,12336,356.32880000,894653.62098400,0
1787875200000000,2510.94000000,2511.40000000,2506.02000000,2508.40000000,1017.47220000,1787876099999999,2552155.99996800,20514,263.86070000,661879.44374000,0
1787876100000000,2508.40000000,2514.02000000,2508.20000000,2513.29000000,1305.77610000,1787876999999999,3279099.90358200,26775,768.20900000,1928905.76529700,0
1787877000000000,2513.29000000,2518.80000000,2509.99000000,2515.23000000,2892.36290000,1787877899999999,7275787.34176400,34336,1556.05920000,3913972.80683800,0
1787877900000000,2515.23000000,2519.91000000,2512.65000000,2515.61000000,1103.61450000,1787878799999999,2776048.66230700,21518,539.47940000,1357174.72445400,0
1787878800000000,2515.61000000,2525.08000000,2515.60000000,2521.82000000,2745.05530000,1787879699999999,6921162.60320000,27979,1801.23190000,4541592.34804400,0
1787879700000000,2521.82000000,2529.53000000,2520.10000000,2528.80000000,2926.08190000,1787880599999999,7393952.45002000,29738,1584.76220000,4004212.92514800,0
1787880600000000,2528.79000000,2535.05000000,2518.01000000,2519.01000000,5552.31240000,1787881499999999,14035743.13296300,37236,2983.08600000,7543654.32231300,0
1787881500000000,2519.00000000,2520.00000000,2507.83000000,2512.44000000,3440.96640000,1787882399999999,8647645.31401600,44305,1550.87900000,3898076.18979400,0
1787882400000000,2512.44000000,2512.44000000,2502.77000000,2502.96000000,3049.70840000,1787883299999999,7649112.21832400,38530,971.32210000,2436353.83925200,0
1787883300000000,2502.95000000,2504.93000000,2491.00000000,2494.72000000,5170.12340000,1787884199999999,12913420.74278400,46510,1994.79200000,4982366.58793700,0
1787884200000000,2494.72000000,2499.90000000,2490.15000000,2496.56000000,2166.47970000,1787885099999999,5407451.80815200,36303,1023.05870000,2553960.99137600,0
1787885100000000,2496.56000000,2496.57000000,2486.09000000,2492.26000000,4334.76990000,1787885999999999,10797955.81379000,41548,2038.15780000,5077455.65683700,0
1787886000000000,2492.26000000,2493.39000000,2486.24000000,2490.54000000,1745.23290000,1787886899999999,4344553.93741800,32439,649.32460000,1616420.63848100,0
1787886900000000,2490.54000000,2495.60000000,2490.20000000,2492.57000000,1163.10860000,1787887799999999,2900499.68954900,20397,574.02240000,1431437.63928200,0
1787887800000000,2492.57000000,2494.91000000,2489.01000000,2489.26000000,1550.76670000,1787888699999999,3863475.04860500,18845,545.24320000,1358357.47515000,0
1787888700000000,2489.27000000,2492.72000000,2488.93000000,2489.92000000,1201.26250000,1787889599999999,2991839.77610400,14918,628.82100000,1566008.70539300,0
1787889600000000,2489.91000000,2492.23000000,2477.49000000,2492.23000000,4333.16470000,1787890499999999,10762952.59818800,41773,1499.48690000,3724669.60873200,0
1787890500000000,2492.22000000,2496.17000000,2488.00000000,2490.69000000,1603.10710000,1787891399999999,3996359.77532300,25781,783.12740000,1952148.50487300,0
1787891400000000,2490.69000000,2491.00000000,2483.56000000,2486.90000000,1345.97530000,1787892299999999,3346866.34772800,24858,474.34520000,1179331.90897100,0
1787892300000000,2486.91000000,2489.00000000,2485.04000000,2486.18000000,1029.86470000,1787893199999999,2561201.30843200,14338,415.46740000,1033210.92642900,0
1787893200000000,2486.18000000,2488.34000000,2482.23000000,2485.54000000,1172.14780000,1787894099999999,2912905.15774800,20319,534.89660000,1329450.85002200,0
1787894100000000,2485.54000000,2491.00000000,2483.28000000,2490.17000000,1296.36830000,1787894999999999,3224316.37061900,13670,618.13780000,1537600.69588200,0
1787895000000000,2490.18000000,2495.65000000,2489.67000000,2495.28000000,1822.94450000,1787895899999999,4544515.33749100,21315,1027.04290000,2559952.69768800,0
1787895900000000,2495.29000000,2497.44000000,2492.00000000,2493.32000000,2067.48710000,1787896799999999,5159279.32161000,19901,1004.80640000,2507546.33511100,0
1787896800000000,2493.32000000,2503.77000000,2493.31000000,2503.57000000,2506.76000000,1787897699999999,6267384.89381000,24605,1493.13310000,3732769.89162400,0
1787897700000000,2503.56000000,2503.56000000,2500.91000000,2500.98000000,1099.13300000,1787898599999999,2750164.99387600,14558,522.10870000,1306370.65508600,0
1787898600000000,2500.99000000,2502.84000000,2499.17000000,2501.32000000,1480.99970000,1787899499999999,3703851.40067400,14910,845.41560000,2114346.37114400,0
1787899500000000,2501.32000000,2505.37000000,2501.10000000,2503.00000000,2086.74050000,1787900399999999,5224503.72897300,12505,1248.45390000,3125619.53654900,0
1787900400000000,2503.01000000,2503.42000000,2494.10000000,2496.60000000,2270.13240000,1787901299999999,5669302.87484100,17341,802.64770000,2004444.82808200,0
1787901300000000,2496.59000000,2498.96000000,2494.97000000,2498.61000000,1616.80610000,1787902199999999,4036661.32040700,13817,1052.21300000,2626838.57175800,0
1787902200000000,2498.61000000,2498.94000000,2494.86000000,2494.86000000,2554.73990000,1787903099999999,6378629.12674000,21431,934.34880000,2332728.58729000,0
1787903100000000,2494.86000000,2496.87000000,2494.77000000,2496.48000000,2858.90740000,1787903999999999,7135049.31985300,14715,1294.02310000,3229477.56032700,0
1787904000000000,2496.47000000,2503.66000000,2496.47000000,2497.02000000,3126.26540000,1787904899999999,7813587.84057600,19541,1516.95090000,3791507.65536400,0
1787904900000000,2497.02000000,2501.65000000,2497.02000000,2497.80000000,3288.50910000,1787905799999999,8219204.90590500,18184,1287.65050000,3218037.94937400,0
1787905800000000,2497.80000000,2498.36000000,2494.13000000,2494.13000000,1703.34790000,1787906699999999,4252440.27644700,15524,597.76460000,1492384.49012000,0
1787906700000000,2494.13000000,2495.00000000,2486.52000000,2488.05000000,2221.22530000,1787907599999999,5530069.37454400,31672,790.15950000,1967127.12989200,0
1787907600000000,2488.05000000,2493.02000000,2483.40000000,2489.59000000,5400.58100000,1787908499999999,13427769.45149300,33970,1136.91600000,2829398.77800900,0
1787908500000000,2489.58000000,2492.98000000,2489.58000000,2491.62000000,1184.87100000,1787909399999999,2951042.89660800,8870,815.08170000,2029727.58851900,0
1787909400000000,2491.61000000,2493.24000000,2488.36000000,2489.05000000,966.22680000,1787910299999999,2407237.40943500,16935,555.65290000,1384396.89899400,0
1787910300000000,2489.04000000,2491.52000000,2488.56000000,2489.58000000,1180.96620000,1787911199999999,2940592.75928600,11998,567.44250000,1412827.59549400,0
1787911200000000,2489.57000000,2490.09000000,2482.17000000,2487.59000000,2021.37230000,1787912099999999,5024666.51910900,27965,783.95000000,1949013.85407900,0
1787912100000000,2487.59000000,2489.29000000,2484.39000000,2489.06000000,762.52430000,1787912999999999,1895981.09168200,12636,399.16350000,992419.21091800,0
1787913000000000,2489.06000000,2495.22000000,2489.06000000,2494.02000000,2314.83080000,1787913899999999,5773107.83638000,14679,1707.15080000,4257583.59099500,0
1787913900000000,2494.01000000,2509.08000000,2493.83000000,2506.56000000,3374.41770000,1787914799999999,8441803.94485000,28675,2690.32790000,6730183.23261100,0
1787914800000000,2506.57000000,2511.51000000,2505.79000000,2509.68000000,2924.11510000,1787915699999999,7337259.32680200,34644,1503.99640000,3773952.31188900,0
1787915700000000,2509.68000000,2510.42000000,2504.30000000,2505.49000000,1716.24900000,1787916599999999,4304828.48344800,23131,640.62030000,1606804.58035800,0
1787916600000000,2505.49000000,2508.11000000,2502.43000000,2505.61000000,1633.61890000,1787917499999999,4092208.57523300,17722,504.06070000,1262731.10578400,0
1787917500000000,2505.61000000,2506.72000000,2503.01000000,2505.10000000,1141.20510000,1787918399999999,2859065.48234500,14075,428.93080000,1074491.19411800,0
1787918400000000,2505.10000000,2506.54000000,2500.01000000,2501.61000000,1046.17910000,1787919299999999,2619164.60013900,15413,506.01370000,1266849.02918800,0
1787919300000000,2501.61000000,2508.41000000,2500.81000000,2501.18000000,1455.50600000,1787920199999999,3645173.31329900,19034,811.51550000,2032627.71698700,0
1787920200000000,2501.18000000,2501.28000000,2495.29000000,2498.96000000,1647.24970000,1787921099999999,4114851.11477700,15188,819.98430000,2048284.35821200,0
1787921100000000,2498.97000000,2499.24000000,2496.54000000,2499.11000000,830.16780000,1787921999999999,2073724.55183700,9758,479.19170000,1197055.12217100,0
1787922000000000,2499.10000000,2504.12000000,2497.28000000,2500.58000000,2727.54470000,1787922899999999,6822384.19884500,23379,1917.49230000,4796861.80052900,0
1787922900000000,2500.58000000,2501.67000000,2495.22000000,2498.89000000,2354.43620000,1787923799999999,5883566.52657700,25941,1608.94370000,4021053.11640300,0
1787923800000000,2498.89000000,2505.02000000,2496.24000000,2497.68000000,3491.79650000,1787924699999999,8731656.89433800,40067,2121.92210000,5306024.48526900,0
1787924700000000,2497.67000000,2518.26000000,2496.24000000,2509.17000000,9653.35080000,1787925599999999,24238202.86654900,58693,7132.35360000,17911601.97527700,0
1787925600000000,2509.17000000,2525.00000000,2468.00000000,2477.91000000,25469.84630000,1787926499999999,63455434.65069900,240406,10255.49440000,25578147.38923300,0
1787926500000000,2477.91000000,2493.35000000,2472.01000000,2492.12000000,6177.15270000,1787927399999999,15345902.48439000,89468,3044.97850000,7565712.84413300,0
1787927400000000,2492.11000000,2526.64000000,2486.67000000,2510.00000000,12973.40050000,1787928299999999,32582237.59830200,153726,7661.44470000,19244714.99267900,0
1787928300000000,2510.01000000,2515.00000000,2500.00000000,2513.00000000,4590.02540000,1787929199999999,11516758.55676400,74663,2675.43740000,6716811.25165800,0
1787929200000000,2513.00000000,2519.25000000,2502.28000000,2503.60000000,4779.83760000,1787930099999999,12005568.17021400,69440,2896.47090000,7279725.97715700,0
1787930100000000,2503.60000000,2512.56000000,2502.64000000,2507.14000000,4035.02940000,1787930999999999,10116532.06263800,48811,2253.29040000,5651370.34666100,0
1787931000000000,2507.14000000,2508.10000000,2487.68000000,2489.14000000,10692.34830000,1787931899999999,26705617.36692000,71080,2822.99460000,7046993.81578700,0
1787931900000000,2489.14000000,2495.41000000,2470.00000000,2471.89000000,13508.62520000,1787932799999999,33501948.00792600,93921,3487.64760000,8650824.48745600,0
1787932800000000,2471.89000000,2473.95000000,2444.59000000,2445.35000000,25181.22010000,1787933699999999,61843443.31514100,179715,10411.52960000,25566580.46901700,0
1787933700000000,2445.35000000,2450.29000000,2405.97000000,2430.45000000,36051.42620000,1787934599999999,87567082.72587600,245794,16585.91850000,40263717.52460500,0
1787934600000000,2430.45000000,2446.71000000,2429.47000000,2436.84000000,11420.94280000,1787935499999999,27839897.44193600,124597,5238.30500000,12768981.40710900,0
1787935500000000,2436.85000000,2445.17000000,2436.64000000,2442.29000000,4386.90090000,1787936399999999,10711411.12603500,74774,1783.92390000,4355980.73168200,0
1787936400000000,2442.30000000,2445.64000000,2437.50000000,2445.64000000,4968.29780000,1787937299999999,12125648.11538000,69923,2396.07030000,5848709.05917300,0
1787937300000000,2445.64000000,2448.22000000,2438.19000000,2442.75000000,3784.98160000,1787938199999999,9250033.76340900,50294,1485.65930000,3630442.48502600,0
1787938200000000,2442.75000000,2445.67000000,2437.43000000,2438.79000000,2234.13710000,1787939099999999,5452450.48430900,30334,1089.10350000,2657531.74413100,0
1787939100000000,2438.78000000,2446.56000000,2438.78000000,2443.79000000,2257.78100000,1787939999999999,5518203.71142300,23479,1113.49790000,2721207.88224200,0
1787940000000000,2443.79000000,2445.02000000,2438.03000000,2438.26000000,3188.10700000,1787940899999999,7781985.15129400,31222,1170.66320000,2857728.66495800,0
1787940900000000,2438.27000000,2439.71000000,2430.00000000,2431.47000000,4874.86790000,1787941799999999,11868648.69625300,39105,2270.77600000,5529870.16999900,0
1787941800000000,2431.46000000,2432.85000000,2419.42000000,2423.40000000,7928.54960000,1787942699999999,19232366.24742500,43590,4081.22820000,9898570.04832200,0
1787942700000000,2423.40000000,2429.05000000,2418.08000000,2428.68000000,4805.45620000,1787943599999999,11641852.00595300,31830,2185.95570000,5295710.35271400,0
1787943600000000,2428.67000000,2437.89000000,2428.62000000,2435.86000000,2889.69850000,1787944499999999,7029322.41003400,36625,1399.10630000,3403878.34009500,0
1787944500000000,2435.86000000,2443.10000000,2434.13000000,2438.71000000,2590.44960000,1787945399999999,6316956.50510000,23465,1326.06560000,3234320.96965700,0
1787945400000000,2438.70000000,2439.01000000,2435.42000000,2436.25000000,3804.83520000,1787946299999999,9272443.01000900,26768,1095.61680000,2670219.38200100,0
1787946300000000,2436.25000000,2436.97000000,2431.07000000,2435.69000000,2358.34850000,1787947199999999,5740639.17522700,22000,1018.43780000,2479159.44113000,0
1787947200000000,2435.68000000,2436.12000000,2430.77000000,2435.93000000,1702.20110000,1787948099999999,4143757.36237400,16254,788.80250000,1920213.35934800,0
1787948100000000,2435.93000000,2435.93000000,2430.77000000,2432.40000000,908.24990000,1787948999999999,2210066.13941700,7589,357.73290000,870472.77997400,0
1787949000000000,2432.39000000,2432.39000000,2424.03000000,2427.46000000,1973.98240000,1787949899999999,4790744.52001300,16758,752.26610000,1825619.29751400,0
1787949900000000,2427.45000000,2431.12000000,2426.43000000,2427.61000000,1138.31240000,1787950799999999,2764063.26118300,12280,455.69000000,1106667.44269300,0
1787950800000000,2427.61000000,2429.56000000,2425.62000000,2428.18000000,842.30510000,1787951699999999,2044628.93159900,10918,277.91390000,674506.36395300,0
1787951700000000,2428.17000000,2430.06000000,2424.25000000,2428.21000000,934.22680000,1787952599999999,2267742.85426100,9627,249.69500000,606161.01871400,0
1787952600000000,2428.21000000,2432.14000000,2426.82000000,2428.80000000,1247.78870000,1787953499999999,3031513.31784300,12714,440.39600000,1069933.68794900,0
1787953500000000,2428.80000000,2428.80000000,2422.36000000,2424.90000000,1698.45490000,1787954399999999,4118712.76699600,17879,839.64720000,2035965.46040100,0
1787954400000000,2424.91000000,2430.05000000,2422.68000000,2430.05000000,1298.12560000,1787955299999999,3149340.76279300,14928,773.91700000,1877845.94986300,0
1787955300000000,2430.06000000,2436.57000000,2426.80000000,2434.38000000,1899.23400000,1787956199999999,4617850.78845800,12761,953.68920000,2319071.50145700,0
1787956200000000,2434.37000000,2440.00000000,2433.75000000,2439.92000000,3095.27260000,1787957099999999,7544081.14870400,16201,988.42380000,2408982.00782300,0
1787957100000000,2439.92000000,2445.00000000,2439.92000000,2442.01000000,3043.92560000,1787957999999999,7434018.04952000,17238,1956.00810000,4776849.40905400,0
1787958000000000,2442.01000000,2442.01000000,2438.61000000,2441.79000000,2185.66540000,1787958899999999,5333670.63782600,13354,1411.36750000,3444108.57492100,0
1787958900000000,2441.79000000,2442.10000000,2436.47000000,2437.88000000,1437.73320000,1787959799999999,3506282.28224300,9656,637.50380000,1554313.51789600,0
1787959800000000,2437.88000000,2439.54000000,2437.83000000,2439.45000000,944.88050000,1787960699999999,2304331.57560100,7917,502.45320000,1225293.31585400,0
1787960700000000,2439.45000000,2442.83000000,2437.28000000,2442.80000000,1102.91460000,1787961599999999,2691624.82709600,13317,651.21370000,1589221.51074100,0
1787961600000000,2442.79000000,2445.37000000,2442.11000000,2442.19000000,1242.13210000,1787962499999999,3035463.37975000,12896,712.68480000,1741586.23537600,0
1787962500000000,2442.18000000,2448.05000000,2442.18000000,2445.64000000,2388.14240000,1787963399999999,5841659.08624900,14370,1878.42100000,4595081.10678400,0
1787963400000000,2445.65000000,2445.65000000,2442.57000000,2444.40000000,937.65070000,1787964299999999,2291649.89354200,8894,444.16670000,1085634.96315700,0
1787964300000000,2444.40000000,2444.98000000,2441.02000000,2442.47000000,765.52120000,1787965199999999,1870128.30808900,9502,313.13030000,764836.11134800,0
1787965200000000,2442.47000000,2442.76000000,2439.18000000,2439.78000000,1131.18740000,1787966099999999,2761182.63515300,6770,256.02870000,624996.66559200,0
1787966100000000,2439.77000000,2444.16000000,2439.49000000,2444.16000000,993.77200000,1787966999999999,2426244.38121500,8446,337.57650000,824391.65604300,0
1787967000000000,2444.16000000,2445.12000000,2442.21000000,2444.58000000,568.38110000,1787967899999999,1389108.35254700,7579,254.96240000,623115.78792500,0
1787967900000000,2444.58000000,2445.92000000,2442.15000000,2443.78000000,1150.12220000,1787968799999999,2810998.52824500,9388,549.78540000,1343654.44456500,0
1787968800000000,2443.77000000,2444.95000000,2441.81000000,2441.82000000,830.72490000,1787969699999999,2029648.63972000,8058,385.38110000,941435.63925800,0
1787969700000000,2441.82000000,2441.92000000,2436.99000000,2438.40000000,1277.02110000,1787970599999999,3114338.24931000,9693,492.05090000,1199906.17693600,0
1787970600000000,2438.39000000,2439.61000000,2435.59000000,2437.91000000,744.35200000,1787971499999999,1814706.12255600,12218,305.99610000,745989.67800300,0
1787971500000000,2437.91000000,2440.32000000,2437.16000000,2438.73000000,1051.60810000,1787972399999999,2564936.20798300,8525,689.55130000,1681819.05595700,0
1787972400000000,2438.72000000,2440.02000000,2438.72000000,2438.93000000,851.76910000,1787973299999999,2077602.19563200,6836,630.59460000,1538091.38111000,0
1787973300000000,2438.93000000,2441.62000000,2437.19000000,2440.39000000,929.89380000,1787974199999999,2268516.61536600,9572,479.16890000,1168847.38001900,0
1787974200000000,2440.39000000,2441.37000000,2437.30000000,2438.44000000,1144.65730000,1787975099999999,2791995.30574900,9666,531.33270000,1295867.59672200,0
1787975100000000,2438.44000000,2438.45000000,2434.56000000,2435.23000000,902.42440000,1787975999999999,2198596.88145000,8930,227.18850000,553462.46914900,0
1787976000000000,2435.24000000,2437.77000000,2434.65000000,2436.84000000,705.79170000,1787976899999999,1719689.25003900,7494,265.84270000,647682.44661300,0
1787976900000000,2436.85000000,2438.35000000,2436.46000000,2438.01000000,229.81360000,1787977799999999,560152.74522900,4333,99.17890000,241744.40691900,0
1787977800000000,2438.01000000,2439.61000000,2437.74000000,2438.94000000,1131.60370000,1787978699999999,2759690.48280000,8499,852.01360000,2077805.05322900,0
1787978700000000,2438.93000000,2441.13000000,2438.11000000,2440.45000000,1108.18900000,1787979599999999,2703718.47221500,8918,518.81950000,1265726.23290400,0
1787979600000000,2440.45000000,2442.03000000,2439.18000000,2441.41000000,930.76460000,1787980499999999,2271921.03617700,10730,611.11740000,1491606.15535900,0
1787980500000000,2441.41000000,2441.42000000,2439.18000000,2439.76000000,1122.82380000,1787981399999999,2739959.33522800,5640,568.87640000,1388061.26813200,0
1787981400000000,2439.76000000,2441.62000000,2438.72000000,2440.97000000,917.43840000,1787982299999999,2238882.55823600,7522,542.42050000,1323611.16477800,0
1787982300000000,2440.97000000,2441.26000000,2437.98000000,2438.62000000,1001.54780000,1787983199999999,2443039.13145700,6924,350.01650000,853613.87498600,0
1787983200000000,2438.62000000,2439.05000000,2430.45000000,2431.79000000,1493.65800000,1787984099999999,3636822.96140600,12575,472.52120000,1150863.96753700,0
1787984100000000,2431.78000000,2434.05000000,2430.57000000,2431.58000000,1004.90940000,1787984999999999,2443864.16642700,10733,344.29590000,837273.74204700,0
1787985000000000,2431.57000000,2434.95000000,2431.57000000,2433.94000000,468.44510000,1787985899999999,1139807.09121500,7379,242.59690000,590235.65469600,0
1787985900000000,2433.94000000,2435.42000000,2433.94000000,2435.16000000,636.27590000,1787986799999999,1549170.02662500,7403,316.59330000,770809.26445000,0
1787986800000000,2435.17000000,2437.68000000,2434.16000000,2434.70000000,883.57100000,1787987699999999,2152752.64030100,7576,428.09160000,1043121.77698900,0
1787987700000000,2434.69000000,2436.60000000,2434.17000000,2435.31000000,613.28290000,1787988599999999,1493500.11270900,6467,403.12730000,981607.00467600,0
1787988600000000,2435.31000000,2438.00000000,2434.71000000,2436.94000000,1049.11140000,1787989499999999,2555845.99265100,9497,589.72330000,1436583.35680000,0
1787989500000000,2436.94000000,2438.00000000,2435.88000000,2436.41000000,811.74070000,1787990399999999,1977962.23886600,6425,417.90770000,1018166.30157800,0
1787990400000000,2436.40000000,2436.40000000,2431.20000000,2433.56000000,1488.99390000,1787991299999999,3622603.73274400,7797,815.87940000,1984913.89438800,0
1787991300000000,2433.57000000,2435.69000000,2432.53000000,2435.67000000,563.55530000,1787992199999999,1371950.17309500,5076,315.89570000,769073.88053000,0
1787992200000000,2435.68000000,2435.68000000,2432.53000000,2433.03000000,820.16380000,1787993099999999,1996119.87691200,5572,506.54620000,1232796.84443000,0
1787993100000000,2433.04000000,2434.38000000,2431.26000000,2434.15000000,930.46860000,1787993999999999,2263446.84545700,9004,538.07710000,1308745.72097900,0
1787994000000000,2434.14000000,2436.38000000,2433.65000000,2435.58000000,1148.39050000,1787994899999999,2796116.86588100,7975,462.94350000,1127094.44242600,0
1787994900000000,2435.58000000,2436.01000000,2434.10000000,2434.10000000,469.14980000,1787995799999999,1142508.48386600,2899,201.12480000,489780.63520800,0
1787995800000000,2434.11000000,2437.29000000,2434.10000000,2435.83000000,965.76340000,1787996699999999,2352793.06337800,4992,493.12590000,1201374.79193000,0
1787996700000000,2435.83000000,2436.68000000,2435.31000000,2435.44000000,1001.86930000,1787997599999999,2440446.51850900,5461,672.56120000,1638208.54074200,0
1787997600000000,2435.43000000,2435.43000000,2431.43000000,2434.20000000,871.73840000,1787998499999999,2120870.01962800,5767,508.38860000,1236783.24065200,0
1787998500000000,2434.20000000,2438.41000000,2434.20000000,2436.54000000,1054.58630000,1787999399999999,2570062.80359900,9798,533.23660000,1299377.77216000,0
1787999400000000,2436.53000000,2436.82000000,2435.15000000,2435.35000000,448.71360000,1788000299999999,1093083.09086100,3895,243.63850000,593501.82355100,0
1788000300000000,2435.35000000,2436.59000000,2434.71000000,2434.72000000,465.52960000,1788001199999999,1133901.11973200,4328,283.82590000,691300.33431000,0
1788001200000000,2434.71000000,2438.42000000,2433.63000000,2438.02000000,534.38760000,1788002099999999,1301310.28033100,6791,348.98360000,849855.12393000,0
1788002100000000,2438.03000000,2438.50000000,2437.01000000,2437.48000000,487.67360000,1788002999999999,1188725.12346600,4663,277.05370000,675308.76283300,0
1788003000000000,2437.48000000,2437.49000000,2435.87000000,2435.88000000,659.45840000,1788003899999999,1606958.20134900,4778,217.87970000,530903.33695500,0
1788003900000000,2435.87000000,2436.87000000,2435.19000000,2435.87000000,610.27000000,1788004799999999,1486723.46592800,4944,356.79450000,869184.44477700,0
1788004800000000,2435.88000000,2436.75000000,2435.29000000,2436.73000000,352.17780000,1788005699999999,857898.13917100,3545,237.66430000,578940.01352300,0
1788005700000000,2436.72000000,2438.96000000,2433.93000000,2435.72000000,1193.23770000,1788006599999999,2907268.01117100,8074,676.81930000,1649216.66699900,0
1788006600000000,2435.72000000,2436.15000000,2434.15000000,2434.45000000,346.70580000,1788007499999999,844208.27942100,4760,143.07900000,348395.06377000,0
1788007500000000,2434.46000000,2435.14000000,2433.14000000,2434.33000000,414.05190000,1788008399999999,1007872.78192600,3778,159.10630000,387298.39408100,0
1788008400000000,2434.33000000,2434.90000000,2433.03000000,2434.00000000,3682.06520000,1788009299999999,8961323.18473700,10408,563.07830000,1370475.17761900,0
1788009300000000,2433.99000000,2435.78000000,2432.42000000,2434.35000000,946.14170000,1788010199999999,2302944.10990400,9583,385.58620000,938593.44578600,0
1788010200000000,2434.35000000,2436.00000000,2433.67000000,2434.55000000,607.41970000,1788011099999999,1478762.81169100,6259,332.53290000,809548.63746600,0
1788011100000000,2434.56000000,2436.51000000,2434.38000000,2435.63000000,526.52190000,1788011999999999,1282542.98984800,5199,317.21210000,772686.85162700,0
1788012000000000,2435.63000000,2436.74000000,2435.05000000,2436.08000000,686.07000000,1788012899999999,1671347.43485700,6649,311.99640000,760028.89779300,0
1788012900000000,2436.08000000,2437.24000000,2435.48000000,2435.90000000,504.10240000,1788013799999999,1228236.34178400,6082,315.58140000,768927.00559600,0
1788013800000000,2435.90000000,2448.68000000,2435.89000000,2444.69000000,3498.93490000,1788014699999999,8549094.92741500,25049,2516.79690000,6149056.99166500,0
1788014700000000,2444.70000000,2452.64000000,2444.70000000,2448.58000000,2728.31590000,1788015599999999,6680036.21137100,25031,1672.35510000,4094730.50863100,0
1788015600000000,2448.59000000,2449.35000000,2441.03000000,2444.85000000,1644.78910000,1788016499999999,4020377.80511900,13958,583.89800000,1427371.16365400,0
1788016500000000,2444.84000000,2447.05000000,2441.31000000,2444.78000000,1068.11430000,1788017399999999,2611252.23146300,10975,728.02490000,1779865.82817500,0
1788017400000000,2444.78000000,2446.07000000,2442.28000000,2443.89000000,834.59520000,1788018299999999,2039947.63639000,7482,469.43950000,1147382.85919700,0
1788018300000000,2443.88000000,2446.94000000,2442.82000000,2444.76000000,1047.28260000,1788019199999999,2560620.30279600,8835,606.10440000,1481697.86175600,0
1788019200000000,2444.75000000,2448.52000000,2444.52000000,2448.47000000,1255.64160000,1788020099999999,3072076.50879400,12288,714.57540000,1748364.36904300,0
1788020100000000,2448.47000000,2457.77000000,2445.59000000,2447.99000000,3382.38770000,1788020999999999,8291156.57065100,21120,1855.51890000,4548902.44983400,0
1788021000000000,2448.00000000,2451.66000000,2445.87000000,2450.60000000,1622.18210000,1788021899999999,3973454.20160800,10077,941.62240000,2306289.21615600,0
1788021900000000,2450.60000000,2454.81000000,2449.75000000,2450.98000000,2545.75450000,1788022799999999,6242983.76110000,13191,1668.53410000,4091431.72582600,0
1788022800000000,2450.99000000,2454.45000000,2450.99000000,2453.16000000,4398.99650000,1788023699999999,10789032.65113000,12417,1609.72700000,3948161.95350100,0
1788023700000000,2453.16000000,2455.44000000,2448.12000000,2448.39000000,1527.01780000,1788024599999999,3743388.54454900,11833,854.24410000,2094318.90276900,0
1788024600000000,2448.38000000,2450.00000000,2445.57000000,2449.35000000,967.89330000,1788025499999999,2369568.63670300,10539,516.88110000,1265441.20262200,0
1788025500000000,2449.35000000,2450.78000000,2447.53000000,2450.74000000,1116.03990000,1788026399999999,2733484.34367100,8701,624.41760000,1529287.77549000,0
1788026400000000,2450.74000000,2451.92000000,2448.08000000,2448.13000000,522.19350000,1788027299999999,1279342.21351000,5634,306.05280000,749866.66506500,0
1788027300000000,2448.13000000,2449.35000000,2445.97000000,2447.01000000,667.79970000,1788028199999999,1634712.04320500,8046,378.14740000,925580.93890000,0
1788028200000000,2447.00000000,2455.01000000,2445.60000000,2453.01000000,5984.21770000,1788029099999999,14679555.73232400,15771,2979.08140000,7305018.80960200,0
1788029100000000,2453.02000000,2455.83000000,2451.96000000,2452.45000000,1364.90210000,1788029999999999,3349513.95245500,12093,841.95710000,2066020.83800000,0
1788030000000000,2452.45000000,2457.01000000,2452.44000000,2457.00000000,1069.53580000,1788030899999999,2624721.56384900,11695,809.95840000,1987558.11993500,0
1788030900000000,2457.01000000,2458.69000000,2456.00000000,2457.64000000,1289.77370000,1788031799999999,3169645.08013000,11891,936.60840000,2301683.52798700,0
1788031800000000,2457.65000000,2458.90000000,2454.25000000,2455.66000000,1138.25450000,1788032699999999,2795783.84656000,12492,585.38220000,1437633.78097200,0
1788032700000000,2455.67000000,2455.67000000,2451.70000000,2453.51000000,399.98090000,1788033599999999,981465.74212000,6348,154.30900000,378643.01647200,0
1788033600000000,2453.51000000,2456.48000000,2452.22000000,2456.34000000,892.31730000,1788034499999999,2190844.38200800,11535,620.23810000,1522968.23919500,0
1788034500000000,2456.35000000,2458.24000000,2453.24000000,2453.24000000,577.81350000,1788035399999999,1419192.34616300,6247,226.78920000,557081.48335700,0
1788035400000000,2453.19000000,2453.78000000,2451.70000000,2453.34000000,578.45960000,1788036299999999,1418886.73254200,6798,241.12680000,591427.77370000,0
1788036300000000,2453.34000000,2453.71000000,2452.41000000,2452.82000000,472.41090000,1788037199999999,1158856.91069900,4127,200.22840000,491166.86596800,0
1788037200000000,2452.82000000,2454.09000000,2449.08000000,2451.64000000,1436.26610000,1788038099999999,3521252.86451300,10619,725.14540000,1778233.97568800,0
1788038100000000,2451.64000000,2452.64000000,2450.26000000,2450.26000000,333.68020000,1788038999999999,818025.66740300,3899,155.54320000,381332.63976100,0
1788039000000000,2450.27000000,2451.44000000,2450.15000000,2451.44000000,235.62300000,1788039899999999,577449.03854500,5004,131.07280000,321212.30789400,0
1788039900000000,2451.44000000,2452.72000000,2450.70000000,2451.47000000,259.44730000,1788040799999999,636117.73643100,8277,104.71360000,256731.12265600,0
1788040800000000,2451.47000000,2453.12000000,2450.28000000,2451.04000000,680.47150000,1788041699999999,1668272.86111000,11161,436.30730000,1069662.98772700,0
1788041700000000,2451.04000000,2451.56000000,2449.37000000,2450.99000000,443.53160000,1788042599999999,1086752.73243500,5230,339.70880000,832344.80661600,0
1788042600000000,2451.00000000,2451.60000000,2450.99000000,2451.38000000,321.46420000,1788043499999999,788023.92198400,2383,234.54510000,574952.58463000,0
1788043500000000,2451.38000000,2453.25000000,2451.38000000,2452.64000000,418.38610000,1788044399999999,1026105.63965600,3122,321.52700000,788569.43790500,0
1788044400000000,2452.63000000,2456.17000000,2452.63000000,2455.65000000,1542.96010000,1788045299999999,3788090.67369300,11885,1014.65760000,2490898.09900800,0
1788045300000000,2455.65000000,2456.47000000,2452.74000000,2455.25000000,990.58310000,1788046199999999,2431120.47803000,7342,460.13140000,1129351.16000500,0
1788046200000000,2455.25000000,2457.52000000,2453.44000000,2456.55000000,836.24570000,1788047099999999,2053592.00365400,8351,439.47000000,1079324.86836900,0
1788047100000000,2456.55000000,2459.76000000,2456.54000000,2457.67000000,632.12900000,1788047999999999,1553836.39878400,9408,412.89580000,1014922.08746100,0
1788048000000000,2457.67000000,2457.68000000,2454.53000000,2456.26000000,547.47190000,1788048899999999,1344650.69888300,5793,332.35760000,816284.97445500,0
1788048900000000,2456.26000000,2467.93000000,2456.25000000,2462.63000000,2569.09460000,1788049799999999,6329535.85290300,26233,1663.33900000,4097235.56833900,0
1788049800000000,2462.64000000,2465.32000000,2460.17000000,2460.82000000,1406.08320000,1788050699999999,3462172.65879500,21016,784.96930000,1932715.04049600,0
1788050700000000,2460.83000000,2463.55000000,2458.83000000,2458.95000000,966.58670000,1788051599999999,2379000.37670300,14345,350.03240000,861515.27976500,0
1788051600000000,2458.94000000,2460.62000000,2456.28000000,2456.39000000,601.15400000,1788052499999999,1477854.09362300,13191,336.14230000,826527.65831000,0
1788052500000000,2456.39000000,2456.71000000,2453.08000000,2454.18000000,1346.00570000,1788053399999999,3304580.02665700,14080,452.85790000,1111741.39850100,0
1788053400000000,2454.18000000,2458.21000000,2453.41000000,2456.29000000,873.21590000,1788054299999999,2144773.14876600,8532,477.90840000,1173845.49128600,0
1788054300000000,2456.29000000,2459.41000000,2455.21000000,2456.37000000,1509.59200000,1788055199999999,3709805.75036500,10291,1003.25930000,2465390.46203400,0
1788055200000000,2456.37000000,2458.57000000,2455.05000000,2458.35000000,752.72670000,1788056099999999,1849803.61846100,8990,382.30770000,939415.15613600,0
1788056100000000,2458.36000000,2458.58000000,2453.60000000,2455.55000000,570.66620000,1788056999999999,1401806.03583500,8277,262.24460000,644156.60864100,0
1788057000000000,2455.56000000,2458.04000000,2453.76000000,2456.18000000,994.24790000,1788057899999999,2441621.68188000,10320,562.84610000,1382071.19647300,0
1788057900000000,2456.18000000,2458.99000000,2454.79000000,2454.97000000,1053.33630000,1788058799999999,2587595.30504700,8850,522.14170000,1282512.15827300,0
1788058800000000,2454.97000000,2456.17000000,2454.17000000,2456.14000000,667.54850000,1788059699999999,1638871.09627300,8375,379.48410000,931637.20426000,0
1788059700000000,2456.13000000,2459.11000000,2455.37000000,2459.11000000,1082.50660000,1788060599999999,2659975.41188500,10940,876.63500000,2154190.82448700,0
1788060600000000,2459.11000000,2460.72000000,2458.17000000,2458.50000000,1308.76210000,1788061499999999,3218768.04434600,10965,674.19760000,1657993.08325400,0
1788061500000000,2458.49000000,2458.50000000,2456.85000000,2457.15000000,354.24060000,1788062399999999,870493.89158400,3907,141.91430000,348724.88445300,0
1788062400000000,2457.14000000,2458.75000000,2456.48000000,2457.21000000,599.90730000,1788063299999999,1474207.58925300,4772,439.91280000,1081016.69454400,0
1788063300000000,2457.21000000,2458.69000000,2454.54000000,2455.55000000,1840.94820000,1788064199999999,4521907.17977700,8631,731.54920000,1796708.27220200,0
1788064200000000,2455.54000000,2456.18000000,2452.92000000,2453.39000000,2982.87750000,1788065099999999,7321618.34602900,12561,953.37340000,2339989.04612300,0
1788065100000000,2453.39000000,2455.87000000,2451.55000000,2455.87000000,1546.94410000,1788065999999999,3794739.90916200,10521,543.86040000,1334165.45665300,0
1788066000000000,2455.86000000,2460.00000000,2455.67000000,2457.03000000,1382.44450000,1788066899999999,3398377.89493300,9736,580.01120000,1425721.28165500,0
1788066900000000,2457.02000000,2457.03000000,2455.57000000,2455.87000000,385.22070000,1788067799999999,946085.22086600,2808,128.45850000,315480.19225300,0
1788067800000000,2455.86000000,2456.88000000,2455.11000000,2455.86000000,736.08970000,1788068699999999,1807778.04127500,5247,284.81320000,699474.67144400,0
1788068700000000,2455.85000000,2456.36000000,2455.19000000,2456.36000000,598.81980000,1788069599999999,1470616.72360600,4550,376.57670000,924841.64835100,0
1788069600000000,2456.35000000,2456.43000000,2455.01000000,2455.87000000,515.64020000,1788070499999999,1266153.35039300,4198,371.69060000,912669.13766700,0
1788070500000000,2455.87000000,2457.85000000,2455.87000000,2456.66000000,497.25760000,1788071399999999,1221742.09209300,4175,132.99360000,326716.06219200,0
1788071400000000,2456.66000000,2460.26000000,2456.66000000,2459.42000000,1483.44160000,1788072299999999,3647702.26400000,9105,649.52600000,1597016.80911400,0
1788072300000000,2459.43000000,2461.52000000,2458.89000000,2461.07000000,819.10490000,1788073199999999,2015009.75170800,8224,578.78880000,1423846.02413700,0
1788073200000000,2461.07000000,2461.29000000,2458.70000000,2459.57000000,923.11560000,1788074099999999,2270381.27827800,4383,455.21990000,1119632.90177300,0
1788074100000000,2459.57000000,2459.58000000,2458.00000000,2458.01000000,288.56220000,1788074999999999,709360.39529900,2458,137.04860000,336877.53166800,0
1788075000000000,2458.01000000,2458.94000000,2456.15000000,2456.20000000,1179.91320000,1788075899999999,2899725.18688700,7303,432.84850000,1063630.40208500,0
1788075900000000,2456.20000000,2457.47000000,2455.00000000,2455.28000000,1021.71140000,1788076799999999,2509395.62549700,8031,505.91660000,1242480.63946300,0
1788076800000000,2455.28000000,2458.94000000,2455.28000000,2456.53000000,1093.93820000,1788077699999999,2688175.42826000,7491,474.13500000,1165033.73419900,0
1788077700000000,2456.54000000,2459.90000000,2456.53000000,2458.60000000,550.95400000,1788078599999999,1354484.38333000,8399,295.31010000,725956.63139600,0
1788078600000000,2458.60000000,2458.66000000,2455.00000000,2455.96000000,473.06710000,1788079499999999,1162284.84905700,7435,209.28640000,514163.28734000,0
1788079500000000,2455.95000000,2457.16000000,2454.72000000,2456.86000000,496.36820000,1788080399999999,1219130.28446100,5750,270.36880000,664121.52655500,0
1788080400000000,2456.87000000,2457.60000000,2455.89000000,2457.03000000,528.14670000,1788081299999999,1297468.15452300,4636,185.67570000,456202.52848100,0
1788081300000000,2457.03000000,2458.24000000,2453.13000000,2453.34000000,964.85980000,1788082199999999,2369744.20518400,10498,391.25650000,960884.15917500,0
1788082200000000,2453.34000000,2455.59000000,2451.79000000,2454.00000000,1381.37550000,1788083099999999,3389985.03834600,9188,603.75090000,1481510.85210900,0
1788083100000000,2454.01000000,2455.77000000,2452.92000000,2453.54000000,940.36680000,1788083999999999,2308074.50626800,5980,348.56260000,855430.79233200,0
1788084000000000,2453.54000000,2455.65000000,2452.58000000,2453.47000000,664.05700000,1788084899999999,1629773.17987800,6103,284.59850000,698429.72120900,0
1788084900000000,2453.48000000,2458.75000000,2452.50000000,2455.50000000,1466.32560000,1788085799999999,3601362.65621500,9943,843.18270000,2070752.15030000,0
1788085800000000,2455.49000000,2458.43000000,2455.31000000,2457.91000000,1003.55850000,1788086699999999,2465655.20206800,7387,705.63970000,1733814.09885200,0
1788086700000000,2457.91000000,2459.80000000,2457.91000000,2459.68000000,735.66320000,1788087599999999,1808975.16384900,8714,520.55560000,1279988.18134500,0
1788087600000000,2459.68000000,2460.29000000,2457.84000000,2459.02000000,758.03900000,1788088499999999,1864230.01710200,9579,419.41640000,1031492.30778600,0
1788088500000000,2459.01000000,2461.81000000,2457.91000000,2461.36000000,1408.55710000,1788089399999999,3465026.02668300,10993,596.34330000,1466899.15452500,0
1788089400000000,2461.36000000,2461.39000000,2457.79000000,2459.75000000,1324.87140000,1788090299999999,3259117.05791000,11443,653.89520000,1608370.56425700,0
1788090300000000,2459.75000000,2460.42000000,2456.51000000,2460.41000000,996.30560000,1788091199999999,2449155.05483800,8547,557.39240000,1370039.58065300,0
1788091200000000,2460.42000000,2473.30000000,2460.19000000,2470.10000000,5416.28330000,1788092099999999,13367480.05725000,38957,3176.64510000,7841005.21513100,0
1788092100000000,2470.09000000,2470.09000000,2462.64000000,2466.29000000,1723.27420000,1788092999999999,4249635.02572400,17641,479.49910000,1182303.97148500,0
1788093000000000,2466.29000000,2467.25000000,2458.73000000,2464.77000000,3182.79820000,1788093899999999,7841314.04199200,33163,1468.53790000,3617395.62917800,0
1788093900000000,2464.77000000,2469.71000000,2462.69000000,2469.47000000,3285.71950000,1788094799999999,8104291.27529200,22188,1909.82690000,4711110.49257600,0
1788094800000000,2469.47000000,2470.92000000,2462.11000000,2462.12000000,2147.58290000,1788095699999999,5298216.43579800,29905,733.13140000,1808783.20338000,0
1788095700000000,2462.11000000,2467.08000000,2460.87000000,2466.72000000,785.90370000,1788096599999999,1936881.34923100,12016,364.17500000,897527.95296100,0
1788096600000000,2466.73000000,2471.77000000,2465.16000000,2470.22000000,1897.15960000,1788097499999999,4682746.83327700,24922,781.71170000,1929490.31158800,0
1788097500000000,2470.21000000,2478.44000000,2470.20000000,2475.59000000,4994.71730000,1788098399999999,12361713.08605000,48326,2962.13470000,7331116.95852100,0
1788098400000000,2475.58000000,2479.61000000,2470.91000000,2478.70000000,3438.55090000,1788099299999999,8511137.84480200,31631,1728.54610000,4278458.75756300,0
1788099300000000,2478.70000000,2479.45000000,2475.00000000,2476.75000000,2475.08120000,1788100199999999,6130920.35280400,20067,978.15740000,2422797.75258000,0
1788100200000000,2476.76000000,2479.71000000,2473.52000000,2475.59000000,2692.06780000,1788101099999999,6666824.65477100,19652,1196.61700000,2963671.03867400,0
1788101100000000,2475.59000000,2479.04000000,2474.40000000,2477.12000000,2477.27880000,1788101999999999,6136193.12965800,16465,1518.39330000,3760902.93978100,0
1788102000000000,2477.13000000,2482.20000000,2473.15000000,2473.79000000,3844.75960000,1788102899999999,9524732.73756500,23049,1575.38880000,3903066.23736900,0
1788102900000000,2473.79000000,2480.20000000,2471.86000000,2477.59000000,2970.54060000,1788103799999999,7356673.79882000,18201,1127.48390000,2792362.41516500,0
1788103800000000,2477.58000000,2479.95000000,2476.15000000,2479.95000000,1012.60910000,1788104699999999,2509816.10265200,10353,469.86340000,1164589.79969300,0
1788104700000000,2479.95000000,2484.00000000,2478.36000000,2481.11000000,1641.99830000,1788105599999999,4073131.06595000,15699,871.50900000,2162000.53509700,0
1788105600000000,2481.11000000,2513.00000000,2479.28000000,2510.70000000,9332.43500000,1788106499999999,23309434.37967900,73534,6194.21920000,15477111.50257500,0
1788106500000000,2510.70000000,2519.68000000,2507.02000000,2513.67000000,9962.83340000,1788107399999999,25050604.91474000,66690,5678.32990000,14277576.75680400,0
1788107400000000,2513.68000000,2534.98000000,2512.34000000,2529.15000000,15832.02350000,1788108299999999,39975072.43976200,80857,10947.39400000,27644823.07453000,0
1788108300000000,2529.15000000,2530.98000000,2520.45000000,2529.28000000,5548.03550000,1788109199999999,14015012.47096100,63602,3207.39060000,8103883.48716900,0
1788109200000000,2529.27000000,2529.27000000,2519.25000000,2521.09000000,3864.11050000,1788110099999999,9747741.83451700,46143,1394.63410000,3517831.20720300,0
1788110100000000,2521.09000000,2521.10000000,2494.36000000,2498.07000000,9091.25820000,1788110999999999,22782143.91663600,97102,3326.73400000,8336240.21782600,0
1788111000000000,2498.08000000,2508.26000000,2494.84000000,2506.91000000,2854.00590000,1788111899999999,7144143.80026900,39016,1547.95380000,3874827.16771100,0
1788111900000000,2506.91000000,2509.52000000,2501.45000000,2505.73000000,1769.94970000,1788112799999999,4434229.67949800,21704,664.93150000,1665887.29667200,0
1788112800000000,2505.73000000,2508.34000000,2496.59000000,2499.69000000,2104.54920000,1788113699999999,5265165.76508200,22001,786.29510000,1966525.63727300,0
1788113700000000,2499.69000000,2512.82000000,2498.69000000,2511.80000000,1886.97840000,1788114599999999,4727574.62181600,17281,1060.75360000,2658161.28548500,0
1788114600000000,2511.81000000,2517.54000000,2510.70000000,2514.17000000,2961.99190000,1788115499999999,7446176.50376800,29804,2036.90300000,5120265.16422900,0
1788115500000000,2514.17000000,2514.66000000,2509.21000000,2510.64000000,1058.80170000,1788116399999999,2659548.04721500,16675,339.18980000,851851.68955300,0
1788116400000000,2510.64000000,2512.15000000,2506.11000000,2512.15000000,1304.12210000,1788117299999999,3271615.12974100,14833,658.30440000,1651350.52899200,0
1788117300000000,2512.15000000,2513.33000000,2505.68000000,2506.17000000,899.76930000,1788118199999999,2257541.59083100,14016,335.25500000,841097.60226900,0
1788118200000000,2506.17000000,2507.38000000,2499.37000000,2499.37000000,1636.35280000,1788119099999999,4096279.79361000,24710,727.45950000,1821532.73854300,0
1788119100000000,2499.36000000,2503.83000000,2496.25000000,2503.83000000,1390.92060000,1788119999999999,3477469.36000600,21189,721.64860000,1804484.43707700,0
1788120000000000,2503.82000000,2507.88000000,2503.52000000,2504.72000000,1121.72140000,1788120899999999,2810871.52365300,16929,611.64480000,1532707.42293700,0
1788120900000000,2504.72000000,2508.60000000,2503.13000000,2503.58000000,1320.87150000,1788121799999999,3309972.31449600,16337,537.68840000,1347329.59279600,0
1788121800000000,2503.58000000,2504.46000000,2485.28000000,2488.46000000,4994.71960000,1788122699999999,12456187.31787300,42083,1204.74810000,3007790.50743200,0
1788122700000000,2488.46000000,2499.90000000,2487.37000000,2490.81000000,2309.84330000,1788123599999999,5762234.49419600,32014,1139.84450000,2843057.99550700,0
1788123600000000,2490.82000000,2490.82000000,2460.18000000,2474.23000000,12118.50310000,1788124499999999,29976708.10051000,104134,4911.12250000,12143677.08444700,0
1788124500000000,2474.24000000,2479.06000000,2471.48000000,2477.70000000,2011.84540000,1788125399999999,4981727.69905500,36358,1119.60900000,2772441.50333400,0
1788125400000000,2477.70000000,2483.72000000,2476.77000000,2480.00000000,1934.65180000,1788126299999999,4797356.90338600,32994,1164.97520000,2888715.66589300,0
1788126300000000,2479.99000000,2483.02000000,2474.97000000,2481.56000000,1515.49150000,1788127199999999,3756932.06952700,25143,780.42100000,1934154.18434600,0
1788127200000000,2481.57000000,2488.77000000,2474.56000000,2474.57000000,3134.18540000,1788128099999999,7774580.73935500,46218,1310.27840000,3251796.12468900,0
1788128100000000,2474.57000000,2476.13000000,2465.15000000,2467.41000000,2352.44280000,1788128999999999,5809433.63049000,29571,1104.44490000,2727140.20690000,0
1788129000000000,2467.40000000,2475.26000000,2460.40000000,2471.66000000,3357.90350000,1788129899999999,8283652.09718300,33231,1835.69890000,4529802.92807500,0
1788129900000000,2471.65000000,2473.11000000,2465.96000000,2470.63000000,3040.09510000,1788130799999999,7508677.16765900,28109,1723.18320000,4255885.98610000,0
1788130800000000,2470.62000000,2470.62000000,2463.86000000,2464.73000000,2462.18240000,1788131699999999,6072976.40297100,42153,1539.77340000,3797886.66338900,0
1788131700000000,2464.72000000,2465.88000000,2422.75000000,2426.74000000,21907.70770000,1788132599999999,53520149.67620700,139798,6893.54000000,16843629.69435000,0
1788132600000000,2426.74000000,2435.72000000,2403.43000000,2412.07000000,22639.31060000,1788133499999999,54762244.66044400,172110,7898.41340000,19103959.77461300,0
1788133500000000,2412.08000000,2420.01000000,2387.28000000,2416.88000000,18400.32140000,1788134399999999,44225921.20032500,144677,7763.70440000,18673657.03044400,0
1788134400000000,2416.89000000,2421.74000000,2406.53000000,2420.35000000,7950.25210000,1788135299999999,19203396.34465400,56599,3054.44850000,7378787.72159100,0
1788135300000000,2420.35000000,2432.33000000,2419.12000000,2430.48000000,5415.53550000,1788136199999999,13148420.84865200,62010,3151.56500000,7651077.14951000,0
1788136200000000,2430.48000000,2441.90000000,2428.95000000,2432.32000000,5585.19850000,1788137099999999,13605311.18613800,43588,3697.36570000,9009284.75911000,0
1788137100000000,2432.33000000,2433.59000000,2426.29000000,2428.25000000,2850.47320000,1788137999999999,6925613.02110200,26822,1274.11440000,3095763.79928500,0
1788138000000000,2428.24000000,2430.75000000,2413.59000000,2418.00000000,7382.79290000,1788138899999999,17858057.36968300,46447,3264.43020000,7892667.36882300,0
1788138900000000,2418.00000000,2423.15000000,2415.00000000,2420.08000000,4588.17930000,1788139799999999,11103984.86223500,31170,3161.48490000,7652067.08687500,0
1788139800000000,2420.07000000,2426.66000000,2415.16000000,2418.44000000,2958.64120000,1788140699999999,7159426.70519600,43550,1308.42480000,3166232.62721900,0
1788140700000000,2418.44000000,2421.81000000,2409.49000000,2412.95000000,2520.03370000,1788141599999999,6089136.18178400,40348,990.55230000,2393558.76126600,0
1788141600000000,2412.95000000,2425.31000000,2408.18000000,2422.73000000,2941.98500000,1788142499999999,7106921.95568400,45743,1696.71880000,4099585.32988200,0
1788142500000000,2422.72000000,2423.47000000,2415.00000000,2416.57000000,2076.94880000,1788143399999999,5024364.85387000,26994,788.15630000,1906155.96781000,0
1788143400000000,2416.58000000,2418.95000000,2412.41000000,2413.30000000,1275.32550000,1788144299999999,3080196.37041200,21086,524.22800000,1266281.59750700,0
1788144300000000,2413.31000000,2414.24000000,2401.35000000,2407.90000000,3301.09730000,1788145199999999,7944701.52706100,38674,921.83170000,2218691.38964100,0
1788145200000000,2407.91000000,2416.71000000,2405.03000000,2415.41000000,2390.61390000,1788146099999999,5764440.46015800,36695,1422.56800000,3430393.57839200,0
1788146100000000,2415.40000000,2422.40000000,2413.75000000,2420.13000000,1344.49900000,1788146999999999,3252221.42528300,22105,825.39730000,1996966.98079200,0
1788147000000000,2420.12000000,2423.57000000,2418.45000000,2423.38000000,1319.03870000,1788147899999999,3193576.92992000,23229,734.48240000,1778282.85318600,0
1788147900000000,2423.39000000,2424.24000000,2420.67000000,2420.94000000,1079.42530000,1788148799999999,2614807.57018900,14899,369.55170000,895254.98126600,0
1788148800000000,2420.94000000,2421.29000000,2413.44000000,2414.74000000,1800.84010000,1788149699999999,4350613.85825900,26411,701.82450000,1695258.77017400,0
1788149700000000,2414.75000000,2415.06000000,2411.34000000,2412.62000000,2229.70320000,1788150599999999,5380865.36924400,26647,603.72460000,1456857.24628200,0
1788150600000000,2412.62000000,2416.20000000,2412.05000000,2415.37000000,2592.50150000,1788151499999999,6258166.19201000,28110,1133.10450000,2735205.49792500,0
1788151500000000,2415.37000000,2418.46000000,2411.43000000,2417.68000000,1695.91240000,1788152399999999,4095697.92120500,21043,653.17580000,1577565.66353300,0
1788152400000000,2417.67000000,2423.70000000,2414.10000000,2422.48000000,1850.02720000,1788153299999999,4476038.78699800,22240,943.10680000,2281215.17797100,0
1788153300000000,2422.48000000,2441.93000000,2422.37000000,2434.99000000,5827.26450000,1788154199999999,14174517.46866500,56965,2987.67360000,7266239.59860400,0
1788154200000000,2435.00000000,2437.73000000,2429.16000000,2435.72000000,3210.93200000,1788155099999999,7815885.17962200,32912,1759.05520000,4282323.05019600,0
1788155100000000,2435.73000000,2438.59000000,2433.63000000,2435.99000000,1472.28760000,1788155999999999,3587339.06512500,22782,677.25030000,1650083.79459300,0
1788156000000000,2436.00000000,2437.68000000,2431.32000000,2436.20000000,1627.49070000,1788156899999999,3963029.50421800,20868,721.41370000,1756517.67030200,0
1788156900000000,2436.20000000,2444.83000000,2436.17000000,2441.59000000,3725.85430000,1788157799999999,9093493.96248400,25135,2379.28100000,5807436.51371200,0
1788157800000000,2441.59000000,2444.38000000,2437.05000000,2442.37000000,2596.10660000,1788158699999999,6336959.91264400,26794,1380.12010000,3368633.18696100,0
1788158700000000,2442.37000000,2443.60000000,2438.38000000,2438.66000000,1130.82390000,1788159599999999,2759812.20426600,17145,401.38000000,979613.27920600,0
1788159600000000,2438.66000000,2441.79000000,2436.17000000,2439.70000000,1503.45790000,1788160499999999,3667003.95856300,22057,553.04810000,1348691.55956600,0
1788160500000000,2439.69000000,2446.60000000,2439.69000000,2442.97000000,2508.85580000,1788161399999999,6130583.60758300,23565,1126.70800000,2753123.26413000,0
1788161400000000,2442.97000000,2443.00000000,2438.83000000,2441.15000000,1771.45970000,1788162299999999,4323961.90849000,23416,938.75610000,2291283.89220200,0
1788162300000000,2441.15000000,2441.67000000,2438.83000000,2440.38000000,1814.69420000,1788163199999999,4427805.29012400,15639,1044.06650000,2547480.95522800,0
1788163200000000,2440.38000000,2445.83000000,2434.16000000,2440.81000000,3281.03680000,1788164099999999,8003677.64535400,24251,1039.51230000,2536885.64202800,0
1788164100000000,2440.81000000,2440.81000000,2433.56000000,2436.25000000,2274.61790000,1788164999999999,5541714.33439000,23285,834.17330000,2032032.61370700,0
1788165000000000,2436.24000000,2449.69000000,2435.54000000,2443.21000000,2925.77620000,1788165899999999,7144019.60677600,33791,2023.75240000,4941671.27550100,0
1788165900000000,2443.21000000,2448.25000000,2442.63000000,2446.14000000,1593.56360000,1788166799999999,3896709.76991000,24353,726.46180000,1776390.94433400,0
1788166800000000,2446.15000000,2453.13000000,2443.03000000,2445.70000000,2681.84980000,1788167699999999,6566452.47260300,36424,1121.48470000,2746321.36609400,0
1788167700000000,2445.69000000,2452.32000000,2444.15000000,2446.97000000,2337.76000000,1788168599999999,5725003.34974300,35313,1150.17320000,2816905.25735300,0
1788168600000000,2446.98000000,2449.64000000,2446.33000000,2449.27000000,1551.69360000,1788169499999999,3797962.90074200,22003,538.05430000,1317002.71698100,0
1788169500000000,2449.27000000,2456.70000000,2446.32000000,2446.70000000,2781.81010000,1788170399999999,6819486.32464400,26533,1451.18380000,3557832.02000200,0
1788170400000000,2446.71000000,2449.49000000,2440.82000000,2449.48000000,2671.21120000,1788171299999999,6529538.95842800,32873,964.81420000,2358183.12515400,0
1788171300000000,2449.48000000,2449.49000000,2445.39000000,2449.19000000,1950.35940000,1788172199999999,4774133.88258600,24724,518.80700000,1269940.38856700,0
1788172200000000,2449.19000000,2451.79000000,2446.08000000,2450.91000000,2470.05240000,1788173099999999,6049380.22188800,24103,932.21000000,2283344.98838500,0
1788173100000000,2450.91000000,2456.90000000,2449.83000000,2455.63000000,5784.95870000,1788173999999999,14197291.85479900,32496,2212.67140000,5430655.37636700,0
1788174000000000,2455.64000000,2458.02000000,2452.31000000,2454.64000000,2639.85280000,1788174899999999,6480764.06812500,35193,1460.70490000,3585934.10283000,0
1788174900000000,2454.65000000,2457.00000000,2450.96000000,2452.19000000,2029.77150000,1788175799999999,4982735.56342400,22880,940.61070000,2309241.30477500,0
1788175800000000,2452.19000000,2452.31000000,2446.64000000,2447.33000000,1665.35370000,1788176699999999,4079495.29768600,14440,694.25120000,1700810.04612000,0
1788176700000000,2447.33000000,2448.38000000,2444.02000000,2446.35000000,1060.51510000,1788177599999999,2594284.38200500,13631,360.46210000,881788.19354600,0
1788177600000000,2446.36000000,2457.25000000,2444.80000000,2453.21000000,3543.54780000,1788178499999999,8694206.65293500,35394,1895.73310000,4650858.08007600,0
1788178500000000,2453.21000000,2464.27000000,2447.36000000,2454.62000000,4422.95670000,1788179399999999,10864383.96836600,70624,2329.79000000,5723939.02296500,0
1788179400000000,2454.61000000,2458.92000000,2444.59000000,2450.94000000,4317.68760000,1788180299999999,10587320.27679300,51859,1570.51770000,3851925.36154400,0
1788180300000000,2450.95000000,2452.21000000,2446.47000000,2451.55000000,1622.85730000,1788181199999999,3975189.40869900,29426,636.38230000,1558771.22103800,0
1788181200000000,2451.55000000,2459.03000000,2451.43000000,2453.71000000,2082.13090000,1788182099999999,5110915.29412300,33866,981.33380000,2408856.07913800,0
1788182100000000,2453.71000000,2454.79000000,2445.37000000,2450.46000000,2258.33170000,1788182999999999,5532128.44333200,21409,853.70570000,2091250.13730300,0
1788183000000000,2450.46000000,2458.56000000,2445.12000000,2447.96000000,4048.31780000,1788183899999999,9922958.74631800,58159,2269.57440000,5563626.99284200,0
1788183900000000,2447.96000000,2449.38000000,2437.05000000,2440.28000000,4783.78110000,1788184799999999,11685926.20458800,62790,2137.89470000,5223328.51628600,0
1788184800000000,2440.29000000,2447.90000000,2438.28000000,2440.54000000,3230.77730000,1788185699999999,7892214.57403500,53608,1725.60400000,4216157.82804600,0
1788185700000000,2440.55000000,2448.93000000,2437.75000000,2445.48000000,3916.50570000,1788186599999999,9567122.95313500,68022,2315.78720000,5657732.61415700,0
1788186600000000,2445.48000000,2475.00000000,2444.00000000,2465.32000000,10925.97410000,1788187499999999,26898370.12858800,123794,6798.40820000,16736632.18327100,0
1788187500000000,2465.32000000,2471.32000000,2460.75000000,2467.56000000,6017.08850000,1788188399999999,14835882.63259000,82916,3266.20830000,8053425.47624600,0
1788188400000000,2467.57000000,2470.96000000,2458.89000000,2459.49000000,4397.86710000,1788189299999999,10841328.01393100,52162,1970.38810000,4858004.57693900,0
1788189300000000,2459.49000000,2470.50000000,2458.28000000,2468.54000000,3655.16460000,1788190199999999,9008577.72068100,54126,2187.51950000,5390876.39384100,0
1788190200000000,2468.54000000,2478.09000000,2465.96000000,2476.61000000,4689.09130000,1788191099999999,11593497.92403600,51742,3078.86480000,7613866.78638200,0
1788191100000000,2476.62000000,2477.64000000,2467.14000000,2467.68000000,2731.52710000,1788191999999999,6751946.38014700,23729,1366.90240000,3378931.80056200,0
1788192000000000,2467.68000000,2472.60000000,2464.59000000,2465.55000000,3086.53400000,1788192899999999,7619297.30784100,28938,1675.60230000,4136347.83990800,0
1788192900000000,2465.55000000,2471.00000000,2462.05000000,2464.77000000,3154.49700000,1788193799999999,7777966.41594500,26487,1701.99270000,4196646.01064600,0
1788193800000000,2464.78000000,2472.33000000,2464.00000000,2471.52000000,2804.47150000,1788194699999999,6918889.96312400,24965,1648.46790000,4067156.83843200,0
1788194700000000,2471.52000000,2477.24000000,2468.50000000,2469.20000000,2705.42950000,1788195599999999,6687685.90753900,23250,1760.16610000,4351334.09770300,0
1788195600000000,2469.19000000,2473.85000000,2468.18000000,2471.69000000,1579.36650000,1788196499999999,3902242.64103300,23628,934.25060000,2308183.55947800,0
1788196500000000,2471.70000000,2472.05000000,2461.26000000,2463.73000000,2740.96350000,1788197399999999,6761462.13728600,20102,1359.86460000,3354007.33567700,0
1788197400000000,2463.74000000,2474.63000000,2462.38000000,2471.28000000,2298.86500000,1788198299999999,5674216.87839100,25817,1267.40970000,3129308.32603200,0
1788198300000000,2471.28000000,2477.37000000,2469.61000000,2475.42000000,2980.94850000,1788199199999999,7374731.76090200,27375,1555.32300000,3849055.67669900,0
1788199200000000,2475.41000000,2475.41000000,2469.81000000,2473.47000000,1648.41200000,1788200099999999,4075285.38116100,25014,844.78490000,2088472.69196500,0
1788200100000000,2473.47000000,2480.75000000,2468.98000000,2471.09000000,4452.51760000,1788200999999999,11026445.84549100,31361,1993.92500000,4937681.70643000,0
1788201000000000,2471.09000000,2489.89000000,2470.24000000,2487.89000000,4163.37830000,1788201899999999,10329308.12356400,27763,2475.99240000,6143717.92595900,0
1788201900000000,2487.89000000,2487.90000000,2476.26000000,2477.80000000,2576.42330000,1788202799999999,6391854.06870800,29542,969.07650000,2403581.93520200,0
1788202800000000,2477.81000000,2489.95000000,2477.80000000,2486.44000000,3799.81760000,1788203699999999,9442500.06146000,23407,2305.40920000,5728957.93408000,0
1788203700000000,2486.43000000,2486.44000000,2481.77000000,2485.53000000,2743.34580000,1788204599999999,6814403.18794900,15901,1701.64540000,4226764.26917700,0
1788204600000000,2485.53000000,2486.05000000,2478.40000000,2480.37000000,3186.27600000,1788205499999999,7910244.97799800,16401,1914.08520000,4752230.19516300,0
1788205500000000,2480.37000000,2485.40000000,2477.40000000,2481.84000000,2770.78940000,1788206399999999,6875829.59307100,19067,1156.48640000,2870034.41525200,0
1788206400000000,2481.84000000,2483.35000000,2478.10000000,2480.00000000,954.26120000,1788207299999999,2366812.86967800,14592,436.45410000,1082463.93429500,0
1788207300000000,2479.99000000,2487.00000000,2475.26000000,2476.12000000,1682.77360000,1788208199999999,4175220.58686200,13822,793.66470000,1970204.55836300,0
1788208200000000,2476.11000000,2477.76000000,2470.06000000,2473.87000000,1844.37900000,1788209099999999,4562213.37029500,14096,760.99760000,1882242.61836500,0
1788209100000000,2473.87000000,2475.06000000,2470.94000000,2472.62000000,1299.55250000,1788209999999999,3213706.48768400,11027,567.92740000,1404350.63265600,0
1788210000000000,2472.63000000,2476.23000000,2467.64000000,2472.65000000,1988.87450000,1788210899999999,4917040.89980600,23968,1010.88100000,2498818.24740700,0
1788210900000000,2472.64000000,2478.52000000,2470.58000000,2478.51000000,1172.61080000,1788211799999999,2900672.60935600,9956,662.43390000,1638786.04077300,0
1788211800000000,2478.52000000,2483.51000000,2477.89000000,2481.48000000,1782.48640000,1788212699999999,4421745.26693900,12970,789.04650000,1957298.53760200,0
1788212700000000,2481.48000000,2483.19000000,2478.26000000,2478.27000000,1341.57030000,1788213599999999,3327370.44606600,10454,689.86810000,1711053.60974700,0
1788213600000000,2478.27000000,2480.91000000,2474.38000000,2474.70000000,956.47960000,1788214499999999,2369180.91692700,18684,463.24900000,1147498.90602500,0
1788214500000000,2474.70000000,2474.96000000,2470.73000000,2471.12000000,1073.46900000,1788215399999999,2653684.67875600,11747,412.17130000,1018844.31508500,0
1788215400000000,2471.13000000,2471.86000000,2468.00000000,2468.86000000,1024.80900000,1788216299999999,2530894.76227200,14804,290.98250000,718543.93651300,0
1788216300000000,2468.86000000,2470.68000000,2467.72000000,2469.45000000,810.76760000,1788217199999999,2002029.68909300,12042,448.15400000,1106591.86097400,0
1788217200000000,2469.45000000,2469.45000000,2462.00000000,2464.40000000,1798.21550000,1788218099999999,4432419.91052000,24197,475.65660000,1172364.95509500,0
1788218100000000,2464.41000000,2466.80000000,2463.43000000,2466.49000000,601.66710000,1788218999999999,1483278.88266800,10514,335.37850000,826762.36751500,0
1788219000000000,2466.49000000,2468.05000000,2464.52000000,2467.41000000,731.48270000,1788219899999999,1804094.64891200,10605,485.31810000,1196997.54518600,0
1788219900000000,2467.41000000,2468.05000000,2465.99000000,2467.65000000,784.37930000,1788220799999999,1935137.09775600,10010,573.42620000,1414651.88683700,0
