1767225600000000,2971.65000000,2980.59000000,2971.15000000,2976.22000000,2799.89130000,1767226499999999,8335380.72794700,24496,2067.01630000,6153685.39867100,0
1767226500000000,2976.22000000,2980.31000000,2976.22000000,2979.75000000,449.43840000,1767227399999999,1338702.45084900,10366,252.51090000,752077.74219600,0
1767227400000000,2979.74000000,2980.60000000,2978.42000000,2979.63000000,587.78430000,1767228299999999,1751390.37792400,10323,309.05970000,920851.31951300,0
1767228300000000,2979.64000000,2982.83000000,2979.11000000,2979.81000000,648.13500000,1767229199999999,1932062.62174600,12882,368.07200000,1097140.91029700,0
1767229200000000,2979.81000000,2986.83000000,2979.80000000,2986.07000000,1235.39580000,1767230099999999,3686599.74205500,20254,842.83130000,2515036.77091000,0
1767230100000000,2986.07000000,2988.96000000,2982.42000000,2982.43000000,1354.89890000,1767230999999999,4045329.42668000,19437,811.38760000,2422783.23858200,0
1767231000000000,2982.42000000,2986.45000000,2979.18000000,2986.44000000,1627.45400000,1767231899999999,4852907.79522000,21920,849.73550000,2533949.89412200,0
1767231900000000,2986.45000000,2988.00000000,2984.20000000,2984.32000000,1349.36360000,1767232799999999,4029357.13483300,12657,557.75860000,1665416.19052100,0
1767232800000000,2984.33000000,2987.00000000,2983.33000000,2985.46000000,575.55750000,1767233699999999,1718062.70454800,11139,271.12350000,809311.77677900,0
1767233700000000,2985.45000000,2987.82000000,2982.93000000,2984.43000000,714.12620000,1767234599999999,2132013.14631800,12275,276.93480000,826927.98632300,0
1767234600000000,2984.43000000,2986.57000000,2982.22000000,2982.79000000,596.24480000,1767235499999999,1779382.09355600,14457,240.35130000,717251.77642100,0
1767235500000000,2982.79000000,2983.62000000,2980.90000000,2982.49000000,546.81990000,1767236399999999,1630772.11572300,9188,328.15880000,978571.93373800,0
1767236400000000,2982.50000000,2984.39000000,2981.62000000,2984.39000000,468.77100000,1767237299999999,1398278.52741200,8769,287.71340000,858190.55228500,0
1767237300000000,2984.39000000,2986.18000000,2982.54000000,2983.32000000,580.96990000,1767238199999999,1733683.98005500,8943,352.61020000,1052175.25691900,0
1767238200000000,2983.31000000,2983.90000000,2982.01000000,2983.00000000,273.50190000,1767239099999999,815833.79761000,6083,142.97270000,426435.74025900,0
1767239100000000,2983.00000000,2983.00000000,2979.53000000,2980.00000000,469.35120000,1767239999999999,1399196.91043900,5095,228.23410000,680347.21396300,0
1767240000000000,2979.99000000,2980.97000000,2976.01000000,2976.76000000,643.95410000,1767240899999999,1917970.69677500,11545,286.88150000,854480.13274400,0
1767240900000000,2976.76000000,2978.28000000,2974.49000000,2977.86000000,957.12380000,1767241799999999,2848368.40369000,14639,453.70420000,1350287.48110300,0
1767241800000000,2977.87000000,2979.69000000,2972.99000000,2973.54000000,6974.47590000,1767242699999999,20751926.24815900,15417,4645.58440000,13819731.84512000,0
1767242700000000,2973.54000000,2976.97000000,2973.30000000,2975.35000000,1082.17350000,1767243599999999,3219861.15911100,13844,426.69260000,1269453.00633300,0
1767243600000000,2975.36000000,2980.85000000,2975.36000000,2979.61000000,597.90390000,1767244499999999,1781209.68651500,12452,219.76160000,654592.01175100,0
1767244500000000,2979.62000000,2982.15000000,2979.49000000,2982.15000000,733.12210000,1767245399999999,2185220.07614200,8673,176.45140000,525929.99081800,0
1767245400000000,2982.14000000,2983.79000000,2980.02000000,2982.24000000,2003.16430000,1767246299999999,5973252.42643400,13590,1246.65070000,3717119.28627100,0
1767246300000000,2982.24000000,2983.09000000,2981.48000000,2981.49000000,596.64360000,1767247199999999,1779352.25990300,6463,185.25170000,552487.84929100,0
1767247200000000,2981.49000000,2981.49000000,2978.05000000,2980.46000000,2352.81620000,1767248099999999,7010061.65523300,11477,1360.66080000,4053724.51586800,0
1767248100000000,2980.46000000,2980.96000000,2978.00000000,2979.30000000,616.59910000,1767248999999999,1837253.55049300,5732,177.82990000,529829.90668500,0
1767249000000000,2979.29000000,2979.50000000,2977.70000000,2978.00000000,875.05240000,1767249899999999,2606417.56717500,6935,424.13080000,1263270.43948300,0
1767249900000000,2978.00000000,2978.45000000,2975.89000000,2975.89000000,1889.85220000,1767250799999999,5626173.48352800,5695,1124.28360000,3346946.48206600,0
1767250800000000,2975.90000000,2980.47000000,2975.89000000,2978.00000000,1830.03290000,1767251699999999,5449232.82343400,12593,1106.01100000,3292864.45822300,0
1767251700000000,2978.00000000,2979.89000000,2977.30000000,2977.52000000,702.30860000,1767252599999999,2091921.99584900,6978,388.71060000,1157765.56228700,0
1767252600000000,2977.52000000,2980.89000000,2977.52000000,2980.39000000,1415.77740000,1767253499999999,4218447.10840700,7807,860.84900000,2564704.23946400,0
1767253500000000,2980.39000000,2980.75000000,2978.07000000,2978.53000000,848.37450000,1767254399999999,2527491.05933700,5933,163.32620000,486516.38756300,0
1767254400000000,2978.52000000,2981.76000000,2977.80000000,2980.53000000,1642.12820000,1767255299999999,4892808.68422500,7065,850.13390000,2532774.49622300,0
1767255300000000,2980.52000000,2982.30000000,2980.52000000,2981.44000000,404.46960000,1767256199999999,1205949.35627000,4982,153.52110000,457734.90970200,0
1767256200000000,2981.44000000,2983.00000000,2980.00000000,2980.01000000,582.24270000,1767257099999999,1736048.81936900,6640,230.98320000,688674.54606800,0
1767257100000000,2980.01000000,2982.75000000,2980.01000000,2982.59000000,1402.61640000,1767257999999999,4182077.89160700,6426,765.76620000,2283006.21454500,0
1767258000000000,2982.59000000,2985.73000000,2982.15000000,2984.45000000,1542.85640000,1767258899999999,4603306.56301100,11376,592.57550000,1767945.82352800,0
1767258900000000,2984.46000000,2987.41000000,2984.25000000,2984.26000000,1108.26830000,1767259799999999,3309242.24426900,9686,370.31570000,1105651.30687900,0
1767259800000000,2984.26000000,2985.50000000,2982.69000000,2985.49000000,916.01280000,1767260699999999,2733587.07429500,6944,296.62440000,885068.67595000,0
1767260700000000,2985.49000000,2985.49000000,2983.34000000,2984.00000000,834.32820000,1767261599999999,2490280.06587500,6716,151.82530000,453086.74396000,0
1767261600000000,2984.00000000,2985.77000000,2983.99000000,2985.77000000,629.45610000,1767262499999999,1879047.30352200,4577,135.71990000,405144.95381100,0
1767262500000000,2985.76000000,2985.77000000,2982.14000000,2983.28000000,915.43550000,1767263399999999,2731486.70788200,6646,265.90380000,793153.13751700,0
1767263400000000,2983.28000000,2983.44000000,2982.59000000,2982.92000000,1136.24860000,1767264299999999,3389648.14927200,3637,381.59990000,1138333.29290500,0
1767264300000000,2982.92000000,2985.00000000,2982.91000000,2985.00000000,338.24420000,1767265199999999,1009359.62281200,3147,124.60220000,371804.30596300,0
1767265200000000,2984.99000000,2987.70000000,2984.99000000,2986.27000000,1436.17350000,1767266099999999,4288720.15259100,6186,348.16050000,1039703.11088200,0
1767266100000000,2986.26000000,2993.20000000,2986.26000000,2987.09000000,2286.68960000,1767266999999999,6835367.31352800,18304,1288.65750000,3851982.95773400,0
1767267000000000,2987.09000000,2988.19000000,2985.16000000,2985.64000000,1080.46130000,1767267899999999,3227234.54602300,10005,291.43020000,870426.62994600,0
1767267900000000,2985.64000000,2989.70000000,2985.63000000,2989.69000000,2403.06980000,1767268799999999,7180842.05580500,9480,1734.90860000,5184301.15219100,0
1767268800000000,2989.70000000,2990.45000000,2987.16000000,2988.46000000,1579.30130000,1767269699999999,4720785.08721800,15690,619.74990000,1852473.45956500,0
1767269700000000,2988.45000000,2988.95000000,2984.00000000,2986.02000000,1094.08310000,1767270599999999,3267556.91356500,12281,194.66620000,581363.23049400,0
1767270600000000,2986.02000000,2986.03000000,2983.36000000,2984.50000000,1093.58940000,1767271499999999,3264141.66855600,12326,248.50580000,741631.04635400,0
1767271500000000,2984.50000000,2988.28000000,2984.50000000,2987.69000000,1252.23640000,1767272399999999,3739930.35440800,9824,529.39830000,1581020.77856600,0
1767272400000000,2987.70000000,2990.09000000,2986.01000000,2988.97000000,1471.51310000,1767273299999999,4396810.54821800,13585,763.71000000,2281944.42821900,0
1767273300000000,2988.97000000,2988.98000000,2983.80000000,2983.80000000,1419.20090000,1767274199999999,4239344.26891400,9889,587.66960000,1755464.14134400,0
1767274200000000,2983.81000000,2986.00000000,2982.02000000,2984.99000000,868.55400000,1767275099999999,2591831.21077400,10540,396.19230000,1182204.47530400,0
1767275100000000,2984.99000000,2984.99000000,2982.53000000,2982.96000000,1583.33020000,1767275999999999,4723801.19282100,10517,1013.08480000,3022414.82935100,0
1767276000000000,2982.96000000,2984.62000000,2978.13000000,2982.59000000,4151.11380000,1767276899999999,12376236.00014600,21373,718.60910000,2142159.90248700,0
1767276900000000,2982.59000000,2984.03000000,2978.99000000,2979.99000000,1275.10050000,1767277799999999,3801022.24995300,16590,821.30700000,2448227.30375200,0
1767277800000000,2979.99000000,2982.09000000,2977.74000000,2981.16000000,990.31250000,1767278699999999,2950736.40736400,13593,456.55110000,1360329.98985200,0
1767278700000000,2981.15000000,2986.45000000,2981.15000000,2985.15000000,1293.69650000,1767279599999999,3861052.43920600,9889,702.68150000,2096827.49390700,0
1767279600000000,2985.16000000,2986.02000000,2980.75000000,2982.75000000,1098.80500000,1767280499999999,3277227.42361100,11792,719.73220000,2146200.11224000,0
1767280500000000,2982.75000000,2987.30000000,2982.14000000,2985.02000000,547.72480000,1767281399999999,1634613.05065500,16903,251.17290000,749630.81287700,0
1767281400000000,2985.03000000,2994.59000000,2983.84000000,2988.47000000,3130.44390000,1767282299999999,9358600.82841900,33429,1274.86220000,3811538.99243900,0
1767282300000000,2988.48000000,2994.87000000,2987.14000000,2989.87000000,1371.78050000,1767283199999999,4102540.95372600,30063,729.10320000,2180552.05041300,0
1767283200000000,2989.87000000,2990.84000000,2984.45000000,2984.46000000,2684.33790000,1767284099999999,8017952.61681300,29004,1554.32850000,4642272.17804000,0
1767284100000000,2984.45000000,2986.32000000,2980.75000000,2985.42000000,982.13670000,1767284999999999,2930299.19701400,17542,472.24960000,1409130.93011700,0
1767285000000000,2985.42000000,2986.95000000,2981.76000000,2981.77000000,1767.81280000,1767285899999999,5275171.90071000,13535,593.36110000,1770411.92202600,0
1767285900000000,2981.78000000,2984.44000000,2981.04000000,2982.29000000,1404.73160000,1767286799999999,4189255.21877200,12199,866.27690000,2583219.00000100,0
1767286800000000,2982.28000000,2985.98000000,2980.89000000,2985.55000000,1550.80520000,1767287699999999,4627249.85785500,15320,982.63710000,2931861.67146600,0
1767287700000000,2985.56000000,2992.00000000,2985.37000000,2991.84000000,1945.09150000,1767288599999999,5813128.69392500,26303,1079.58720000,3226760.21985800,0
1767288600000000,2991.85000000,3005.98000000,2990.44000000,2991.13000000,7410.23290000,1767289499999999,22214418.53704300,66786,3938.29070000,11807676.86457700,0
1767289500000000,2991.12000000,2995.00000000,2986.92000000,2990.44000000,1849.42510000,1767290399999999,5532739.08235800,28817,755.50850000,2260262.35654100,0
1767290400000000,2990.44000000,2992.64000000,2985.15000000,2987.50000000,2049.33330000,1767291299999999,6124488.42155800,26231,527.08420000,1575306.44271400,0
1767291300000000,2987.50000000,2991.95000000,2986.19000000,2986.61000000,1518.33260000,1767292199999999,4538212.88998000,18580,839.88500000,2510314.61985800,0
1767292200000000,2986.61000000,2990.40000000,2986.61000000,2990.39000000,1416.58270000,1767293099999999,4232863.20991000,14810,714.80470000,2135708.72863900,0
1767293100000000,2990.39000000,2992.74000000,2988.19000000,2990.41000000,791.75960000,1767293999999999,2367726.06052600,10065,367.96950000,1100451.10026600,0
1767294000000000,2990.40000000,2990.41000000,2987.23000000,2987.53000000,620.49520000,1767294899999999,1854696.40412600,9823,225.70310000,674647.08898300,0
1767294900000000,2987.53000000,2988.91000000,2987.24000000,2988.41000000,800.59780000,1767295799999999,2391969.73605300,7916,606.22070000,1811169.89101000,0
1767295800000000,2988.41000000,2994.46000000,2987.78000000,2993.78000000,770.25750000,1767296699999999,2304884.80146100,13635,536.75190000,1606098.94336300,0
1767296700000000,2993.78000000,2998.04000000,2992.64000000,2995.42000000,995.32720000,1767297599999999,2981465.36412000,15609,634.41670000,1900301.35533600,0
1767297600000000,2995.42000000,2997.15000000,2992.68000000,2992.69000000,1073.93550000,1767298499999999,3215940.72673300,18219,498.23420000,1492100.44851600,0
1767298500000000,2992.68000000,2993.40000000,2990.82000000,2992.85000000,597.31680000,1767299399999999,1787211.41644000,10119,375.80640000,1124414.55092000,0
1767299400000000,2992.85000000,2992.86000000,2989.06000000,2989.07000000,979.51530000,1767300299999999,2929235.45644300,20103,359.03970000,1073643.20379600,0
1767300300000000,2989.07000000,2989.81000000,2987.54000000,2989.08000000,1115.95230000,1767301199999999,3335367.05795500,10095,569.64360000,1702489.31869200,0
1767301200000000,2989.09000000,2993.06000000,2988.00000000,2992.17000000,573.15180000,1767302099999999,1713794.79231600,10710,392.22570000,1172837.23284500,0
1767302100000000,2992.17000000,2992.95000000,2990.87000000,2992.61000000,374.53710000,1767302999999999,1120453.13765400,6510,272.45170000,815033.61146300,0
1767303000000000,2992.61000000,2992.62000000,2988.24000000,2988.24000000,571.17690000,1767303899999999,1707726.41394700,11623,215.56870000,644441.70569200,0
1767303900000000,2988.24000000,2990.33000000,2987.66000000,2989.66000000,480.67840000,1767304799999999,1436764.59875300,6579,241.00790000,720347.83928900,0
1767304800000000,2989.66000000,2994.26000000,2989.65000000,2991.45000000,818.10960000,1767305699999999,2447821.95327100,13512,444.28200000,1329285.45106000,0
1767305700000000,2991.45000000,2993.01000000,2990.44000000,2992.71000000,574.22370000,1767306599999999,1717924.96949800,8221,373.70580000,1118032.38076900,0
1767306600000000,2992.71000000,2994.42000000,2987.57000000,2991.25000000,1360.00740000,1767307499999999,4066168.72578400,14246,635.23770000,1899032.49280800,0
1767307500000000,2991.25000000,3000.26000000,2991.25000000,2999.30000000,2736.51030000,1767308399999999,8203588.64150900,21052,1509.88230000,4525499.15097300,0
1767308400000000,2999.29000000,3003.73000000,2990.98000000,2997.53000000,2601.66130000,1767309299999999,7797948.67507500,40509,1148.77130000,3443666.60340500,0
1767309300000000,2997.54000000,3007.31000000,2997.54000000,3004.89000000,7919.02520000,1767310199999999,23799123.35807400,27567,2703.73590000,8122512.63774200,0
1767310200000000,3004.89000000,3010.00000000,3004.18000000,3009.12000000,2572.08190000,1767311099999999,7735496.84183500,32290,1748.97420000,5260317.40300300,0
1767311100000000,3009.11000000,3010.00000000,3002.47000000,3004.19000000,1906.81230000,1767311999999999,5732227.43963300,22524,850.46880000,2556699.24936300,0
1767312000000000,3004.19000000,3006.38000000,2995.38000000,2999.99000000,2659.21880000,1767312899999999,7978661.05973900,39733,1374.11410000,4122810.69293800,0
1767312900000000,3000.00000000,3003.06000000,2999.04000000,3002.32000000,1224.71180000,1767313799999999,3675784.63930200,19354,825.04900000,2476214.19399600,0
1767313800000000,3002.31000000,3008.48000000,2997.42000000,2999.02000000,1644.69920000,1767314699999999,4938560.96062800,24204,861.41650000,2587300.76797600,0
1767314700000000,2999.02000000,3006.15000000,2999.02000000,3006.14000000,1354.34860000,1767315599999999,4067853.37952200,19750,1020.98050000,3066437.20248900,0
1767315600000000,3006.15000000,3008.08000000,3003.56000000,3005.37000000,1025.54620000,1767316499999999,3082351.93407100,23701,499.84340000,1502353.03150900,0
1767316500000000,3005.36000000,3006.00000000,3001.97000000,3002.48000000,796.37710000,1767317399999999,2392075.30653200,17774,451.40580000,1355848.05194400,0
1767317400000000,3002.47000000,3003.50000000,2998.46000000,3000.68000000,947.15440000,1767318299999999,2842206.87654200,17256,423.12410000,1269614.77433800,0
1767318300000000,3000.69000000,3003.95000000,2999.44000000,3002.98000000,495.91950000,1767319199999999,1488964.68798900,11234,326.77080000,981071.95187200,0
1767319200000000,3002.99000000,3002.99000000,2996.89000000,2997.60000000,915.17790000,1767320099999999,2744602.86536900,21142,554.37500000,1662532.16575100,0
1767320100000000,2997.61000000,2998.49000000,2992.49000000,2994.92000000,1218.16460000,1767320999999999,3648732.17874500,21959,592.38700000,1774468.84643900,0
1767321000000000,2994.92000000,2998.23000000,2994.26000000,2997.16000000,1457.83400000,1767321899999999,4368067.77811600,15985,1085.75860000,3253340.14178300,0
1767321900000000,2997.17000000,3003.65000000,2996.71000000,3002.29000000,1678.02870000,1767322799999999,5035288.34205100,14557,1334.51770000,4004532.35444300,0
1767322800000000,3002.29000000,3017.67000000,3000.00000000,3015.92000000,5358.59980000,1767323699999999,16122365.79524800,42290,4411.81510000,13271882.00307000,0
1767323700000000,3015.92000000,3017.67000000,3010.03000000,3013.63000000,2751.26740000,1767324599999999,8290969.52211200,45414,1297.19990000,3909186.42829700,0
1767324600000000,3013.62000000,3035.00000000,3012.21000000,3023.98000000,10417.67030000,1767325499999999,31512792.76762400,81240,6515.07610000,19710336.80271700,0
1767325500000000,3023.99000000,3031.03000000,3019.25000000,3022.53000000,6300.88850000,1767326399999999,19068922.32391500,68278,2748.17530000,8316877.76693500,0
1767326400000000,3022.53000000,3024.61000000,3018.22000000,3019.70000000,2041.45270000,1767327299999999,6168796.54886500,34240,841.26560000,2542280.91056000,0
1767327300000000,3019.70000000,3021.54000000,3013.46000000,3015.99000000,1500.81790000,1767328199999999,4527794.03807200,25726,538.03340000,1623547.10031600,0
1767328200000000,3015.99000000,3018.97000000,3015.27000000,3015.28000000,819.22540000,1767329099999999,2471784.06452600,23144,323.28650000,975443.09426200,0
1767329100000000,3015.29000000,3017.43000000,3010.50000000,3011.84000000,1136.09500000,1767329999999999,3424349.42193500,22066,510.62980000,1539363.20963600,0
1767330000000000,3011.83000000,3016.27000000,3011.76000000,3014.49000000,785.24440000,1767330899999999,2367051.09862500,17106,451.95430000,1362400.85705800,0
1767330900000000,3014.49000000,3018.63000000,3009.02000000,3010.20000000,1822.22190000,1767331799999999,5490758.54928100,26443,890.90470000,2684628.29903300,0
1767331800000000,3010.19000000,3013.93000000,3009.46000000,3013.28000000,625.56860000,1767332699999999,1884077.07347200,14694,334.50570000,1007481.38926800,0
1767332700000000,3013.28000000,3018.00000000,3013.28000000,3016.56000000,887.95360000,1767333599999999,2678200.29744100,16960,457.83260000,1380891.93971100,0
1767333600000000,3016.55000000,3019.62000000,3014.49000000,3017.68000000,832.52620000,1767334499999999,2511848.50811000,22814,336.41410000,1014988.67729400,0
1767334500000000,3017.69000000,3024.18000000,3017.69000000,3023.58000000,992.81250000,1767335399999999,2999446.24523900,16429,650.17510000,1964289.25856200,0
1767335400000000,3023.57000000,3039.54000000,3022.70000000,3033.46000000,6396.46190000,1767336299999999,19392783.67989000,59219,4298.78960000,13030367.60336500,0
1767336300000000,3033.46000000,3036.68000000,3026.52000000,3026.90000000,1620.85930000,1767337199999999,4913310.83761800,32164,799.09250000,2422511.91436900,0
1767337200000000,3026.91000000,3032.41000000,3026.91000000,3030.34000000,1471.92870000,1767338099999999,4459767.54850200,29767,930.12850000,2818202.07656200,0
1767338100000000,3030.33000000,3030.82000000,3022.51000000,3025.14000000,2489.74060000,1767338999999999,7534147.22222100,21173,1149.82330000,3478921.72335300,0
1767339000000000,3025.14000000,3025.14000000,3017.86000000,3019.01000000,933.03690000,1767339899999999,2818869.94265000,20536,309.39290000,934670.04786700,0
1767339900000000,3019.02000000,3020.01000000,3016.89000000,3018.33000000,1225.64240000,1767340799999999,3699513.99539900,16912,604.89930000,1825822.94626400,0
1767340800000000,3018.32000000,3028.89000000,3015.95000000,3028.34000000,2322.58090000,1767341699999999,7018671.11712400,33025,1092.80960000,3303265.05008700,0
1767341700000000,3028.35000000,3028.35000000,3024.80000000,3026.00000000,1094.17850000,1767342599999999,3311548.82996500,18742,452.09430000,1368249.01451300,0
1767342600000000,3026.01000000,3029.98000000,3022.61000000,3027.60000000,1324.31890000,1767343499999999,4008440.15758800,24804,625.63020000,1893825.13291200,0
1767343500000000,3027.61000000,3033.88000000,3027.12000000,3032.28000000,2538.31850000,1767344399999999,7692885.12160600,20547,1828.38880000,5541533.83303000,0
1767344400000000,3032.27000000,3048.74000000,3030.15000000,3041.22000000,6240.39860000,1767345299999999,18972306.14241900,62737,3920.79270000,11920426.66985600,0
1767345300000000,3041.23000000,3043.74000000,3034.80000000,3040.06000000,3029.43300000,1767346199999999,9206540.23565200,43317,1671.87670000,5081304.53521200,0
1767346200000000,3040.06000000,3044.69000000,3036.00000000,3044.54000000,2574.81430000,1767347099999999,7827316.95132100,23682,1276.42430000,3880581.45159700,0
1767347100000000,3044.53000000,3055.00000000,3040.29000000,3048.15000000,7978.95460000,1767347999999999,24326794.32084800,77606,5048.03700000,15391496.09140100,0
1767348000000000,3048.16000000,3067.56000000,3045.71000000,3061.89000000,10239.81350000,1767348899999999,31319665.66882200,89424,5757.56250000,17611444.65066600,0
1767348900000000,3061.88000000,3069.71000000,3054.54000000,3054.54000000,12799.52050000,1767349799999999,39224137.07337700,92290,4419.49280000,13541631.50744200,0
1767349800000000,3054.54000000,3063.58000000,3054.13000000,3059.52000000,3523.62730000,1767350699999999,10778719.13970900,36846,1871.74050000,5725068.85205300,0
1767350700000000,3059.52000000,3062.02000000,3056.01000000,3057.25000000,1745.36230000,1767351599999999,5340018.71472000,26302,892.07230000,2729201.74630900,0
1767351600000000,3057.25000000,3057.91000000,3046.00000000,3048.43000000,3322.72340000,1767352499999999,10134554.12521700,33747,1590.98100000,4851683.43332900,0
1767352500000000,3048.44000000,3055.53000000,3040.89000000,3047.38000000,5049.38640000,1767353399999999,15395356.23295900,42573,2995.17460000,9132157.76139300,0
1767353400000000,3047.39000000,3052.53000000,3045.31000000,3049.18000000,2008.94600000,1767354299999999,6124746.29706900,34358,964.10030000,2939322.75115000,0
1767354300000000,3049.19000000,3049.19000000,3044.21000000,3047.82000000,1354.50700000,1767355199999999,4126681.81971100,20050,736.47530000,2243860.42133400,0
1767355200000000,3047.81000000,3050.00000000,3043.20000000,3047.73000000,1621.79330000,1767356099999999,4941412.61237100,28479,1007.39800000,3069465.54268600,0
1767356100000000,3047.72000000,3053.31000000,3046.18000000,3050.36000000,2282.80420000,1767356999999999,6961192.17122100,21366,1581.55970000,4822985.94506500,0
1767357000000000,3050.35000000,3057.97000000,3049.50000000,3054.99000000,2799.26970000,1767357899999999,8549411.71901600,38200,1992.73530000,6086262.72703000,0
1767357900000000,3054.99000000,3055.21000000,3048.66000000,3048.67000000,1144.97740000,1767358799999999,3494750.75484600,19959,286.41020000,874205.23174800,0
1767358800000000,3048.66000000,3054.10000000,3046.35000000,3051.51000000,2886.30590000,1767359699999999,8805827.35435500,21867,1814.30130000,5535205.34589100,0
1767359700000000,3051.51000000,3058.42000000,3051.05000000,3053.55000000,2241.54890000,1767360599999999,6847393.70106900,33529,1269.96300000,3880067.95317400,0
1767360600000000,3053.55000000,3054.24000000,3048.31000000,3051.13000000,1250.96010000,1767361499999999,3816898.85889200,24583,694.80640000,2120060.59920800,0
1767361500000000,3051.13000000,3057.81000000,3047.64000000,3050.27000000,1618.25930000,1767362399999999,4940367.38771300,23053,704.07030000,2150087.05046200,0
1767362400000000,3050.28000000,3054.56000000,3039.67000000,3041.73000000,2667.57600000,1767363299999999,8127616.33934900,39392,1107.69930000,3376010.59300800,0
1767363300000000,3041.73000000,3044.86000000,3023.02000000,3035.41000000,8100.57300000,1767364199999999,24554987.45700800,132110,3860.42420000,11703412.50839700,0
1767364200000000,3035.41000000,3066.66000000,3020.79000000,3059.19000000,13851.81330000,1767365099999999,42158790.35732800,254125,8011.23280000,24395356.10068300,0
1767365100000000,3059.19000000,3109.00000000,3050.22000000,3082.85000000,32412.92530000,1767365999999999,100125935.65721900,262994,18110.91800000,55963589.14906600,0
1767366000000000,3082.84000000,3095.00000000,3068.97000000,3075.00000000,10073.98120000,1767366899999999,31019795.41266000,176532,5362.31850000,16512323.35242100,0
1767366900000000,3075.00000000,3083.07000000,3055.13000000,3071.60000000,9263.64420000,1767367799999999,28415884.04451300,172980,5449.82780000,16714850.90501800,0
1767367800000000,3071.59000000,3097.53000000,3068.57000000,3095.45000000,5798.60990000,1767368699999999,17888814.53737400,146993,3238.87630000,9994202.16637000,0
1767368700000000,3095.44000000,3097.65000000,3080.37000000,3086.64000000,5764.61310000,1767369599999999,17805911.23949100,142583,2347.32130000,7248734.50486400,0
1767369600000000,3086.64000000,3098.00000000,3079.23000000,3097.99000000,6177.08140000,1767370499999999,19060814.56958800,140028,2908.15830000,8977007.75880600,0
1767370500000000,3097.99000000,3117.33000000,3096.36000000,3106.33000000,16341.97200000,1767371399999999,50796295.36957600,169579,8486.59340000,26377472.83696400,0
1767371400000000,3106.33000000,3146.97000000,3105.28000000,3125.89000000,21500.30560000,1767372299999999,67326751.84185500,224577,11326.94470000,35464782.81373400,0
1767372300000000,3125.90000000,3134.30000000,3112.89000000,3132.22000000,6733.71030000,1767373199999999,21038792.47962400,143800,3270.90990000,10222038.41122900,0
1767373200000000,3132.21000000,3144.63000000,3131.22000000,3138.59000000,8435.59260000,1767374099999999,26468080.47401500,136223,4269.88790000,13398316.80806100,0
1767374100000000,3138.59000000,3150.01000000,3128.41000000,3133.09000000,7714.58230000,1767374999999999,24234813.38615900,135550,3809.10340000,11971035.52842900,0
1767375000000000,3133.08000000,3135.50000000,3122.83000000,3128.83000000,4179.03570000,1767375899999999,13070184.60755900,85596,1818.18720000,5686862.37103100,0
1767375900000000,3128.84000000,3130.95000000,3110.83000000,3123.00000000,4449.86210000,1767376799999999,13878826.59660000,77983,2256.89870000,7040524.28290400,0
1767376800000000,3122.99000000,3127.34000000,3117.91000000,3123.80000000,4291.22060000,1767377699999999,13399493.71439200,57928,1560.59520000,4874586.95693400,0
1767377700000000,3123.80000000,3132.20000000,3121.28000000,3123.49000000,3464.94390000,1767378599999999,10829800.67334900,54820,2221.40840000,6943108.66041300,0
1767378600000000,3123.49000000,3123.49000000,3109.99000000,3112.10000000,4627.23280000,1767379499999999,14413531.99206000,74178,1595.61170000,4969140.39096600,0
1767379500000000,3112.10000000,3117.31000000,3097.13000000,3110.56000000,5753.79690000,1767380399999999,17869726.44820500,98696,2137.95790000,6642373.80135600,0
1767380400000000,3110.56000000,3120.31000000,3107.62000000,3118.34000000,2980.67290000,1767381299999999,9279778.71892900,78602,1658.65250000,5164398.25386600,0
1767381300000000,3118.33000000,3124.28000000,3115.17000000,3120.79000000,2438.91580000,1767382199999999,7609000.98898700,60712,1000.61750000,3121997.34299500,0
1767382200000000,3120.79000000,3127.87000000,3119.72000000,3125.14000000,2485.50070000,1767383099999999,7762880.36272500,57081,1269.62520000,3965243.89815600,0
1767383100000000,3125.14000000,3127.70000000,3121.39000000,3123.62000000,1936.81440000,1767383999999999,6050421.65095300,58468,895.75790000,2798230.41952200,0
1767384000000000,3123.63000000,3129.75000000,3119.19000000,3129.52000000,3348.22030000,1767384899999999,10459954.96645400,64562,1719.90500000,5374466.36238200,0
1767384900000000,3129.52000000,3129.52000000,3120.00000000,3121.60000000,1698.29390000,1767385799999999,5305147.96616100,45126,692.48830000,2163113.57646400,0
1767385800000000,3121.60000000,3126.07000000,3115.64000000,3123.67000000,1615.72830000,1767386699999999,5042577.01909000,32835,783.29000000,2444788.54192800,0
1767386700000000,3123.67000000,3124.31000000,3111.52000000,3117.99000000,2873.37280000,1767387599999999,8956200.71207400,53299,1296.34850000,4041256.82483600,0
1767387600000000,3117.99000000,3122.92000000,3117.72000000,3120.59000000,1015.52840000,1767388499999999,3169102.12399000,25179,384.39410000,1199539.66582400,0
1767388500000000,3120.59000000,3126.23000000,3116.31000000,3125.39000000,1286.03480000,1767389399999999,4013529.55123400,21088,640.65600000,1999616.23594100,0
1767389400000000,3125.39000000,3127.42000000,3122.76000000,3125.75000000,1140.37450000,1767390299999999,3563970.86882300,18633,545.09350000,1703612.61492700,0
1767390300000000,3125.74000000,3134.00000000,3122.76000000,3130.96000000,2567.99380000,1767391199999999,8037133.50330200,26999,1633.26220000,5112118.21520900,0
1767391200000000,3130.96000000,3146.00000000,3128.09000000,3134.05000000,4029.66510000,1767392099999999,12645550.60737400,53310,2302.24090000,7224612.75339000,0
1767392100000000,3134.04000000,3140.68000000,3132.39000000,3132.40000000,1872.34720000,1767392999999999,5871458.74361200,26688,1145.27890000,3591461.57321000,0
1767393000000000,3132.39000000,3141.79000000,3130.33000000,3137.17000000,1866.68810000,1767393899999999,5852819.99209500,31823,1053.20870000,3302301.84734500,0
1767393900000000,3137.17000000,3142.73000000,3132.23000000,3133.81000000,1424.56360000,1767394799999999,4468294.30478900,33724,571.11650000,1791395.71062300,0
1767394800000000,3133.82000000,3135.66000000,3129.64000000,3130.42000000,939.08280000,1767395699999999,2941541.99331100,23873,339.05580000,1062102.12631700,0
1767395700000000,3130.43000000,3132.60000000,3123.31000000,3123.95000000,1164.27400000,1767396599999999,3640808.16916100,24943,412.13010000,1289046.08615700,0
1767396600000000,3123.95000000,3128.07000000,3122.00000000,3126.45000000,1255.90640000,1767397499999999,3924988.95852600,19593,708.41490000,2214186.94053200,0
1767397500000000,3126.46000000,3126.46000000,3120.30000000,3125.45000000,1528.19760000,1767398399999999,4772732.80828400,18925,610.59380000,1907245.96016500,0
1767398400000000,3125.46000000,3131.54000000,3124.48000000,3129.00000000,1932.85230000,1767399299999999,6047237.77755800,27419,871.22090000,2725774.21817500,0
1767399300000000,3128.99000000,3131.65000000,3122.26000000,3131.42000000,1658.43880000,1767400199999999,5185182.10656900,30584,762.40520000,2384134.49754000,0
1767400200000000,3131.42000000,3131.48000000,3127.50000000,3130.42000000,1052.87770000,1767401099999999,3295049.40624000,20780,443.97400000,1389537.89145500,0
1767401100000000,3130.42000000,3136.71000000,3129.73000000,3131.00000000,1094.32930000,1767401999999999,3428831.86811900,17654,712.54640000,2232903.97368300,0
1767402000000000,3130.99000000,3131.70000000,3127.04000000,3131.49000000,980.78160000,1767402899999999,3069375.70146000,16889,644.49580000,2017056.13649000,0
1767402900000000,3131.48000000,3131.80000000,3123.43000000,3124.94000000,1123.51850000,1767403799999999,3513934.05787200,16921,340.31490000,1063750.99646700,0
1767403800000000,3124.94000000,3130.75000000,3124.93000000,3129.97000000,861.82690000,1767404699999999,2695972.41506900,15063,544.46300000,1703102.49355500,0
1767404700000000,3129.98000000,3131.85000000,3128.01000000,3130.81000000,766.43890000,1767405599999999,2399050.27614000,12174,479.38860000,1500515.82530700,0
1767405600000000,3130.81000000,3130.81000000,3120.17000000,3122.00000000,2502.21750000,1767406499999999,7818679.56080700,26216,1067.61100000,3335694.90119700,0
1767406500000000,3122.00000000,3127.22000000,3120.28000000,3127.06000000,1005.79300000,1767407399999999,3141701.08200400,19528,649.41100000,2028540.89966000,0
1767407400000000,3127.06000000,3128.43000000,3124.00000000,3125.27000000,2947.89900000,1767408299999999,9214363.79853500,19115,576.65790000,1802294.49883800,0
1767408300000000,3125.28000000,3129.27000000,3125.27000000,3126.27000000,1502.92880000,1767409199999999,4699729.35197900,13350,740.89010000,2316898.46754300,0
1767409200000000,3126.26000000,3127.21000000,3121.00000000,3122.84000000,1632.01040000,1767410099999999,5097170.13830200,16436,834.03290000,2604763.76485900,0
1767410100000000,3122.84000000,3126.64000000,3119.26000000,3121.37000000,1299.41340000,1767410999999999,4058640.16961100,13960,789.90170000,2467832.71361700,0
1767411000000000,3121.38000000,3124.76000000,3120.94000000,3124.75000000,656.16390000,1767411899999999,2049007.88881200,12435,351.88140000,1098762.87250600,0
1767411900000000,3124.76000000,3127.35000000,3124.00000000,3125.56000000,622.44510000,1767412799999999,1945487.83268700,10917,378.62910000,1183405.14523700,0
1767412800000000,3125.56000000,3127.79000000,3119.78000000,3119.79000000,1127.86520000,1767413699999999,3522315.24869700,15314,422.74400000,1320311.45118000,0
1767413700000000,3119.79000000,3123.35000000,3119.79000000,3121.68000000,676.57680000,1767414599999999,2112018.44288000,8785,309.16340000,965137.59211900,0
1767414600000000,3121.68000000,3121.68000000,3115.60000000,3115.65000000,2040.29600000,1767415499999999,6361852.52955700,16135,673.01980000,2098580.29638100,0
1767415500000000,3115.64000000,3118.43000000,3115.01000000,3116.61000000,944.36390000,1767416399999999,2943336.69443000,13588,513.84450000,1601439.61408100,0
1767416400000000,3116.61000000,3119.09000000,3114.57000000,3114.57000000,674.02620000,1767417299999999,2101096.65671800,11734,333.79150000,1040561.24471100,0
1767417300000000,3114.57000000,3117.15000000,3111.20000000,3112.48000000,1356.17990000,1767418199999999,4222992.10423200,13394,435.74060000,1356915.39564600,0
1767418200000000,3112.48000000,3112.48000000,3104.89000000,3107.32000000,2275.49120000,1767419099999999,7072958.15880600,23201,758.91340000,2359135.03289700,0
1767419100000000,3107.33000000,3113.21000000,3105.66000000,3112.12000000,1774.57150000,1767419999999999,5518462.95747300,19877,1008.83850000,3137261.63980000,0
1767420000000000,3112.12000000,3117.76000000,3110.29000000,3115.45000000,1838.04260000,1767420899999999,5722988.94236100,20846,1062.81090000,3309367.76735700,0
1767420900000000,3115.44000000,3116.30000000,3108.00000000,3108.37000000,1443.90280000,1767421799999999,4493941.36975600,16989,281.07810000,874997.68443900,0
1767421800000000,3108.36000000,3111.99000000,3102.58000000,3102.88000000,1227.76730000,1767422699999999,3814170.99045100,17005,401.76600000,1248545.48490700,0
1767422700000000,3102.88000000,3104.80000000,3098.34000000,3098.34000000,3229.94240000,1767423599999999,10015895.16674100,31221,1096.53280000,3400336.31205100,0
1767423600000000,3098.33000000,3105.31000000,3093.76000000,3095.48000000,3284.66870000,1767424499999999,10181162.40929000,41611,1443.47750000,4476001.99112400,0
1767424500000000,3095.49000000,3097.08000000,3076.00000000,3082.50000000,10247.60800000,1767425399999999,31611253.10668800,104555,4723.52600000,14570077.30467400,0
1767425400000000,3082.49000000,3096.39000000,3077.55000000,3091.98000000,4067.13640000,1767426299999999,12562008.64984800,61258,2403.44830000,7424438.07296800,0
1767426300000000,3091.98000000,3094.07000000,3087.84000000,3090.50000000,1640.13790000,1767427199999999,5069032.62390200,31462,912.33070000,2819817.73790700,0
1767427200000000,3090.49000000,3097.29000000,3083.86000000,3090.99000000,2137.69710000,1767428099999999,6605964.94736400,45552,1025.23000000,3169431.23306700,0
1767428100000000,3091.00000000,3105.72000000,3090.56000000,3100.23000000,3462.46550000,1767428999999999,10727445.16418800,41611,2456.42130000,7611826.30825100,0
1767429000000000,3100.22000000,3102.95000000,3097.18000000,3100.99000000,1398.51120000,1767429899999999,4335389.16567800,39374,554.10690000,1717857.65300100,0
1767429900000000,3101.00000000,3102.00000000,3094.66000000,3095.48000000,1554.44930000,1767430799999999,4816779.85699600,26799,581.35430000,1801666.65108500,0
1767430800000000,3095.48000000,3098.50000000,3094.93000000,3095.65000000,688.56850000,1767431699999999,2132438.68503100,20284,420.18560000,1301297.18090600,0
1767431700000000,3095.65000000,3100.89000000,3091.96000000,3099.58000000,1500.55080000,1767432599999999,4645082.01326900,23391,876.35530000,2713093.79258800,0
1767432600000000,3099.57000000,3110.56000000,3098.30000000,3107.50000000,2412.01860000,1767433499999999,7492461.97052000,46282,1414.74290000,4394520.55293700,0
1767433500000000,3107.50000000,3108.68000000,3100.89000000,3100.90000000,1792.64590000,1767434399999999,5565212.79201200,27435,675.41770000,2096873.21399000,0
1767434400000000,3100.90000000,3101.67000000,3097.42000000,3098.16000000,1353.81240000,1767435299999999,4196234.92650400,22261,491.96550000,1525004.35805600,0
1767435300000000,3098.16000000,3101.70000000,3098.16000000,3101.41000000,1023.59970000,1767436199999999,3172904.76554500,14610,533.87010000,1654966.55904000,0
1767436200000000,3101.42000000,3105.53000000,3099.04000000,3103.49000000,964.92280000,1767437099999999,2993866.31276300,16541,511.45880000,1586985.16433100,0
1767437100000000,3103.49000000,3103.50000000,3097.05000000,3097.31000000,1090.76290000,1767437999999999,3381725.56173300,16209,330.29130000,1024072.40721500,0
1767438000000000,3097.31000000,3097.98000000,3093.48000000,3094.53000000,1230.91140000,1767438899999999,3810263.07268600,17619,518.39120000,1604728.96406600,0
1767438900000000,3094.53000000,3096.94000000,3093.14000000,3094.41000000,810.98610000,1767439799999999,2510112.79062000,11829,511.64200000,1583589.03056200,0
1767439800000000,3094.41000000,3098.65000000,3091.99000000,3098.65000000,1128.63720000,1767440699999999,3492942.81854600,15411,654.23200000,2024734.66406700,0
1767440700000000,3098.65000000,3100.22000000,3096.22000000,3098.49000000,1635.90150000,1767441599999999,5069396.27058700,17686,1239.53270000,3841066.89788300,0
1767441600000000,3098.50000000,3098.80000000,3093.47000000,3094.92000000,799.96460000,1767442499999999,2476108.59095700,13030,326.44390000,1010348.42920800,0
1767442500000000,3094.91000000,3101.27000000,3094.91000000,3101.27000000,1092.06440000,1767443399999999,3383752.20169900,11222,859.02500000,2661609.35872000,0
1767443400000000,3101.27000000,3101.27000000,3096.00000000,3100.34000000,705.09190000,1767444299999999,2185151.62036000,12715,296.27630000,918196.29439600,0
1767444300000000,3100.34000000,3105.58000000,3099.13000000,3105.04000000,3383.38660000,1767445199999999,10497289.46613500,35295,2055.13430000,6376148.80759700,0
1767445200000000,3105.04000000,3106.69000000,3100.89000000,3101.07000000,1485.81570000,1767446099999999,4613007.79965000,22447,780.07760000,2422001.62875600,0
1767446100000000,3101.07000000,3107.50000000,3101.07000000,3103.82000000,1585.00470000,1767446999999999,4921046.81850800,17060,881.27190000,2736144.42913200,0
1767447000000000,3103.82000000,3107.99000000,3103.39000000,3103.39000000,701.35060000,1767447899999999,2177910.23063500,13394,309.31320000,960477.82637000,0
1767447900000000,3103.40000000,3104.81000000,3101.50000000,3103.03000000,590.17990000,1767448799999999,1831629.67853300,8257,379.75240000,1178598.33741100,0
1767448800000000,3103.03000000,3106.56000000,3101.50000000,3106.56000000,972.83460000,1767449699999999,3019280.58121500,13485,514.03110000,1595624.68818800,0
1767449700000000,3106.55000000,3114.61000000,3104.44000000,3110.46000000,2650.54080000,1767450599999999,8241893.26025000,25829,1779.74200000,5534165.49067500,0
1767450600000000,3110.47000000,3112.75000000,3106.55000000,3106.55000000,2233.40160000,1767451499999999,6944749.63186100,34082,729.68530000,2269247.79399000,0
1767451500000000,3106.55000000,3108.50000000,3102.48000000,3106.00000000,1436.21660000,1767452399999999,4459944.09595700,17239,720.02630000,2236221.52851400,0
1767452400000000,3106.00000000,3106.00000000,3100.59000000,3102.11000000,1218.77600000,1767453299999999,3780871.63555300,18100,527.36240000,1636011.91964900,0
1767453300000000,3102.10000000,3106.50000000,3100.66000000,3104.98000000,774.59510000,1767454199999999,2404056.36296300,16268,499.17700000,1549103.73638400,0
1767454200000000,3104.98000000,3107.50000000,3104.30000000,3105.11000000,772.05800000,1767455099999999,2397759.27919300,16715,534.96800000,1661392.32275900,0
1767455100000000,3105.11000000,3106.56000000,3100.28000000,3101.31000000,1196.24990000,1767455999999999,3713026.34007200,12615,415.29380000,1289155.61701800,0
1767456000000000,3101.32000000,3105.81000000,3100.28000000,3103.15000000,665.25650000,1767456899999999,2064209.93277100,17435,276.43550000,857702.17611400,0
1767456900000000,3103.16000000,3105.50000000,3098.33000000,3103.41000000,1483.23390000,1767457799999999,4600265.95902800,21472,482.25700000,1496228.88085600,0
1767457800000000,3103.42000000,3112.16000000,3103.33000000,3109.29000000,1655.02650000,1767458699999999,5144701.47606200,22917,1183.81540000,3679680.40369800,0
1767458700000000,3109.29000000,3112.17000000,3107.03000000,3107.03000000,659.37900000,1767459599999999,2050616.96316500,14153,339.53150000,1055948.33619900,0
1767459600000000,3107.04000000,3108.81000000,3105.62000000,3105.98000000,583.37760000,1767460499999999,1812393.23264700,10266,159.71650000,496219.65737900,0
1767460500000000,3105.98000000,3109.26000000,3105.98000000,3107.85000000,667.60610000,1767461399999999,2074955.34148200,6596,197.01620000,612178.67498700,0
1767461400000000,3107.84000000,3110.42000000,3107.84000000,3110.26000000,636.79660000,1767462299999999,1980297.09465000,4992,208.68810000,648796.18602100,0
1767462300000000,3110.26000000,3110.27000000,3107.77000000,3108.46000000,635.96490000,1767463199999999,1976722.65693500,5491,342.67730000,1065040.50558900,0
1767463200000000,3108.47000000,3109.07000000,3105.08000000,3107.01000000,796.66580000,1767464099999999,2475117.45527500,8737,311.86970000,968824.60936700,0
1767464100000000,3107.00000000,3118.55000000,3106.22000000,3116.14000000,2264.09160000,1767464999999999,7050025.47706400,22623,1552.00280000,4832389.29203300,0
1767465000000000,3116.14000000,3116.50000000,3113.01000000,3114.72000000,648.09420000,1767465899999999,2018628.47989800,10807,269.09730000,838172.74216500,0
1767465900000000,3114.71000000,3116.46000000,3113.10000000,3116.46000000,664.63280000,1767466799999999,2070110.40776400,6624,351.46810000,1094880.07263700,0
1767466800000000,3116.46000000,3116.46000000,3110.66000000,3111.56000000,645.48140000,1767467699999999,2009732.98447100,7949,227.59150000,708497.64441000,0
1767467700000000,3111.56000000,3113.08000000,3110.50000000,3112.93000000,534.93440000,1767468599999999,1664460.78997200,6181,297.48050000,925631.30481400,0
1767468600000000,3112.92000000,3115.04000000,3111.57000000,3114.18000000,884.00990000,1767469499999999,2752377.93112800,6365,731.79140000,2278429.66722200,0
1767469500000000,3114.18000000,3114.99000000,3112.32000000,3113.13000000,533.73860000,1767470399999999,1661709.96111300,4382,276.47370000,860780.37884000,0
1767470400000000,3113.13000000,3114.02000000,3107.49000000,3108.29000000,872.61610000,1767471299999999,2713663.39479000,11271,315.48840000,981071.33272600,0
1767471300000000,3108.28000000,3110.67000000,3108.28000000,3110.45000000,381.30290000,1767472199999999,1185581.43144500,5580,172.69410000,536954.02879600,0
1767472200000000,3110.45000000,3116.33000000,3110.45000000,3115.40000000,678.74120000,1767473099999999,2113495.06098700,11139,529.09540000,1647470.76956500,0
1767473100000000,3115.39000000,3116.89000000,3114.62000000,3115.65000000,530.23950000,1767473999999999,1652199.72800600,9364,367.53590000,1145205.78985200,0
1767474000000000,3115.65000000,3115.87000000,3113.04000000,3114.78000000,372.91270000,1767474899999999,1161457.11619300,7038,181.95340000,566706.55271600,0
1767474900000000,3114.78000000,3123.92000000,3114.77000000,3121.03000000,2302.12340000,1767475799999999,7181017.45236300,16659,1740.70510000,5428963.85714600,0
1767475800000000,3121.02000000,3129.22000000,3120.24000000,3121.87000000,2545.28190000,1767476699999999,7952768.61130500,34604,1261.85100000,3943528.98934200,0
1767476700000000,3121.86000000,3121.98000000,3118.88000000,3120.87000000,620.04050000,1767477599999999,1934652.16282400,12215,186.16530000,580889.26565500,0
1767477600000000,3120.87000000,3120.88000000,3113.92000000,3113.93000000,849.14490000,1767478499999999,2647423.21436000,11169,325.01450000,1013432.97715100,0
1767478500000000,3113.93000000,3123.37000000,3113.93000000,3120.08000000,831.16820000,1767479399999999,2593500.24128200,12601,547.04200000,1706663.39039900,0
1767479400000000,3120.08000000,3126.20000000,3119.72000000,3122.31000000,676.67650000,1767480299999999,2112929.52306800,15796,360.73530000,1126362.32376500,0
1767480300000000,3122.32000000,3123.68000000,3119.51000000,3122.78000000,654.83790000,1767481199999999,2043966.96204500,10470,296.05200000,923977.84780500,0
1767481200000000,3122.78000000,3126.07000000,3120.89000000,3123.40000000,634.88850000,1767482099999999,1983034.73178400,17585,295.90270000,924251.76251600,0
1767482100000000,3123.41000000,3131.00000000,3123.39000000,3130.43000000,1389.85320000,1767482999999999,4346963.27771700,18974,827.94730000,2589558.13722200,0
1767483000000000,3130.43000000,3131.00000000,3125.86000000,3126.38000000,993.93020000,1767483899999999,3108763.68761900,16062,347.29680000,1086323.62294200,0
1767483900000000,3126.37000000,3127.88000000,3125.09000000,3127.11000000,840.69460000,1767484799999999,2628455.58174700,8671,454.78700000,1421856.52676000,0
1767484800000000,3127.11000000,3159.00000000,3126.35000000,3147.97000000,14230.65630000,1767485699999999,44758866.15309900,122674,9974.94430000,31367006.27014400,0
1767485700000000,3147.98000000,3150.27000000,3139.27000000,3139.96000000,3725.13650000,1767486599999999,11710724.24669100,63879,2042.50290000,6421225.69025200,0
1767486600000000,3139.95000000,3153.09000000,3139.76000000,3146.05000000,5781.87000000,1767487499999999,18197572.42553800,45396,3229.77010000,10163675.84849700,0
1767487500000000,3146.04000000,3167.22000000,3144.77000000,3157.75000000,5011.16490000,1767488399999999,15826184.02535600,48376,3233.67960000,10213489.51469900,0
1767488400000000,3157.75000000,3162.33000000,3152.63000000,3157.03000000,2442.00510000,1767489299999999,7711543.28961000,34396,1215.63530000,3839564.09794500,0
1767489300000000,3157.04000000,3158.95000000,3147.04000000,3148.51000000,2486.80000000,1767490199999999,7838372.73081300,36053,1202.33530000,3790771.86048800,0
1767490200000000,3148.52000000,3151.18000000,3144.42000000,3146.40000000,1036.36690000,1767491099999999,3262202.68431600,27222,549.05940000,1728261.25530100,0
1767491100000000,3146.41000000,3152.35000000,3141.50000000,3150.17000000,2039.96940000,1767491999999999,6419405.66389600,27120,1297.94320000,4084923.90636300,0
1767492000000000,3150.17000000,3151.02000000,3140.12000000,3142.24000000,2065.57190000,1767492899999999,6494290.55686100,24607,654.35430000,2057623.61215200,0
1767492900000000,3142.24000000,3146.84000000,3142.24000000,3146.59000000,968.22270000,1767493799999999,3045065.14119100,15402,613.07670000,1928060.11844200,0
1767493800000000,3146.60000000,3148.89000000,3142.57000000,3142.78000000,1244.01980000,1767494699999999,3913705.67341900,17947,429.50760000,1351485.35811300,0
1767494700000000,3142.79000000,3143.55000000,3137.60000000,3141.12000000,1328.40320000,1767495599999999,4171451.39665500,16996,440.16940000,1382210.65468400,0
1767495600000000,3141.12000000,3150.41000000,3140.01000000,3148.73000000,1331.20430000,1767496499999999,4187359.50811000,24489,873.25350000,2747192.17353900,0
1767496500000000,3148.72000000,3150.58000000,3143.18000000,3143.20000000,1141.37550000,1767497399999999,3591568.38573300,22108,475.69500000,1497171.72782700,0
1767497400000000,3143.21000000,3148.22000000,3141.72000000,3147.80000000,2167.43270000,1767498299999999,6815312.90142200,22889,945.20140000,2972787.15717700,0
1767498300000000,3147.80000000,3150.86000000,3147.35000000,3147.36000000,1314.50640000,1767499199999999,4140157.91075000,19926,748.37170000,2357067.62766700,0
1767499200000000,3147.36000000,3150.02000000,3144.89000000,3147.59000000,886.99780000,1767500099999999,2791625.37470100,15477,460.37210000,1448984.68526400,0
1767500100000000,3147.59000000,3155.51000000,3147.58000000,3150.07000000,2150.93470000,1767500999999999,6780431.88827500,24474,1390.78340000,4384092.85662800,0
1767501000000000,3150.06000000,3156.00000000,3150.06000000,3153.15000000,1422.21190000,1767501899999999,4485209.40801100,20428,897.86710000,2831400.14849900,0
1767501900000000,3153.15000000,3153.95000000,3147.84000000,3148.25000000,808.14380000,1767502799999999,2546056.90481900,13414,338.62160000,1066861.07931600,0
1767502800000000,3148.26000000,3149.55000000,3144.48000000,3147.39000000,982.79700000,1767503699999999,3093317.16807200,16669,337.77660000,1063225.55004600,0
1767503700000000,3147.39000000,3152.30000000,3146.70000000,3151.38000000,1542.95970000,1767504599999999,4860091.33670600,14745,924.85620000,2913143.14236100,0
1767504600000000,3151.39000000,3152.01000000,3145.55000000,3147.42000000,1046.84450000,1767505499999999,3295824.07561500,9985,263.91650000,830919.35899600,0
1767505500000000,3147.42000000,3151.37000000,3147.22000000,3151.36000000,383.75630000,1767506399999999,1208574.71296700,8128,185.16860000,583177.20379100,0
1767506400000000,3151.36000000,3159.60000000,3149.57000000,3154.55000000,2413.45210000,1767507299999999,7615152.12830100,32095,1197.37230000,3778292.48458600,0
1767507300000000,3154.55000000,3163.19000000,3148.80000000,3149.77000000,5124.40220000,1767508199999999,16166900.81449700,39478,2184.84420000,6894607.77468200,0
1767508200000000,3149.77000000,3152.34000000,3140.62000000,3141.99000000,2620.73450000,1767509099999999,8249070.94146200,37268,1149.75820000,3620214.12173800,0
1767509100000000,3142.00000000,3146.24000000,3139.37000000,3140.00000000,3090.83020000,1767509999999999,9716157.71270600,33485,2015.72730000,6337570.46887500,0
1767510000000000,3140.00000000,3145.92000000,3139.55000000,3143.81000000,1076.23510000,1767510899999999,3383421.96280800,22457,484.80550000,1524137.64576900,0
1767510900000000,3143.81000000,3144.81000000,3133.57000000,3139.83000000,9082.43670000,1767511799999999,28517300.86086600,32894,5336.59170000,16755906.06303300,0
1767511800000000,3139.83000000,3143.56000000,3136.40000000,3143.25000000,5521.39870000,1767512699999999,17338613.21434500,25675,3190.95080000,10022695.25103000,0
1767512700000000,3143.25000000,3144.00000000,3140.03000000,3141.29000000,1010.49980000,1767513599999999,3175061.76679400,16101,408.39930000,1283252.07304600,0
1767513600000000,3141.29000000,3141.98000000,3126.00000000,3133.75000000,4691.70100000,1767514499999999,14689749.02236300,41389,2050.87540000,6420069.91625400,0
1767514500000000,3133.75000000,3137.32000000,3129.57000000,3133.48000000,1143.60760000,1767515399999999,3583452.51651000,28601,640.43280000,2006741.48076800,0
1767515400000000,3133.47000000,3139.31000000,3133.00000000,3138.52000000,1678.46740000,1767516299999999,5263657.61170500,21994,830.51540000,2604663.08381700,0
1767516300000000,3138.52000000,3140.26000000,3136.93000000,3138.61000000,934.23110000,1767517199999999,2931915.71464800,19750,493.77000000,1549624.14567800,0
1767517200000000,3138.62000000,3140.00000000,3134.90000000,3137.75000000,696.34800000,1767518099999999,2184261.38460800,20584,310.71390000,974667.53010300,0
1767518100000000,3137.76000000,3148.00000000,3135.16000000,3135.92000000,4769.19990000,1767518999999999,14971052.62215300,37064,1502.50940000,4718590.08549100,0
1767519000000000,3135.92000000,3143.61000000,3135.92000000,3143.16000000,1001.39680000,1767519899999999,3144475.19864300,18656,594.23510000,1865835.17556900,0
1767519900000000,3143.15000000,3145.38000000,3141.22000000,3143.78000000,1810.93350000,1767520799999999,5692445.86816600,20760,471.75530000,1482959.55838200,0
1767520800000000,3143.79000000,3148.30000000,3143.02000000,3146.64000000,829.31440000,1767521699999999,2608823.17596500,20012,465.49980000,1464335.40875100,0
1767521700000000,3146.64000000,3146.94000000,3142.66000000,3143.55000000,767.56170000,1767522599999999,2413688.66679800,19704,345.38860000,1086026.19463300,0
1767522600000000,3143.54000000,3146.87000000,3142.70000000,3146.87000000,720.92410000,1767523499999999,2267085.20725600,16604,301.27630000,947365.71598800,0
1767523500000000,3146.88000000,3147.39000000,3145.02000000,3146.34000000,1106.89580000,1767524399999999,3482352.33626000,19277,498.99030000,1569875.64323600,0
1767524400000000,3146.34000000,3146.34000000,3140.41000000,3140.99000000,1499.61290000,1767525299999999,4713129.25511300,44134,622.95060000,1957836.55608100,0
1767525300000000,3140.99000000,3142.75000000,3139.21000000,3140.14000000,728.28730000,1767526199999999,2287412.91332600,19203,263.42630000,827436.91216300,0
1767526200000000,3140.14000000,3142.00000000,3135.88000000,3138.86000000,1277.70640000,1767527099999999,4009445.22274800,21503,462.14320000,1450410.59589200,0
1767527100000000,3138.86000000,3139.59000000,3135.32000000,3139.54000000,1669.25360000,1767527999999999,5237488.86685700,17502,642.33200000,2015419.91143700,0
1767528000000000,3139.55000000,3140.90000000,3135.32000000,3138.10000000,1931.58780000,1767528899999999,6061092.38133400,21815,822.93670000,2582432.55303700,0
1767528900000000,3138.09000000,3144.72000000,3137.40000000,3144.56000000,1164.21820000,1767529799999999,3657584.73264100,22343,795.65790000,2499924.49525200,0
1767529800000000,3144.55000000,3147.26000000,3134.22000000,3134.23000000,1682.99850000,1767530699999999,5284767.80187500,32609,467.22990000,1467538.79211500,0
1767530700000000,3134.23000000,3137.63000000,3133.59000000,3136.80000000,1265.81850000,1767531599999999,3969950.20976700,18808,768.56710000,2410508.17449100,0
1767531600000000,3136.81000000,3139.84000000,3134.13000000,3138.44000000,1006.46450000,1767532499999999,3157218.46018800,21111,439.72050000,1379240.18136500,0
1767532500000000,3138.44000000,3139.44000000,3131.80000000,3138.89000000,1595.11040000,1767533399999999,5001625.28548900,23811,746.89400000,2342296.08525600,0
1767533400000000,3138.90000000,3141.51000000,3135.56000000,3137.74000000,1188.43120000,1767534299999999,3730099.07927600,22466,696.82090000,2187201.25405100,0
1767534300000000,3137.75000000,3140.76000000,3137.49000000,3140.76000000,808.38930000,1767535199999999,2537661.65400900,10656,474.57400000,1489796.32378700,0
1767535200000000,3140.75000000,3143.30000000,3137.52000000,3142.30000000,2225.04010000,1767536099999999,6987513.21494300,23543,1284.38250000,4033062.40947600,0
1767536100000000,3142.30000000,3142.49000000,3134.00000000,3136.91000000,1555.82900000,1767536999999999,4881504.24313300,20873,590.26650000,1851899.63058300,0
1767537000000000,3136.91000000,3138.03000000,3132.00000000,3134.94000000,1284.05910000,1767537899999999,4025248.57672900,23554,546.24700000,1712446.24591600,0
1767537900000000,3134.94000000,3138.77000000,3132.16000000,3137.26000000,1459.98080000,1767538799999999,4578081.94394000,20340,602.72950000,1890104.22478600,0
1767538800000000,3137.25000000,3139.60000000,3136.11000000,3138.97000000,1021.35380000,1767539699999999,3205147.75870600,21292,535.56570000,1680721.18012900,0
1767539700000000,3138.97000000,3138.97000000,3135.32000000,3136.62000000,699.02430000,1767540599999999,2192831.44542400,13415,273.25330000,857130.42926500,0
1767540600000000,3136.62000000,3137.42000000,3128.77000000,3131.21000000,1839.45270000,1767541499999999,5761897.51896900,21824,749.59600000,2347999.68527000,0
1767541500000000,3131.21000000,3135.55000000,3118.75000000,3135.55000000,4843.29540000,1767542399999999,15141547.63616200,52066,2160.97580000,6756619.46530200,0
1767542400000000,3135.55000000,3139.97000000,3131.76000000,3133.44000000,2165.77410000,1767543299999999,6791871.60541000,37934,968.40280000,3037234.92803500,0
1767543300000000,3133.43000000,3135.95000000,3131.03000000,3133.11000000,881.86030000,1767544199999999,2763213.09620300,18825,429.48300000,1345847.01692100,0
1767544200000000,3133.12000000,3139.88000000,3131.74000000,3136.11000000,1191.89430000,1767545099999999,3738284.77185900,20555,693.71000000,2175894.64300300,0
1767545100000000,3136.11000000,3139.44000000,3136.11000000,3139.11000000,513.50250000,1767545999999999,1611439.27495100,11153,324.14380000,1017181.33550300,0
1767546000000000,3139.12000000,3143.60000000,3136.66000000,3136.80000000,1535.52110000,1767546899999999,4823392.10925700,22042,633.80530000,1990477.70122000,0
1767546900000000,3136.81000000,3140.77000000,3135.68000000,3137.73000000,505.44860000,1767547799999999,1585979.71921000,13562,278.88050000,875043.08046200,0
1767547800000000,3137.74000000,3142.01000000,3137.73000000,3138.46000000,699.99930000,1767548699999999,2197730.03966200,10980,402.88370000,1264921.30761600,0
1767548700000000,3138.45000000,3141.36000000,3136.55000000,3137.50000000,799.11010000,1767549599999999,2509204.78858000,11938,238.93750000,750127.35383200,0
1767549600000000,3137.49000000,3137.88000000,3131.63000000,3132.41000000,751.24950000,1767550499999999,2354453.85210300,13175,219.85050000,688948.35007800,0
1767550500000000,3132.42000000,3132.78000000,3126.24000000,3130.08000000,1304.26790000,1767551399999999,4081561.05462800,16200,531.72530000,1664034.54419000,0
1767551400000000,3130.07000000,3133.88000000,3123.01000000,3133.84000000,1908.82000000,1767552299999999,5971827.01504700,32959,1111.92080000,3479230.73748100,0
1767552300000000,3133.85000000,3135.60000000,3131.82000000,3135.03000000,1196.83840000,1767553199999999,3750237.51944500,11865,856.37080000,2683345.45240500,0
1767553200000000,3135.04000000,3135.04000000,3118.98000000,3126.79000000,3912.18400000,1767554099999999,12227685.53686400,44598,2263.40860000,7075060.40904300,0
1767554100000000,3126.78000000,3134.41000000,3126.03000000,3131.30000000,1861.13030000,1767554999999999,5826374.88236300,20656,1338.82390000,4191152.50596900,0
1767555000000000,3131.30000000,3133.71000000,3128.30000000,3128.73000000,1267.33390000,1767555899999999,3968272.26108400,11342,821.06080000,2571105.45654700,0
1767555900000000,3128.73000000,3135.14000000,3128.73000000,3132.72000000,1561.42510000,1767556799999999,4890370.66688700,9330,1279.83980000,4008349.62969100,0
1767556800000000,3132.72000000,3139.44000000,3130.85000000,3138.70000000,973.10230000,1767557699999999,3051408.59764400,13975,623.45110000,1955047.37016500,0
1767557700000000,3138.70000000,3140.22000000,3137.31000000,3139.92000000,419.05410000,1767558599999999,1315389.22079300,6743,298.40080000,936676.64257200,0
1767558600000000,3139.92000000,3143.00000000,3137.19000000,3139.23000000,900.71100000,1767559499999999,2828791.14712100,10463,612.94350000,1925192.46320600,0
1767559500000000,3139.22000000,3142.30000000,3138.14000000,3142.09000000,656.79900000,1767560399999999,2063038.36085900,9297,394.13320000,1237990.10583400,0
1767560400000000,3142.09000000,3155.85000000,3139.64000000,3149.37000000,4483.63970000,1767561299999999,14115763.67483900,31916,2593.09450000,8163409.98171500,0
1767561300000000,3149.37000000,3150.75000000,3141.91000000,3141.91000000,1500.34820000,1767562199999999,4720171.38692400,15056,559.30560000,1759610.32684900,0
1767562200000000,3141.92000000,3146.58000000,3138.17000000,3138.86000000,924.86810000,1767563099999999,2906010.60378600,12328,380.71090000,1196331.06263900,0
1767563100000000,3138.87000000,3145.45000000,3137.75000000,3145.44000000,853.08450000,1767563999999999,2680006.31047700,8250,630.36080000,1980439.57644800,0
1767564000000000,3145.44000000,3150.36000000,3137.79000000,3141.11000000,1499.61810000,1767564899999999,4715850.09263000,16177,667.94980000,2100569.11667700,0
1767564900000000,3141.10000000,3143.38000000,3136.89000000,3141.32000000,930.08150000,1767565799999999,2921064.27962600,9335,621.12830000,1950608.48510800,0
1767565800000000,3141.32000000,3142.00000000,3137.00000000,3137.07000000,1114.65160000,1767566699999999,3498391.66529000,4083,713.46700000,2239039.01508400,0
1767566700000000,3137.06000000,3141.40000000,3136.44000000,3139.37000000,690.86890000,1767567599999999,2168446.80863500,8504,412.68220000,1295252.06602000,0
1767567600000000,3139.37000000,3153.70000000,3137.44000000,3139.43000000,2629.83620000,1767568499999999,8274239.38201600,41504,1098.01180000,3456079.19587500,0
1767568500000000,3139.44000000,3148.26000000,3136.41000000,3142.96000000,1370.69190000,1767569399999999,4307963.81614200,29527,687.57640000,2161045.20755600,0
1767569400000000,3142.96000000,3144.89000000,3138.00000000,3138.94000000,1046.40030000,1767570299999999,3287044.16770800,23660,413.68280000,1299445.64862600,0
1767570300000000,3138.95000000,3146.57000000,3134.67000000,3144.70000000,1150.11810000,1767571199999999,3611307.45040200,24051,538.18120000,1690508.35103300,0
1767571200000000,3144.71000000,3162.55000000,3143.93000000,3153.81000000,6584.16700000,1767572099999999,20762411.68921000,84212,3645.16050000,11494897.46891500,0
1767572100000000,3153.81000000,3160.30000000,3143.54000000,3152.30000000,3228.41420000,1767572999999999,10173830.07636000,61305,1627.17020000,5127803.90137900,0
1767573000000000,3152.30000000,3155.81000000,3143.70000000,3155.28000000,2299.26410000,1767573899999999,7240831.69754900,41835,971.27850000,3059392.57168200,0
1767573900000000,3155.28000000,3175.32000000,3152.89000000,3168.19000000,10049.92030000,1767574799999999,31823040.24413900,90811,5681.36660000,17986988.68611400,0
1767574800000000,3168.20000000,3197.99000000,3163.12000000,3190.28000000,13346.40040000,1767575699999999,42490814.10092700,116610,7527.64100000,23970849.09585000,0
1767575700000000,3190.29000000,3191.85000000,3178.01000000,3186.65000000,4520.02560000,1767576599999999,14391640.54933900,61296,1223.26900000,3895498.10639900,0
1767576600000000,3186.65000000,3220.82000000,3180.01000000,3210.86000000,15796.45210000,1767577499999999,50615853.20271900,119534,9405.64170000,30125894.63948100,0
1767577500000000,3210.87000000,3214.00000000,3196.89000000,3197.91000000,4955.90720000,1767578399999999,15878099.06552400,64944,1595.47570000,5111153.49087600,0
1767578400000000,3197.92000000,3204.34000000,3185.56000000,3191.98000000,5135.95590000,1767579299999999,16405024.58273800,60504,1889.56910000,6036495.86156100,0
1767579300000000,3191.99000000,3196.85000000,3182.95000000,3185.23000000,2749.73840000,1767580199999999,8769621.55722200,38218,1187.32900000,3787597.37396600,0
1767580200000000,3185.24000000,3192.56000000,3184.31000000,3189.03000000,2230.57060000,1767581099999999,7112078.54686900,35023,1190.33280000,3795415.39839400,0
1767581100000000,3189.03000000,3195.14000000,3189.02000000,3193.07000000,1626.02280000,1767581999999999,5190351.48045100,24731,898.63400000,2868468.15192900,0
1767582000000000,3193.07000000,3197.51000000,3187.17000000,3188.52000000,1937.97910000,1767582899999999,6185892.66574100,30609,750.07070000,2394511.76193500,0
1767582900000000,3188.51000000,3191.98000000,3184.61000000,3190.06000000,2041.54130000,1767583799999999,6509156.84058400,21584,1076.13790000,3431588.53934400,0
1767583800000000,3190.06000000,3195.00000000,3186.28000000,3186.88000000,1554.47910000,1767584699999999,4960171.50491300,20143,737.91740000,2355126.32425300,0
1767584700000000,3186.88000000,3189.15000000,3185.05000000,3185.86000000,691.22420000,1767585599999999,2202828.62187700,12967,309.75880000,987166.88412600,0
1767585600000000,3185.86000000,3188.35000000,3174.47000000,3174.48000000,2919.96280000,1767586499999999,9284727.09155900,30899,734.82920000,2336571.30097800,0
1767586500000000,3174.47000000,3178.82000000,3162.33000000,3165.25000000,6606.93410000,1767587399999999,20939083.53967000,51065,3276.92000000,10383940.99803100,0
1767587400000000,3165.26000000,3167.80000000,3157.46000000,3163.29000000,3811.21080000,1767588299999999,12058185.43706400,50975,1396.44750000,4418967.48762600,0
1767588300000000,3163.30000000,3168.32000000,3162.95000000,3167.11000000,2178.66030000,1767589199999999,6897339.45610600,25193,1134.51270000,3591523.83593300,0
1767589200000000,3167.12000000,3169.63000000,3161.73000000,3163.03000000,1240.53580000,1767590099999999,3926202.27784000,26003,625.32780000,1979150.99502800,0
1767590100000000,3163.03000000,3167.34000000,3162.07000000,3166.57000000,1594.75590000,1767590999999999,5045951.59101200,13889,523.55710000,1656973.41703700,0
1767591000000000,3166.56000000,3166.56000000,3156.15000000,3156.22000000,2745.16640000,1767591899999999,8676122.64130800,26769,985.78250000,3115986.36504700,0
1767591900000000,3156.22000000,3158.68000000,3148.00000000,3149.93000000,4992.88020000,1767592799999999,15739531.27311300,47772,2212.03720000,6972441.40346200,0
1767592800000000,3149.93000000,3156.22000000,3148.79000000,3153.94000000,2269.12540000,1767593699999999,7155993.03230900,28120,1374.28120000,4333401.85304700,0
1767593700000000,3153.95000000,3156.64000000,3144.35000000,3145.03000000,2929.13790000,1767594599999999,9225992.44279300,36870,1097.23930000,3456508.58294100,0
1767594600000000,3145.03000000,3156.64000000,3135.31000000,3156.50000000,6407.06720000,1767595499999999,20159093.97470600,57923,2925.59110000,9208603.83431300,0
1767595500000000,3156.50000000,3159.11000000,3152.61000000,3157.68000000,1823.23800000,1767596399999999,5754407.49202100,24406,975.99360000,3080798.92630700,0
1767596400000000,3157.68000000,3161.88000000,3155.31000000,3161.58000000,1849.39010000,1767597299999999,5842496.35313300,28830,808.89680000,2555695.24411200,0
1767597300000000,3161.58000000,3163.24000000,3156.42000000,3158.01000000,1129.89480000,1767598199999999,3569732.59254500,19745,544.17110000,1719180.96130500,0
1767598200000000,3158.01000000,3160.48000000,3156.72000000,3160.16000000,1775.75370000,1767599099999999,5608257.42446700,19277,751.13020000,2372146.09392900,0
1767599100000000,3160.16000000,3160.80000000,3157.33000000,3157.33000000,2119.71780000,1767599999999999,6696064.87807000,16746,1015.05400000,3206816.38955000,0
1767600000000000,3157.24000000,3164.71000000,3155.73000000,3164.71000000,1554.59060000,1767600899999999,4912801.02068500,36427,697.29870000,2203924.94146700,0
1767600900000000,3164.70000000,3172.01000000,3162.40000000,3167.00000000,2014.57810000,1767601799999999,6382095.60647000,40924,1043.42050000,3305517.79009000,0
1767601800000000,3167.00000000,3169.00000000,3160.33000000,3161.14000000,1611.68330000,1767602699999999,5099904.72197500,33221,642.72930000,2033949.87693100,0
1767602700000000,3161.15000000,3167.55000000,3160.76000000,3163.62000000,2157.63940000,1767603599999999,6826981.48173300,23145,1711.56320000,5415387.98817100,0
1767603600000000,3163.62000000,3164.73000000,3154.32000000,3154.90000000,3113.06590000,1767604499999999,9830470.72312200,62655,1176.04820000,3714055.58492900,0
1767604500000000,3154.91000000,3164.27000000,3153.12000000,3162.32000000,2947.91780000,1767605399999999,9314971.74056100,37950,1284.20760000,4058282.33551000,0
1767605400000000,3162.32000000,3169.75000000,3159.61000000,3167.26000000,3708.48460000,1767606299999999,11745302.74482000,31856,1397.85630000,4426147.37968100,0
1767606300000000,3167.26000000,3175.17000000,3166.79000000,3168.18000000,2605.92410000,1767607199999999,8264320.04223000,38036,1131.13000000,3586865.84010400,0
1767607200000000,3168.17000000,3179.04000000,3166.86000000,3176.68000000,2230.23990000,1767608099999999,7077056.74130700,30920,1144.96780000,3633424.40274700,0
1767608100000000,3176.68000000,3178.62000000,3171.64000000,3175.01000000,1945.54650000,1767608999999999,6176694.08350200,31364,912.92760000,2898573.29045200,0
1767609000000000,3175.00000000,3178.66000000,3162.52000000,3167.18000000,3027.65640000,1767609899999999,9598876.96596600,48946,1016.73150000,3223557.06258600,0
1767609900000000,3167.19000000,3178.92000000,3167.18000000,3173.19000000,1586.18130000,1767610799999999,5034514.03380200,23798,1064.32420000,3378156.36088300,0
1767610800000000,3173.19000000,3173.44000000,3169.01000000,3169.61000000,1046.48170000,1767611699999999,3318957.04258000,22834,384.46150000,1219370.34943600,0
1767611700000000,3169.61000000,3183.56000000,3168.21000000,3173.44000000,2490.64140000,1767612599999999,7913117.95875100,31826,1089.75270000,3462456.41682200,0
1767612600000000,3173.45000000,3178.50000000,3172.66000000,3175.65000000,1878.49610000,1767613499999999,5965605.93832600,27200,1110.04210000,3525140.33330700,0
1767613500000000,3175.66000000,3183.64000000,3175.66000000,3180.27000000,1098.69760000,1767614399999999,3494023.82198400,24715,653.81880000,2079471.78071000,0
1767614400000000,3180.28000000,3182.64000000,3176.66000000,3180.89000000,1354.70550000,1767615299999999,4307159.65232600,26403,570.59540000,1814172.34145200,0
1767615300000000,3180.88000000,3183.91000000,3173.12000000,3174.40000000,1627.26210000,1767616199999999,5169053.52248100,27113,581.76870000,1848030.66870500,0
1767616200000000,3174.40000000,3175.95000000,3167.31000000,3167.92000000,1778.08790000,1767617099999999,5638219.39116800,34087,702.89040000,2228865.16500500,0
1767617100000000,3167.93000000,3172.71000000,3166.33000000,3170.50000000,1411.72520000,1767617999999999,4474561.37168400,35797,613.58800000,1944733.26148200,0
1767618000000000,3170.51000000,3175.32000000,3166.73000000,3171.02000000,1366.04470000,1767618899999999,4332440.27772500,28689,709.40980000,2250019.51211100,0
1767618900000000,3171.02000000,3171.02000000,3156.50000000,3160.31000000,3997.61560000,1767619799999999,12641657.39966500,55772,1485.31730000,4695643.26968700,0
1767619800000000,3160.30000000,3160.31000000,3143.67000000,3146.64000000,5418.33660000,1767620699999999,17073858.93890700,77743,2046.13830000,6448102.43695400,0
1767620700000000,3146.63000000,3155.64000000,3145.71000000,3154.39000000,4164.39250000,1767621599999999,13119889.04898700,49655,2705.56530000,8524247.88430900,0
1767621600000000,3154.39000000,3160.78000000,3150.43000000,3152.15000000,2620.41550000,1767622499999999,8267245.57869500,43430,1416.00850000,4467392.86947500,0
1767622500000000,3152.15000000,3156.26000000,3150.01000000,3154.33000000,1708.64050000,1767623399999999,5386884.61560100,31805,1012.36990000,3191820.57157700,0
1767623400000000,3154.33000000,3171.60000000,3135.02000000,3169.46000000,12643.15390000,1767624299999999,39857435.15329000,220685,6784.13380000,21388230.80398100,0
1767624300000000,3169.47000000,3178.34000000,3149.05000000,3167.00000000,9381.69000000,1767625199999999,29705545.46089900,189271,4941.88780000,15647389.41923600,0
1767625200000000,3167.00000000,3171.95000000,3152.40000000,3162.54000000,6651.86380000,1767626099999999,21033978.51432100,125499,3219.83230000,10181516.13552000,0
1767626100000000,3162.55000000,3174.81000000,3156.21000000,3164.79000000,4927.49420000,1767626999999999,15598118.96736600,95713,2153.52970000,6817436.30900000,0
1767627000000000,3164.79000000,3205.00000000,3162.89000000,3192.92000000,11924.04080000,1767627899999999,38021386.54613700,155930,6785.53080000,21636163.84451300,0
1767627900000000,3192.91000000,3199.61000000,3186.35000000,3195.57000000,4481.74940000,1767628799999999,14308409.74932600,97145,2026.98330000,6472352.71211300,0
1767628800000000,3195.58000000,3202.68000000,3185.51000000,3189.91000000,6080.47400000,1767629699999999,19408671.22443100,103627,2324.33360000,7420943.55258800,0
1767629700000000,3189.90000000,3194.90000000,3172.81000000,3180.89000000,8123.06450000,1767630599999999,25872765.10856900,88154,4431.02530000,14118505.29149300,0
1767630600000000,3180.90000000,3187.11000000,3178.02000000,3179.72000000,2900.25880000,1767631499999999,9230892.24511400,64366,1148.90950000,3656898.85145800,0
1767631500000000,3179.72000000,3185.92000000,3175.64000000,3183.90000000,2539.17620000,1767632399999999,8075984.43799200,51523,1316.02540000,4186939.29836400,0
1767632400000000,3183.90000000,3187.61000000,3179.89000000,3182.78000000,1305.26970000,1767633299999999,4155875.08779100,57141,695.45010000,2214329.76802100,0
1767633300000000,3182.77000000,3183.98000000,3159.48000000,3166.51000000,4831.50520000,1767634199999999,15302988.08684400,81038,1897.62390000,6010751.49546400,0
1767634200000000,3166.51000000,3190.50000000,3166.17000000,3187.43000000,3846.46660000,1767635099999999,12231613.62453500,73083,2727.25290000,8672840.44367500,0
1767635100000000,3187.42000000,3229.99000000,3187.42000000,3213.38000000,14116.64280000,1767635999999999,45316466.36576400,126481,8059.83840000,25871002.20762000,0
1767636000000000,3213.39000000,3218.81000000,3201.99000000,3210.56000000,6549.96060000,1767636899999999,21014853.95518000,92686,3416.57380000,10960947.06338600,0
1767636900000000,3210.57000000,3211.11000000,3186.39000000,3201.54000000,11099.21520000,1767637799999999,35500384.28379700,104565,4835.84280000,15468268.37488700,0
1767637800000000,3201.54000000,3206.28000000,3193.03000000,3201.77000000,2737.19490000,1767638699999999,8758725.35718200,62164,1577.60370000,5048387.37701100,0
1767638700000000,3201.76000000,3228.95000000,3201.35000000,3228.30000000,7242.58450000,1767639599999999,23301382.71110900,82846,4329.23050000,13931735.38627000,0
1767639600000000,3228.31000000,3228.52000000,3215.40000000,3221.00000000,5331.32640000,1767640499999999,17175877.46951900,87581,2828.06740000,9112210.52744500,0
1767640500000000,3221.01000000,3226.46000000,3216.01000000,3223.56000000,4026.03490000,1767641399999999,12972458.76191600,83950,1832.41490000,5904035.36402800,0
1767641400000000,3223.56000000,3226.82000000,3214.82000000,3219.73000000,2758.72540000,1767642299999999,8888728.58490600,55037,1047.80540000,3376634.41718100,0
1767642300000000,3219.73000000,3224.48000000,3215.31000000,3223.07000000,1212.08410000,1767643199999999,3902110.66770000,37519,643.92860000,2073006.26792200,0
1767643200000000,3223.07000000,3245.78000000,3220.00000000,3237.45000000,10775.47410000,1767644099999999,34890627.05489200,110772,5769.34840000,18680113.55568200,0
1767644100000000,3237.45000000,3265.66000000,3231.89000000,3260.96000000,11312.03010000,1767644999999999,36749142.58162300,129241,7169.03340000,23296747.03817800,0
1767645000000000,3260.95000000,3260.95000000,3238.61000000,3243.34000000,8697.83320000,1767645899999999,28238433.60416700,136423,3677.24610000,11935140.62764600,0
1767645900000000,3243.33000000,3247.70000000,3233.78000000,3241.93000000,5181.08170000,1767646799999999,16790280.70644600,102049,2029.78420000,6577460.41126400,0
1767646800000000,3241.94000000,3248.27000000,3235.54000000,3236.21000000,3180.39770000,1767647699999999,10309084.79443900,75833,1399.91240000,4537849.09405200,0
1767647700000000,3236.21000000,3244.89000000,3232.88000000,3232.88000000,2312.46920000,1767648599999999,7491977.42194000,44520,1090.28580000,3532946.07219600,0
1767648600000000,3232.89000000,3242.56000000,3231.76000000,3240.48000000,2012.89190000,1767649499999999,6517439.15166000,39929,1111.79970000,3600333.51425500,0
1767649500000000,3240.48000000,3244.69000000,3236.91000000,3238.32000000,1678.34110000,1767650399999999,5439394.13073700,34853,713.26610000,2311773.06353900,0
1767650400000000,3238.32000000,3238.76000000,3233.71000000,3237.12000000,1733.36700000,1767651299999999,5609870.53938600,29540,884.72330000,2863294.27714800,0
1767651300000000,3237.12000000,3248.22000000,3237.12000000,3242.00000000,1933.34130000,1767652199999999,6270792.14996500,35708,1090.49310000,3536712.47722300,0
1767652200000000,3242.00000000,3249.75000000,3240.55000000,3245.56000000,1961.67530000,1767653099999999,6366119.88051700,30518,1052.97300000,3417525.21455000,0
1767653100000000,3245.56000000,3245.60000000,3229.59000000,3240.19000000,2748.93510000,1767653999999999,8901051.21396300,30407,966.46680000,3129113.11848800,0
1767654000000000,3240.20000000,3241.39000000,3232.14000000,3233.12000000,1290.10850000,1767654899999999,4173322.68015200,36531,687.46280000,2223765.30332100,0
1767654900000000,3233.12000000,3237.89000000,3228.23000000,3231.51000000,1971.03390000,1767655799999999,6369337.65969900,30207,893.14670000,2886531.90559700,0
1767655800000000,3231.52000000,3234.72000000,3225.22000000,3231.18000000,3907.98310000,1767656699999999,12614452.06710800,31930,2599.74800000,8390766.96928800,0
1767656700000000,3231.19000000,3232.44000000,3224.86000000,3224.99000000,1433.17840000,1767657599999999,4625373.09217400,22398,393.46410000,1270347.40776300,0
1767657600000000,3224.99000000,3231.21000000,3217.00000000,3217.24000000,2166.76260000,1767658499999999,6983016.91436900,35028,848.69900000,2735457.31373400,0
1767658500000000,3217.24000000,3221.63000000,3215.03000000,3221.19000000,2408.93210000,1767659399999999,7751770.15945500,45782,1121.26540000,3608092.24486700,0
1767659400000000,3221.19000000,3221.19000000,3203.34000000,3206.73000000,4126.52590000,1767660299999999,13238000.12617500,60685,1526.92200000,4897293.05381000,0
1767660300000000,3206.74000000,3216.56000000,3204.47000000,3216.10000000,2136.47850000,1767661199999999,6861104.52891700,37834,1442.17220000,4631573.96028200,0
1767661200000000,3216.10000000,3226.91000000,3215.83000000,3223.38000000,4799.33330000,1767662099999999,15458070.65144700,51191,3515.87130000,11323827.46678000,0
1767662100000000,3223.39000000,3247.30000000,3222.19000000,3243.20000000,6135.03280000,1767662999999999,19842573.24081800,64332,4146.34560000,13409607.80399500,0
1767663000000000,3243.20000000,3244.17000000,3226.89000000,3227.69000000,2698.12200000,1767663899999999,8727786.56924400,51107,1058.21730000,3423501.03522800,0
1767663900000000,3227.70000000,3231.00000000,3216.76000000,3218.32000000,2824.41310000,1767664799999999,9099851.35173700,48138,961.85070000,3098305.66749500,0
1767664800000000,3218.33000000,3224.36000000,3213.55000000,3217.35000000,2471.47690000,1767665699999999,7955215.40423000,42254,1027.75400000,3308981.17526700,0
1767665700000000,3217.35000000,3221.60000000,3215.30000000,3219.01000000,1550.48350000,1767666599999999,4990939.84306700,36324,868.82260000,2796619.54634500,0
1767666600000000,3219.01000000,3220.87000000,3208.72000000,3215.21000000,1924.57200000,1767667499999999,6184336.16220300,37462,555.88680000,1786466.46945700,0
1767667500000000,3215.20000000,3219.00000000,3213.14000000,3217.10000000,1212.41110000,1767668399999999,3898680.45437800,30807,695.83550000,2237507.99214400,0
1767668400000000,3217.10000000,3222.33000000,3214.12000000,3219.86000000,1368.91330000,1767669299999999,4405288.22317000,25392,690.31900000,2221644.94581700,0
1767669300000000,3219.86000000,3225.00000000,3216.84000000,3224.28000000,2237.32210000,1767670199999999,7207843.62529800,24337,932.83540000,3004557.62923100,0
1767670200000000,3224.28000000,3233.50000000,3222.80000000,3225.92000000,2490.08890000,1767671099999999,8039540.82119100,40395,1367.03860000,4414215.73018300,0
1767671100000000,3225.93000000,3228.90000000,3222.72000000,3225.10000000,1109.33640000,1767671999999999,3577915.49007000,17662,589.42640000,1901265.87314900,0
1767672000000000,3225.10000000,3232.89000000,3223.37000000,3231.53000000,1664.84400000,1767672899999999,5375573.18210700,24995,1011.09000000,3264740.14678500,0
1767672900000000,3231.52000000,3233.52000000,3225.28000000,3226.93000000,1360.44110000,1767673799999999,4393486.22418700,20297,375.95860000,1214232.09036700,0
1767673800000000,3226.94000000,3231.76000000,3225.25000000,3225.26000000,1216.28010000,1767674699999999,3925430.21857800,15875,437.01980000,1410548.90803400,0
1767674700000000,3225.26000000,3225.82000000,3222.95000000,3222.96000000,1007.71430000,1767675599999999,3249388.95188200,11904,482.89940000,1557090.80865000,0
1767675600000000,3222.95000000,3227.37000000,3221.75000000,3225.36000000,1503.82470000,1767676499999999,4849460.34921500,33980,699.64860000,2255861.42519600,0
1767676500000000,3225.36000000,3229.51000000,3221.89000000,3223.63000000,1861.11000000,1767677399999999,6002461.87834200,32364,1053.71830000,3398183.66767400,0
1767677400000000,3223.63000000,3227.37000000,3217.15000000,3219.28000000,1796.62670000,1767678299999999,5786931.13275700,26726,1025.33750000,3302841.78073100,0
1767678300000000,3219.29000000,3222.09000000,3217.12000000,3218.72000000,1229.82270000,1767679199999999,3959318.31969700,26161,458.81680000,1477119.77413000,0
1767679200000000,3218.71000000,3225.22000000,3218.07000000,3223.83000000,3141.75610000,1767680099999999,10120314.74013300,28661,987.87770000,3182377.32251400,0
1767680100000000,3223.83000000,3224.76000000,3218.18000000,3224.53000000,1567.62080000,1767680999999999,5050906.18555700,22125,893.13330000,2877936.22491500,0
1767681000000000,3224.53000000,3251.27000000,3224.53000000,3247.87000000,7244.72630000,1767681899999999,23447679.15626100,49754,4899.89780000,15858647.77576900,0
1767681900000000,3247.88000000,3253.76000000,3241.14000000,3241.15000000,7193.56410000,1767682799999999,23364993.68798000,66484,3297.37370000,10710765.74736400,0
1767682800000000,3241.15000000,3242.75000000,3233.63000000,3233.96000000,1889.06610000,1767683699999999,6116461.46220200,30872,764.61800000,2475437.28734200,0
1767683700000000,3233.96000000,3235.74000000,3219.19000000,3221.40000000,2805.44360000,1767684599999999,9051438.97796600,35879,772.80100000,2494129.78099000,0
1767684600000000,3221.40000000,3221.97000000,3211.67000000,3218.82000000,4257.38860000,1767685499999999,13697598.57244400,58594,1969.71680000,6338005.56854800,0
1767685500000000,3218.82000000,3223.19000000,3211.37000000,3219.24000000,3684.33660000,1767686399999999,11855792.94419200,42348,1544.28600000,4970009.30276300,0
1767686400000000,3219.24000000,3228.48000000,3219.08000000,3221.57000000,3159.92980000,1767687299999999,10186193.39309100,41143,1589.25650000,5123224.84063400,0
1767687300000000,3221.58000000,3223.35000000,3214.52000000,3218.72000000,1641.55850000,1767688199999999,5285240.65732200,39262,783.81230000,2523890.30117900,0
1767688200000000,3218.72000000,3220.82000000,3215.52000000,3220.00000000,1226.70500000,1767689099999999,3948399.52589800,28308,715.51140000,2302910.91672600,0
1767689100000000,3220.01000000,3222.60000000,3216.41000000,3220.14000000,1683.72940000,1767689999999999,5420849.85254400,24318,839.12830000,2701469.14428100,0
1767690000000000,3220.13000000,3227.37000000,3217.50000000,3222.74000000,2331.79640000,1767690899999999,7514250.42895300,39189,1106.40870000,3565220.86993700,0
1767690900000000,3222.75000000,3229.60000000,3222.74000000,3225.11000000,983.44700000,1767691799999999,3173008.64282200,24382,570.21930000,1839698.85109300,0
1767691800000000,3225.11000000,3226.94000000,3217.59000000,3221.99000000,1706.47130000,1767692699999999,5498130.87266900,25204,597.82550000,1926123.08436300,0
1767692700000000,3222.00000000,3227.37000000,3220.81000000,3223.00000000,1474.13690000,1767693599999999,4753157.48912900,23691,894.65320000,2884905.54876600,0
1767693600000000,3223.00000000,3230.74000000,3221.42000000,3227.21000000,2096.43700000,1767694499999999,6765037.48850400,30976,1039.53470000,3354576.64071600,0
1767694500000000,3227.21000000,3231.24000000,3224.52000000,3228.67000000,2305.67770000,1767695399999999,7444073.16495800,25017,676.72580000,2184872.98979200,0
1767695400000000,3228.66000000,3230.45000000,3227.15000000,3227.99000000,894.87790000,1767696299999999,2889022.38071600,11297,412.16310000,1330570.95796000,0
1767696300000000,3228.00000000,3231.72000000,3227.22000000,3228.94000000,1095.75440000,1767697199999999,3538701.84960400,21321,611.58470000,1975053.24234300,0
1767697200000000,3228.94000000,3239.37000000,3227.03000000,3237.96000000,2409.86630000,1767698099999999,7796446.02096200,36191,1443.23030000,4668720.81697400,0
1767698100000000,3237.96000000,3242.98000000,3233.51000000,3241.40000000,3786.00180000,1767698999999999,12262906.25444000,37350,2041.62000000,6613623.53621900,0
1767699000000000,3241.40000000,3241.55000000,3237.43000000,3240.39000000,2660.94800000,1767699899999999,8621107.01793100,26570,1414.45580000,4582890.38818400,0
1767699900000000,3240.38000000,3242.70000000,3236.66000000,3238.08000000,2334.23740000,1767700799999999,7562235.99379100,30044,1150.22810000,3726292.04469700,0
1767700800000000,3238.09000000,3245.87000000,3236.28000000,3241.35000000,2307.23590000,1767701699999999,7477999.90844400,30384,1393.79730000,4517225.12643400,0
1767701700000000,3241.35000000,3243.44000000,3238.57000000,3242.16000000,2047.59090000,1767702599999999,6636545.55504900,23486,1237.70090000,4011350.28371200,0
1767702600000000,3242.16000000,3242.90000000,3237.35000000,3239.72000000,2252.68120000,1767703499999999,7298892.26560900,21084,755.28210000,2446789.68791800,0
1767703500000000,3239.73000000,3242.03000000,3237.56000000,3238.67000000,818.32860000,1767704399999999,2651126.08509900,14200,415.72800000,1346881.86853100,0
1767704400000000,3238.66000000,3239.31000000,3230.00000000,3235.86000000,3089.96400000,1767705299999999,9994438.24976100,44245,1636.92960000,5294572.03146500,0
1767705300000000,3235.85000000,3237.37000000,3232.00000000,3235.49000000,1456.01290000,1767706199999999,4709856.96508400,26224,743.65750000,2405611.76311100,0
1767706200000000,3235.49000000,3237.27000000,3232.62000000,3235.44000000,1137.79280000,1767707099999999,3680845.44291900,19533,613.15820000,1983341.75830500,0
1767707100000000,3235.44000000,3239.61000000,3230.84000000,3238.30000000,2099.55130000,1767707999999999,6792136.00020900,26414,1296.33910000,4193860.74654400,0
1767708000000000,3238.30000000,3284.00000000,3238.30000000,3275.18000000,20695.26180000,1767708899999999,67521007.37303800,125712,12552.09640000,40927426.01785200,0
1767708900000000,3275.19000000,3308.86000000,3275.18000000,3306.00000000,29488.40510000,1767709799999999,97164475.33192900,185064,17152.99950000,56516892.56488900,0
1767709800000000,3306.01000000,3306.17000000,3286.62000000,3291.61000000,17503.28170000,1767710699999999,57696289.68925800,211644,8516.96870000,28078998.59351500,0
1767710700000000,3291.61000000,3293.15000000,3264.87000000,3278.09000000,14839.69220000,1767711599999999,48630978.35868200,168400,7246.81130000,23745708.50655200,0
1767711600000000,3278.10000000,3293.00000000,3271.21000000,3281.17000000,9820.61420000,1767712499999999,32230215.75177200,123924,4992.90660000,16392049.01288400,0
1767712500000000,3281.18000000,3301.99000000,3281.18000000,3297.14000000,7797.64120000,1767713399999999,25688957.48865300,111500,4937.96000000,16267165.92446600,0
1767713400000000,3297.13000000,3299.37000000,3261.43000000,3271.07000000,8735.47930000,1767714299999999,28619908.63660300,135443,3472.66460000,11374796.69344500,0
1767714300000000,3271.06000000,3273.44000000,3263.38000000,3272.32000000,4210.19930000,1767715199999999,13759325.71873900,85324,2359.22960000,7710800.05059100,0
1767715200000000,3272.31000000,3279.36000000,3261.42000000,3267.95000000,12961.26560000,1767716099999999,42396051.29833700,100828,4246.47540000,13887376.56134000,0
1767716100000000,3267.95000000,3270.50000000,3247.00000000,3248.82000000,10571.92740000,1767716999999999,34440097.64051700,123612,4463.47240000,14544999.76218100,0
1767717000000000,3248.82000000,3257.30000000,3234.32000000,3242.85000000,14195.98340000,1767717899999999,46106003.25570000,132827,4707.63390000,15287970.97873900,0
1767717900000000,3242.86000000,3253.28000000,3235.01000000,3251.97000000,6949.22810000,1767718799999999,22550486.05594800,113776,3579.72960000,11615424.40368100,0
1767718800000000,3251.96000000,3254.28000000,3244.19000000,3247.27000000,5154.15080000,1767719699999999,16746978.10446800,75687,2182.78200000,7092208.77994000,0
1767719700000000,3247.27000000,3252.70000000,3238.99000000,3248.81000000,2934.14150000,1767720599999999,9525825.63484500,68359,1619.78500000,5259178.05084600,0
1767720600000000,3248.81000000,3259.62000000,3239.37000000,3240.99000000,5764.28990000,1767721499999999,18726233.96610600,79546,2461.79510000,8001451.90668700,0
1767721500000000,3240.99000000,3241.25000000,3190.01000000,3196.43000000,22606.45150000,1767722399999999,72613116.18090700,188443,8374.90140000,26897749.51704800,0
1767722400000000,3196.43000000,3219.86000000,3183.27000000,3216.42000000,15528.16300000,1767723299999999,49697391.09050100,188825,8705.07040000,27875266.80740500,0
1767723300000000,3216.41000000,3224.33000000,3213.74000000,3220.80000000,4103.03560000,1767724199999999,13205307.54002000,78895,2183.82120000,7028921.55186400,0
1767724200000000,3220.79000000,3226.88000000,3216.50000000,3221.47000000,3501.80970000,1767725099999999,11281445.65989400,70276,2057.47990000,6627919.51528100,0
1767725100000000,3221.47000000,3232.63000000,3218.72000000,3218.91000000,3722.09630000,1767725999999999,12007910.70651000,71404,1795.83640000,5795058.33489800,0
1767726000000000,3218.92000000,3228.64000000,3213.50000000,3227.39000000,2306.38320000,1767726899999999,7427692.43280700,55950,1389.10020000,4474798.68421800,0
1767726900000000,3227.39000000,3229.31000000,3222.40000000,3224.72000000,1265.58010000,1767727799999999,4082954.63457900,31521,719.66540000,2321736.59887000,0
1767727800000000,3224.73000000,3229.80000000,3221.48000000,3224.10000000,1741.23760000,1767728699999999,5614988.74781800,38925,971.02150000,3130828.31017900,0
1767728700000000,3224.10000000,3227.79000000,3220.47000000,3223.57000000,771.21030000,1767729599999999,2486388.28410100,29098,340.84310000,1098832.31325700,0
1767729600000000,3223.57000000,3237.65000000,3223.11000000,3236.64000000,3710.64660000,1767730499999999,11998436.09380000,65476,2424.04530000,7837929.00426200,0
1767730500000000,3236.64000000,3244.35000000,3234.36000000,3240.65000000,2270.88010000,1767731399999999,7358237.64525100,50946,1285.90620000,4166721.50827800,0
1767731400000000,3240.65000000,3250.89000000,3240.11000000,3245.96000000,2711.26640000,1767732299999999,8802751.60922200,45490,1598.81790000,5190579.06365300,0
1767732300000000,3245.97000000,3248.47000000,3241.71000000,3241.71000000,2362.29750000,1767733199999999,7666176.20732500,50803,848.45540000,2753646.64378400,0
1767733200000000,3241.72000000,3255.69000000,3238.47000000,3255.12000000,2781.67890000,1767734099999999,9033457.70251700,52663,1574.46620000,5115138.64734100,0
1767734100000000,3255.12000000,3289.14000000,3254.50000000,3282.99000000,10303.13330000,1767734999999999,33769877.20784100,143477,5294.20840000,17347648.27425600,0
1767735000000000,3283.00000000,3300.35000000,3283.00000000,3291.13000000,5881.40960000,1767735899999999,19363488.43826000,79427,3223.67810000,10616285.56067000,0
1767735900000000,3291.14000000,3293.65000000,3273.26000000,3276.18000000,3753.01180000,1767736799999999,12310747.70049700,73928,1086.83830000,3564082.51633100,0
1767736800000000,3276.18000000,3290.55000000,3274.45000000,3274.53000000,3291.29960000,1767737699999999,10804764.58350400,59219,1663.49070000,5461566.06394900,0
1767737700000000,3274.53000000,3279.12000000,3268.06000000,3272.92000000,2231.45420000,1767738599999999,7302378.98945400,42247,1047.96680000,3429629.22148300,0
1767738600000000,3272.93000000,3274.10000000,3265.52000000,3270.88000000,1615.46350000,1767739499999999,5281555.10979700,26568,694.09530000,2269580.44607000,0
1767739500000000,3270.88000000,3280.28000000,3270.71000000,3277.63000000,1821.91010000,1767740399999999,5970384.30182300,27337,939.00680000,3076912.58284700,0
1767740400000000,3277.62000000,3289.07000000,3275.80000000,3288.65000000,2254.65150000,1767741299999999,7403559.62080300,42505,1380.93230000,4535026.90737300,0
1767741300000000,3288.64000000,3291.70000000,3281.18000000,3288.34000000,1818.72230000,1767742199999999,5977377.17029300,33920,907.35260000,2982061.45356500,0
1767742200000000,3288.34000000,3293.79000000,3287.50000000,3291.49000000,1806.75030000,1767743099999999,5944696.61386000,30957,842.24180000,2770981.58221900,0
1767743100000000,3291.49000000,3301.60000000,3291.05000000,3296.84000000,4635.89940000,1767743999999999,15286130.32349900,44543,2471.84230000,8150569.77502000,0
1767744000000000,3296.83000000,3296.84000000,3285.47000000,3287.19000000,2244.56490000,1767744899999999,7385923.85341600,50485,809.05310000,2661998.07335500,0
1767744900000000,3287.20000000,3289.88000000,3280.18000000,3280.95000000,1945.86530000,1767745799999999,6391405.56990200,45574,685.30290000,2251264.28793300,0
1767745800000000,3280.93000000,3281.87000000,3271.37000000,3274.21000000,2954.20380000,1767746699999999,9679624.11169100,40758,1355.00270000,4439700.11959400,0
1767746700000000,3274.22000000,3275.95000000,3255.36000000,3257.99000000,3053.63350000,1767747599999999,9972570.39855500,43810,935.06130000,3054704.42878200,0
1767747600000000,3258.00000000,3272.34000000,3257.94000000,3267.57000000,2072.26410000,1767748499999999,6769837.31321600,44340,1293.58450000,4225766.09759300,0
1767748500000000,3267.58000000,3267.58000000,3247.10000000,3255.68000000,6301.19040000,1767749399999999,20516831.39957000,105781,2313.41070000,7536391.25349500,0
1767749400000000,3255.68000000,3257.14000000,3245.76000000,3245.88000000,4887.98800000,1767750299999999,15881729.59014900,62534,2690.41780000,8740490.96033600,0
1767750300000000,3245.88000000,3248.92000000,3239.44000000,3245.04000000,2889.19180000,1767751199999999,9371586.57893000,54532,1405.88400000,4560733.55121400,0
1767751200000000,3245.05000000,3253.66000000,3239.73000000,3252.62000000,2744.86060000,1767752099999999,8916687.99011500,53841,1800.84480000,5851131.06078400,0
1767752100000000,3252.62000000,3255.14000000,3246.07000000,3250.53000000,1586.28600000,1767752999999999,5156560.03891200,37726,887.39810000,2884907.44525200,0
1767753000000000,3250.52000000,3265.00000000,3247.10000000,3264.99000000,2510.61860000,1767753899999999,8177824.76746800,41468,1833.10820000,5971945.84073500,0
1767753900000000,3265.00000000,3274.03000000,3261.16000000,3270.08000000,2399.27000000,1767754799999999,7842336.23052000,39632,1372.24550000,4485460.46197500,0
1767754800000000,3270.08000000,3275.76000000,3268.72000000,3272.47000000,1859.55040000,1767755699999999,6086239.40482100,34573,995.49600000,3257859.72965800,0
1767755700000000,3272.47000000,3282.14000000,3270.67000000,3275.17000000,1752.46820000,1767756599999999,5744387.26857700,38742,1051.76670000,3447864.83506900,0
1767756600000000,3275.17000000,3276.53000000,3265.57000000,3267.08000000,2093.38780000,1767757499999999,6845449.60639300,33221,607.87650000,1988258.17423100,0
1767757500000000,3267.08000000,3269.40000000,3265.13000000,3266.83000000,998.65090000,1767758399999999,3262748.96067900,22973,382.07590000,1248249.29148700,0
1767758400000000,3266.84000000,3271.81000000,3260.47000000,3264.95000000,1756.57020000,1767759299999999,5740000.63570400,29789,766.13380000,2504406.39760600,0
1767759300000000,3264.95000000,3266.50000000,3260.65000000,3262.96000000,1222.50900000,1767760199999999,3989945.48195300,26775,545.97640000,1782042.98254700,0
1767760200000000,3262.96000000,3264.10000000,3252.94000000,3262.55000000,1850.47990000,1767761099999999,6031016.24223700,23649,596.16900000,1943328.24156800,0
1767761100000000,3262.54000000,3262.54000000,3256.21000000,3256.21000000,1643.91480000,1767761999999999,5357998.09473400,22074,876.04380000,2855304.38978600,0
1767762000000000,3256.21000000,3256.80000000,3250.00000000,3256.00000000,2520.67230000,1767762899999999,8201340.67973900,27002,1520.91910000,4948523.81563900,0
1767762900000000,3256.00000000,3260.00000000,3251.66000000,3253.57000000,931.01860000,1767763799999999,3032172.43576300,22442,422.92710000,1377328.76652400,0
1767763800000000,3253.58000000,3262.57000000,3253.58000000,3256.36000000,1279.75600000,1767764699999999,4170972.94866100,27888,746.41050000,2432663.07215600,0
1767764700000000,3256.36000000,3256.36000000,3246.75000000,3248.63000000,1718.35140000,1767765599999999,5585637.22129900,28509,477.50410000,1552048.44914400,0
1767765600000000,3248.62000000,3253.61000000,3247.81000000,3252.32000000,665.40110000,1767766499999999,2162933.13970900,18203,301.15620000,978896.40147500,0
1767766500000000,3252.33000000,3257.76000000,3250.52000000,3256.85000000,936.11250000,1767767399999999,3047270.29902400,10558,639.50210000,2081746.26651300,0
1767767400000000,3256.84000000,3259.91000000,3249.13000000,3249.13000000,1595.80710000,1767768299999999,5194246.84057700,21699,503.77150000,1639405.43996700,0
1767768300000000,3249.13000000,3254.49000000,3249.00000000,3250.97000000,610.98790000,1767769199999999,1986473.18132600,12754,275.29940000,895068.98531800,0
1767769200000000,3250.97000000,3258.16000000,3250.78000000,3257.75000000,868.94720000,1767770099999999,2828249.42470100,11166,511.89200000,1666292.91911500,0
1767770100000000,3257.76000000,3261.50000000,3257.75000000,3259.83000000,955.58530000,1767770999999999,3114817.72658600,15896,608.12400000,1982216.61668500,0
1767771000000000,3259.84000000,3262.61000000,3255.82000000,3255.82000000,1943.16010000,1767771899999999,6332866.67738900,27903,529.50530000,1726004.79296100,0
1767771900000000,3255.82000000,3256.32000000,3253.34000000,3255.31000000,1650.11820000,1767772799999999,5371301.09986600,19730,397.73860000,1294635.06683700,0
1767772800000000,3255.31000000,3261.96000000,3253.90000000,3258.24000000,1740.08610000,1767773699999999,5669576.37783700,30533,561.19050000,1828313.92914500,0
1767773700000000,3258.24000000,3263.37000000,3253.01000000,3256.31000000,1230.78880000,1767774599999999,4010258.88940200,21602,395.26370000,1287965.01882000,0
1767774600000000,3256.30000000,3260.98000000,3253.32000000,3254.35000000,1051.75900000,1767775499999999,3425396.66643300,19936,344.00480000,1120087.34800800,0
1767775500000000,3254.34000000,3261.09000000,3253.04000000,3254.45000000,1443.50970000,1767776399999999,4701793.79774700,23779,691.62310000,2252609.93019100,0
1767776400000000,3254.45000000,3254.58000000,3234.46000000,3234.74000000,5789.74670000,1767777299999999,18770585.57176000,65641,1621.11740000,5254724.61922600,0
1767777300000000,3234.75000000,3239.89000000,3221.84000000,3228.75000000,6658.84320000,1767778199999999,21504032.04081700,98562,2651.46410000,8564763.66520200,0
1767778200000000,3228.75000000,3230.70000000,3203.53000000,3209.81000000,10956.37810000,1767779099999999,35207158.68074300,96874,3520.47650000,11315180.38557500,0
1767779100000000,3209.81000000,3209.81000000,3198.54000000,3200.18000000,8046.71700000,1767779999999999,25768937.29167600,81221,3679.65410000,11783807.41182500,0
1767780000000000,3200.17000000,3210.88000000,3196.23000000,3210.36000000,6885.71560000,1767780899999999,22062238.79886000,71944,4606.98350000,14765016.16767200,0
1767780900000000,3210.36000000,3212.10000000,3207.13000000,3210.73000000,2345.17540000,1767781799999999,7526986.85436500,31301,1417.08760000,4548232.17852400,0
1767781800000000,3210.74000000,3221.91000000,3210.56000000,3213.90000000,3646.67380000,1767782699999999,11730410.92166800,40881,1854.84630000,5966359.65496500,0
1767782700000000,3213.90000000,3222.24000000,3212.10000000,3218.44000000,3182.74680000,1767783599999999,10242372.45106800,28472,2309.47400000,7432279.37333300,0
1767783600000000,3218.44000000,3225.00000000,3216.84000000,3223.60000000,3595.53730000,1767784499999999,11581045.41095300,36914,1494.59080000,4815234.74481800,0
1767784500000000,3223.60000000,3227.11000000,3223.02000000,3226.13000000,5245.54840000,1767785399999999,16919781.48818000,33344,2823.16090000,9105813.48212200,0
1767785400000000,3226.14000000,3227.84000000,3221.20000000,3225.05000000,1461.36040000,1767786299999999,4712311.82666000,25021,611.72090000,1972770.17731300,0
1767786300000000,3225.05000000,3225.49000000,3217.36000000,3220.24000000,1646.85240000,1767787199999999,5305243.68614300,29299,745.07580000,2400142.98715300,0
1767787200000000,3220.25000000,3222.56000000,3211.36000000,3215.15000000,2428.14450000,1767788099999999,7811094.43941200,44163,950.13300000,3056197.56388100,0
1767788100000000,3215.15000000,3220.25000000,3213.78000000,3215.94000000,1159.67470000,1767788999999999,3730433.23579300,27673,520.08990000,1672866.71251400,0
1767789000000000,3215.94000000,3219.10000000,3212.48000000,3213.54000000,1023.86220000,1767789899999999,3292337.27145600,29066,427.88640000,1376051.93633400,0
1767789900000000,3213.54000000,3217.41000000,3213.13000000,3213.14000000,1081.21550000,1767790799999999,3476231.46386000,19287,559.94590000,1800550.85191200,0
1767790800000000,3213.14000000,3216.87000000,3203.25000000,3203.87000000,2476.08710000,1767791699999999,7944407.21579400,45758,886.45850000,2843890.94613500,0
1767791700000000,3203.86000000,3229.05000000,3202.24000000,3223.55000000,2749.27580000,1767792599999999,8846313.79759100,54166,1770.24790000,5695974.04265500,0
1767792600000000,3223.55000000,3224.42000000,3215.18000000,3217.57000000,1921.01930000,1767793499999999,6184819.71405600,43264,673.93000000,2169714.74683300,0
1767793500000000,3217.57000000,3218.70000000,3209.71000000,3212.04000000,1792.90770000,1767794399999999,5760097.87259600,36337,604.00600000,1940161.53428200,0
1767794400000000,3212.05000000,3212.05000000,3188.12000000,3195.62000000,7643.99290000,1767795299999999,24427949.10136700,114336,3193.37100000,10203964.59717900,0
1767795300000000,3195.61000000,3198.52000000,3188.80000000,3194.11000000,5937.31520000,1767796199999999,18966998.33067800,71943,2948.16750000,9419828.41565600,0
1767796200000000,3194.11000000,3203.96000000,3166.14000000,3191.35000000,22371.15000000,1767797099999999,71283477.99847600,223273,10386.89290000,33106169.93649300,0
1767797100000000,3191.34000000,3200.78000000,3186.04000000,3191.54000000,5073.46480000,1767797999999999,16203826.66510700,129355,2805.33370000,8961060.28997800,0
1767798000000000,3191.54000000,3193.26000000,3159.76000000,3168.36000000,12455.21420000,1767798899999999,39483090.47233500,188684,5873.55860000,18618713.01955600,0
1767798900000000,3168.37000000,3169.45000000,3144.37000000,3161.26000000,14093.51280000,1767799799999999,44469873.26736100,177425,6739.67280000,21270752.44886000,0
1767799800000000,3161.25000000,3166.89000000,3152.94000000,3161.94000000,4575.34050000,1767800699999999,14464344.37288800,105217,2452.32540000,7753259.75387100,0
1767800700000000,3161.94000000,3173.88000000,3159.58000000,3164.70000000,4903.40550000,1767801599999999,15530274.90302700,75562,3083.62150000,9767717.03895200,0
1767801600000000,3164.71000000,3174.64000000,3162.33000000,3172.91000000,3309.20230000,1767802499999999,10486006.89845800,75491,1608.20870000,5096522.70057300,0
1767802500000000,3172.91000000,3179.69000000,3165.37000000,3168.88000000,3474.91310000,1767803399999999,11026798.40142400,62933,1684.51370000,5346534.14071100,0
1767803400000000,3168.88000000,3170.69000000,3149.95000000,3166.30000000,5756.49160000,1767804299999999,18188471.73275500,79739,2732.35240000,8634114.32705400,0
1767804300000000,3166.29000000,3168.75000000,3156.00000000,3157.31000000,2067.20990000,1767805199999999,6535164.09324100,43674,682.38260000,2157102.33829600,0
1767805200000000,3157.31000000,3162.45000000,3151.50000000,3157.32000000,2905.34990000,1767806099999999,9172511.32949100,64161,1696.48940000,5355986.28007400,0
1767806100000000,3157.32000000,3170.15000000,3157.32000000,3169.11000000,2277.05860000,1767806999999999,7206544.33137300,59269,1391.07120000,4403238.18446400,0
1767807000000000,3169.11000000,3171.27000000,3159.38000000,3162.93000000,2433.83820000,1767807899999999,7706572.56962300,49011,920.61670000,2916818.22163400,0
1767807900000000,3162.94000000,3164.50000000,3146.43000000,3152.06000000,2963.30680000,1767808799999999,9344271.29550500,56306,1211.27360000,3819972.72934500,0
1767808800000000,3152.06000000,3155.37000000,3147.01000000,3153.72000000,1829.28110000,1767809699999999,5764106.46998500,51564,905.15280000,2852245.47045800,0
1767809700000000,3153.72000000,3155.06000000,3133.68000000,3151.87000000,6836.59830000,1767810599999999,21493508.01420600,68430,3639.94990000,11447078.23882200,0
1767810600000000,3151.88000000,3165.36000000,3151.88000000,3152.83000000,4533.42190000,1767811499999999,14321690.16084200,53331,2216.09800000,7001788.05186800,0
1767811500000000,3152.82000000,3156.59000000,3137.58000000,3146.37000000,3661.75840000,1767812399999999,11527507.15507400,58755,1454.70680000,4580669.83844700,0
1767812400000000,3146.38000000,3155.59000000,3137.88000000,3139.18000000,4134.02610000,1767813299999999,13009576.94149600,69325,2186.84880000,6884268.05521300,0
1767813300000000,3139.18000000,3141.35000000,3125.42000000,3136.78000000,6465.44150000,1767814199999999,20257772.55791600,106998,2866.33970000,8981966.12305500,0
1767814200000000,3136.79000000,3149.28000000,3136.21000000,3144.30000000,3844.45660000,1767815099999999,12089885.61256000,52756,2651.82410000,8339209.84204700,0
1767815100000000,3144.30000000,3151.45000000,3143.66000000,3146.02000000,1711.83980000,1767815999999999,5388439.59670700,40417,786.38400000,2475643.18755800,0
1767816000000000,3146.02000000,3151.37000000,3134.98000000,3136.86000000,4386.76700000,1767816899999999,13783639.85822500,54955,2010.10460000,6314151.74763200,0
1767816900000000,3136.86000000,3140.90000000,3128.13000000,3134.33000000,3874.12200000,1767817799999999,12145096.02970400,62611,1147.21930000,3596322.27764600,0
1767817800000000,3134.33000000,3141.50000000,3133.57000000,3138.44000000,1675.98830000,1767818699999999,5259330.94638100,51704,695.96810000,2183936.00196900,0
1767818700000000,3138.44000000,3142.42000000,3136.29000000,3139.18000000,1361.21610000,1767819599999999,4274069.00641600,40599,750.42870000,2356343.72019900,0
1767819600000000,3139.14000000,3146.06000000,3138.40000000,3144.99000000,971.78670000,1767820499999999,3053480.96022200,32391,621.43700000,1952771.39597600,0
1767820500000000,3144.99000000,3147.27000000,3142.02000000,3147.16000000,1150.98820000,1767821399999999,3619770.24692300,16235,749.18630000,2356260.57618300,0
1767821400000000,3147.16000000,3151.68000000,3145.33000000,3150.87000000,1239.69250000,1767822299999999,3902371.80900600,20253,632.87020000,1992404.51325800,0
1767822300000000,3150.87000000,3152.72000000,3148.75000000,3150.11000000,856.99080000,1767823199999999,2700256.83886800,14198,400.20200000,1261018.52813400,0
1767823200000000,3150.11000000,3153.75000000,3143.96000000,3143.96000000,1581.46930000,1767824099999999,4978679.76044400,28836,667.82300000,2103106.96133200,0
1767824100000000,3143.97000000,3156.36000000,3143.96000000,3155.87000000,1495.21580000,1767824999999999,4711472.83512600,18284,1107.39000000,3489436.04114400,0
1767825000000000,3155.88000000,3165.86000000,3151.03000000,3151.72000000,2610.09400000,1767825899999999,8246507.32181100,28667,1476.27010000,4664656.52914900,0
1767825900000000,3151.72000000,3156.39000000,3145.74000000,3153.00000000,1136.33600000,1767826799999999,3580750.69918300,26975,540.94720000,1704811.37272900,0
1767826800000000,3153.01000000,3155.27000000,3143.71000000,3155.27000000,3524.99900000,1767827699999999,11098699.11546800,50341,1969.01590000,6200881.86694300,0
1767827700000000,3155.27000000,3181.78000000,3154.89000000,3170.99000000,13158.67230000,1767828599999999,41705908.44429500,97934,8502.34070000,26944438.17602700,0
1767828600000000,3170.99000000,3172.73000000,3162.65000000,3165.62000000,1729.30630000,1767829499999999,5477860.86731000,51499,795.88970000,2520972.56135600,0
1767829500000000,3165.63000000,3170.69000000,3162.27000000,3168.72000000,1335.87680000,1767830399999999,4229316.69951000,34774,602.63660000,1908442.56629400,0
1767830400000000,3168.72000000,3175.01000000,3162.30000000,3162.30000000,2088.44030000,1767831299999999,6613853.17009100,41036,871.22810000,2760287.35193500,0
1767831300000000,3162.31000000,3162.31000000,3157.11000000,3157.80000000,2674.43480000,1767832199999999,8449302.77024100,45591,755.56340000,2386899.62854000,0
1767832200000000,3157.80000000,3167.81000000,3155.21000000,3167.01000000,3216.02070000,1767833099999999,10168756.10982300,51326,1466.37990000,4636783.94259700,0
1767833100000000,3167.01000000,3175.37000000,3167.01000000,3170.53000000,2412.86860000,1767833999999999,7655020.22018100,39362,1413.92310000,4485533.27031500,0
1767834000000000,3170.54000000,3174.47000000,3168.39000000,3174.14000000,1390.23960000,1767834899999999,4409047.06407700,36098,566.57850000,1796730.87583300,0
1767834900000000,3174.13000000,3181.36000000,3168.62000000,3178.09000000,2073.17130000,1767835799999999,6584459.55496600,38936,1207.26730000,3834562.87035500,0
1767835800000000,3178.08000000,3178.38000000,3171.84000000,3174.74000000,1596.36840000,1767836699999999,5068247.94829300,29195,830.29560000,2636246.91606200,0
1767836700000000,3174.74000000,3178.45000000,3172.78000000,3175.76000000,1392.55230000,1767837599999999,4423929.92690200,25821,553.86120000,1759608.40716600,0
1767837600000000,3175.77000000,3184.39000000,3170.68000000,3181.37000000,2657.03110000,1767838499999999,8441538.30764300,42006,1516.82560000,4819791.40141200,0
1767838500000000,3181.36000000,3182.04000000,3161.66000000,3169.45000000,2769.94310000,1767839399999999,8781629.78277400,43672,962.87740000,3052687.55676500,0
1767839400000000,3169.45000000,3169.45000000,3153.50000000,3155.44000000,2538.81360000,1767840299999999,8019129.82739600,56660,841.79810000,2658729.94681800,0
1767840300000000,3155.45000000,3160.00000000,3148.50000000,3159.43000000,1969.81040000,1767841199999999,6212815.74363600,49258,969.12890000,3057403.17995700,0
1767841200000000,3159.43000000,3166.70000000,3156.51000000,3163.00000000,1817.93300000,1767842099999999,5749920.97084600,38022,1065.05900000,3368444.06876600,0
1767842100000000,3163.00000000,3163.00000000,3152.19000000,3152.63000000,3576.43210000,1767842999999999,11305775.84294900,28718,2812.50450000,8893526.92127600,0
1767843000000000,3152.64000000,3156.50000000,3134.01000000,3140.00000000,4201.51240000,1767843899999999,13215611.32279700,51613,1640.34430000,5159207.22114000,0
1767843900000000,3139.99000000,3143.02000000,3133.56000000,3142.88000000,3545.25360000,1767844799999999,11130720.28709100,48663,1847.28250000,5800067.09932000,0
1767844800000000,3142.88000000,3146.37000000,3138.80000000,3144.28000000,2441.52570000,1767845699999999,7672634.32639200,30183,1378.31960000,4331462.74387600,0
1767845700000000,3144.29000000,3158.36000000,3144.29000000,3156.62000000,2131.30140000,1767846599999999,6716932.96694400,28877,1201.53400000,3787656.48472600,0
1767846600000000,3156.61000000,3158.96000000,3153.41000000,3154.09000000,1432.64340000,1767847499999999,4521879.18539000,25329,660.04290000,2083370.05582700,0
1767847500000000,3154.09000000,3157.58000000,3152.04000000,3154.01000000,806.00670000,1767848399999999,2542210.19637700,18239,308.27790000,972373.68506800,0
1767848400000000,3154.02000000,3161.24000000,3153.38000000,3156.65000000,1097.76800000,1767849299999999,3466798.20228700,25011,633.25040000,1999646.83653100,0
1767849300000000,3156.65000000,3160.42000000,3153.83000000,3154.04000000,1536.21330000,1767850199999999,4850434.40933900,19526,464.93030000,1468165.38694400,0
1767850200000000,3154.04000000,3157.17000000,3147.37000000,3149.11000000,1238.79640000,1767851099999999,3905407.66812600,24250,421.31810000,1328330.81264300,0
1767851100000000,3149.11000000,3150.24000000,3142.22000000,3143.63000000,1689.19290000,1767851999999999,5312354.73732700,20876,344.10670000,1081988.58283500,0
1767852000000000,3143.63000000,3146.16000000,3125.93000000,3132.14000000,4664.49240000,1767852899999999,14612334.81072400,77524,2165.68090000,6783204.12263800,0
1767852900000000,3132.14000000,3132.14000000,3113.80000000,3117.78000000,9551.80680000,1767853799999999,29815132.88915900,95440,2908.78610000,9081692.81980300,0
1767853800000000,3117.79000000,3125.43000000,3115.37000000,3121.68000000,3832.62630000,1767854699999999,11959029.28865100,43131,1616.44020000,5044258.01503600,0
1767854700000000,3121.69000000,3123.35000000,3104.37000000,3105.38000000,5522.39280000,1767855599999999,17194892.31190200,68932,1917.05360000,5971605.05187500,0
1767855600000000,3105.39000000,3112.32000000,3090.04000000,3110.71000000,11904.67140000,1767856499999999,36922121.17468000,114293,5495.86250000,17047742.12777300,0
1767856500000000,3110.71000000,3122.16000000,3108.18000000,3121.46000000,3758.14450000,1767857399999999,11711878.88085800,53750,1971.18040000,6143582.95220400,0
1767857400000000,3121.46000000,3132.86000000,3118.01000000,3130.37000000,5225.94670000,1767858299999999,16336804.24595000,59789,3676.17340000,11491587.71894000,0
1767858300000000,3130.38000000,3131.90000000,3125.81000000,3128.28000000,2722.79470000,1767859199999999,8519451.60409500,33195,1671.68280000,5230569.28005900,0
1767859200000000,3128.29000000,3134.73000000,3126.33000000,3132.49000000,2237.08980000,1767860099999999,7000870.17787900,45681,679.29110000,2125792.97967300,0
1767860100000000,3132.49000000,3135.68000000,3129.22000000,3133.80000000,1532.51010000,1767860999999999,4801089.61476000,30186,686.42570000,2150557.94450500,0
1767861000000000,3133.80000000,3136.56000000,3124.46000000,3125.71000000,3061.42210000,1767861899999999,9577351.09008200,34364,945.45630000,2957316.76293900,0
1767861900000000,3125.71000000,3126.30000000,3113.88000000,3116.83000000,2332.08140000,1767862799999999,7275570.37371800,31402,754.61960000,2353473.04876600,0
1767862800000000,3116.83000000,3124.06000000,3110.65000000,3120.88000000,2050.50040000,1767863699999999,6393258.60179500,42482,905.22520000,2822391.84110700,0
1767863700000000,3120.89000000,3120.89000000,3106.74000000,3107.01000000,3140.05960000,1767864599999999,9772609.27659200,45956,1228.59150000,3823924.18127200,0
1767864600000000,3107.01000000,3114.39000000,3105.55000000,3114.23000000,2335.70540000,1767865499999999,7264823.57057200,38085,1010.90430000,3144148.90570700,0
1767865500000000,3114.24000000,3118.11000000,3110.22000000,3111.89000000,1693.16550000,1767866399999999,5272517.14353500,39017,762.02760000,2373155.68930900,0
1767866400000000,3111.90000000,3112.84000000,3096.68000000,3108.64000000,5612.90260000,1767867299999999,17429886.16821100,73529,3089.66040000,9595159.69669100,0
1767867300000000,3108.64000000,3119.99000000,3107.52000000,3117.55000000,2470.23200000,1767868199999999,7693457.29400900,41395,1575.25870000,4905796.75305100,0
1767868200000000,3117.55000000,3123.37000000,3117.31000000,3118.51000000,1985.43360000,1767869099999999,6195118.80202300,30947,941.18820000,2936967.02844900,0
1767869100000000,3118.50000000,3133.03000000,3118.50000000,3128.18000000,6456.30420000,1767869999999999,20188185.57999400,39368,4218.49150000,13188559.16005900,0
1767870000000000,3128.19000000,3131.54000000,3121.71000000,3123.53000000,3494.20970000,1767870899999999,10923569.19130400,35633,1360.39560000,4253835.90179700,0
1767870900000000,3123.53000000,3126.95000000,3115.26000000,3122.44000000,3468.52170000,1767871799999999,10828888.24586000,51408,1721.76340000,5375850.44634000,0
1767871800000000,3122.45000000,3122.80000000,3112.57000000,3114.68000000,2651.59030000,1767872699999999,8267115.08070800,38171,1217.66980000,3796459.35548400,0
1767872700000000,3114.67000000,3121.25000000,3112.96000000,3121.24000000,1924.27810000,1767873599999999,5999563.12656100,29009,1072.53560000,3344571.00968600,0
1767873600000000,3121.25000000,3121.49000000,3095.23000000,3103.35000000,10935.98920000,1767874499999999,33972258.77426500,84864,6510.71990000,20220864.44338200,0
1767874500000000,3103.36000000,3108.47000000,3099.54000000,3106.79000000,3761.41230000,1767875399999999,11678902.64161000,45119,1992.17470000,6185173.10266700,0
1767875400000000,3106.80000000,3109.10000000,3085.16000000,3099.24000000,8410.10420000,1767876299999999,26033513.85432800,67953,3850.17030000,11920939.79889100,0
1767876300000000,3099.27000000,3104.10000000,3093.11000000,3095.76000000,2235.67750000,1767877199999999,6927430.96676300,34005,863.67310000,2676667.76207800,0
1767877200000000,3095.76000000,3099.37000000,3095.00000000,3095.49000000,1339.78450000,1767878099999999,4149736.21301500,25920,661.83210000,2049984.75452700,0
1767878100000000,3095.50000000,3100.95000000,3093.18000000,3099.53000000,2486.33310000,1767878999999999,7700238.98471800,33677,1542.92320000,4778790.31150000,0
1767879000000000,3099.54000000,3102.73000000,3090.73000000,3098.99000000,2334.37140000,1767879899999999,7228203.13501500,41207,1185.65960000,3671427.33115300,0
1767879900000000,3098.99000000,3100.92000000,3092.23000000,3097.12000000,1558.90110000,1767880799999999,4827066.29843600,32765,648.90400000,2009214.46482900,0
1767880800000000,3097.11000000,3097.11000000,3075.00000000,3092.69000000,10003.70510000,1767881699999999,30851869.22084500,83049,5834.43270000,17990610.71143300,0
1767881700000000,3092.68000000,3093.21000000,3065.00000000,3079.08000000,11279.93980000,1767882599999999,34746351.83854400,113092,4812.64170000,14822006.98333200,0
1767882600000000,3079.08000000,3085.27000000,3058.88000000,3058.89000000,19083.87710000,1767883499999999,58607902.42392400,243530,10046.69650000,30853031.98741000,0
1767883500000000,3058.89000000,3088.65000000,3054.65000000,3077.40000000,12350.63990000,1767884399999999,37970479.34011500,176020,7422.99750000,22823781.66795000,0
1767884400000000,3077.39000000,3091.92000000,3067.37000000,3085.33000000,6604.19140000,1767885299999999,20339930.38816400,141938,3042.26490000,9371143.80023700,0
1767885300000000,3085.32000000,3107.30000000,3083.43000000,3103.76000000,9587.78910000,1767886199999999,29694513.85701400,147255,5586.93220000,17303156.10224300,0
1767886200000000,3103.76000000,3112.35000000,3089.42000000,3096.18000000,7475.50240000,1767887099999999,23199024.89833100,128290,4350.20550000,13509955.50305300,0
1767887100000000,3096.17000000,3105.81000000,3086.25000000,3104.20000000,5891.61450000,1767887999999999,18238303.63862300,111901,2903.93950000,8992195.21742400,0
1767888000000000,3104.19000000,3108.48000000,3096.32000000,3099.11000000,4593.46780000,1767888899999999,14252744.61102000,90970,1971.79840000,6118030.54182200,0
1767888900000000,3099.11000000,3102.12000000,3092.78000000,3101.46000000,3070.50780000,1767889799999999,9511994.85371800,72356,1543.70190000,4783212.09388400,0
1767889800000000,3101.46000000,3114.38000000,3090.20000000,3109.72000000,5656.52970000,1767890699999999,17525716.35354500,84938,2022.94480000,6273858.85574800,0
1767890700000000,3109.73000000,3123.63000000,3109.72000000,3122.31000000,3407.24730000,1767891599999999,10619851.54095500,66363,1977.46410000,6163842.09361300,0
1767891600000000,3122.31000000,3128.99000000,3118.60000000,3123.99000000,4808.75370000,1767892499999999,15024519.28856400,84290,2537.68680000,7929897.70311300,0
1767892500000000,3123.99000000,3125.29000000,3110.34000000,3112.99000000,2693.12340000,1767893399999999,8397355.21922000,67878,1244.04990000,3879325.54664400,0
1767893400000000,3112.99000000,3123.12000000,3112.99000000,3122.51000000,2145.27790000,1767894299999999,6691683.52159400,47367,1453.66920000,4534984.12257600,0
1767894300000000,3122.51000000,3140.00000000,3122.26000000,3134.95000000,8949.91990000,1767895199999999,28020287.00933200,64213,3352.26880000,10499778.48019600,0
1767895200000000,3134.95000000,3135.50000000,3123.87000000,3123.87000000,3431.88930000,1767896099999999,10734436.55777300,46474,1029.61130000,3222600.96269400,0
1767896100000000,3123.87000000,3129.87000000,3121.29000000,3125.66000000,2750.85170000,1767896999999999,8595538.51192400,38943,1130.74160000,3533547.01497500,0
1767897000000000,3125.65000000,3130.11000000,3118.59000000,3120.50000000,2050.65190000,1767897899999999,6406614.54560000,34317,1285.93960000,4018303.18455100,0
1767897900000000,3120.50000000,3124.80000000,3114.90000000,3120.22000000,2280.18310000,1767898799999999,7114766.23333600,37309,1072.07320000,3346123.21458600,0
1767898800000000,3120.22000000,3129.07000000,3116.44000000,3124.09000000,1573.80170000,1767899699999999,4916640.42712800,31184,1030.98920000,3221310.39450200,0
1767899700000000,3124.09000000,3124.09000000,3109.01000000,3116.76000000,2781.64590000,1767900599999999,8661889.70199400,43036,1097.57720000,3417815.18176200,0
1767900600000000,3116.76000000,3126.15000000,3115.95000000,3116.24000000,1475.05510000,1767901499999999,4604091.33282500,35267,850.42240000,2654921.27730700,0
1767901500000000,3116.25000000,3119.64000000,3104.01000000,3111.53000000,1979.52870000,1767902399999999,6161162.58070200,37577,914.08140000,2845316.06157000,0
1767902400000000,3111.53000000,3111.53000000,3089.39000000,3097.10000000,4785.43760000,1767903299999999,14824018.55042900,72928,1729.52270000,5357790.32062600,0
1767903300000000,3097.09000000,3102.34000000,3091.65000000,3095.10000000,1563.73850000,1767904199999999,4843813.14918900,41695,990.14330000,3067374.15067600,0
1767904200000000,3095.10000000,3105.40000000,3095.10000000,3101.03000000,1820.16620000,1767905099999999,5644714.53866900,43135,1237.72040000,3838326.12029900,0
1767905100000000,3101.03000000,3109.68000000,3100.84000000,3107.29000000,1776.04480000,1767905999999999,5515858.05738400,50705,1100.15130000,3416978.88178200,0
1767906000000000,3107.30000000,3114.39000000,3107.30000000,3113.02000000,1158.16550000,1767906899999999,3603986.07171400,33036,662.66080000,2061925.43928200,0
1767906900000000,3113.02000000,3113.65000000,3107.37000000,3109.04000000,1258.64400000,1767907799999999,3913753.46323700,22179,521.59990000,1621778.60053200,0
1767907800000000,3109.04000000,3121.38000000,3107.38000000,3117.57000000,1551.75350000,1767908699999999,4835634.14161600,33205,805.85600000,2510735.04430200,0
1767908700000000,3117.57000000,3123.24000000,3116.14000000,3118.75000000,1624.66840000,1767909599999999,5068248.89962700,29661,763.40330000,2381547.52882800,0
1767909600000000,3118.76000000,3130.38000000,3118.00000000,3126.44000000,1962.58290000,1767910499999999,6129234.60750500,28706,1116.56400000,3488199.41562100,0
1767910500000000,3126.44000000,3126.44000000,3120.70000000,3122.14000000,769.72570000,1767911399999999,2404207.60846300,24153,370.39630000,1156785.01627100,0
1767911400000000,3122.13000000,3122.14000000,3107.75000000,3111.00000000,1743.17130000,1767912299999999,5428365.71297800,40426,637.27570000,1984175.03249100,0
1767912300000000,3110.99000000,3119.13000000,3110.99000000,3119.12000000,1114.91010000,1767913199999999,3475085.93847400,26432,658.32260000,2051714.99861800,0
1767913200000000,3119.13000000,3122.24000000,3117.39000000,3118.44000000,1020.92730000,1767914099999999,3185216.39143500,34058,487.87350000,1522095.99921100,0
1767914100000000,3118.45000000,3121.50000000,3117.52000000,3118.09000000,567.84110000,1767914999999999,1771504.08555200,16241,272.77900000,851087.42575300,0
1767915000000000,3118.09000000,3119.06000000,3108.97000000,3108.99000000,4456.04510000,1767915899999999,13865702.84544500,22904,1927.43840000,5995998.30809700,0
1767915900000000,3109.00000000,3112.94000000,3105.87000000,3106.65000000,1530.85580000,1767916799999999,4757728.13253600,18937,456.98050000,1420453.03605900,0
1767916800000000,3106.66000000,3114.56000000,3105.00000000,3111.48000000,1117.23400000,1767917699999999,3475001.59960800,17015,610.58610000,1899538.36502200,0
1767917700000000,3111.48000000,3112.01000000,3104.45000000,3105.05000000,721.01590000,1767918599999999,2241084.66684800,21132,259.46880000,806509.54687900,0
1767918600000000,3105.05000000,3114.76000000,3105.05000000,3113.33000000,961.38340000,1767919499999999,2991902.29950000,21341,438.50480000,1364273.81048400,0
1767919500000000,3113.32000000,3117.65000000,3112.50000000,3115.83000000,884.04490000,1767920399999999,2754186.54577200,19619,591.34720000,1842269.16898600,0
1767920400000000,3115.84000000,3117.55000000,3113.93000000,3114.75000000,882.27790000,1767921299999999,2749105.29445600,20080,608.70680000,1896601.41305600,0
1767921300000000,3114.76000000,3144.32000000,3099.46000000,3139.38000000,9109.89580000,1767922199999999,28462257.99596300,65811,5238.49820000,16365114.15673000,0
1767922200000000,3139.38000000,3148.41000000,3081.34000000,3098.99000000,18885.66430000,1767923099999999,58640273.30296200,121420,6851.91770000,21277637.40829400,0
1767923100000000,3099.00000000,3105.93000000,3098.27000000,3105.82000000,1655.19060000,1767923999999999,5134995.61120300,30623,896.95800000,2782876.43080100,0
1767924000000000,3105.83000000,3125.99000000,3103.61000000,3123.49000000,4096.70950000,1767924899999999,12774471.08016200,52699,2718.07620000,8473592.46800400,0
1767924900000000,3123.49000000,3126.11000000,3117.32000000,3118.13000000,2019.71670000,1767925799999999,6307388.17288400,28830,792.51580000,2474853.23925100,0
1767925800000000,3118.13000000,3121.06000000,3112.39000000,3116.35000000,953.23290000,1767926699999999,2970829.48042200,25039,456.66850000,1423412.69492400,0
1767926700000000,3116.34000000,3118.19000000,3106.99000000,3109.49000000,1323.16960000,1767927599999999,4116310.81145500,22471,586.30400000,1824174.86879000,0
1767927600000000,3109.50000000,3117.36000000,3106.89000000,3114.68000000,1638.18740000,1767928499999999,5100833.12776500,26557,661.39950000,2059464.15513500,0
1767928500000000,3114.68000000,3117.95000000,3103.01000000,3107.76000000,2724.89580000,1767929399999999,8477893.64549300,27139,1493.27260000,4646947.21038800,0
1767929400000000,3107.77000000,3117.22000000,3104.82000000,3114.95000000,1203.74340000,1767930299999999,3746461.82951400,24977,683.46010000,2127164.05123200,0
1767930300000000,3114.95000000,3121.24000000,3114.75000000,3119.60000000,1782.06590000,1767931199999999,5557675.44968100,22327,969.06410000,3022169.39126400,0
1767931200000000,3119.60000000,3122.43000000,3115.46000000,3116.86000000,934.47010000,1767932099999999,2915450.65476800,21342,446.03420000,1391691.83824500,0
1767932100000000,3116.86000000,3124.00000000,3116.30000000,3122.39000000,1044.27770000,1767932999999999,3258994.99981500,12777,567.17360000,1770610.50799200,0
1767933000000000,3122.39000000,3124.11000000,3112.14000000,3114.80000000,1697.05390000,1767933899999999,5288915.15881700,21026,719.03660000,2240634.26393300,0
1767933900000000,3114.81000000,3118.14000000,3114.81000000,3116.53000000,363.82010000,1767934799999999,1133786.66300600,8957,210.78980000,656880.22481100,0
1767934800000000,3116.54000000,3121.00000000,3116.53000000,3119.39000000,730.96240000,1767935699999999,2279976.14351800,14564,345.38720000,1077289.85509800,0
1767935700000000,3119.39000000,3120.00000000,3114.41000000,3117.84000000,1161.24000000,1767936599999999,3619984.69704700,17483,477.69640000,1489285.12568400,0
1767936600000000,3117.83000000,3119.33000000,3113.75000000,3115.36000000,530.12330000,1767937499999999,1651926.24285700,16133,268.39170000,836280.07313400,0
1767937500000000,3115.36000000,3119.90000000,3114.53000000,3118.50000000,784.86450000,1767938399999999,2446786.36856900,13444,244.11070000,761017.19561400,0
1767938400000000,3118.51000000,3120.00000000,3118.19000000,3118.64000000,992.31570000,1767939299999999,3095076.40036400,11711,361.35480000,1127032.21324100,0
1767939300000000,3118.65000000,3122.76000000,3118.02000000,3118.24000000,1352.04810000,1767940199999999,4219161.84439500,18663,734.11970000,2290942.30901200,0
1767940200000000,3118.24000000,3124.37000000,3117.53000000,3124.00000000,1221.42540000,1767941099999999,3813424.63962400,19579,638.78080000,1994445.33104700,0
1767941100000000,3123.99000000,3125.71000000,3121.18000000,3123.20000000,942.71170000,1767941999999999,2944865.07668100,14726,556.44480000,1738169.59524700,0
1767942000000000,3123.21000000,3123.79000000,3117.66000000,3118.68000000,673.72200000,1767942899999999,2101876.81718100,11473,286.66260000,894265.11249700,0
1767942900000000,3118.69000000,3120.39000000,3116.50000000,3118.86000000,739.86510000,1767943799999999,2307109.92540400,15337,297.81750000,928809.74563000,0
1767943800000000,3118.86000000,3119.00000000,3113.66000000,3115.66000000,1544.87780000,1767944699999999,4813960.36392500,22001,1108.63680000,3454588.80879700,0
1767944700000000,3115.67000000,3117.47000000,3110.39000000,3111.20000000,2580.35000000,1767945599999999,8036954.04833900,29973,1543.34340000,4807033.91091900,0
1767945600000000,3111.21000000,3114.42000000,3102.32000000,3108.40000000,3455.25990000,1767946499999999,10737214.31752600,50333,1906.71130000,5926093.40633900,0
1767946500000000,3108.41000000,3115.37000000,3107.96000000,3109.65000000,1251.32940000,1767947399999999,3894238.85595200,25809,840.74530000,2616466.42475100,0
1767947400000000,3109.65000000,3111.12000000,3084.21000000,3087.23000000,6765.49400000,1767948299999999,20945385.12778800,78037,2475.50550000,7667248.52332800,0
1767948300000000,3087.24000000,3090.41000000,3067.44000000,3082.49000000,11135.83710000,1767949199999999,34273671.97689600,134433,4665.61110000,14358546.12706900,0
1767949200000000,3082.49000000,3099.15000000,3081.93000000,3092.89000000,4571.41450000,1767950099999999,14134318.15083200,71659,3050.55400000,9431726.01261000,0
1767950100000000,3092.88000000,3100.87000000,3087.65000000,3099.38000000,2152.57390000,1767950999999999,6662660.07176900,42783,1059.62540000,3280259.88838200,0
1767951000000000,3099.37000000,3099.80000000,3094.10000000,3096.18000000,926.59730000,1767951899999999,2869616.33868400,25673,314.86700000,975175.58343000,0
1767951900000000,3096.19000000,3097.07000000,3091.56000000,3092.39000000,1119.97810000,1767952799999999,3465589.33835200,23520,379.06000000,1172819.53042000,0
1767952800000000,3092.39000000,3097.15000000,3088.36000000,3094.19000000,1359.56630000,1767953699999999,4205386.55972700,28900,632.88040000,1957978.31219000,0
1767953700000000,3094.19000000,3098.57000000,3094.19000000,3094.20000000,867.71310000,1767954599999999,2687086.94323700,19544,410.09350000,1269975.07913600,0
1767954600000000,3094.20000000,3098.94000000,3093.28000000,3097.01000000,638.65450000,1767955499999999,1977406.57252400,14621,336.77120000,1042683.83923700,0
1767955500000000,3097.01000000,3099.43000000,3096.34000000,3096.65000000,855.33420000,1767956399999999,2649902.11235200,11793,583.20470000,1806961.56732700,0
1767956400000000,3096.64000000,3099.47000000,3094.63000000,3098.85000000,691.06790000,1767957299999999,2140462.35367700,20170,346.26260000,1072561.06437200,0
1767957300000000,3098.86000000,3104.59000000,3098.20000000,3100.22000000,2193.77470000,1767958199999999,6803139.73062800,24618,1037.86230000,3219029.74417900,0
1767958200000000,3100.23000000,3103.27000000,3095.44000000,3097.70000000,659.62970000,1767959099999999,2044358.50629500,19308,289.64330000,897947.85116400,0
1767959100000000,3097.70000000,3098.24000000,3088.49000000,3090.36000000,1783.14450000,1767959999999999,5513070.57596100,24105,479.01870000,1481031.05403400,0
1767960000000000,3090.36000000,3096.16000000,3089.39000000,3089.55000000,1031.06160000,1767960899999999,3188599.98706000,22932,540.76200000,1672591.78923200,0
1767960900000000,3089.56000000,3089.56000000,3082.05000000,3086.09000000,2409.66220000,1767961799999999,7433683.04968600,35961,904.35690000,2789956.39641900,0
1767961800000000,3086.10000000,3089.49000000,3083.01000000,3086.01000000,1656.58430000,1767962699999999,5113086.84792000,26694,957.76710000,2956164.13993800,0
1767962700000000,3086.00000000,3088.75000000,3083.58000000,3084.55000000,972.25910000,1767963599999999,3000422.57343000,17484,400.79810000,1236788.63996100,0
1767963600000000,3084.56000000,3094.31000000,3083.44000000,3093.03000000,1405.70380000,1767964499999999,4342048.56384900,29419,996.67970000,3078873.20838900,0
1767964500000000,3093.02000000,3103.33000000,3092.65000000,3098.65000000,1579.07150000,1767965399999999,4892697.97281100,35160,1021.53220000,3165289.50194600,0
1767965400000000,3098.64000000,3111.17000000,3085.39000000,3095.38000000,9015.45900000,1767966299999999,27945845.52121000,95957,4571.07960000,14170375.62692200,0
1767966300000000,3095.39000000,3100.89000000,3089.56000000,3098.56000000,1591.18820000,1767967199999999,4925789.09660300,38978,874.80750000,2709007.94081200,0
1767967200000000,3098.56000000,3099.00000000,3077.77000000,3082.04000000,2589.28460000,1767968099999999,7990600.04238400,56931,1093.42810000,3375680.00313000,0
1767968100000000,3082.04000000,3096.01000000,3080.69000000,3095.40000000,3092.57460000,1767968999999999,9559199.33133600,46974,1468.02200000,4536547.03814200,0
1767969000000000,3095.40000000,3097.44000000,3070.54000000,3072.73000000,7613.20990000,1767969899999999,23461540.91878300,127621,3168.32880000,9764368.33641700,0
1767969900000000,3072.73000000,3081.00000000,3062.00000000,3078.93000000,7267.08710000,1767970799999999,22324369.04940500,137732,3728.13810000,11454297.81785900,0
1767970800000000,3078.94000000,3083.31000000,3058.69000000,3077.88000000,7524.50430000,1767971699999999,23098836.38253900,114092,3753.59580000,11530302.44746000,0
1767971700000000,3077.88000000,3137.49000000,3075.54000000,3130.00000000,12818.19290000,1767972599999999,39880067.30596400,139540,8325.17640000,25893433.06783500,0
1767972600000000,3130.00000000,3143.00000000,3111.37000000,3112.79000000,16119.31390000,1767973499999999,50456150.43414300,210255,8211.23130000,25710735.79064300,0
1767973500000000,3112.78000000,3127.15000000,3095.73000000,3112.08000000,9989.04440000,1767974399999999,31059232.46118000,128317,4621.75760000,14378999.25886300,0
1767974400000000,3112.08000000,3142.95000000,3111.00000000,3142.86000000,8650.04780000,1767975299999999,27042814.01776000,116107,5959.36570000,18633498.98812900,0
1767975300000000,3142.87000000,3145.45000000,3124.45000000,3126.79000000,6411.03880000,1767976199999999,20097745.05277500,81471,3188.93630000,10001662.38779600,0
1767976200000000,3126.79000000,3131.18000000,3120.00000000,3126.56000000,2559.00590000,1767977099999999,7998506.17597100,74227,1245.19240000,3893098.85836300,0
1767977100000000,3126.55000000,3136.38000000,3124.37000000,3133.13000000,2703.26660000,1767977999999999,8465120.59871400,60072,1794.78920000,5619728.14692700,0
1767978000000000,3133.13000000,3135.00000000,3116.75000000,3122.91000000,3302.22910000,1767978899999999,10326542.37003600,56516,1294.70540000,4048795.77306300,0
1767978900000000,3122.91000000,3123.20000000,3108.52000000,3111.29000000,2171.29020000,1767979799999999,6759391.45649600,57240,1048.05080000,3262240.01649200,0
1767979800000000,3111.30000000,3115.12000000,3104.66000000,3106.92000000,2112.85700000,1767980699999999,6569702.84309700,48521,770.63190000,2397133.45531400,0
1767980700000000,3106.93000000,3119.84000000,3104.88000000,3114.41000000,2399.97450000,1767981599999999,7475166.50111500,47290,1344.57820000,4188796.60208600,0
1767981600000000,3114.40000000,3118.56000000,3105.29000000,3108.29000000,1571.35820000,1767982499999999,4890889.46593300,47306,909.18390000,2830398.13798900,0
1767982500000000,3108.28000000,3108.28000000,3082.12000000,3086.06000000,6042.68280000,1767983399999999,18691284.25063800,99796,1587.48640000,4908885.12536500,0
1767983400000000,3086.05000000,3095.32000000,3073.65000000,3093.44000000,4977.20470000,1767984299999999,15352185.35534600,90336,2287.74870000,7059680.90102000,0
1767984300000000,3093.45000000,3098.99000000,3086.79000000,3094.97000000,1903.77200000,1767985199999999,5890806.87794600,44601,979.67300000,3031885.79256800,0
1767985200000000,3094.96000000,3094.96000000,3083.47000000,3084.89000000,1880.11060000,1767986099999999,5806617.83483900,49445,609.08280000,1880877.43945300,0
1767986100000000,3084.90000000,3086.31000000,3071.82000000,3075.16000000,3613.69340000,1767986999999999,11121111.73314100,57815,1596.35670000,4912137.45713200,0
1767987000000000,3075.16000000,3079.00000000,3068.94000000,3074.57000000,3476.85780000,1767987899999999,10689144.00521400,57073,1786.57220000,5492836.44652600,0
1767987900000000,3074.57000000,3088.33000000,3073.63000000,3080.60000000,2388.18770000,1767988799999999,7363397.74535500,50606,1626.54120000,5014686.25137900,0
1767988800000000,3080.60000000,3089.81000000,3077.49000000,3087.02000000,2424.88460000,1767989699999999,7479916.08828900,53061,1515.85630000,4675854.72287000,0
1767989700000000,3087.01000000,3089.54000000,3082.01000000,3083.54000000,1258.67570000,1767990599999999,3883830.44385000,34412,545.02710000,1681751.80228300,0
1767990600000000,3083.55000000,3091.37000000,3077.89000000,3077.90000000,1589.38490000,1767991499999999,4903686.14700700,41089,866.18530000,2673750.16149900,0
1767991500000000,3077.89000000,3081.94000000,3071.26000000,3073.65000000,3263.10860000,1767992399999999,10036523.21998300,49627,1622.47960000,4990641.22879700,0
1767992400000000,3073.66000000,3079.03000000,3065.23000000,3077.83000000,2845.48940000,1767993299999999,8744568.81735400,55084,1554.08860000,4776571.67194300,0
1767993300000000,3077.83000000,3091.51000000,3077.03000000,3087.57000000,2987.50360000,1767994199999999,9220182.60278200,34025,2138.04710000,6598187.63320000,0
1767994200000000,3087.58000000,3093.35000000,3082.09000000,3082.85000000,1518.96250000,1767995099999999,4691089.63563500,27098,765.87780000,2365504.03429700,0
1767995100000000,3082.86000000,3088.08000000,3079.96000000,3086.10000000,1148.40360000,1767995999999999,3540909.36330900,17735,707.87620000,2182658.91789600,0
1767996000000000,3086.10000000,3088.50000000,3074.40000000,3079.93000000,1666.00390000,1767996899999999,5134030.66117200,30942,593.72530000,1830122.05962200,0
1767996900000000,3079.93000000,3082.99000000,3077.00000000,3082.99000000,814.77760000,1767997799999999,2509399.26512100,20668,442.57960000,1363180.38498400,0
1767997800000000,3082.98000000,3088.59000000,3081.53000000,3082.56000000,1073.47090000,1767998699999999,3311471.45431500,20849,596.60410000,1840426.31291200,0
1767998700000000,3082.56000000,3087.30000000,3082.55000000,3086.27000000,484.59600000,1767999599999999,1495008.62791400,8782,227.93130000,703166.86024200,0
1767999600000000,3086.27000000,3089.97000000,3083.80000000,3089.24000000,773.06030000,1768000499999999,2387243.19888900,17907,446.69610000,1379429.50359900,0
1768000500000000,3089.24000000,3091.94000000,3087.01000000,3090.52000000,507.51760000,1768001399999999,1568296.71167100,9870,275.13910000,850289.57363000,0
1768001400000000,3090.52000000,3093.30000000,3089.01000000,3090.80000000,912.96230000,1768002299999999,2822239.53793000,17006,474.67590000,1467377.48030600,0
1768002300000000,3090.80000000,3091.86000000,3085.74000000,3088.40000000,800.94840000,1768003199999999,2473562.83745500,10371,359.58070000,1110455.05462100,0
1768003200000000,3088.40000000,3090.04000000,3084.75000000,3084.77000000,883.21240000,1768004099999999,2727549.09903200,15244,340.29120000,1050954.16215800,0
1768004100000000,3084.78000000,3087.86000000,3082.02000000,3087.86000000,881.05930000,1768004999999999,2717600.69424400,15635,344.03440000,1061298.40889600,0
1768005000000000,3087.86000000,3089.42000000,3085.00000000,3086.13000000,463.41560000,1768005899999999,1430589.33925500,11483,180.39190000,556912.62798400,0
1768005900000000,3086.12000000,3086.13000000,3081.70000000,3083.25000000,681.53710000,1768006799999999,2101755.34006900,11102,303.05330000,934672.39477300,0
1768006800000000,3083.25000000,3087.93000000,3083.24000000,3087.92000000,643.24450000,1768007699999999,1984784.15346900,10992,356.06020000,1098716.94761500,0
1768007700000000,3087.92000000,3089.51000000,3087.01000000,3089.51000000,766.62000000,1768008599999999,2367634.23619400,11681,384.79150000,1188348.97020800,0
1768008600000000,3089.51000000,3090.68000000,3088.51000000,3090.40000000,597.42500000,1768009499999999,1845788.20145100,9184,411.46380000,1271227.71353800,0
1768009500000000,3090.40000000,3091.37000000,3087.90000000,3090.11000000,562.89080000,1768010399999999,1739373.91976000,10060,395.61310000,1222454.11732300,0
1768010400000000,3090.12000000,3091.85000000,3089.68000000,3091.84000000,371.26800000,1768011299999999,1147584.46684900,5816,198.32800000,613010.41936200,0
1768011300000000,3091.85000000,3094.61000000,3090.42000000,3091.80000000,693.98370000,1768012199999999,2145951.39739600,10183,471.17080000,1456970.11129100,0
1768012200000000,3091.80000000,3091.80000000,3083.37000000,3083.75000000,841.48660000,1768013099999999,2597107.58098400,13031,243.84840000,752652.53050100,0
1768013100000000,3083.75000000,3088.07000000,3083.74000000,3088.07000000,354.74180000,1768013999999999,1094906.59431800,7551,231.15130000,713401.95718000,0
1768014000000000,3088.07000000,3088.07000000,3080.10000000,3080.60000000,1126.90680000,1768014899999999,3474224.82428900,13541,345.21980000,1064097.74907400,0
1768014900000000,3080.60000000,3087.68000000,3080.59000000,3087.38000000,580.75850000,1768015799999999,1791798.12965900,7928,436.40320000,1346523.56701000,0
1768015800000000,3087.37000000,3088.15000000,3084.49000000,3085.20000000,686.47720000,1768016699999999,2118327.92642600,9438,346.17640000,1068329.40744200,0
1768016700000000,3085.21000000,3089.00000000,3085.20000000,3086.51000000,668.55870000,1768017599999999,2064068.29210300,7957,296.35440000,914990.03667600,0
1768017600000000,3086.51000000,3087.68000000,3081.38000000,3083.17000000,1109.08430000,1768018499999999,3420876.95177500,16632,336.50810000,1037843.75623800,0
1768018500000000,3083.16000000,3083.73000000,3081.46000000,3082.95000000,427.35090000,1768019399999999,1317375.40496500,5459,200.30190000,617423.23565800,0
1768019400000000,3082.95000000,3084.61000000,3082.16000000,3084.60000000,416.01380000,1768020299999999,1282773.22728000,6917,210.43230000,648861.62081100,0
1768020300000000,3084.60000000,3085.59000000,3077.99000000,3079.74000000,8751.06180000,1768021199999999,26958039.19541400,16969,4353.92830000,13410277.25084100,0
1768021200000000,3079.73000000,3084.93000000,3079.73000000,3084.42000000,1354.35260000,1768022099999999,4174132.49466300,10421,899.22190000,2771370.20208100,0
1768022100000000,3084.42000000,3084.94000000,3083.40000000,3084.93000000,312.55940000,1768022999999999,963976.55866100,3938,131.57440000,405795.76193200,0
1768023000000000,3084.94000000,3087.37000000,3083.80000000,3087.15000000,1074.92940000,1768023899999999,3317347.22051600,9414,594.21050000,1833771.65034500,0
1768023900000000,3087.14000000,3087.89000000,3086.14000000,3086.54000000,595.25180000,1768024799999999,1837633.01616000,7227,192.07410000,592924.45877100,0
1768024800000000,3086.54000000,3087.90000000,3086.47000000,3087.24000000,841.34360000,1768025699999999,2597434.74809100,9592,397.38810000,1226835.07533100,0
1768025700000000,3087.24000000,3087.36000000,3083.37000000,3086.88000000,804.54910000,1768026599999999,2482441.88476400,11601,312.80990000,965121.68183200,0
1768026600000000,3086.89000000,3088.21000000,3086.68000000,3087.22000000,426.78340000,1768027499999999,1317691.95112100,7447,184.32920000,569101.44415800,0
1768027500000000,3087.21000000,3088.65000000,3087.01000000,3087.49000000,450.16560000,1768028399999999,1390144.75529100,6439,205.51330000,634617.37738400,0
1768028400000000,3087.50000000,3093.38000000,3087.49000000,3092.25000000,1527.77910000,1768029299999999,4720990.19594600,16017,883.57870000,2730363.41829100,0
1768029300000000,3092.26000000,3092.26000000,3090.00000000,3091.35000000,656.51390000,1768030199999999,2029333.78751600,8066,231.21880000,714642.17394800,0
1768030200000000,3091.35000000,3092.89000000,3089.80000000,3090.33000000,615.00150000,1768031099999999,1901352.52812600,11275,256.58240000,793229.09127600,0
1768031100000000,3090.32000000,3092.96000000,3090.30000000,3092.77000000,917.35490000,1768031999999999,2836510.02437200,5829,696.03420000,2152232.01625400,0
1768032000000000,3092.77000000,3093.05000000,3089.87000000,3090.79000000,641.94200000,1768032899999999,1984620.79820500,9122,277.45820000,857849.79391500,0
1768032900000000,3090.79000000,3091.10000000,3089.17000000,3089.31000000,467.73930000,1768033799999999,1445344.14470000,9443,199.17620000,615426.33694500,0
1768033800000000,3089.32000000,3089.56000000,3087.37000000,3088.82000000,564.10210000,1768034699999999,1742355.23660600,6945,367.65390000,1135603.96066100,0
1768034700000000,3088.82000000,3090.29000000,3088.81000000,3090.29000000,740.98790000,1768035599999999,2289290.12536000,4324,620.84330000,1918098.51605100,0
1768035600000000,3090.29000000,3092.07000000,3089.39000000,3089.82000000,1823.13480000,1768036499999999,5635295.92740100,12712,1572.47140000,4860520.06456100,0
1768036500000000,3089.81000000,3093.15000000,3089.81000000,3091.89000000,524.75240000,1768037399999999,1622120.59234300,6957,401.86560000,1242222.39805800,0
1768037400000000,3091.89000000,3093.29000000,3090.90000000,3093.28000000,558.89920000,1768038299999999,1728178.13441900,9751,378.09800000,1169083.09504700,0
1768038300000000,3093.28000000,3099.02000000,3093.28000000,3096.09000000,2255.78000000,1768039199999999,6984934.56286800,15176,1564.91890000,4844991.41109500,0
1768039200000000,3096.10000000,3098.23000000,3095.31000000,3097.31000000,579.17470000,1768040099999999,1793497.39583100,12931,411.95280000,1275682.44322800,0
1768040100000000,3097.32000000,3098.93000000,3095.18000000,3095.53000000,811.99940000,1768040999999999,2514887.48026500,10092,485.42310000,1503443.90111800,0
1768041000000000,3095.53000000,3099.40000000,3094.06000000,3098.11000000,1090.27690000,1768041899999999,3376515.39919500,10081,720.52650000,2231482.27608800,0
1768041900000000,3098.11000000,3104.12000000,3098.10000000,3102.96000000,5772.93100000,1768042799999999,17906450.31441900,17497,3326.37620000,10314915.27843400,0
1768042800000000,3102.96000000,3104.01000000,3099.10000000,3099.90000000,1647.13600000,1768043699999999,5109627.22001200,8670,870.53390000,2700287.38000700,0
1768043700000000,3099.89000000,3100.31000000,3097.13000000,3097.55000000,644.43970000,1768044599999999,1996421.51779100,6600,195.26340000,604917.95182600,0
1768044600000000,3097.56000000,3098.73000000,3096.15000000,3096.78000000,542.28450000,1768045499999999,1679611.16985600,6872,184.85340000,572570.00518800,0
1768045500000000,3096.78000000,3096.99000000,3095.00000000,3096.99000000,454.01540000,1768046399999999,1405570.90809500,5723,208.63910000,645930.54940200,0
1768046400000000,3096.99000000,3099.47000000,3096.98000000,3099.46000000,560.15070000,1768047299999999,1735625.41948700,9083,391.29960000,1212407.14386100,0
1768047300000000,3099.47000000,3104.01000000,3096.38000000,3096.38000000,2845.42000000,1768048199999999,8827493.47440700,13726,1541.94320000,4783035.88246000,0
1768048200000000,3096.39000000,3098.37000000,3093.76000000,3097.44000000,812.72810000,1768049099999999,2516390.31032100,10612,490.46080000,1518675.71055100,0
1768049100000000,3097.43000000,3099.47000000,3097.14000000,3099.46000000,550.18200000,1768049999999999,1704564.82196800,10447,390.99830000,1211374.03306200,0
1768050000000000,3099.47000000,3099.47000000,3096.60000000,3096.60000000,323.20970000,1768050899999999,1001315.92439400,5249,109.35660000,338770.47980700,0
1768050900000000,3096.60000000,3099.04000000,3096.00000000,3096.38000000,460.52130000,1768051799999999,1426296.78234300,11919,308.69930000,956042.54660400,0
1768051800000000,3096.37000000,3098.42000000,3096.37000000,3097.99000000,365.50580000,1768052699999999,1132203.46122200,7748,191.21760000,592300.72573700,0
1768052700000000,3097.99000000,3098.00000000,3093.67000000,3094.94000000,630.83070000,1768053599999999,1952702.84785900,8114,322.02190000,996758.45403900,0
1768053600000000,3094.94000000,3095.75000000,3088.81000000,3094.56000000,1299.14130000,1768054499999999,4017522.36006500,17851,481.77910000,1489903.61431600,0
1768054500000000,3094.55000000,3096.55000000,3091.91000000,3094.21000000,791.70460000,1768055399999999,2450065.71363600,9551,442.10680000,1368165.76572200,0
1768055400000000,3094.20000000,3094.21000000,3091.17000000,3091.17000000,755.07150000,1768056299999999,2334885.05170200,13697,399.71190000,1235973.73408200,0
1768056300000000,3091.17000000,3092.28000000,3090.75000000,3091.64000000,349.38120000,1768057199999999,1080098.69604100,6693,168.54430000,521026.38872700,0
1768057200000000,3091.65000000,3095.10000000,3091.64000000,3094.51000000,578.06100000,1768058099999999,1788557.49442300,10586,368.02670000,1138713.90194000,0
1768058100000000,3094.51000000,3094.77000000,3092.25000000,3093.24000000,705.34680000,1768058999999999,2182074.50279300,9050,508.28130000,1572459.52479300,0
1768059000000000,3093.24000000,3096.38000000,3093.07000000,3095.94000000,783.60610000,1768059899999999,2424966.98754800,9131,419.96690000,1299664.50369000,0
1768059900000000,3095.94000000,3096.20000000,3094.07000000,3095.64000000,690.23260000,1768060799999999,2136601.69955100,6887,395.66100000,1224735.85500700,0
1768060800000000,3095.63000000,3097.53000000,3094.39000000,3094.40000000,485.00270000,1768061699999999,1501515.62192900,7224,228.84040000,708456.85363200,0
1768061700000000,3094.39000000,3094.41000000,3092.00000000,3094.41000000,235.01100000,1768062599999999,726998.23117700,6058,129.31620000,400055.87982300,0
1768062600000000,3094.40000000,3097.20000000,3093.72000000,3097.20000000,572.48180000,1768063499999999,1772191.40847200,8109,210.77590000,652508.19774800,0
1768063500000000,3097.20000000,3097.20000000,3094.78000000,3095.35000000,178.04540000,1768064399999999,551189.98397600,4700,57.06650000,176647.91064300,0
1768064400000000,3095.35000000,3099.02000000,3095.35000000,3098.61000000,573.71610000,1768065299999999,1777008.12513600,3844,394.27310000,1221200.23027800,0
1768065300000000,3098.61000000,3099.37000000,3097.75000000,3097.75000000,959.13720000,1768066199999999,2972028.73058700,5051,587.11010000,1819279.45419400,0
1768066200000000,3097.76000000,3097.76000000,3096.81000000,3096.83000000,434.07150000,1768067099999999,1344402.52664100,4535,147.50180000,456826.19988100,0
1768067100000000,3096.82000000,3096.99000000,3092.10000000,3092.95000000,840.78470000,1768067999999999,2601967.88356700,12640,208.18330000,644213.14371400,0
1768068000000000,3092.95000000,3093.93000000,3090.65000000,3092.07000000,637.61390000,1768068899999999,1971482.33920400,9047,224.65640000,694637.99900500,0
1768068900000000,3092.06000000,3094.03000000,3091.63000000,3094.02000000,340.91270000,1768069799999999,1054475.06194200,4481,211.48500000,654136.81942600,0
1768069800000000,3094.03000000,3094.03000000,3091.89000000,3093.53000000,397.10460000,1768070699999999,1228344.20261800,4025,155.57160000,481140.31030600,0
1768070700000000,3093.53000000,3093.54000000,3091.91000000,3092.85000000,585.80130000,1768071599999999,1811611.81648400,4932,388.63350000,1201819.20333700,0
1768071600000000,3092.85000000,3093.90000000,3092.40000000,3093.09000000,464.77770000,1768072499999999,1437633.62317100,4080,261.67640000,809393.69153500,0
1768072500000000,3093.09000000,3093.10000000,3091.69000000,3091.92000000,762.61830000,1768073399999999,2358227.64182900,4873,512.86480000,1585899.47244300,0
1768073400000000,3091.92000000,3092.40000000,3091.19000000,3092.35000000,446.87650000,1768074299999999,1381604.80875700,5357,332.77000000,1028802.68393300,0
1768074300000000,3092.35000000,3092.35000000,3090.08000000,3092.12000000,506.13980000,1768075199999999,1564567.95249300,6589,379.32690000,1172542.73250700,0
1768075200000000,3092.13000000,3093.30000000,3090.82000000,3092.42000000,645.16500000,1768076099999999,1994871.76212500,5614,412.34440000,1274980.80384000,0
1768076100000000,3092.42000000,3092.43000000,3091.55000000,3091.57000000,163.36850000,1768076999999999,505086.24124900,2631,120.00070000,370999.00965400,0
1768077000000000,3091.58000000,3093.16000000,3089.10000000,3089.11000000,839.37980000,1768077899999999,2594185.56792300,6263,390.95640000,1208409.74788600,0
1768077900000000,3089.10000000,3090.83000000,3089.05000000,3089.71000000,495.41450000,1768078799999999,1530676.49291700,4309,304.57650000,941057.02096500,0
1768078800000000,3089.71000000,3090.10000000,3084.46000000,3087.54000000,1079.13960000,1768079699999999,3331659.49571400,12423,516.54300000,1594725.79055500,0
1768079700000000,3087.54000000,3089.94000000,3087.54000000,3089.24000000,257.28710000,1768080599999999,794669.38752700,4919,127.74480000,394526.99895500,0
1768080600000000,3089.25000000,3090.15000000,3086.87000000,3087.25000000,381.56250000,1768081499999999,1178623.76098100,7330,139.60160000,431154.88397100,0
1768081500000000,3087.25000000,3087.26000000,3085.69000000,3086.09000000,207.83120000,1768082399999999,641426.37897500,2764,81.53530000,251624.20865700,0
1768082400000000,3086.09000000,3086.09000000,3082.14000000,3082.14000000,854.61300000,1768083299999999,2636135.55822700,10690,449.69730000,1387173.33801100,0
1768083300000000,3082.15000000,3082.93000000,3078.71000000,3082.92000000,1334.84840000,1768084199999999,4112112.86754100,12531,674.15700000,2076959.37563300,0
1768084200000000,3082.92000000,3089.51000000,3082.92000000,3087.91000000,1340.08690000,1768085099999999,4136679.49742400,16680,911.51400000,2813362.68113200,0
1768085100000000,3087.90000000,3087.90000000,3080.42000000,3080.74000000,654.53130000,1768085999999999,2017977.10973800,9102,282.07740000,869654.57776700,0
1768086000000000,3080.73000000,3085.98000000,3079.93000000,3084.44000000,1121.61900000,1768086899999999,3457956.49845200,24419,640.75690000,1975241.28317500,0
1768086900000000,3084.44000000,3087.24000000,3084.43000000,3087.23000000,763.10690000,1768087799999999,2354803.06866100,11807,505.28350000,1559192.39435200,0
1768087800000000,3087.23000000,3088.52000000,3085.57000000,3087.95000000,475.00820000,1768088699999999,1466408.20999800,8461,310.99520000,960020.76882800,0
1768088700000000,3087.94000000,3089.56000000,3085.65000000,3086.72000000,603.62770000,1768089599999999,1864017.53192300,8272,305.13990000,942260.19705900,0
1768089600000000,3086.72000000,3088.20000000,3084.46000000,3088.13000000,537.08270000,1768090499999999,1657574.43247800,14472,257.21490000,793801.30751400,0
1768090500000000,3088.12000000,3091.43000000,3087.00000000,3091.27000000,926.25560000,1768091399999999,2861829.63390600,14729,700.87180000,2165435.14748400,0
1768091400000000,3091.26000000,3091.26000000,3087.97000000,3087.97000000,152.85690000,1768092299999999,472250.28228500,5271,51.99280000,160612.86222000,0
1768092300000000,3087.97000000,3092.71000000,3087.97000000,3091.98000000,246.90160000,1768093199999999,763187.87730000,8011,155.20230000,479701.04105500,0
1768093200000000,3091.98000000,3094.02000000,3091.16000000,3091.17000000,242.99780000,1768094099999999,751443.38940800,6630,125.23750000,387287.67345000,0
1768094100000000,3091.17000000,3093.43000000,3089.64000000,3092.03000000,659.91100000,1768094999999999,2040086.99818000,8789,309.25530000,955990.62558500,0
1768095000000000,3092.03000000,3092.78000000,3089.65000000,3092.55000000,654.09330000,1768095899999999,2021740.38430100,8554,429.40000000,1327246.34339300,0
1768095900000000,3092.55000000,3095.32000000,3092.55000000,3095.31000000,350.68770000,1768096799999999,1085225.75686900,5576,263.97060000,816873.39698300,0
1768096800000000,3095.32000000,3096.73000000,3093.26000000,3096.45000000,518.84810000,1768097699999999,1605990.76291100,9644,230.61730000,713791.42486400,0
1768097700000000,3096.45000000,3097.29000000,3094.45000000,3094.94000000,437.04670000,1768098599999999,1353177.64685200,7200,211.74170000,655552.01450700,0
1768098600000000,3094.95000000,3094.95000000,3092.74000000,3094.15000000,183.14100000,1768099499999999,566555.24422600,5392,64.37470000,199129.37998700,0
1768099500000000,3094.16000000,3095.59000000,3092.02000000,3092.49000000,464.80410000,1768100399999999,1437968.33723800,9893,195.93260000,606162.66431500,0
1768100400000000,3092.50000000,3093.77000000,3091.87000000,3093.25000000,274.95450000,1768101299999999,850403.52788900,5750,165.01590000,510349.91254500,0
1768101300000000,3093.25000000,3096.27000000,3093.25000000,3094.81000000,315.46290000,1768102199999999,976354.30423200,9421,176.42840000,545995.01512400,0
1768102200000000,3094.80000000,3096.42000000,3093.67000000,3096.41000000,375.46820000,1768103099999999,1162136.64807500,6409,204.12120000,631796.07970300,0
1768103100000000,3096.41000000,3097.53000000,3096.34000000,3096.78000000,349.64820000,1768103999999999,1082839.63951100,6115,151.40710000,468883.61332400,0
1768104000000000,3096.78000000,3098.56000000,3095.31000000,3096.06000000,1090.72350000,1768104899999999,3377767.71397100,8608,567.51770000,1757545.73776400,0
1768104900000000,3096.07000000,3097.00000000,3094.72000000,3095.41000000,334.08910000,1768105799999999,1034431.23114800,4735,82.30430000,254814.92632700,0
1768105800000000,3095.41000000,3099.01000000,3095.31000000,3095.65000000,1591.99310000,1768106699999999,4931805.96209400,8104,665.19920000,2060669.25944600,0
1768106700000000,3095.65000000,3098.23000000,3095.64000000,3098.22000000,239.03040000,1768107599999999,740231.03258800,3707,114.63920000,354990.45622400,0
1768107600000000,3098.23000000,3099.00000000,3097.38000000,3098.17000000,459.21650000,1768108499999999,1422830.75882600,5464,144.78760000,448600.46961700,0
1768108500000000,3098.16000000,3098.17000000,3096.43000000,3097.30000000,623.27350000,1768109399999999,1930463.98282000,4412,324.96470000,1006512.86549800,0
1768109400000000,3097.29000000,3100.72000000,3097.29000000,3100.26000000,730.07790000,1768110299999999,2262548.46914200,3570,589.57200000,1827176.00467400,0
1768110300000000,3100.26000000,3102.42000000,3098.00000000,3099.32000000,1010.07830000,1768111199999999,3131116.30362300,11700,439.12440000,1361082.78142300,0
1768111200000000,3099.33000000,3101.15000000,3098.32000000,3099.66000000,1138.49660000,1768112099999999,3529088.95707200,12741,607.30380000,1882533.62523300,0
1768112100000000,3099.66000000,3099.98000000,3090.00000000,3093.91000000,1346.56190000,1768112999999999,4165677.97640900,19734,600.31380000,1856866.50284000,0
1768113000000000,3093.91000000,3094.21000000,3092.84000000,3093.91000000,271.80900000,1768113899999999,840797.50065000,4913,189.49640000,586162.03423300,0
1768113900000000,3093.91000000,3098.00000000,3093.91000000,3097.19000000,463.30040000,1768114799999999,1434506.03605300,4345,323.80840000,1002454.80512400,0
1768114800000000,3097.19000000,3098.41000000,3095.09000000,3095.41000000,331.43780000,1768115699999999,1026441.76047700,5607,164.33830000,508937.57880700,0
1768115700000000,3095.40000000,3096.56000000,3094.32000000,3094.77000000,289.52580000,1768116599999999,896251.16999700,6312,88.03580000,272518.59951400,0
1768116600000000,3094.76000000,3095.09000000,3092.40000000,3094.63000000,212.90050000,1768117499999999,658749.33794300,4865,97.95300000,303070.62500700,0
1768117500000000,3094.63000000,3095.69000000,3094.22000000,3095.32000000,330.41120000,1768118399999999,1022613.71812500,4660,165.25440000,511461.94199000,0
1768118400000000,3095.32000000,3095.70000000,3092.70000000,3095.32000000,335.79400000,1768119299999999,1039139.91001900,8355,177.19440000,548323.71485600,0
1768119300000000,3095.32000000,3097.95000000,3095.31000000,3097.38000000,314.58800000,1768120199999999,974210.37823000,5088,226.31520000,700788.38047100,0
1768120200000000,3097.39000000,3101.02000000,3097.39000000,3100.21000000,1435.10570000,1768121099999999,4447739.70448100,11300,747.54240000,2316733.83199200,0
1768121100000000,3100.20000000,3108.23000000,3098.97000000,3103.38000000,1934.68570000,1768121999999999,6003737.90052500,14988,1206.79640000,3744709.72036500,0
1768122000000000,3103.38000000,3104.70000000,3102.96000000,3103.61000000,1145.97160000,1768122899999999,3557056.50474600,7568,476.13160000,1477868.05975400,0
1768122900000000,3103.61000000,3106.42000000,3103.04000000,3106.22000000,858.40080000,1768123799999999,2665135.94899600,6680,506.27650000,1571917.60106700,0
1768123800000000,3106.23000000,3109.78000000,3100.81000000,3102.49000000,1821.22890000,1768124699999999,5653949.55824400,17183,808.72300000,2511009.80326500,0
1768124700000000,3102.50000000,3105.31000000,3102.49000000,3104.42000000,1244.98340000,1768125599999999,3864101.06972600,8089,806.82010000,2504001.69999800,0
1768125600000000,3104.43000000,3108.11000000,3102.59000000,3107.79000000,2346.92970000,1768126499999999,7286079.76566900,10994,515.14850000,1599840.27597500,0
1768126500000000,3107.80000000,3108.06000000,3104.48000000,3106.07000000,589.48520000,1768127399999999,1831221.68774600,8699,229.16060000,711775.43964900,0
1768127400000000,3106.07000000,3108.33000000,3104.46000000,3104.99000000,558.72260000,1768128299999999,1735836.12906100,8212,268.33290000,833669.26593500,0
1768128300000000,3104.99000000,3108.01000000,3104.98000000,3107.76000000,1247.15040000,1768129199999999,3873251.19013000,6857,847.10030000,2630663.71863900,0
1768129200000000,3107.77000000,3107.77000000,3103.87000000,3104.12000000,367.29990000,1768130099999999,1140639.26927500,9790,170.80070000,530387.54949200,0
1768130100000000,3104.12000000,3106.05000000,3103.37000000,3106.04000000,366.40910000,1768130999999999,1137505.56886100,5111,192.10330000,596413.67052000,0
1768131000000000,3106.05000000,3107.38000000,3106.05000000,3106.42000000,645.56250000,1768131899999999,2005649.04619300,5585,261.63250000,812843.27052800,0
1768131900000000,3106.43000000,3106.43000000,3103.61000000,3105.22000000,1357.14090000,1768132799999999,4212986.76029900,4757,889.87110000,2762243.59731600,0
1768132800000000,3105.22000000,3108.77000000,3105.00000000,3108.71000000,818.44150000,1768133699999999,2543090.55621400,10278,313.96370000,975471.80621500,0
1768133700000000,3108.72000000,3110.73000000,3107.12000000,3109.92000000,710.77040000,1768134599999999,2209918.24508000,14942,383.04170000,1191004.34594100,0
1768134600000000,3109.93000000,3113.32000000,3108.17000000,3111.41000000,1535.59240000,1768135499999999,4777203.07574200,16208,1065.04010000,3313262.74255100,0
1768135500000000,3111.40000000,3116.74000000,3111.38000000,3114.16000000,2931.85490000,1768136399999999,9132288.18402000,23039,1457.25190000,4538934.11368100,0
1768136400000000,3114.16000000,3115.51000000,3112.36000000,3115.34000000,1884.99750000,1768137299999999,5869743.81919000,13961,1463.49520000,4557149.09849000,0
1768137300000000,3115.33000000,3116.32000000,3108.17000000,3112.09000000,1072.93320000,1768138199999999,3339229.30509700,18186,391.03330000,1217248.01946200,0
1768138200000000,3112.09000000,3113.76000000,3106.99000000,3107.00000000,4002.05530000,1768139099999999,12444510.77569200,15516,1890.37310000,5878956.87750800,0
1768139100000000,3107.00000000,3112.58000000,3107.00000000,3109.46000000,4839.05470000,1768139999999999,15049124.10087400,22259,2539.85930000,7900042.32386900,0
1768140000000000,3109.46000000,3114.76000000,3108.97000000,3113.89000000,1858.21690000,1768140899999999,5780469.82133600,9847,1001.93890000,3117309.22751600,0
1768140900000000,3113.89000000,3115.26000000,3112.85000000,3115.25000000,526.16520000,1768141799999999,1638610.83858000,6169,313.60730000,976595.99542600,0
1768141800000000,3115.26000000,3118.39000000,3112.72000000,3115.51000000,1320.32410000,1768142699999999,4113751.11705200,22328,715.28040000,2228681.33906300,0
1768142700000000,3115.52000000,3129.19000000,3112.81000000,3125.46000000,3669.51750000,1768143599999999,11455647.83993300,36515,2191.57760000,6842309.99977100,0
1768143600000000,3125.46000000,3131.00000000,3117.60000000,3119.15000000,3777.19240000,1768144499999999,11798287.04122300,53083,1504.92880000,4702396.36515400,0
1768144500000000,3119.15000000,3124.50000000,3117.50000000,3121.67000000,1547.89420000,1768145399999999,4832180.59827500,21186,827.72990000,2583980.03918100,0
1768145400000000,3121.68000000,3125.59000000,3113.57000000,3116.43000000,3327.34070000,1768146299999999,10384199.40879800,26927,1684.62620000,5259391.05876900,0
1768146300000000,3116.42000000,3118.48000000,3110.12000000,3118.22000000,1727.68010000,1768147199999999,5379846.99567600,28353,861.83570000,2683888.66401800,0
1768147200000000,3118.22000000,3121.19000000,3115.63000000,3116.76000000,1395.74810000,1768148099999999,4352914.38489700,17634,789.80730000,2463225.82053200,0
1768148100000000,3116.77000000,3124.81000000,3116.06000000,3123.54000000,1976.34700000,1768148999999999,6169356.93181700,19470,1392.53850000,4346743.86851000,0
1768149000000000,3123.54000000,3147.27000000,3123.40000000,3136.20000000,13578.96210000,1768149899999999,42614461.38246500,78080,8291.46130000,26013692.48557000,0
1768149900000000,3136.19000000,3139.37000000,3126.92000000,3129.44000000,5553.00320000,1768150799999999,17392731.29235000,32971,2078.26840000,6510790.67683000,0
1768150800000000,3129.45000000,3133.89000000,3127.53000000,3130.99000000,1251.47420000,1768151699999999,3917826.22123800,16350,826.76320000,2588247.85476000,0
1768151700000000,3130.98000000,3131.65000000,3127.36000000,3131.64000000,1027.21700000,1768152599999999,3214941.84589700,13498,453.97050000,1420944.12770300,0
1768152600000000,3131.65000000,3132.67000000,3118.26000000,3125.24000000,2937.15670000,1768153499999999,9179052.05912000,18532,1306.34190000,4084119.44427400,0
1768153500000000,3125.24000000,3126.91000000,3122.61000000,3126.89000000,518.33620000,1768154399999999,1620067.77885700,5636,269.87560000,843444.03645400,0
1768154400000000,3126.89000000,3127.37000000,3120.70000000,3122.26000000,687.80540000,1768155299999999,2148110.66585800,9673,190.94300000,596473.24838900,0
1768155300000000,3122.25000000,3126.19000000,3122.25000000,3125.88000000,420.56030000,1768156199999999,1313896.70724900,10181,206.56020000,645335.08871900,0
1768156200000000,3125.88000000,3125.88000000,3120.64000000,3123.42000000,579.96140000,1768157099999999,1811007.27169900,11093,297.88310000,930107.48307800,0
1768157100000000,3123.43000000,3133.89000000,3123.43000000,3129.44000000,2418.83000000,1768157999999999,7570106.46349400,19545,1721.46290000,5386983.46617400,0
1768158000000000,3129.43000000,3133.01000000,3128.51000000,3131.43000000,967.36030000,1768158899999999,3028841.47063000,12557,542.36100000,1698136.74400400,0
1768158900000000,3131.43000000,3131.84000000,3126.30000000,3127.85000000,568.05610000,1768159799999999,1777075.56551200,11688,246.58350000,771393.00640900,0
1768159800000000,3127.85000000,3128.48000000,3122.13000000,3122.53000000,898.58240000,1768160699999999,2807816.18359400,10288,349.54830000,1092054.76053300,0
1768160700000000,3122.54000000,3126.32000000,3119.00000000,3124.36000000,1237.44330000,1768161599999999,3864092.05902600,16500,649.74030000,2029350.69871400,0
1768161600000000,3124.36000000,3124.37000000,3108.14000000,3112.75000000,3451.55400000,1768162499999999,10750018.40841000,37916,1345.88210000,4191386.47511000,0
1768162500000000,3112.75000000,3112.75000000,3102.00000000,3105.73000000,3598.04000000,1768163399999999,11177985.21618000,41200,1464.29510000,4549089.64079700,0
1768163400000000,3105.73000000,3111.34000000,3101.95000000,3108.29000000,2192.82960000,1768164299999999,6813543.43138300,24290,1298.24100000,4034351.16685000,0
1768164300000000,3108.29000000,3116.07000000,3108.29000000,3115.10000000,1766.84270000,1768165199999999,5499376.46392600,18837,1271.82440000,3958190.25975200,0
1768165200000000,3115.09000000,3115.09000000,3107.60000000,3112.23000000,1105.00000000,1768166099999999,3437640.36804000,19532,600.04400000,1866446.93270900,0
1768166100000000,3112.23000000,3117.30000000,3111.91000000,3114.22000000,942.68290000,1768166999999999,2935915.50640300,17001,476.96270000,1485384.25876400,0
1768167000000000,3114.22000000,3118.07000000,3112.66000000,3113.97000000,651.84810000,1768167899999999,2030591.37729800,12626,253.01160000,788256.27069400,0
1768167900000000,3113.97000000,3126.15000000,3113.46000000,3121.11000000,1754.30940000,1768168799999999,5476139.44839200,20430,1020.26860000,3184888.99459000,0
1768168800000000,3121.11000000,3121.11000000,3106.49000000,3111.00000000,2430.26560000,1768169699999999,7562193.15663200,32288,1100.57340000,3423905.60595100,0
1768169700000000,3111.01000000,3116.33000000,3109.52000000,3113.16000000,3010.36290000,1768170599999999,9367260.74653200,19133,1925.51750000,5990932.99991400,0
1768170600000000,3113.16000000,3116.57000000,3111.37000000,3115.42000000,2133.83600000,1768171499999999,6646328.66991000,15816,1562.59740000,4867120.50381500,0
1768171500000000,3115.42000000,3116.46000000,3109.34000000,3109.61000000,901.39300000,1768172399999999,2805476.09719900,14522,372.00900000,1157616.17231500,0
1768172400000000,3109.60000000,3111.84000000,3092.59000000,3111.83000000,11285.30100000,1768173299999999,35023210.67301300,82884,4019.39770000,12469902.42402500,0
1768173300000000,3111.84000000,3125.91000000,3111.14000000,3114.00000000,5053.82350000,1768174199999999,15755032.76998800,77995,2909.91790000,9071303.18623800,0
1768174200000000,3114.00000000,3121.60000000,3110.53000000,3120.90000000,1811.60510000,1768175099999999,5644555.76008700,30483,1267.19280000,3948680.03955700,0
1768175100000000,3120.90000000,3124.94000000,3117.75000000,3123.45000000,2002.18380000,1768175999999999,6249652.31432400,30467,1226.44520000,3828335.70922800,0
1768176000000000,3123.46000000,3123.73000000,3108.84000000,3115.64000000,3651.13070000,1768176899999999,11373026.98893900,58933,1966.41250000,6124763.95830400,0
1768176900000000,3115.63000000,3127.46000000,3113.75000000,3120.39000000,3293.93860000,1768177799999999,10285444.81415900,58376,1871.94440000,5845544.19606700,0
1768177800000000,3120.39000000,3123.36000000,3103.69000000,3106.34000000,2244.90650000,1768178699999999,6987289.27444300,66184,910.39130000,2833961.19182500,0
1768178700000000,3106.34000000,3120.60000000,3097.24000000,3119.90000000,3731.04250000,1768179599999999,11592989.85875200,70416,2374.66790000,7380466.26628900,0
1768179600000000,3119.90000000,3137.28000000,3119.57000000,3127.95000000,9975.55470000,1768180499999999,31225547.21564400,130965,4559.25880000,14269950.13012000,0
1768180500000000,3127.95000000,3131.95000000,3121.82000000,3130.91000000,2367.07770000,1768181399999999,7401189.40238100,56102,1322.84800000,4136911.51544400,0
1768181400000000,3130.91000000,3131.95000000,3114.01000000,3124.03000000,2857.62310000,1768182299999999,8922733.44852900,49376,1365.83930000,4264274.01387400,0
1768182300000000,3124.03000000,3130.49000000,3123.89000000,3124.90000000,1855.69040000,1768183199999999,5803058.46602500,35216,758.53210000,2372142.12404700,0
1768183200000000,3124.90000000,3142.65000000,3122.61000000,3142.65000000,4751.40910000,1768184099999999,14892062.03437500,59932,3161.72850000,9910700.65291700,0
1768184100000000,3142.64000000,3153.97000000,3137.88000000,3145.79000000,8719.31950000,1768184999999999,27432172.36663700,83255,5568.52050000,17520767.83170400,0
1768185000000000,3145.80000000,3152.10000000,3142.33000000,3148.81000000,2328.71780000,1768185899999999,7329956.03916900,44656,1702.24900000,5358070.58570700,0
1768185900000000,3148.80000000,3167.95000000,3148.60000000,3157.65000000,8562.75640000,1768186799999999,27060621.51750600,86620,5107.76690000,16140929.07061900,0
1768186800000000,3157.65000000,3170.79000000,3153.59000000,3169.38000000,6037.99640000,1768187699999999,19096157.34532200,54424,3352.87110000,10607123.88997100,0
1768187700000000,3169.38000000,3171.49000000,3162.77000000,3164.00000000,6289.44140000,1768188599999999,19921977.78255200,45496,2316.56520000,7337231.31031800,0
1768188600000000,3164.00000000,3165.63000000,3155.01000000,3156.15000000,3308.37580000,1768189499999999,10449905.27410800,37411,1427.07660000,4507204.62687100,0
1768189500000000,3156.14000000,3157.77000000,3151.52000000,3152.55000000,2331.46050000,1768190399999999,7355378.14529500,24992,824.04590000,2599959.22997500,0
1768190400000000,3152.56000000,3159.69000000,3148.70000000,3159.25000000,2879.00020000,1768191299999999,9078247.16211500,32445,1417.14060000,4470014.28376300,0
1768191300000000,3159.25000000,3160.16000000,3154.85000000,3155.90000000,711.17500000,1768192199999999,2245115.13213200,17831,374.84820000,1183339.92712100,0
1768192200000000,3155.89000000,3163.00000000,3154.69000000,3160.12000000,1491.01270000,1768193099999999,4711817.99167700,22426,818.91800000,2587795.88783700,0
1768193100000000,3160.12000000,3163.90000000,3158.81000000,3159.42000000,683.41160000,1768193999999999,2160296.40100600,13491,418.37690000,1322534.47839400,0
1768194000000000,3159.42000000,3161.93000000,3155.38000000,3159.01000000,970.16430000,1768194899999999,3064134.86705900,17706,473.07020000,1494068.74336900,0
1768194900000000,3159.02000000,3166.41000000,3157.41000000,3165.55000000,3614.12720000,1768195799999999,11437051.73435700,16194,974.59420000,3083611.02980200,0
1768195800000000,3165.55000000,3166.90000000,3156.94000000,3159.64000000,1815.38190000,1768196699999999,5741115.68009700,19412,884.01170000,2796761.29687300,0
1768196700000000,3159.64000000,3160.49000000,3157.17000000,3158.89000000,770.11780000,1768197599999999,2432896.62800200,9785,474.85330000,1500148.80446500,0
1768197600000000,3158.89000000,3166.05000000,3156.15000000,3162.44000000,1299.57300000,1768198499999999,4108380.98918200,20187,843.28570000,2666032.82249900,0
1768198500000000,3162.45000000,3163.49000000,3156.40000000,3157.89000000,794.52600000,1768199399999999,2509929.25253300,12496,295.24120000,932622.57487500,0
1768199400000000,3157.88000000,3158.73000000,3152.94000000,3158.39000000,1258.64600000,1768200299999999,3972133.67174800,16740,359.70460000,1135189.68307100,0
1768200300000000,3158.38000000,3158.38000000,3152.61000000,3154.79000000,657.00580000,1768201199999999,2072885.67775500,12647,285.97880000,902194.60134700,0
1768201200000000,3154.80000000,3161.45000000,3152.73000000,3157.13000000,1050.24140000,1768202099999999,3317206.63834400,15927,586.51910000,1852684.70336900,0
1768202100000000,3157.13000000,3159.69000000,3153.09000000,3157.37000000,667.39580000,1768202999999999,2105890.04915900,15013,293.53180000,926217.54637200,0
1768203000000000,3157.37000000,3157.38000000,3140.50000000,3142.77000000,3693.92210000,1768203899999999,11622026.80616200,37486,1406.19740000,4422625.98949300,0
1768203900000000,3142.76000000,3142.94000000,3133.52000000,3135.34000000,3108.55990000,1768204799999999,9752685.38173100,36041,1128.64540000,3540816.81894900,0
1768204800000000,3135.33000000,3143.58000000,3132.79000000,3140.33000000,2970.07500000,1768205699999999,9320572.50816500,41584,1705.86320000,5353675.17638300,0
1768205700000000,3140.34000000,3147.62000000,3137.86000000,3139.46000000,1672.62750000,1768206599999999,5256511.31004300,30701,1041.36120000,3272860.27397300,0
1768206600000000,3139.46000000,3139.46000000,3108.17000000,3109.13000000,10037.10170000,1768207499999999,31332424.47903000,125216,4124.63750000,12872631.85307800,0
1768207500000000,3109.13000000,3119.74000000,3101.48000000,3115.47000000,5398.08890000,1768208399999999,16790121.89977700,91716,3171.83940000,9867755.52355800,0
1768208400000000,3115.47000000,3120.63000000,3111.00000000,3118.39000000,3415.85000000,1768209299999999,10646679.26621500,49215,2529.32550000,7883964.33234600,0
1768209300000000,3118.39000000,3124.86000000,3116.49000000,3116.97000000,2295.93470000,1768210199999999,7163548.09462100,34305,1440.02020000,4493273.40990200,0
1768210200000000,3116.96000000,3123.36000000,3115.96000000,3121.82000000,2518.68200000,1768211099999999,7860299.97832700,31708,1362.01190000,4250595.54850800,0
1768211100000000,3121.82000000,3122.70000000,3115.40000000,3116.31000000,1181.15280000,1768211999999999,3683506.06083700,25622,377.38380000,1176894.09884000,0
1768212000000000,3116.32000000,3119.88000000,3109.73000000,3114.24000000,1701.51180000,1768212899999999,5299544.38016000,43886,649.12420000,2022304.67721600,0
1768212900000000,3114.23000000,3116.15000000,3111.44000000,3114.66000000,658.89580000,1768213799999999,2051509.58374900,20311,220.78050000,687383.52734700,0
1768213800000000,3114.65000000,3116.85000000,3111.68000000,3111.86000000,1268.24750000,1768214699999999,3950335.87169400,19777,489.22550000,1523938.82421900,0
1768214700000000,3111.85000000,3112.48000000,3104.17000000,3106.88000000,2205.03590000,1768215599999999,6852834.76348800,31506,1037.42580000,3224487.14410700,0
1768215600000000,3106.87000000,3113.20000000,3106.32000000,3111.64000000,1182.12420000,1768216499999999,3675757.70377000,27181,622.78300000,1936716.45783900,0
1768216500000000,3111.64000000,3121.44000000,3110.72000000,3117.40000000,1915.41700000,1768217399999999,5971010.36839200,25554,1201.40910000,3745452.31755800,0
1768217400000000,3117.40000000,3119.72000000,3111.41000000,3113.76000000,1022.10110000,1768218299999999,3184507.33268100,17503,325.36690000,1013741.09045300,0
1768218300000000,3113.76000000,3117.47000000,3113.75000000,3115.43000000,802.24120000,1768219199999999,2499749.42205700,10873,283.69320000,883875.90682500,0
1768219200000000,3115.43000000,3120.99000000,3114.63000000,3119.21000000,766.01280000,1768220099999999,2388485.68141200,22067,378.41200000,1179838.20276800,0
1768220100000000,3119.22000000,3122.75000000,3119.08000000,3119.39000000,1245.87360000,1768220999999999,3888223.00126400,16697,535.83170000,1672244.31280900,0
1768221000000000,3119.40000000,3119.76000000,3112.62000000,3116.59000000,625.05690000,1768221899999999,1947924.66366900,15033,180.32560000,561930.83402800,0
1768221900000000,3116.60000000,3120.00000000,3115.89000000,3117.17000000,1060.93420000,1768222799999999,3308116.15331800,17248,619.99550000,1933261.24960200,0
1768222800000000,3117.17000000,3120.32000000,3106.87000000,3107.59000000,1955.80680000,1768223699999999,6088413.54321700,33121,521.57050000,1623699.19208700,0
1768223700000000,3107.59000000,3112.37000000,3107.00000000,3110.59000000,1222.10620000,1768224599999999,3800798.12477500,27919,524.34430000,1630607.51914400,0
1768224600000000,3110.58000000,3116.10000000,3108.49000000,3110.05000000,852.04300000,1768225499999999,2652086.13607900,23552,376.41110000,1171741.46883600,0
1768225500000000,3110.06000000,3113.10000000,3105.57000000,3109.14000000,1173.00580000,1768226399999999,3648747.51569500,22635,449.11670000,1397060.20020200,0
1768226400000000,3109.14000000,3110.31000000,3105.80000000,3109.70000000,955.89900000,1768227299999999,2971215.98297400,30644,352.06150000,1094424.39372200,0
1768227300000000,3109.70000000,3110.57000000,3065.55000000,3077.99000000,23235.95880000,1768228199999999,71673863.66206000,151659,10668.69490000,32902849.91857300,0
1768228200000000,3077.99000000,3117.51000000,3074.48000000,3101.95000000,17321.89940000,1768229099999999,53664558.01435500,174739,9188.00860000,28480533.68733500,0
1768229100000000,3101.96000000,3112.32000000,3092.66000000,3105.41000000,5164.21900000,1768229999999999,16017096.17420000,103921,2659.01920000,8249012.45015500,0
1768230000000000,3105.37000000,3105.90000000,3092.88000000,3100.56000000,3376.94830000,1768230899999999,10465275.45979900,88060,1446.53330000,4484018.60122100,0
1768230900000000,3100.56000000,3127.08000000,3098.52000000,3120.00000000,6946.50700000,1768231799999999,21645201.39315800,98894,4087.61300000,12736767.03262200,0
1768231800000000,3120.00000000,3133.52000000,3114.93000000,3127.52000000,4164.70550000,1768232699999999,13008746.12831500,87104,2025.68120000,6327724.77840400,0
1768232700000000,3127.51000000,3130.28000000,3121.95000000,3130.17000000,3616.75920000,1768233599999999,11308707.82063500,70705,1452.02770000,4540594.73789700,0
1768233600000000,3130.17000000,3136.00000000,3125.08000000,3132.08000000,5251.03460000,1768234499999999,16445093.68312000,81423,2483.16910000,7777216.97817200,0
1768234500000000,3132.09000000,3145.00000000,3120.65000000,3143.22000000,5752.45100000,1768235399999999,18022033.05842300,91165,2886.06430000,9045967.63174200,0
1768235400000000,3143.22000000,3146.66000000,3129.37000000,3132.31000000,6571.49160000,1768236299999999,20608793.86959300,94181,3371.91330000,10571709.12763400,0
1768236300000000,3132.31000000,3135.37000000,3124.85000000,3130.88000000,2466.70800000,1768237199999999,7722822.90642100,45553,983.76970000,3081195.93514900,0
1768237200000000,3130.88000000,3137.02000000,3124.36000000,3127.72000000,2583.60720000,1768238099999999,8090935.96333400,47821,1177.52260000,3689604.16301400,0
1768238100000000,3127.71000000,3131.83000000,3110.31000000,3113.76000000,4198.44060000,1768238999999999,13094274.32383400,60161,1571.79570000,4902183.44247300,0
1768239000000000,3113.76000000,3114.41000000,3083.50000000,3097.91000000,11152.99340000,1768239899999999,34546388.04709400,123444,5093.40450000,15773928.08130100,0
1768239900000000,3097.90000000,3107.22000000,3096.74000000,3104.88000000,2403.90420000,1768240799999999,7460009.94080700,45083,1561.36730000,4844907.42039500,0
1768240800000000,3104.89000000,3115.55000000,3099.30000000,3110.24000000,2638.62500000,1768241699999999,8199468.71889000,49652,1781.62480000,5536898.80100700,0
1768241700000000,3110.24000000,3119.26000000,3109.26000000,3118.66000000,2276.10600000,1768242599999999,7086841.16932800,39232,1493.74240000,4651545.44290000,0
1768242600000000,3118.66000000,3118.86000000,3095.54000000,3103.93000000,3753.08350000,1768243499999999,11647572.92639800,66310,1303.42670000,4045080.66157500,0
1768243500000000,3103.93000000,3111.54000000,3101.54000000,3108.28000000,1274.09570000,1768244399999999,3959182.44388200,36873,632.89450000,1966734.75553200,0
1768244400000000,3108.28000000,3110.75000000,3097.09000000,3107.70000000,2828.02080000,1768245299999999,8781801.63260000,53595,1496.55650000,4647577.15827000,0
1768245300000000,3107.70000000,3115.90000000,3107.70000000,3111.81000000,1858.48320000,1768246199999999,5785695.33805200,39630,1179.67180000,3672518.39047700,0
1768246200000000,3111.81000000,3116.79000000,3111.63000000,3115.25000000,848.64790000,1768247099999999,2643121.18502400,33472,384.68170000,1197959.29742700,0
1768247100000000,3115.26000000,3121.96000000,3112.69000000,3121.83000000,1219.98640000,1768247999999999,3804980.81411800,35144,663.32590000,2068870.58682200,0
1768248000000000,3121.82000000,3127.75000000,3119.47000000,3121.13000000,1644.47500000,1768248899999999,5136427.29958700,48144,711.75110000,2223345.00136400,0
1768248900000000,3121.14000000,3121.14000000,3109.01000000,3111.33000000,1327.37730000,1768249799999999,4134060.31741200,33857,361.08990000,1124362.84436200,0
1768249800000000,3111.33000000,3111.33000000,3102.28000000,3103.31000000,1358.01690000,1768250699999999,4217389.20237000,31360,489.56600000,1520341.66008700,0
1768250700000000,3103.31000000,3105.90000000,3100.00000000,3102.57000000,1379.66000000,1768251599999999,4281070.08112300,33811,601.67970000,1866973.01745700,0
1768251600000000,3102.57000000,3106.80000000,3092.72000000,3103.77000000,2629.79100000,1768252499999999,8151181.45357700,42668,1294.92780000,4015376.65911500,0
1768252500000000,3103.77000000,3105.00000000,3097.96000000,3099.39000000,2208.42790000,1768253399999999,6849027.58826700,23647,880.03450000,2729516.29812700,0
1768253400000000,3099.38000000,3101.28000000,3096.29000000,3097.85000000,1205.52160000,1768254299999999,3735436.58095300,15906,272.64770000,844807.22012200,0
1768254300000000,3097.85000000,3097.86000000,3083.54000000,3092.40000000,4349.63720000,1768255199999999,13444045.62029100,42493,1061.66160000,3280560.58335500,0
1768255200000000,3092.40000000,3107.43000000,3092.40000000,3105.23000000,2365.41640000,1768256099999999,7333640.58809100,33008,1621.06820000,5024722.47877400,0
1768256100000000,3105.22000000,3105.22000000,3096.80000000,3096.86000000,1986.45170000,1768256999999999,6160962.02038400,21335,566.11840000,1755863.28613300,0
1768257000000000,3096.86000000,3105.76000000,3095.82000000,3102.82000000,1589.61660000,1768257899999999,4929634.30663000,29178,952.16260000,2952555.23728100,0
1768257900000000,3102.82000000,3102.82000000,3095.00000000,3095.42000000,1384.91050000,1768258799999999,4290778.39967800,23613,673.97200000,2087981.02832200,0
1768258800000000,3095.43000000,3098.96000000,3088.47000000,3091.68000000,2343.29890000,1768259699999999,7245067.81927000,42309,675.72330000,2089246.80620900,0
1768259700000000,3091.68000000,3098.13000000,3089.63000000,3097.64000000,1179.82440000,1768260599999999,3651117.71369000,19863,555.00890000,1717706.67911200,0
1768260600000000,3097.63000000,3098.96000000,3091.77000000,3096.04000000,1137.32410000,1768261499999999,3520475.40464500,20744,479.69660000,1485003.43003900,0
1768261500000000,3096.04000000,3096.04000000,3093.67000000,3095.75000000,506.51510000,1768262399999999,1567515.36428900,10093,234.37700000,725274.12360000,0
1768262400000000,3095.75000000,3107.90000000,3093.28000000,3100.74000000,3650.63430000,1768263299999999,11320891.76372700,41822,2399.85540000,7442290.29529700,0
1768263300000000,3100.75000000,3106.51000000,3099.54000000,3103.33000000,1145.48390000,1768264199999999,3554969.22845700,25364,719.05750000,2231499.69211000,0
1768264200000000,3103.32000000,3107.65000000,3099.53000000,3101.72000000,920.58650000,1768265099999999,2857738.68664100,29907,505.44440000,1568966.84746900,0
1768265100000000,3101.72000000,3109.96000000,3101.72000000,3108.59000000,1431.24750000,1768265999999999,4446972.75142500,19996,749.04480000,2327064.53925200,0
1768266000000000,3108.59000000,3114.39000000,3107.09000000,3110.37000000,955.55240000,1768266899999999,2972677.23528800,21478,713.04110000,2218352.72523000,0
1768266900000000,3110.36000000,3111.09000000,3099.87000000,3102.50000000,1968.77440000,1768267799999999,6113209.63486100,24607,862.45540000,2678426.97136500,0
1768267800000000,3102.49000000,3103.06000000,3091.96000000,3093.52000000,2046.49320000,1768268699999999,6337009.55559800,30862,732.65610000,2269022.76173200,0
1768268700000000,3093.51000000,3099.22000000,3093.51000000,3097.66000000,793.62790000,1768269599999999,2457777.68124900,21337,418.92580000,1297272.61515100,0
1768269600000000,3097.67000000,3108.42000000,3097.66000000,3104.32000000,1719.44040000,1768270499999999,5337798.67550600,23499,1305.26860000,4051960.64917100,0
1768270500000000,3104.33000000,3106.46000000,3102.20000000,3103.28000000,425.44660000,1768271399999999,1320654.73087400,14494,233.80570000,725761.54825600,0
1768271400000000,3103.29000000,3105.63000000,3098.72000000,3099.48000000,632.79090000,1768272299999999,1963431.04486700,15173,232.20960000,720633.99475500,0
1768272300000000,3099.49000000,3105.40000000,3099.09000000,3101.44000000,874.48750000,1768273199999999,2712868.58938300,13267,321.31950000,996827.86484000,0
1768273200000000,3101.44000000,3110.28000000,3101.43000000,3109.61000000,1690.55040000,1768274099999999,5249222.83838200,24756,1019.82420000,3166877.00864700,0
1768274100000000,3109.60000000,3119.01000000,3106.88000000,3114.76000000,2145.56130000,1768274999999999,6679558.66294100,37086,1384.88690000,4311846.51792700,0
1768275000000000,3114.76000000,3117.44000000,3110.50000000,3114.70000000,1487.55110000,1768275899999999,4633426.14568500,25001,756.43170000,2356205.66068900,0
1768275900000000,3114.69000000,3117.21000000,3111.76000000,3116.14000000,642.90520000,1768276799999999,2002354.69186100,14782,218.89570000,681657.11941500,0
1768276800000000,3116.14000000,3121.60000000,3116.05000000,3120.93000000,1388.47910000,1768277699999999,4330170.29718600,25879,852.47440000,2658498.91110900,0
1768277700000000,3120.93000000,3122.75000000,3113.59000000,3115.77000000,1825.82930000,1768278599999999,5694478.64426200,31012,885.58060000,2762120.64534600,0
1768278600000000,3115.78000000,3116.61000000,3112.46000000,3116.61000000,662.86120000,1768279499999999,2064629.71630500,16361,289.68550000,902295.38105000,0
1768279500000000,3116.61000000,3123.44000000,3116.13000000,3122.57000000,930.75610000,1768280399999999,2904599.66398200,15394,513.12480000,1601505.31742900,0
1768280400000000,3122.57000000,3133.21000000,3121.60000000,3132.35000000,3346.78750000,1768281299999999,10468587.43905200,49217,1860.49720000,5819485.23427000,0
1768281300000000,3132.35000000,3146.55000000,3130.47000000,3140.27000000,6601.97530000,1768282199999999,20735515.16148300,73051,3758.62020000,11804001.57852600,0
1768282200000000,3140.28000000,3142.22000000,3132.62000000,3135.99000000,3360.13050000,1768283099999999,10537465.68440200,34952,938.92570000,2944448.88721300,0
1768283100000000,3135.99000000,3140.04000000,3129.83000000,3131.82000000,2324.37970000,1768283999999999,7285596.45140600,21006,681.09120000,2135421.37640400,0
1768284000000000,3131.82000000,3136.24000000,3123.80000000,3128.31000000,3795.29310000,1768284899999999,11875314.05602500,32683,1324.14910000,4143038.46333600,0
1768284900000000,3128.31000000,3133.93000000,3127.08000000,3129.85000000,2061.82040000,1768285799999999,6456936.43635000,20898,1346.91870000,4218598.71580600,0
1768285800000000,3129.85000000,3135.45000000,3128.31000000,3128.96000000,1344.39380000,1768286699999999,4211518.98787700,19336,639.60660000,2003844.32094600,0
1768286700000000,3128.96000000,3137.76000000,3127.91000000,3134.41000000,1953.26560000,1768287599999999,6119378.56952200,23267,1010.01110000,3164381.16697900,0
1768287600000000,3134.41000000,3135.82000000,3129.97000000,3130.72000000,1000.03010000,1768288499999999,3132220.55200800,20159,470.30020000,1473091.84169800,0
1768288500000000,3130.71000000,3130.99000000,3125.34000000,3128.45000000,2222.05990000,1768289399999999,6950104.00481000,22423,860.14180000,2690389.98395000,0
1768289400000000,3128.45000000,3128.70000000,3124.66000000,3125.10000000,712.20490000,1768290299999999,2226645.71269200,13844,331.12370000,1035230.60092000,0
1768290300000000,3125.10000000,3125.10000000,3122.00000000,3122.01000000,4743.99480000,1768291199999999,14817386.39996900,12939,2897.77610000,9051058.70021700,0
1768291200000000,3122.00000000,3130.50000000,3122.00000000,3126.71000000,1947.92280000,1768292099999999,6090209.54347400,23898,1351.39570000,4225141.64206800,0
1768292100000000,3126.72000000,3130.00000000,3126.28000000,3126.28000000,3059.59660000,1768292999999999,9570623.78696300,19986,1903.59750000,5954523.12990600,0
1768293000000000,3126.29000000,3132.70000000,3125.95000000,3131.81000000,4445.98500000,1768293899999999,13914037.63137700,21059,3177.80860000,9944953.94418100,0
1768293900000000,3131.81000000,3137.95000000,3131.00000000,3135.99000000,3410.11270000,1768294799999999,10687895.20384200,25125,1800.30030000,5642172.16352700,0
1768294800000000,3135.99000000,3143.38000000,3133.11000000,3141.51000000,4098.53320000,1768295699999999,12863483.49875100,48367,2309.14270000,7247491.30997200,0
1768295700000000,3141.50000000,3148.33000000,3137.30000000,3142.93000000,2940.59290000,1768296599999999,9241946.23062800,59273,1585.29590000,4983200.55346000,0
1768296600000000,3142.92000000,3145.00000000,3129.06000000,3133.90000000,3053.22250000,1768297499999999,9574542.98562900,45457,1144.11260000,3588212.93198800,0
1768297500000000,3133.90000000,3140.79000000,3133.50000000,3138.57000000,1964.73560000,1768298399999999,6165224.95089500,29026,1186.43550000,3722939.74627000,0
1768298400000000,3138.57000000,3141.84000000,3135.99000000,3136.01000000,1415.62420000,1768299299999999,4443435.35048400,31811,727.40220000,2283415.24082000,0
1768299300000000,3136.02000000,3139.36000000,3133.95000000,3139.35000000,1240.96300000,1768300199999999,3891897.44959200,23081,710.40570000,2228080.93021200,0
1768300200000000,3139.35000000,3140.39000000,3130.22000000,3131.15000000,2201.04890000,1768301099999999,6900508.97210100,19510,510.79300000,1601758.49843100,0
1768301100000000,3131.15000000,3134.74000000,3129.99000000,3134.73000000,899.64660000,1768301999999999,2817890.91889000,15849,437.88450000,1371741.91307600,0
1768302000000000,3134.73000000,3139.07000000,3131.80000000,3136.24000000,846.14960000,1768302899999999,2652902.58330500,20775,565.76140000,1773819.66677300,0
1768302900000000,3136.25000000,3138.52000000,3133.95000000,3137.07000000,659.03850000,1768303799999999,2067223.52058900,15788,341.59320000,1071420.96334900,0
1768303800000000,3137.06000000,3137.07000000,3132.98000000,3132.98000000,631.46600000,1768304699999999,1979639.93418500,15741,319.05580000,1000217.78864400,0
1768304700000000,3132.98000000,3138.04000000,3131.24000000,3133.95000000,1095.75730000,1768305599999999,3433541.71714500,18030,524.01210000,1641905.33008500,0
1768305600000000,3133.95000000,3137.86000000,3130.00000000,3131.05000000,1217.37750000,1768306499999999,3814363.37388100,18045,550.69450000,1725423.90462500,0
1768306500000000,3131.04000000,3135.71000000,3130.00000000,3134.16000000,826.29530000,1768307399999999,2589340.97264800,19413,504.95510000,1582405.93841300,0
1768307400000000,3134.16000000,3137.99000000,3133.00000000,3135.73000000,1257.67870000,1768308299999999,3943257.28046200,16608,642.14770000,2013274.71741700,0
1768308300000000,3135.73000000,3135.98000000,3132.99000000,3135.12000000,907.70350000,1768309199999999,2845388.48764700,16300,361.04570000,1131706.89696100,0
1768309200000000,3135.13000000,3137.98000000,3130.01000000,3136.03000000,2539.94090000,1768310099999999,7960208.39011300,25173,1375.69500000,4311981.56300400,0
1768310100000000,3136.03000000,3141.83000000,3135.08000000,3140.96000000,1768.20870000,1768310999999999,5550103.52307200,23306,1325.54200000,4160839.71721300,0
1768311000000000,3140.96000000,3161.76000000,3136.20000000,3144.42000000,25551.31120000,1768311899999999,80473781.87193300,148790,13112.85800000,41306775.75277500,0
1768311900000000,3144.42000000,3148.46000000,3139.45000000,3142.44000000,2963.03910000,1768312799999999,9315670.12305000,56615,1413.47740000,4444493.73916500,0
1768312800000000,3142.43000000,3143.60000000,3130.05000000,3140.59000000,4900.59730000,1768313699999999,15370653.85141500,60396,2514.14370000,7887083.44575000,0
1768313700000000,3140.59000000,3157.11000000,3140.58000000,3156.24000000,5262.54740000,1768314599999999,16572020.40246900,57994,4002.96530000,12605396.05044900,0
1768314600000000,3156.24000000,3165.94000000,3147.50000000,3158.99000000,9635.61290000,1768315499999999,30435856.62493300,184620,5560.61520000,17563745.46150300,0
1768315500000000,3158.99000000,3162.17000000,3143.88000000,3145.01000000,8101.33220000,1768316399999999,25532070.39985100,108688,3021.17210000,9521076.90025900,0
1768316400000000,3145.01000000,3149.69000000,3133.22000000,3146.49000000,6892.78590000,1768317299999999,21650801.91518900,105677,2949.29640000,9266881.17223700,0
1768317300000000,3146.49000000,3146.49000000,3134.55000000,3143.60000000,3430.12300000,1768318199999999,10771847.73414500,81553,1960.44510000,6157132.16998800,0
1768318200000000,3143.59000000,3170.06000000,3142.21000000,3162.07000000,6983.15760000,1768319099999999,22071409.56776900,111019,3857.99830000,12191655.57500200,0
1768319100000000,3162.06000000,3188.47000000,3153.74000000,3184.41000000,14307.52940000,1768319999999999,45382522.68050200,123656,8881.83090000,28184879.05908700,0
1768320000000000,3184.41000000,3196.35000000,3177.74000000,3177.75000000,12435.35690000,1768320899999999,39651637.79800000,144899,5755.28360000,18354876.49407100,0
1768320900000000,3177.74000000,3184.58000000,3172.00000000,3174.45000000,7056.03840000,1768321799999999,22419967.19191200,110339,3459.54680000,10994368.48425100,0
1768321800000000,3174.44000000,3194.93000000,3172.92000000,3187.45000000,5812.85060000,1768322699999999,18525870.09683200,95176,3327.53570000,10602401.92754500,0
1768322700000000,3187.46000000,3193.96000000,3179.55000000,3180.79000000,4113.77050000,1768323599999999,13115694.73711300,75537,1456.27170000,4643946.00588900,0
1768323600000000,3180.80000000,3185.87000000,3175.98000000,3181.31000000,2584.97880000,1768324499999999,8222209.26373100,57604,1204.01750000,3830329.11499800,0
1768324500000000,3181.32000000,3185.29000000,3172.99000000,3183.68000000,3299.72440000,1768325399999999,10493238.19601800,63571,1669.34140000,5310418.77790900,0
1768325400000000,3183.67000000,3185.75000000,3173.99000000,3179.94000000,4012.02110000,1768326299999999,12755261.99276500,64497,2065.67950000,6568117.97285900,0
1768326300000000,3179.93000000,3187.69000000,3178.08000000,3180.15000000,3435.79210000,1768327199999999,10937045.80270200,53063,2058.08190000,6551801.02115300,0
1768327200000000,3180.16000000,3191.84000000,3178.25000000,3190.99000000,3585.02350000,1768328099999999,11417208.32279800,65470,2293.44910000,7304637.45628400,0
1768328100000000,3191.00000000,3199.49000000,3188.85000000,3193.00000000,4150.63930000,1768328999999999,13260385.18737000,62326,2258.52210000,7215594.28264100,0
1768329000000000,3193.00000000,3199.01000000,3190.57000000,3197.80000000,1965.00620000,1768329899999999,6278754.33171800,48284,981.94620000,3137811.34488600,0
1768329900000000,3197.80000000,3214.94000000,3195.98000000,3201.14000000,8181.07070000,1768330799999999,26224852.47303500,85150,4482.58790000,14369730.45419700,0
1768330800000000,3201.15000000,3203.02000000,3191.51000000,3193.85000000,2057.72940000,1768331699999999,6576466.72602600,50336,744.39650000,2378899.92092600,0
1768331700000000,3193.85000000,3204.01000000,3191.61000000,3203.64000000,2414.17370000,1768332599999999,7723563.44983500,52758,1309.20630000,4188310.14481200,0
1768332600000000,3203.64000000,3218.61000000,3201.99000000,3206.01000000,5474.50250000,1768333499999999,17574316.01150900,90044,2908.25410000,9335270.49057600,0
1768333500000000,3206.00000000,3216.35000000,3205.14000000,3215.90000000,3377.25570000,1768334399999999,10845962.79555200,53285,1851.89930000,5948291.88455800,0
1768334400000000,3215.91000000,3220.00000000,3209.12000000,3213.70000000,6013.84720000,1768335299999999,19340925.92289500,71265,3442.53920000,11073792.42740400,0
1768335300000000,3213.71000000,3216.75000000,3207.76000000,3208.88000000,3543.42970000,1768336199999999,11383045.10150300,49860,1363.00930000,4378095.37399300,0
1768336200000000,3208.88000000,3210.22000000,3190.56000000,3199.05000000,7175.17370000,1768337099999999,22946648.16839100,63905,3110.09840000,9945608.86377700,0
1768337100000000,3199.05000000,3205.93000000,3197.43000000,3204.59000000,3805.63100000,1768337999999999,12186027.67613400,56741,2438.91370000,7810350.39057600,0
1768338000000000,3204.60000000,3212.35000000,3201.36000000,3206.61000000,3526.75400000,1768338899999999,11312005.36228400,43054,2042.81170000,6553914.35376600,0
1768338900000000,3206.61000000,3217.43000000,3206.28000000,3211.50000000,3818.82600000,1768339799999999,12268652.03341000,37406,2554.42240000,8206375.46012900,0
1768339800000000,3211.51000000,3216.35000000,3209.88000000,3209.91000000,2299.78520000,1768340699999999,7388687.16450300,28503,1328.39070000,4267899.68959900,0
1768340700000000,3209.91000000,3212.15000000,3208.00000000,3209.81000000,1760.73640000,1768341599999999,5651868.86409600,23091,774.91940000,2487592.15157200,0
1768341600000000,3209.81000000,3367.79000000,3209.81000000,3321.26000000,74310.27400000,1768342499999999,245006457.72774800,271575,42573.98250000,140250862.00004300,0
1768342500000000,3321.27000000,3335.00000000,3299.97000000,3315.38000000,21430.61650000,1768343399999999,71155884.72511500,165390,9205.27790000,30575159.36292300,0
1768343400000000,3315.38000000,3340.68000000,3313.73000000,3334.48000000,12594.31150000,1768344299999999,41892871.90408500,89748,6998.35360000,23278604.67872400,0
1768344300000000,3334.47000000,3343.22000000,3321.20000000,3331.18000000,11437.85280000,1768345199999999,38108201.33679900,78956,5225.00720000,17408608.03198700,0
1768345200000000,3331.19000000,3347.56000000,3323.40000000,3336.46000000,15991.70410000,1768346099999999,53361813.14294900,100719,7744.34300000,25847984.80811000,0
1768346100000000,3336.46000000,3337.25000000,3321.23000000,3325.91000000,8835.42470000,1768346999999999,29403363.94262300,77058,3976.56570000,13229101.71633600,0
1768347000000000,3325.90000000,3329.09000000,3314.67000000,3324.85000000,10650.49210000,1768347899999999,35369985.29384200,85980,4637.66260000,15401663.69509500,0
1768347900000000,3324.85000000,3327.16000000,3315.86000000,3325.82000000,5370.45810000,1768348799999999,17839018.21057900,54845,2628.59950000,8732068.05758200,0
1768348800000000,3325.83000000,3336.50000000,3324.79000000,3332.38000000,6247.33990000,1768349699999999,20808564.55445000,94264,3827.57280000,12748906.07846500,0
1768349700000000,3332.39000000,3336.56000000,3325.51000000,3327.36000000,7979.82550000,1768350599999999,26570550.05312800,73106,2200.51560000,7327675.61989900,0
1768350600000000,3327.37000000,3328.00000000,3316.04000000,3320.00000000,5966.61290000,1768351499999999,19817013.89378800,71672,1505.18220000,4998454.59712800,0
1768351500000000,3320.00000000,3327.53000000,3315.15000000,3324.57000000,2785.92810000,1768352399999999,9255142.81911100,45664,1386.06480000,4605691.70094500,0
1768352400000000,3324.58000000,3334.40000000,3321.28000000,3334.17000000,4040.54240000,1768353299999999,13450734.66475900,66623,2500.76530000,8325101.95808500,0
1768353300000000,3334.17000000,3345.00000000,3328.55000000,3337.16000000,6068.27870000,1768354199999999,20247410.95889100,60480,3098.41320000,10339544.31839100,0
1768354200000000,3337.16000000,3342.72000000,3326.20000000,3329.99000000,10134.44310000,1768355099999999,33767468.38695200,57943,3343.84220000,11141578.09167000,0
1768355100000000,3329.99000000,3339.78000000,3325.96000000,3336.70000000,7294.33760000,1768355999999999,24310349.43965800,34317,2946.74970000,9821825.83422200,0
1768356000000000,3336.70000000,3357.56000000,3333.17000000,3350.54000000,8744.20640000,1768356899999999,29265405.49830000,60124,5411.19470000,18105604.18105900,0
1768356900000000,3350.54000000,3352.35000000,3334.92000000,3337.57000000,5000.56710000,1768357799999999,16707398.02357400,48114,1912.21420000,6388258.90361200,0
1768357800000000,3337.57000000,3339.32000000,3333.88000000,3335.73000000,2108.72110000,1768358699999999,7034444.10434300,25292,869.93300000,2901940.68659300,0
1768358700000000,3335.74000000,3337.00000000,3321.01000000,3327.11000000,6298.35940000,1768359599999999,20957590.89163000,36058,2486.95980000,8276044.06181700,0
1768359600000000,3327.11000000,3327.87000000,3321.00000000,3325.17000000,4381.05310000,1768360499999999,14565857.53642900,27486,2617.26970000,8702024.60404500,0
1768360500000000,3325.17000000,3329.05000000,3322.99000000,3324.60000000,1611.50330000,1768361399999999,5359686.73530400,19681,705.34610000,2345860.70588000,0
1768361400000000,3324.60000000,3339.65000000,3324.60000000,3338.68000000,2781.89210000,1768362299999999,9272701.64906400,31009,1888.02000000,6293551.36615800,0
1768362300000000,3338.69000000,3352.18000000,3337.61000000,3351.95000000,4099.80430000,1768363199999999,13713491.09465400,32568,2511.31190000,8400392.59687100,0
1768363200000000,3351.94000000,3364.64000000,3341.57000000,3342.47000000,9240.34590000,1768364099999999,30973229.53688000,66306,4622.54930000,15498980.80012400,0
1768364100000000,3342.47000000,3346.66000000,3340.80000000,3345.67000000,2318.45720000,1768364999999999,7753360.48999700,27323,1170.58640000,3914426.67584400,0
1768365000000000,3345.66000000,3345.66000000,3337.57000000,3338.07000000,3459.25780000,1768365899999999,11560450.97228300,27358,1702.84400000,5690507.97059900,0
1768365900000000,3338.08000000,3339.99000000,3335.64000000,3338.90000000,2264.39040000,1768366799999999,7559790.41561400,20938,891.42670000,2975834.36750900,0
1768366800000000,3338.90000000,3338.96000000,3334.50000000,3335.88000000,2980.88870000,1768367699999999,9945324.40677700,29231,1196.47590000,3991613.57672700,0
1768367700000000,3335.88000000,3337.29000000,3325.72000000,3328.23000000,4462.03130000,1768368599999999,14860783.41404900,40018,1632.70180000,5436908.10407900,0
1768368600000000,3328.23000000,3339.23000000,3325.60000000,3332.19000000,4316.82650000,1768369499999999,14388980.73917000,34518,1958.43580000,6528469.80355400,0
1768369500000000,3332.18000000,3337.27000000,3329.50000000,3330.52000000,3149.10450000,1768370399999999,10495632.55246200,28959,1000.04160000,3333234.50944200,0
1768370400000000,3330.52000000,3330.52000000,3323.30000000,3329.11000000,5223.15500000,1768371299999999,17378907.98326800,48580,1833.33560000,6099913.81771600,0
1768371300000000,3329.10000000,3330.18000000,3322.01000000,3322.34000000,3005.90130000,1768372199999999,9993648.05874800,33789,1386.64670000,4609824.32809300,0
1768372200000000,3322.34000000,3333.87000000,3322.34000000,3333.72000000,4103.91730000,1768373099999999,13654930.25536700,33588,2458.63160000,8182128.79761900,0
1768373100000000,3333.72000000,3335.49000000,3331.15000000,3334.33000000,2734.65810000,1768373999999999,9116278.14446800,27427,1521.35760000,5071917.90684800,0
1768374000000000,3334.33000000,3342.83000000,3331.97000000,3333.66000000,7144.53020000,1768374899999999,23853463.13927100,38154,4436.25260000,14811069.30620400,0
1768374900000000,3333.65000000,3339.34000000,3330.32000000,3331.73000000,2389.91030000,1768375799999999,7969649.97528400,33063,1093.86090000,3647648.38501500,0
1768375800000000,3331.73000000,3332.44000000,3327.67000000,3330.00000000,3355.64940000,1768376699999999,11173992.72304800,29036,1700.35560000,5661835.96826900,0
1768376700000000,3329.99000000,3337.96000000,3329.99000000,3335.78000000,2987.22200000,1768377599999999,9961909.74235700,22059,1938.12240000,6462717.47354900,0
1768377600000000,3335.78000000,3341.60000000,3335.27000000,3341.05000000,2340.49500000,1768378499999999,7813943.63927400,29947,1490.40100000,4975726.76637000,0
1768378500000000,3341.06000000,3342.64000000,3336.84000000,3336.88000000,1802.97700000,1768379399999999,6021008.39713700,19369,988.02670000,3299932.87126800,0
1768379400000000,3336.88000000,3337.20000000,3327.57000000,3327.57000000,2796.67740000,1768380299999999,9320755.20775700,28772,1000.19180000,3333779.00630400,0
1768380300000000,3327.57000000,3330.75000000,3327.34000000,3327.35000000,1416.15750000,1768381199999999,4713970.47627200,19480,775.09160000,2580023.62738800,0
1768381200000000,3327.34000000,3333.13000000,3327.11000000,3331.32000000,4738.58290000,1768382099999999,15776759.86707800,34785,1315.56780000,4380356.13457500,0
1768382100000000,3331.33000000,3333.91000000,3329.04000000,3331.82000000,2559.13730000,1768382999999999,8525334.23867900,23026,1116.19750000,3718438.52018200,0
1768383000000000,3331.83000000,3335.19000000,3329.92000000,3330.05000000,1330.12570000,1768383899999999,4432129.64635100,15505,540.37020000,1800845.98697500,0
1768383900000000,3330.05000000,3331.21000000,3324.70000000,3328.32000000,1978.18000000,1768384799999999,6582318.98159200,17701,531.44450000,1768389.42045700,0
1768384800000000,3328.32000000,3331.85000000,3326.42000000,3331.46000000,1469.07260000,1768385699999999,4891118.09276000,17612,898.66630000,2992096.10308500,0
1768385700000000,3331.46000000,3333.19000000,3307.97000000,3315.46000000,10081.49490000,1768386599999999,33422380.20989200,71928,4113.15070000,13635207.65218400,0
1768386600000000,3315.45000000,3317.65000000,3304.06000000,3312.99000000,4874.12070000,1768387499999999,16141132.95140800,46917,2723.21820000,9019406.58859100,0
1768387500000000,3312.99000000,3318.99000000,3312.65000000,3312.99000000,3126.29720000,1768388399999999,10366470.20124200,29862,1596.51580000,5294044.62916500,0
1768388400000000,3312.99000000,3313.75000000,3295.12000000,3298.66000000,8317.78710000,1768389299999999,27461936.95495400,61862,3161.05720000,10436242.24578300,0
1768389300000000,3298.66000000,3299.54000000,3290.97000000,3297.74000000,3356.25940000,1768390199999999,11062166.14753400,47421,1337.03050000,4406590.81866800,0
1768390200000000,3297.75000000,3299.58000000,3287.72000000,3289.98000000,3548.72390000,1768391099999999,11681681.91715000,37485,1513.75500000,4982809.35551600,0
1768391100000000,3289.99000000,3291.32000000,3282.59000000,3286.22000000,5038.03260000,1768391999999999,16557725.69094300,44247,2310.13470000,7592021.89036300,0
1768392000000000,3286.22000000,3298.13000000,3280.48000000,3296.32000000,5048.79880000,1768392899999999,16610505.49962200,50275,2682.31120000,8825782.81396100,0
1768392900000000,3296.31000000,3298.80000000,3292.35000000,3294.31000000,1554.22730000,1768393799999999,5122067.26240500,20814,793.78480000,2616052.93677800,0
1768393800000000,3294.31000000,3299.24000000,3289.94000000,3294.76000000,1900.99170000,1768394699999999,6262747.04750900,29296,902.30440000,2973007.62640600,0
1768394700000000,3294.77000000,3296.82000000,3293.40000000,3296.44000000,1003.74740000,1768395599999999,3307682.51189500,15416,491.72990000,1620410.83602000,0
1768395600000000,3296.43000000,3297.58000000,3289.10000000,3294.64000000,4184.43940000,1768396499999999,13778356.27884700,37844,1123.42870000,3700051.94022200,0
1768396500000000,3294.63000000,3307.93000000,3293.58000000,3306.09000000,6021.69670000,1768397399999999,19891115.95772300,51190,3654.16430000,12071443.07363500,0
1768397400000000,3306.10000000,3307.67000000,3298.12000000,3302.32000000,2712.80570000,1768398299999999,8957907.92816000,46153,1091.95620000,3605605.78981400,0
1768398300000000,3302.31000000,3304.01000000,3295.96000000,3302.79000000,2945.20920000,1768399199999999,9717479.71227900,30386,1837.09120000,6061107.37760000,0
1768399200000000,3302.79000000,3313.38000000,3302.02000000,3311.53000000,3367.82580000,1768400099999999,11144075.13309500,51460,1925.15720000,6370182.62324900,0
1768400100000000,3311.53000000,3326.08000000,3310.23000000,3316.66000000,7610.92530000,1768400999999999,25265099.08323800,75761,4666.32820000,15491632.64365700,0
1768401000000000,3316.66000000,3330.83000000,3308.29000000,3320.99000000,11149.71930000,1768401899999999,37021328.26502100,160974,4545.61610000,15098202.21130900,0
1768401900000000,3321.02000000,3358.00000000,3320.00000000,3349.21000000,19775.37750000,1768402799999999,66140150.85857000,176933,11342.01900000,37932521.78585500,0
1768402800000000,3349.22000000,3362.17000000,3327.62000000,3360.35000000,16071.21420000,1768403699999999,53771010.41550500,173004,8232.92100000,27541649.59884000,0
1768403700000000,3360.35000000,3361.49000000,3350.00000000,3350.13000000,9395.20950000,1768404599999999,31512025.71613300,130524,4601.71930000,15435058.88234000,0
1768404600000000,3350.13000000,3359.96000000,3335.54000000,3335.99000000,10049.69340000,1768405499999999,33635001.45914000,115753,4986.27800000,16694440.18387300,0
1768405500000000,3336.00000000,3348.13000000,3331.15000000,3345.81000000,4764.44480000,1768406399999999,15920914.36300800,75749,2184.19820000,7298860.24057200,0
1768406400000000,3345.81000000,3372.96000000,3345.22000000,3369.05000000,12558.14950000,1768407299999999,42203060.48524100,109765,7353.76200000,24711534.35001600,0
1768407300000000,3369.05000000,3375.32000000,3362.26000000,3375.32000000,8611.88940000,1768408199999999,29019601.18297500,86749,4587.09010000,15459312.69652700,0
1768408200000000,3375.31000000,3402.89000000,3370.13000000,3385.37000000,23238.37720000,1768409099999999,78704346.78982400,159398,12622.17260000,42761970.90175300,0
1768409100000000,3385.37000000,3391.45000000,3363.35000000,3370.26000000,9615.24330000,1768409999999999,32457340.02028800,103573,3869.62530000,13067418.75884100,0
1768410000000000,3370.26000000,3381.32000000,3363.67000000,3377.73000000,6511.04000000,1768410899999999,21961333.40796500,77847,3563.54820000,12021007.81126300,0
1768410900000000,3377.73000000,3380.40000000,3369.18000000,3370.90000000,4540.20660000,1768411799999999,15319155.08591700,70105,1992.51920000,6723285.57325900,0
1768411800000000,3370.90000000,3370.90000000,3338.65000000,3352.06000000,10664.58130000,1768412699999999,35730171.81655600,103851,3918.00640000,13121290.18135200,0
1768412700000000,3352.06000000,3361.66000000,3338.51000000,3342.41000000,6891.67500000,1768413599999999,23072392.89224700,81139,3215.30380000,10766729.57158000,0
1768413600000000,3342.40000000,3351.44000000,3336.02000000,3339.75000000,3686.73860000,1768414499999999,12323079.36501700,71525,1711.71870000,5722412.90720400,0
1768414500000000,3339.72000000,3350.52000000,3325.58000000,3349.68000000,4464.57310000,1768415399999999,14899857.88153900,80698,2417.83070000,8072686.89243900,0
1768415400000000,3349.68000000,3354.16000000,3319.42000000,3320.85000000,7208.85140000,1768416299999999,23990343.61900100,109023,3310.20930000,11014715.99524400,0
1768416300000000,3320.84000000,3343.20000000,3315.51000000,3339.41000000,5462.22970000,1768417199999999,18186100.27448900,83199,3223.27530000,10731032.04898800,0
1768417200000000,3339.40000000,3350.91000000,3332.02000000,3350.11000000,5476.01890000,1768418099999999,18303341.95601900,73678,2948.71530000,9857519.33154800,0
1768418100000000,3350.11000000,3393.63000000,3348.31000000,3390.84000000,12860.31360000,1768418999999999,43319188.65920300,114337,8201.79770000,27627400.96532100,0
1768419000000000,3390.85000000,3400.01000000,3362.28000000,3370.39000000,9921.54370000,1768419899999999,33525225.54003200,119870,4931.55310000,16670273.01341200,0
1768419900000000,3370.40000000,3382.52000000,3361.96000000,3367.42000000,4721.19590000,1768420799999999,15918412.94161400,84798,1977.49790000,6669829.29817300,0
1768420800000000,3367.42000000,3392.94000000,3361.97000000,3381.65000000,7499.88400000,1768421699999999,25340913.89878000,108624,3939.11700000,13309233.10788600,0
1768421700000000,3381.66000000,3381.66000000,3363.03000000,3366.10000000,4686.94000000,1768422599999999,15804900.79444400,74227,1443.16070000,4866015.32336100,0
1768422600000000,3366.10000000,3383.28000000,3365.59000000,3374.99000000,3747.65550000,1768423499999999,12650577.26024000,77516,1842.74900000,6221397.07277700,0
1768423500000000,3375.00000000,3384.34000000,3367.48000000,3383.68000000,4955.86060000,1768424399999999,16727841.84560100,72098,2385.54250000,8055018.52358500,0
1768424400000000,3383.67000000,3383.67000000,3366.99000000,3369.55000000,3427.56050000,1768425299999999,11565745.63985000,56066,981.43260000,3312772.45399600,0
1768425300000000,3369.54000000,3376.19000000,3363.37000000,3372.52000000,2061.58860000,1768426199999999,6947452.27106700,35183,934.10720000,3148633.41209400,0
1768426200000000,3372.51000000,3378.79000000,3369.74000000,3370.74000000,1413.02880000,1768427099999999,4769170.19622200,25887,541.52250000,1828039.17916600,0
1768427100000000,3370.74000000,3374.26000000,3357.46000000,3372.99000000,4282.62760000,1768427999999999,14415006.02961700,40358,1841.83170000,6199237.94807500,0
1768428000000000,3372.99000000,3374.42000000,3363.60000000,3363.60000000,2609.38580000,1768428899999999,8789937.91748900,31096,1408.98870000,4746249.80311800,0
1768428900000000,3363.60000000,3369.26000000,3360.21000000,3361.29000000,2487.89430000,1768429799999999,8371112.70194100,29462,928.38810000,3123579.93670200,0
1768429800000000,3361.29000000,3362.61000000,3347.83000000,3352.82000000,4237.07530000,1768430699999999,14219583.53922900,39918,1742.28020000,5847421.81325200,0
1768430700000000,3352.82000000,3360.44000000,3348.20000000,3349.09000000,2565.20280000,1768431599999999,8604518.75691500,20762,1215.50490000,4078331.56145100,0
1768431600000000,3349.10000000,3364.81000000,3349.09000000,3363.50000000,2302.47560000,1768432499999999,7733325.24249200,34786,1334.01820000,4479888.08048200,0
1768432500000000,3363.49000000,3369.50000000,3355.96000000,3356.47000000,1899.01480000,1768433399999999,6383609.20559700,25763,692.21860000,2327619.28222100,0
1768433400000000,3356.46000000,3356.59000000,3349.96000000,3354.07000000,2168.34610000,1768434299999999,7272293.93252800,23522,659.07210000,2210338.74543600,0
1768434300000000,3354.07000000,3359.03000000,3353.32000000,3354.92000000,1652.80030000,1768435199999999,5547116.22460800,14388,639.84460000,2147527.97573100,0
1768435200000000,3354.92000000,3355.80000000,3343.29000000,3347.98000000,2973.77870000,1768436099999999,9955131.19136000,36090,1101.79230000,3688206.37696800,0
1768436100000000,3347.99000000,3348.66000000,3336.96000000,3341.16000000,2019.59880000,1768436999999999,6749254.22975100,31032,675.44590000,2256900.79185900,0
1768437000000000,3341.17000000,3342.25000000,3329.73000000,3332.96000000,3305.08000000,1768437899999999,11019329.33132700,38443,1199.93510000,4000201.65176800,0
1768437900000000,3332.97000000,3335.20000000,3318.73000000,3331.35000000,4619.38610000,1768438799999999,15376343.31566200,30872,1129.41000000,3759702.78461600,0
1768438800000000,3331.35000000,3342.85000000,3331.35000000,3333.35000000,2184.15530000,1768439699999999,7289441.88170700,39665,1130.35710000,3772714.80094200,0
1768439700000000,3333.35000000,3335.37000000,3323.70000000,3326.05000000,2166.08140000,1768440599999999,7211916.87933600,31826,761.32200000,2535054.65541700,0
1768440600000000,3326.05000000,3333.30000000,3317.18000000,3328.06000000,3475.13360000,1768441499999999,11555407.40534800,50796,1611.61970000,5360723.73745500,0
1768441500000000,3328.07000000,3329.75000000,3322.91000000,3325.04000000,2067.73980000,1768442399999999,6876771.02304100,31816,850.98110000,2830021.14431800,0
1768442400000000,3325.05000000,3332.42000000,3319.88000000,3320.89000000,2020.59500000,1768443299999999,6721608.42296100,30081,795.08200000,2645605.90793700,0
1768443300000000,3320.90000000,3328.09000000,3319.87000000,3323.01000000,1800.29910000,1768444199999999,5983527.14108200,32417,945.89680000,3143760.94527400,0
1768444200000000,3323.00000000,3326.56000000,3305.70000000,3317.41000000,5480.79330000,1768445099999999,18166902.79983700,62706,1942.66530000,6438254.63545300,0
1768445100000000,3317.41000000,3317.41000000,3308.99000000,3314.27000000,2404.76370000,1768445999999999,7965409.51059200,33518,978.61020000,3241248.30785800,0
1768446000000000,3314.28000000,3318.04000000,3310.70000000,3316.47000000,1659.49600000,1768446899999999,5500505.16847100,25983,771.15680000,2556345.78074500,0
1768446900000000,3316.47000000,3321.66000000,3290.68000000,3291.53000000,6227.40250000,1768447799999999,20565725.85922100,61433,1826.90330000,6034203.68895900,0
1768447800000000,3291.53000000,3298.52000000,3278.00000000,3284.26000000,10830.90510000,1768448699999999,35605325.17757600,83411,4299.58720000,14141307.91326300,0
1768448700000000,3284.27000000,3290.41000000,3280.64000000,3286.55000000,4328.85440000,1768449599999999,14227207.69069900,33041,2456.85620000,8076866.22494400,0
1768449600000000,3286.56000000,3295.87000000,3284.84000000,3294.16000000,2609.24940000,1768450499999999,8586965.60003500,33213,1605.12980000,5282155.90980700,0
1768450500000000,3294.15000000,3305.22000000,3292.55000000,3300.17000000,3364.65770000,1768451399999999,11098770.84424000,42564,1696.51260000,5598369.86916100,0
1768451400000000,3300.16000000,3306.26000000,3298.00000000,3306.10000000,1818.18490000,1768452299999999,6005799.40609400,32103,897.92520000,2966208.26755000,0
1768452300000000,3306.09000000,3308.46000000,3302.00000000,3305.16000000,1352.40430000,1768453199999999,4470810.65623700,25834,609.26920000,2014375.29600400,0
1768453200000000,3305.16000000,3313.49000000,3304.00000000,3309.05000000,4053.16890000,1768454099999999,13412542.80618700,35590,1911.72140000,6327059.91792900,0
1768454100000000,3309.04000000,3312.83000000,3307.01000000,3307.01000000,1600.37730000,1768454999999999,5297493.00336300,23772,561.91150000,1860092.86519300,0
1768455000000000,3307.00000000,3311.50000000,3302.58000000,3311.44000000,2108.19380000,1768455899999999,6973473.61442200,32833,870.59360000,2880166.61967700,0
1768455900000000,3311.45000000,3315.49000000,3310.59000000,3310.59000000,2057.92810000,1768456799999999,6818386.28406200,24459,951.24090000,3151664.17354100,0
1768456800000000,3310.60000000,3318.18000000,3309.64000000,3316.00000000,1481.53670000,1768457699999999,4911049.28160300,27890,933.55520000,3094469.94246600,0
1768457700000000,3316.00000000,3323.65000000,3315.99000000,3320.13000000,3704.02620000,1768458599999999,12300106.16498400,41057,1782.90100000,5919937.20170800,0
1768458600000000,3320.13000000,3321.00000000,3312.36000000,3312.67000000,1547.74970000,1768459499999999,5130670.31173200,24313,522.67560000,1732547.05500000,0
1768459500000000,3312.67000000,3318.17000000,3310.43000000,3315.99000000,2158.36170000,1768460399999999,7155202.02589400,23158,888.02810000,2944044.77274200,0
1768460400000000,3316.00000000,3319.69000000,3314.40000000,3317.22000000,1142.62260000,1768461299999999,3790493.80751400,24528,507.93770000,1684982.14745800,0
1768461300000000,3317.21000000,3328.29000000,3317.21000000,3326.18000000,2260.23540000,1768462199999999,7512319.76764800,34659,1302.80220000,4329271.47671600,0
1768462200000000,3326.17000000,3333.84000000,3322.56000000,3330.07000000,2882.34260000,1768463099999999,9592560.73877800,35059,1427.51480000,4751692.73908100,0
1768463100000000,3330.07000000,3335.15000000,3326.59000000,3330.00000000,2797.05950000,1768463999999999,9315612.48045100,27479,1113.38800000,3709509.80481800,0
1768464000000000,3329.99000000,3331.73000000,3322.70000000,3324.68000000,1882.08910000,1768464899999999,6263044.05121500,34550,674.59750000,2244755.28039200,0
1768464900000000,3324.68000000,3329.51000000,3321.62000000,3322.13000000,1779.33160000,1768465799999999,5916551.04095200,27855,780.95310000,2597129.60637200,0
1768465800000000,3322.14000000,3327.75000000,3320.17000000,3327.62000000,1436.01940000,1768466699999999,4771913.61054000,15614,579.88270000,1927578.05019600,0
1768466700000000,3327.64000000,3338.97000000,3327.64000000,3336.45000000,3552.75880000,1768467599999999,11845233.83485900,34346,2031.19970000,6771205.77119700,0
1768467600000000,3336.44000000,3338.97000000,3331.50000000,3331.51000000,1846.00000000,1768468499999999,6155786.11991600,24918,627.17660000,2091264.88534300,0
1768468500000000,3331.51000000,3347.88000000,3330.05000000,3345.44000000,3280.10480000,1768469399999999,10958566.40338200,41696,2039.52410000,6814759.32911900,0
1768469400000000,3345.43000000,3370.00000000,3341.03000000,3369.77000000,9873.33620000,1768470299999999,33150151.04109000,74051,5873.58330000,19721534.70248500,0
1768470300000000,3369.77000000,3375.00000000,3362.10000000,3365.99000000,7635.48010000,1768471199999999,25714686.14976700,63808,4298.85690000,14478734.21532600,0
1768471200000000,3365.99000000,3367.92000000,3357.18000000,3363.26000000,4122.27780000,1768472099999999,13863548.63629000,41086,2286.17360000,7689245.66987300,0
1768472100000000,3363.26000000,3378.75000000,3362.45000000,3365.32000000,5665.55180000,1768472999999999,19089157.35219600,51380,3102.37530000,10452565.24247200,0
1768473000000000,3365.32000000,3371.79000000,3364.00000000,3367.35000000,2636.48600000,1768473899999999,8877643.39069100,30633,1144.29790000,3853042.77486600,0
1768473900000000,3367.36000000,3370.50000000,3363.76000000,3364.11000000,1646.65860000,1768474799999999,5544725.50506600,20034,541.26790000,1822614.15176100,0
1768474800000000,3364.10000000,3365.88000000,3356.94000000,3358.55000000,3919.25560000,1768475699999999,13168328.00606600,28826,1332.51870000,4476825.69735900,0
1768475700000000,3358.56000000,3363.63000000,3356.94000000,3360.99000000,2182.64660000,1768476599999999,7335089.29925100,24868,969.81950000,3259478.45205100,0
1768476600000000,3360.98000000,3363.67000000,3347.81000000,3350.34000000,3487.03080000,1768477499999999,11692955.17794700,41332,1221.41520000,4095481.09993700,0
1768477500000000,3350.34000000,3352.89000000,3347.38000000,3349.96000000,1484.48440000,1768478399999999,4973035.55868900,23824,744.22890000,2493190.02770700,0
1768478400000000,3349.96000000,3356.10000000,3347.60000000,3355.10000000,2300.01480000,1768479299999999,7712052.56729200,31267,1380.02590000,4627455.93726300,0
1768479300000000,3355.10000000,3355.68000000,3344.07000000,3345.72000000,2313.41080000,1768480199999999,7747401.80107100,34969,1126.05870000,3771193.04496700,0
1768480200000000,3345.72000000,3359.54000000,3344.57000000,3358.39000000,2329.61940000,1768481099999999,7811978.09744600,26615,1504.06210000,5044087.93509000,0
1768481100000000,3358.39000000,3370.96000000,3357.84000000,3369.42000000,5308.88880000,1768481999999999,17870751.02990700,49992,2377.97550000,8002132.69036000,0
1768482000000000,3369.41000000,3370.25000000,3360.64000000,3361.00000000,5316.02030000,1768482899999999,17891956.24999000,31242,1216.90370000,4093795.84940500,0
1768482900000000,3361.00000000,3372.96000000,3361.00000000,3371.98000000,3213.18150000,1768483799999999,10821369.84306700,24378,1998.79440000,6729562.67339400,0
1768483800000000,3371.99000000,3374.56000000,3356.93000000,3368.56000000,4053.18140000,1768484699999999,13637641.22110200,57222,2237.63290000,7529624.40553800,0
1768484700000000,3368.56000000,3384.19000000,3368.56000000,3371.30000000,5872.76710000,1768485599999999,19834816.76867700,65941,3551.04230000,11995152.95603700,0
1768485600000000,3371.29000000,3382.83000000,3371.05000000,3380.96000000,2931.54760000,1768486499999999,9900576.75550900,50179,1845.98580000,6234747.80032800,0
1768486500000000,3380.95000000,3381.69000000,3364.52000000,3367.13000000,2891.22120000,1768487399999999,9751756.61995200,45515,998.15340000,3366355.87092400,0
1768487400000000,3367.12000000,3373.81000000,3333.33000000,3334.30000000,15080.94180000,1768488299999999,50524747.24243700,183897,6709.92040000,22479835.24133600,0
1768488300000000,3334.35000000,3358.69000000,3322.57000000,3342.31000000,13373.44480000,1768489199999999,44669234.76703800,169308,6360.87550000,21256475.12132900,0
1768489200000000,3342.30000000,3358.21000000,3335.85000000,3350.25000000,5937.44140000,1768490099999999,19875641.77000000,130647,2966.65500000,9931318.69880000,0
1768490100000000,3350.25000000,3354.26000000,3327.37000000,3332.55000000,6064.02280000,1768490999999999,20244616.10762400,123599,2553.41680000,8526230.36774200,0
1768491000000000,3332.54000000,3342.04000000,3317.57000000,3326.71000000,6517.75530000,1768491899999999,21685876.65185500,113018,3269.64840000,10878237.76412700,0
1768491900000000,3326.71000000,3331.84000000,3285.79000000,3330.65000000,25883.54560000,1768492799999999,85523830.64725000,204598,11609.19880000,38371309.98913800,0
1768492800000000,3330.66000000,3334.52000000,3310.00000000,3316.83000000,8179.14540000,1768493699999999,27154323.49442900,154330,3642.29350000,12093908.24654100,0
1768493700000000,3316.83000000,3326.69000000,3313.21000000,3317.12000000,4035.60210000,1768494599999999,13401459.32740400,81546,2160.91260000,7176775.09954700,0
1768494600000000,3317.12000000,3332.72000000,3313.96000000,3329.28000000,4335.74590000,1768495499999999,14400749.00040200,88452,2750.68590000,9136833.56201700,0
1768495500000000,3329.29000000,3335.53000000,3324.22000000,3330.71000000,4042.07090000,1768496399999999,13455483.33673100,74489,2080.93360000,6926984.18922900,0
1768496400000000,3330.71000000,3337.56000000,3317.82000000,3319.30000000,4584.15980000,1768497299999999,15248258.63438200,62992,2303.34390000,7663310.59907900,0
1768497300000000,3319.31000000,3329.00000000,3314.31000000,3328.87000000,6164.95430000,1768498199999999,20479596.91729200,54886,4469.27130000,14848406.47996700,0
1768498200000000,3328.87000000,3333.94000000,3325.13000000,3330.71000000,9309.86310000,1768499099999999,31000921.57103200,74340,6486.68410000,21600240.94296700,0
1768499100000000,3330.70000000,3333.32000000,3296.49000000,3301.46000000,10588.66260000,1768499999999999,35096916.49370300,97091,4014.43450000,13309877.10844100,0
1768500000000000,3301.46000000,3305.64000000,3286.10000000,3294.99000000,8339.54120000,1768500899999999,27485903.65801500,85018,3919.24040000,12915724.46805500,0
1768500900000000,3294.98000000,3302.53000000,3288.56000000,3300.23000000,10210.36310000,1768501799999999,33640549.79016500,77299,3215.93510000,10597123.35710200,0
1768501800000000,3300.24000000,3307.51000000,3273.72000000,3292.22000000,10112.76500000,1768502699999999,33230939.15700300,81584,3972.74630000,13052133.10988600,0
1768502700000000,3292.23000000,3293.99000000,3280.44000000,3288.39000000,3307.13940000,1768503599999999,10867685.09889400,52667,1494.69220000,4910919.12138000,0
1768503600000000,3288.38000000,3294.68000000,3276.96000000,3290.26000000,3936.38200000,1768504499999999,12933574.62407200,76865,1929.02090000,6339225.37241400,0
1768504500000000,3290.25000000,3298.61000000,3283.47000000,3288.66000000,2470.50340000,1768505399999999,8131862.98009600,66716,1176.14490000,3871885.06479100,0
1768505400000000,3288.65000000,3298.11000000,3281.18000000,3288.62000000,3854.17530000,1768506299999999,12682075.02862400,70118,1801.39430000,5929333.96072000,0
1768506300000000,3288.62000000,3301.95000000,3287.34000000,3295.48000000,2192.60790000,1768507199999999,7225016.31548500,47958,1218.02950000,4013825.38410200,0
1768507200000000,3295.47000000,3306.91000000,3293.33000000,3299.60000000,4319.77860000,1768508099999999,14254950.11879900,53683,1790.80890000,5910860.00888800,0
1768508100000000,3299.61000000,3300.27000000,3284.72000000,3286.88000000,3722.66760000,1768508999999999,12258628.07395400,45812,923.03940000,3040034.74008500,0
1768509000000000,3286.89000000,3294.00000000,3282.09000000,3283.33000000,3471.39790000,1768509899999999,11412980.24792000,40126,1272.65140000,4184672.37027900,0
1768509900000000,3283.34000000,3289.22000000,3276.70000000,3288.23000000,3716.45380000,1768510799999999,12203782.48535100,40006,1548.90460000,5087854.02146600,0
1768510800000000,3288.23000000,3296.82000000,3284.28000000,3292.52000000,2556.19860000,1768511699999999,8416286.29925300,35185,1397.73170000,4602659.22025000,0
1768511700000000,3292.52000000,3299.95000000,3292.30000000,3298.66000000,819.02000000,1768512599999999,2700130.13482400,11760,527.83040000,1740107.93757900,0
1768512600000000,3298.65000000,3300.70000000,3296.01000000,3300.38000000,755.91980000,1768513499999999,2493471.64915700,16234,408.64620000,1348126.56507700,0
1768513500000000,3300.38000000,3305.82000000,3298.26000000,3299.14000000,1214.23200000,1768514399999999,4009685.65307000,18533,754.88550000,2493032.79506300,0
1768514400000000,3299.13000000,3306.51000000,3296.33000000,3300.52000000,1639.49560000,1768515299999999,5413637.07049300,21799,732.60970000,2419558.74822400,0
1768515300000000,3300.51000000,3311.11000000,3296.65000000,3308.26000000,1989.77710000,1768516199999999,6576459.97426100,34834,1272.86700000,4207641.36306200,0
1768516200000000,3308.27000000,3319.24000000,3307.96000000,3310.04000000,3313.95580000,1768517099999999,10980282.89863200,38228,1747.17420000,5788899.72578700,0
1768517100000000,3310.04000000,3312.97000000,3304.01000000,3309.11000000,1243.58640000,1768517999999999,4114518.86773600,25645,563.00730000,1862672.55722300,0
1768518000000000,3309.11000000,3312.53000000,3302.24000000,3311.67000000,1467.31080000,1768518899999999,4851713.81813300,25601,673.56840000,2227546.92699700,0
1768518900000000,3311.67000000,3316.04000000,3309.82000000,3312.98000000,1136.35670000,1768519799999999,3765597.69480000,18271,550.66860000,1824716.51570100,0
1768519800000000,3312.97000000,3313.57000000,3309.37000000,3312.96000000,702.02160000,1768520699999999,2325091.25762600,14330,280.33310000,928478.79974900,0
1768520700000000,3312.96000000,3323.32000000,3312.92000000,3318.69000000,1943.30450000,1768521599999999,6448991.75513300,17143,1010.64340000,3353548.34594000,0
1768521600000000,3318.70000000,3323.82000000,3316.86000000,3317.71000000,994.18940000,1768522499999999,3301587.36157700,25354,468.65680000,1556291.55852900,0
1768522500000000,3317.72000000,3322.41000000,3317.53000000,3320.63000000,689.31540000,1768523399999999,2288739.17147800,17831,353.06010000,1172228.48619300,0
1768523400000000,3320.63000000,3326.79000000,3319.61000000,3325.37000000,1171.43600000,1768524299999999,3894335.39583000,24406,686.91610000,2283566.02031500,0
1768524300000000,3325.37000000,3325.66000000,3315.98000000,3317.20000000,1298.52080000,1768525199999999,4311824.35148400,17810,426.93340000,1417877.30984700,0
1768525200000000,3317.21000000,3317.56000000,3301.99000000,3305.54000000,2641.16900000,1768526099999999,8740167.76965100,33299,807.22570000,2670435.63446300,0
1768526100000000,3305.55000000,3311.32000000,3303.94000000,3310.86000000,992.72840000,1768526999999999,3283398.80974800,25455,495.10160000,1637643.62791300,0
1768527000000000,3310.85000000,3321.51000000,3310.85000000,3313.78000000,1417.50550000,1768527899999999,4701552.49638500,28320,914.05990000,3031708.19435800,0
1768527900000000,3313.79000000,3319.10000000,3313.79000000,3313.84000000,836.77350000,1768528799999999,2775797.88861100,15623,320.37550000,1062590.43619900,0
1768528800000000,3313.85000000,3313.85000000,3296.54000000,3300.35000000,3384.38740000,1768529699999999,11178507.49163300,51982,1031.05300000,3404002.64130500,0
1768529700000000,3300.35000000,3309.08000000,3291.89000000,3308.57000000,3573.80830000,1768530599999999,11789933.64257500,45753,2178.16270000,7186525.69728800,0
1768530600000000,3308.58000000,3308.58000000,3298.82000000,3299.99000000,1883.40790000,1768531499999999,6220809.82553600,26136,1281.32400000,4232249.32789600,0
1768531500000000,3299.99000000,3304.13000000,3299.32000000,3303.63000000,1638.64230000,1768532399999999,5409708.57766300,19732,1151.49530000,3801045.30065500,0
1768532400000000,3303.63000000,3307.96000000,3303.56000000,3306.00000000,1122.69690000,1768533299999999,3711672.88927200,20966,575.25750000,1901963.80278500,0
1768533300000000,3306.00000000,3306.33000000,3301.65000000,3303.22000000,1252.67430000,1768534199999999,4138800.80270300,28453,676.66080000,2235750.80937200,0
1768534200000000,3303.22000000,3303.22000000,3295.64000000,3299.11000000,1844.83140000,1768535099999999,6086876.11846000,21769,342.48400000,1129874.94656900,0
1768535100000000,3299.11000000,3299.80000000,3294.64000000,3295.21000000,1490.60300000,1768535999999999,4915413.68149200,16303,390.89180000,1289107.54993100,0
1768536000000000,3295.22000000,3298.67000000,3293.78000000,3298.48000000,930.85430000,1768536899999999,3068140.66322400,15399,366.76490000,1208909.90033100,0
1768536900000000,3298.47000000,3305.00000000,3297.66000000,3298.17000000,1723.48990000,1768537799999999,5690204.51669800,18767,908.74640000,3000346.34228500,0
1768537800000000,3298.17000000,3300.12000000,3277.04000000,3283.68000000,6885.40410000,1768538699999999,22620879.45180900,48180,2152.36590000,7067905.16621400,0
1768538700000000,3283.67000000,3288.22000000,3279.58000000,3287.97000000,2065.86920000,1768539599999999,6783759.93545000,24186,891.11520000,2926798.71191000,0
1768539600000000,3287.97000000,3294.90000000,3284.22000000,3292.78000000,2989.49150000,1768540499999999,9831030.91757700,28647,1577.25380000,5187551.15681200,0
1768540500000000,3292.78000000,3294.33000000,3288.56000000,3291.34000000,2037.10330000,1768541399999999,6704841.46326200,22672,1194.11570000,3930425.13190700,0
1768541400000000,3291.34000000,3313.94000000,3291.33000000,3311.27000000,4805.62100000,1768542299999999,15873391.18650000,36851,3073.26010000,10150791.10185000,0
1768542300000000,3311.27000000,3316.00000000,3308.51000000,3309.23000000,3502.79230000,1768543199999999,11599464.31771000,35135,1542.05570000,5106559.43675200,0
1768543200000000,3309.23000000,3311.80000000,3303.96000000,3304.76000000,3047.64950000,1768544099999999,10082308.60358200,28161,1374.17990000,4546888.75462000,0
1768544100000000,3304.75000000,3310.27000000,3302.70000000,3308.58000000,1360.03630000,1768544999999999,4497393.38108300,11490,610.31840000,2017956.80016000,0
1768545000000000,3308.59000000,3316.77000000,3308.11000000,3315.08000000,2155.53580000,1768545899999999,7140998.46690100,16737,1370.95090000,4541744.00280400,0
1768545900000000,3315.08000000,3316.99000000,3312.61000000,3313.99000000,1458.96790000,1768546799999999,4836073.17783100,13968,558.49460000,1851263.61919900,0
1768546800000000,3314.00000000,3316.00000000,3311.49000000,3315.59000000,958.46360000,1768547699999999,3176130.51531300,15247,514.41390000,1704596.88074900,0
1768547700000000,3315.59000000,3315.59000000,3307.28000000,3307.71000000,965.60900000,1768548599999999,3197876.77791100,17945,200.56600000,664437.26158800,0
1768548600000000,3307.70000000,3307.71000000,3302.21000000,3304.28000000,2458.68880000,1768549499999999,8125345.34867100,26871,731.23600000,2416564.66040100,0
1768549500000000,3304.28000000,3310.01000000,3304.28000000,3309.41000000,1810.21690000,1768550399999999,5987018.06561900,15118,529.63230000,1751745.53631100,0
1768550400000000,3309.42000000,3319.97000000,3308.53000000,3318.63000000,2384.19700000,1768551299999999,7902459.84747200,33340,1521.37820000,5042859.52087900,0
1768551300000000,3318.63000000,3319.08000000,3313.53000000,3317.23000000,2036.87000000,1768552199999999,6755751.85318200,25068,879.23620000,2916103.89023000,0
1768552200000000,3317.23000000,3319.12000000,3311.90000000,3316.90000000,1256.31630000,1768553099999999,4165859.98335500,30920,464.70600000,1540899.45868100,0
1768553100000000,3316.91000000,3317.52000000,3312.79000000,3313.35000000,1196.26790000,1768553999999999,3965676.63805500,23525,598.75830000,1984874.40556600,0
1768554000000000,3313.36000000,3316.52000000,3311.49000000,3312.92000000,1233.21210000,1768554899999999,4086683.13468900,25130,656.24470000,2174581.69491400,0
1768554900000000,3312.92000000,3312.92000000,3307.96000000,3311.95000000,1588.42190000,1768555799999999,5257441.75815500,23122,663.41610000,2195617.19685200,0
1768555800000000,3311.95000000,3312.53000000,3308.87000000,3310.88000000,1979.89250000,1768556699999999,6554748.34064800,20735,598.93560000,1982970.13736300,0
1768556700000000,3310.89000000,3312.00000000,3307.09000000,3307.44000000,731.68540000,1768557599999999,2421704.09896100,18725,274.27190000,907849.15889500,0
1768557600000000,3307.44000000,3308.72000000,3302.21000000,3306.39000000,1669.94820000,1768558499999999,5520147.89809400,22556,718.89690000,2376366.38569900,0
1768558500000000,3306.39000000,3306.39000000,3302.37000000,3304.48000000,1240.74580000,1768559399999999,4099745.27322700,17485,515.24760000,1702402.84903300,0
1768559400000000,3304.48000000,3304.48000000,3295.46000000,3299.34000000,2233.31730000,1768560299999999,7368631.34452100,25210,910.04680000,3002424.65808700,0
1768560300000000,3299.34000000,3301.30000000,3294.49000000,3297.75000000,2456.98380000,1768561199999999,8104761.82654500,25971,531.05200000,1751453.11707000,0
1768561200000000,3297.75000000,3301.89000000,3294.76000000,3297.85000000,1085.11000000,1768562099999999,3579354.23301700,23528,464.91530000,1533620.37905700,0
1768562100000000,3297.85000000,3302.78000000,3293.33000000,3301.67000000,1521.77910000,1768562999999999,5018942.72107200,26681,812.48480000,2679822.42446800,0
1768563000000000,3301.68000000,3306.62000000,3298.34000000,3298.43000000,1507.40890000,1768563899999999,4979488.86825400,25287,786.77940000,2599381.33141900,0
1768563900000000,3298.42000000,3304.60000000,3297.69000000,3301.94000000,865.62250000,1768564799999999,2857739.35639900,19421,304.04610000,1003897.53894100,0
1768564800000000,3301.94000000,3307.13000000,3300.49000000,3307.13000000,844.06310000,1768565699999999,2788796.41990000,21542,397.77680000,1314391.01473400,0
1768565700000000,3307.13000000,3313.33000000,3306.53000000,3311.67000000,1515.50990000,1768566599999999,5016701.66075200,20066,767.93940000,2541957.62229200,0
1768566600000000,3311.66000000,3314.26000000,3307.14000000,3312.18000000,1589.58960000,1768567499999999,5261828.29607100,22752,586.81440000,1942389.17463300,0
1768567500000000,3312.19000000,3313.32000000,3304.14000000,3308.87000000,1027.90550000,1768568399999999,3400036.97998300,22587,501.71120000,1659464.20179800,0
1768568400000000,3308.88000000,3309.87000000,3303.63000000,3309.87000000,578.77830000,1768569299999999,1913637.84199600,19206,284.75820000,941512.67696900,0
1768569300000000,3309.87000000,3310.54000000,3302.76000000,3308.65000000,1553.55330000,1768570199999999,5137627.69475700,19986,647.30310000,2140654.39947400,0
1768570200000000,3308.65000000,3310.27000000,3295.52000000,3304.40000000,2742.50730000,1768571099999999,9059482.80684900,42535,1214.13670000,4010808.87519900,0
1768571100000000,3304.39000000,3309.25000000,3303.91000000,3307.65000000,731.70840000,1768571999999999,2419670.90696400,19348,452.10620000,1495140.17191700,0
1768572000000000,3307.65000000,3313.76000000,3302.79000000,3303.55000000,1672.91880000,1768572899999999,5532414.79942500,37620,597.89260000,1977767.31405700,0
1768572900000000,3303.54000000,3314.90000000,3302.30000000,3314.90000000,1778.99430000,1768573799999999,5884566.97201400,36268,1078.20910000,3567558.80453000,0
1768573800000000,3314.90000000,3318.61000000,3290.64000000,3294.77000000,8067.03630000,1768574699999999,26656821.19916100,172380,3502.43930000,11571807.15784600,0
1768574700000000,3294.77000000,3305.65000000,3290.70000000,3294.12000000,3604.64160000,1768575599999999,11889710.11187100,94453,1978.68030000,6528287.41813600,0
1768575600000000,3294.12000000,3311.36000000,3287.18000000,3308.45000000,6108.54030000,1768576499999999,20156522.50101500,125314,3303.25940000,10905678.80507700,0
1768576500000000,3308.45000000,3311.19000000,3284.28000000,3289.08000000,6140.73910000,1768577399999999,20229797.73265200,143675,2478.86010000,8168386.16801600,0
1768577400000000,3289.07000000,3293.51000000,3258.76000000,3269.17000000,17892.70910000,1768578299999999,58565322.25950600,192562,8367.84300000,27386188.43861200,0
1768578300000000,3269.17000000,3269.76000000,3253.01000000,3264.18000000,9956.99740000,1768579199999999,32462949.71926300,156543,5124.24440000,16706615.35494800,0
1768579200000000,3264.17000000,3272.92000000,3259.83000000,3272.29000000,5608.00710000,1768580099999999,18327301.36891400,114360,3633.69090000,11876573.87768600,0
1768580100000000,3272.28000000,3283.69000000,3260.33000000,3279.02000000,9675.52330000,1768580999999999,31713521.29148900,94710,5335.47810000,17490866.71380700,0
1768581000000000,3279.02000000,3284.23000000,3272.31000000,3281.62000000,4344.92000000,1768581899999999,14248947.79373700,63017,2474.06290000,8113990.01039600,0
1768581900000000,3281.62000000,3288.00000000,3275.99000000,3279.03000000,3224.07500000,1768582799999999,10584827.40434100,52857,1510.82130000,4960565.12178200,0
1768582800000000,3279.03000000,3279.57000000,3271.12000000,3276.79000000,2033.62360000,1768583699999999,6660028.78938900,41525,848.99510000,2780166.42155300,0
1768583700000000,3276.78000000,3281.06000000,3266.52000000,3274.13000000,2696.38140000,1768584599999999,8826694.54076100,48899,1607.62170000,5263057.99980700,0
1768584600000000,3274.12000000,3284.53000000,3273.69000000,3284.11000000,2162.03040000,1768585499999999,7090239.54647800,51258,1517.30980000,4975962.75076100,0
1768585500000000,3284.11000000,3286.54000000,3276.88000000,3284.22000000,1408.67640000,1768586399999999,4622272.54289800,39434,595.69860000,1954948.73346800,0
1768586400000000,3284.21000000,3288.42000000,3280.55000000,3280.83000000,1601.46030000,1768587299999999,5261074.57441800,46118,687.76270000,2259700.86753800,0
1768587300000000,3280.84000000,3285.96000000,3278.11000000,3284.09000000,1338.65690000,1768588199999999,4394254.44126400,42092,835.19340000,2741962.89226400,0
1768588200000000,3284.08000000,3286.62000000,3281.96000000,3284.00000000,792.12240000,1768589099999999,2601632.70132600,32961,393.87060000,1293624.23851400,0
1768589100000000,3284.00000000,3286.12000000,3278.08000000,3279.11000000,1284.12280000,1768589999999999,4214004.93811900,29910,862.61160000,2830731.89448100,0
1768590000000000,3279.11000000,3279.51000000,3275.00000000,3275.19000000,1026.67760000,1768590899999999,3364347.15539500,30073,464.47810000,1522171.32810300,0
1768590900000000,3275.19000000,3276.03000000,3269.17000000,3270.13000000,952.51430000,1768591799999999,3117132.16060400,31761,320.53380000,1048973.30895900,0
1768591800000000,3270.12000000,3277.87000000,3270.00000000,3273.00000000,1075.49240000,1768592699999999,3522322.20069800,45479,695.44420000,2277448.30443200,0
1768592700000000,3272.99000000,3277.24000000,3270.99000000,3276.94000000,1494.60210000,1768593599999999,4893948.16276400,24401,823.18030000,2695611.44248700,0
1768593600000000,3276.94000000,3277.30000000,3264.42000000,3273.20000000,2239.78720000,1768594499999999,7323061.10347500,41613,1167.10800000,3815604.57670100,0
1768594500000000,3273.21000000,3286.29000000,3271.54000000,3285.27000000,3431.01550000,1768595399999999,11252009.83709000,38428,2490.03640000,8167516.99778600,0
1768595400000000,3285.28000000,3288.18000000,3282.69000000,3288.17000000,1924.23690000,1768596299999999,6321881.47927400,37398,1136.55710000,3734175.87003800,0
1768596300000000,3288.17000000,3294.00000000,3285.00000000,3292.82000000,2559.93520000,1768597199999999,8419369.54269900,42047,1322.75210000,4350330.22424200,0
1768597200000000,3292.82000000,3299.04000000,3290.50000000,3290.50000000,2962.51640000,1768598099999999,9763873.51213500,47017,1750.74090000,5770239.50840400,0
1768598100000000,3290.50000000,3293.53000000,3288.62000000,3292.48000000,1810.82850000,1768598999999999,5958920.15350800,20186,1283.24110000,4222725.65452000,0
1768599000000000,3292.49000000,3298.83000000,3290.64000000,3295.43000000,1374.36830000,1768599899999999,4529171.24516800,26812,734.71580000,2421070.51071700,0
1768599900000000,3295.42000000,3297.36000000,3293.95000000,3293.97000000,1054.29130000,1768600799999999,3474579.23991200,17789,485.40020000,1599586.37880500,0
1768600800000000,3293.97000000,3295.43000000,3283.36000000,3287.81000000,1598.22950000,1768601699999999,5254650.84307500,23546,324.99830000,1068858.83226300,0
1768601700000000,3287.80000000,3290.77000000,3286.73000000,3288.26000000,1049.34760000,1768602599999999,3451684.85523600,14294,446.37060000,1468252.21729200,0
1768602600000000,3288.27000000,3289.51000000,3283.00000000,3287.58000000,989.52330000,1768603499999999,3251806.02389000,15267,442.65630000,1454484.56080700,0
1768603500000000,3287.58000000,3295.43000000,3285.40000000,3294.10000000,2004.61350000,1768604399999999,6598688.03743800,18734,1225.82870000,4035141.46561100,0
1768604400000000,3294.10000000,3297.58000000,3292.45000000,3297.38000000,1321.28280000,1768605299999999,4353238.86454800,23107,738.92650000,2434876.23276300,0
1768605300000000,3297.38000000,3299.89000000,3295.35000000,3298.31000000,984.54180000,1768606199999999,3247149.78943400,17601,579.08440000,1909961.49418700,0
1768606200000000,3298.30000000,3299.89000000,3294.42000000,3294.99000000,1051.33500000,1768607099999999,3465769.88238200,14162,450.70680000,1485555.25536300,0
1768607100000000,3295.00000000,3298.19000000,3295.00000000,3296.28000000,664.59490000,1768607999999999,2191096.58691000,13285,293.76720000,968491.51949800,0
1768608000000000,3296.28000000,3297.34000000,3291.53000000,3293.86000000,774.76220000,1768608899999999,2551948.00776400,15818,291.97700000,961745.89694700,0
1768608900000000,3293.86000000,3295.53000000,3292.30000000,3292.30000000,959.77300000,1768609799999999,3160964.89194600,15555,231.62680000,762908.11496100,0
1768609800000000,3292.30000000,3294.29000000,3289.96000000,3292.39000000,672.70840000,1768610699999999,2214205.29141900,15890,321.38440000,1057888.58568900,0
1768610700000000,3292.39000000,3292.98000000,3291.33000000,3292.91000000,242.69750000,1768611599999999,799029.73901200,9653,112.13060000,369162.95926200,0
1768611600000000,3292.91000000,3295.00000000,3291.08000000,3293.70000000,438.13760000,1768612499999999,1442977.80571700,11560,208.70920000,687365.46745400,0
1768612500000000,3293.70000000,3295.72000000,3291.33000000,3292.72000000,2073.16740000,1768613399999999,6826916.36365000,7852,582.23110000,1916965.69294200,0
1768613400000000,3292.71000000,3293.35000000,3287.87000000,3289.24000000,1523.48550000,1768614299999999,5012638.60654300,14647,511.85300000,1683989.63218600,0
1768614300000000,3289.24000000,3290.96000000,3288.19000000,3290.68000000,291.56960000,1768615199999999,959255.95834700,7713,153.57360000,505248.43585100,0
1768615200000000,3290.68000000,3291.01000000,3285.48000000,3287.02000000,1053.04200000,1768616099999999,3462171.38182100,11024,281.63880000,925839.81329700,0
1768616100000000,3287.02000000,3288.04000000,3284.67000000,3285.39000000,863.36480000,1768616999999999,2837347.20599000,9341,335.00080000,1100979.08455700,0
1768617000000000,3285.39000000,3289.13000000,3283.96000000,3287.32000000,450.21110000,1768617899999999,1479585.01928900,12175,194.92590000,640607.68696100,0
1768617900000000,3287.32000000,3292.64000000,3287.10000000,3292.24000000,312.42240000,1768618799999999,1028053.77899800,9626,182.02750000,598940.52612300,0
1768618800000000,3292.25000000,3292.25000000,3290.00000000,3291.33000000,289.17530000,1768619699999999,951679.57440100,6484,198.04520000,651743.04815900,0
1768619700000000,3291.33000000,3291.88000000,3290.47000000,3290.94000000,234.21350000,1768620599999999,770800.91266100,5270,136.08390000,447830.48461300,0
1768620600000000,3290.94000000,3290.94000000,3287.60000000,3290.48000000,326.71760000,1768621499999999,1074502.80758000,8920,173.71450000,571283.50690000,0
1768621500000000,3290.47000000,3292.30000000,3288.97000000,3289.32000000,797.10280000,1768622399999999,2623260.41523800,9278,373.31490000,1228632.36859100,0
1768622400000000,3289.33000000,3289.33000000,3287.09000000,3287.92000000,725.66780000,1768623299999999,2386160.93760600,8020,234.91780000,772443.67962900,0
1768623300000000,3287.91000000,3288.50000000,3285.99000000,3288.50000000,376.42450000,1768624199999999,1237336.03122500,6528,159.70180000,524937.11006300,0
1768624200000000,3288.49000000,3289.20000000,3286.63000000,3289.19000000,372.43050000,1768625099999999,1224510.31997300,4600,101.81010000,334757.51953800,0
1768625100000000,3289.20000000,3292.62000000,3289.19000000,3292.14000000,777.27960000,1768625999999999,2558693.94586700,6054,598.42100000,1969918.70974100,0
1768626000000000,3292.14000000,3294.12000000,3290.29000000,3290.30000000,896.89810000,1768626899999999,2952545.36079600,11934,542.88010000,1787117.94911400,0
1768626900000000,3290.30000000,3292.06000000,3289.75000000,3291.44000000,196.64050000,1768627799999999,647114.32429700,7875,94.43510000,310759.40468100,0
1768627800000000,3291.45000000,3294.00000000,3290.47000000,3293.99000000,397.79610000,1768628699999999,1309451.13794400,5738,239.87490000,789691.41239700,0
1768628700000000,3293.99000000,3294.00000000,3291.55000000,3291.56000000,403.47360000,1768629599999999,1328564.61651300,4682,80.50590000,265056.20681400,0
1768629600000000,3291.55000000,3291.56000000,3288.45000000,3289.56000000,457.53760000,1768630499999999,1505378.64874900,8569,175.76540000,578294.06500400,0
1768630500000000,3289.55000000,3289.56000000,3286.99000000,3288.82000000,1145.23570000,1768631399999999,3765204.82490000,6469,537.29030000,1766295.67299300,0
1768631400000000,3288.82000000,3293.32000000,3288.28000000,3290.47000000,414.48000000,1768632299999999,1364206.50131800,6737,252.16990000,830088.98102300,0
1768632300000000,3290.48000000,3291.63000000,3289.62000000,3291.40000000,185.82730000,1768633199999999,611489.80231900,4470,100.26540000,329923.40573000,0
1768633200000000,3291.41000000,3291.41000000,3287.38000000,3289.97000000,369.50130000,1768634099999999,1215313.26696300,13406,159.91220000,525923.67749700,0
1768634100000000,3289.98000000,3292.26000000,3289.77000000,3291.57000000,405.77700000,1768634999999999,1335384.98408200,7805,197.80920000,650972.33056200,0
1768635000000000,3291.57000000,3292.57000000,3290.58000000,3291.45000000,443.09700000,1768635899999999,1458541.39664600,5509,194.43550000,640003.33045200,0
1768635900000000,3291.45000000,3291.64000000,3289.39000000,3291.57000000,457.39000000,1768636799999999,1505145.55168800,8213,231.28460000,761048.90615300,0
1768636800000000,3291.56000000,3294.07000000,3289.01000000,3293.15000000,612.17030000,1768637699999999,2015535.17411900,11133,209.94620000,691153.46559500,0
1768637700000000,3293.16000000,3295.00000000,3291.96000000,3294.88000000,939.93080000,1768638599999999,3096050.81292300,10643,470.90580000,1551172.32327500,0
1768638600000000,3294.88000000,3296.60000000,3294.72000000,3294.72000000,1196.25150000,1768639499999999,3942424.04790100,12160,563.96480000,1858681.99786200,0
1768639500000000,3294.72000000,3296.48000000,3294.72000000,3296.48000000,1252.43560000,1768640399999999,4127864.76892600,6738,505.92450000,1667449.72117200,0
1768640400000000,3296.48000000,3296.60000000,3294.28000000,3294.29000000,400.76270000,1768641299999999,1320943.18796000,5234,111.70360000,368200.52642400,0
1768641300000000,3294.29000000,3296.38000000,3293.47000000,3296.37000000,344.54560000,1768642199999999,1135145.52965900,6702,179.03470000,589856.97306800,0
1768642200000000,3296.38000000,3303.77000000,3294.94000000,3301.18000000,2378.29360000,1768643099999999,7848455.41748500,24314,1537.82620000,5075125.44221900,0
1768643100000000,3301.18000000,3302.09000000,3298.75000000,3298.75000000,1448.22810000,1768643999999999,4780366.00313000,12232,901.42730000,2975537.41543500,0
1768644000000000,3298.76000000,3300.50000000,3297.52000000,3300.50000000,742.64270000,1768644899999999,2450041.90043100,10148,379.02740000,1250517.22881400,0
1768644900000000,3300.50000000,3301.05000000,3297.19000000,3297.86000000,462.79910000,1768645799999999,1526935.02292800,7731,196.23580000,647493.12972600,0
1768645800000000,3297.85000000,3297.86000000,3295.28000000,3296.33000000,615.85840000,1768646699999999,2030011.30546900,8673,277.38560000,914234.28149900,0
1768646700000000,3296.34000000,3296.65000000,3295.51000000,3296.64000000,594.45190000,1768647599999999,1959492.96269500,6814,304.57780000,1003964.71645300,0
1768647600000000,3296.64000000,3298.97000000,3292.45000000,3298.96000000,3369.96540000,1768648499999999,11104586.27053400,15438,1286.63020000,4240293.05389800,0
1768648500000000,3298.97000000,3301.42000000,3298.56000000,3301.06000000,2486.00610000,1768649399999999,8202555.15542000,9041,2286.31670000,7543565.80698100,0
1768649400000000,3301.07000000,3305.32000000,3299.79000000,3302.39000000,2000.75530000,1768650299999999,6607133.69341800,15255,1463.83160000,4833652.80461700,0
1768650300000000,3302.40000000,3303.47000000,3300.26000000,3302.72000000,620.98450000,1768651199999999,2050533.59688400,9971,379.27670000,1252475.13390900,0
1768651200000000,3302.72000000,3304.83000000,3301.28000000,3304.82000000,353.28760000,1768652099999999,1166979.21882800,7314,195.95970000,647295.87918600,0
1768652100000000,3304.82000000,3306.39000000,3300.40000000,3301.57000000,1630.40520000,1768652999999999,5384312.34369400,14647,493.19260000,1628955.51556000,0
1768653000000000,3301.57000000,3303.78000000,3300.73000000,3303.78000000,503.57970000,1768653899999999,1662816.73387600,7096,367.57960000,1213772.56393700,0
1768653900000000,3303.78000000,3303.78000000,3301.96000000,3302.89000000,411.04220000,1768654799999999,1357580.81797900,6736,230.98930000,762895.04513100,0
1768654800000000,3302.89000000,3302.90000000,3299.77000000,3301.16000000,588.56190000,1768655699999999,1942937.25683900,9092,236.18000000,779584.60932900,0
1768655700000000,3301.17000000,3303.95000000,3301.11000000,3302.79000000,707.79660000,1768656599999999,2337640.28829500,10661,491.87310000,1624505.86186300,0
1768656600000000,3302.78000000,3304.53000000,3300.96000000,3303.42000000,832.84840000,1768657499999999,2750510.67098600,14877,503.19670000,1661681.57764000,0
1768657500000000,3303.42000000,3304.78000000,3302.73000000,3303.88000000,446.65250000,1768658399999999,1475604.65103400,5620,189.96980000,627576.43787900,0
1768658400000000,3303.88000000,3308.43000000,3301.62000000,3307.87000000,1089.52260000,1768659299999999,3601408.79691500,12582,677.40280000,2239050.79458800,0
1768659300000000,3307.88000000,3311.46000000,3306.04000000,3308.11000000,2484.95050000,1768660199999999,8220757.62501800,24402,1631.56880000,5397994.45288200,0
1768660200000000,3308.10000000,3312.00000000,3306.48000000,3306.96000000,1267.16540000,1768661099999999,4192591.69148200,18947,619.08790000,2048272.86980500,0
1768661100000000,3306.96000000,3311.32000000,3306.95000000,3310.45000000,1186.25230000,1768661999999999,3924997.78390800,12786,711.67550000,2354568.40278300,0
1768662000000000,3310.45000000,3316.19000000,3308.20000000,3315.10000000,4266.93710000,1768662899999999,14138756.74807600,26194,3084.78360000,10221255.03408400,0
1768662900000000,3315.11000000,3324.48000000,3313.96000000,3318.57000000,6538.09000000,1768663799999999,21701542.87799400,31516,4239.61130000,14071027.32655800,0
1768663800000000,3318.57000000,3329.62000000,3318.00000000,3329.10000000,9337.28890000,1768664699999999,31037698.74923900,46501,6781.30610000,22538663.60199200,0
1768664700000000,3329.10000000,3330.07000000,3322.28000000,3329.95000000,10877.22940000,1768665599999999,36188795.30123400,53048,6553.25720000,21798837.98597100,0
1768665600000000,3329.95000000,3330.10000000,3322.85000000,3328.81000000,4010.63360000,1768666499999999,13339558.98372800,22284,2824.16370000,9392933.37226000,0
1768666500000000,3328.80000000,3330.26000000,3313.26000000,3320.50000000,9457.33770000,1768667399999999,31402579.62127200,49381,5007.10310000,16628559.24824500,0
1768667400000000,3320.50000000,3320.50000000,3312.22000000,3317.91000000,3232.12590000,1768668299999999,10717924.64929800,32729,1544.91670000,5122688.70601600,0
1768668300000000,3317.91000000,3319.81000000,3313.66000000,3319.29000000,1573.75990000,1768669199999999,5219922.01163200,19340,735.02320000,2437915.00570300,0
1768669200000000,3319.28000000,3324.96000000,3317.38000000,3323.60000000,1225.85710000,1768670099999999,4070589.30837300,14212,754.24130000,2504560.07570000,0
1768670100000000,3323.61000000,3327.82000000,3323.29000000,3324.94000000,936.85210000,1768670999999999,3115125.73331500,15771,542.14780000,1802698.52550700,0
1768671000000000,3324.94000000,3324.94000000,3321.41000000,3322.91000000,828.39240000,1768671899999999,2752643.11222000,12460,217.54310000,722848.25597100,0
1768671900000000,3322.92000000,3322.92000000,3317.51000000,3319.43000000,651.38990000,1768672799999999,2162345.39462700,12233,219.65330000,729028.44265800,0
1768672800000000,3319.43000000,3319.43000000,3315.00000000,3316.23000000,2039.13360000,1768673699999999,6763351.80840700,15997,834.14490000,2766552.47759800,0
1768673700000000,3316.23000000,3320.88000000,3316.07000000,3319.21000000,414.41120000,1768674599999999,1375291.22187100,9858,261.70520000,868480.60375200,0
1768674600000000,3319.22000000,3320.41000000,3318.19000000,3319.26000000,379.87570000,1768675499999999,1260906.54996500,10236,268.86050000,892383.50983400,0
1768675500000000,3319.27000000,3319.27000000,3317.61000000,3317.82000000,671.26640000,1768676399999999,2227531.81336900,5332,329.42130000,1093120.66986400,0
1768676400000000,3317.83000000,3317.83000000,3316.80000000,3317.21000000,457.65520000,1768677299999999,1518136.82242100,6556,267.85090000,888485.14842600,0
1768677300000000,3317.21000000,3317.40000000,3315.00000000,3317.01000000,611.02410000,1768678199999999,2026112.27709200,8100,364.07100000,1207207.07225900,0
1768678200000000,3317.01000000,3321.08000000,3316.29000000,3318.09000000,436.00440000,1768679099999999,1447055.28956200,10702,272.61680000,904883.02860300,0
1768679100000000,3318.09000000,3318.10000000,3314.88000000,3316.36000000,361.22570000,1768679999999999,1197840.71074800,9194,179.98800000,596793.94897200,0
1768680000000000,3316.36000000,3317.12000000,3315.11000000,3315.68000000,351.95540000,1768680899999999,1167142.49374500,8635,194.42370000,644684.52314900,0
1768680900000000,3315.69000000,3320.33000000,3315.53000000,3317.98000000,1236.63190000,1768681799999999,4104004.90719100,11794,949.83350000,3152192.04467800,0
1768681800000000,3317.98000000,3317.98000000,3315.32000000,3317.04000000,927.15200000,1768682699999999,3074546.94331100,4732,287.03350000,951861.02125900,0
1768682700000000,3317.05000000,3318.24000000,3317.04000000,3317.34000000,334.16760000,1768683599999999,1108654.65566000,5300,112.92060000,374602.55748300,0
1768683600000000,3317.34000000,3317.34000000,3314.75000000,3314.75000000,362.60890000,1768684499999999,1202687.31231700,7152,159.57640000,529280.24010800,0
1768684500000000,3314.75000000,3316.02000000,3312.25000000,3313.63000000,963.10080000,1768685399999999,3191659.70658200,19325,479.82020000,1590017.78710700,0
1768685400000000,3313.64000000,3313.64000000,3307.36000000,3311.75000000,2171.03650000,1768686299999999,7186009.05121300,19551,1283.57110000,4248501.16372900,0
1768686300000000,3311.76000000,3313.22000000,3311.40000000,3312.84000000,372.60570000,1768687199999999,1234159.26710300,7059,199.10030000,659489.58774000,0
1768687200000000,3312.84000000,3312.84000000,3308.60000000,3309.78000000,935.96760000,1768688099999999,3098420.10518900,11027,551.85520000,1826808.17562300,0
1768688100000000,3309.78000000,3312.31000000,3308.19000000,3308.60000000,559.42350000,1768688999999999,1851641.83373400,9728,178.84800000,591939.90574500,0
1768689000000000,3308.61000000,3308.90000000,3297.44000000,3302.50000000,3546.10770000,1768689899999999,11712444.63762000,32505,1321.66550000,4365462.63655600,0
1768689900000000,3302.50000000,3306.23000000,3298.25000000,3302.00000000,1077.03500000,1768690799999999,3557607.08753300,20589,366.47240000,1210258.17174800,0
1768690800000000,3302.01000000,3308.53000000,3301.30000000,3307.43000000,1327.73360000,1768691699999999,4389685.87740000,21813,766.34800000,2533735.99073100,0
1768691700000000,3307.44000000,3308.29000000,3305.15000000,3305.49000000,286.80700000,1768692599999999,948358.16326600,12631,99.46250000,328888.58186900,0
1768692600000000,3305.50000000,3309.63000000,3305.32000000,3309.33000000,662.53630000,1768693499999999,2191109.37169300,10231,523.76820000,1732196.89796400,0
1768693500000000,3309.33000000,3310.56000000,3307.73000000,3310.56000000,607.51670000,1768694399999999,2010435.85351200,11496,294.07000000,973177.43206100,0
1768694400000000,3310.56000000,3313.97000000,3306.77000000,3312.30000000,1039.45090000,1768695299999999,3441453.08751700,19763,487.84790000,1615651.91100800,0
1768695300000000,3312.30000000,3314.43000000,3311.21000000,3312.22000000,617.55570000,1768696199999999,2045914.73751700,14044,337.54990000,1118256.46692300,0
1768696200000000,3312.23000000,3314.19000000,3306.90000000,3306.90000000,557.25180000,1768697099999999,1844696.54722500,12848,176.36660000,583825.57656700,0
1768697100000000,3306.90000000,3306.90000000,3303.09000000,3304.53000000,880.79210000,1768697999999999,2911087.54390800,21934,357.20480000,1180533.46297000,0
1768698000000000,3304.52000000,3305.30000000,3299.00000000,3302.00000000,2101.83920000,1768698899999999,6938223.21693800,35217,901.27840000,2975094.62777900,0
1768698900000000,3301.99000000,3306.90000000,3300.43000000,3306.00000000,543.29890000,1768699799999999,1795514.98918200,19248,315.00260000,1040933.32753900,0
1768699800000000,3306.00000000,3306.69000000,3300.12000000,3300.17000000,823.01170000,1768700699999999,2718132.47685000,14065,212.65260000,702431.43850300,0
1768700700000000,3300.17000000,3301.74000000,3296.34000000,3301.15000000,1282.98290000,1768701599999999,4233923.04390800,18220,365.45080000,1205936.82203300,0
1768701600000000,3301.15000000,3304.90000000,3301.14000000,3304.31000000,622.63270000,1768702499999999,2057010.03733600,12911,376.96310000,1245378.07461700,0
1768702500000000,3304.30000000,3305.80000000,3301.37000000,3301.73000000,313.34070000,1768703399999999,1035209.63573600,8741,118.94760000,392958.63041200,0
1768703400000000,3301.73000000,3302.27000000,3296.69000000,3301.45000000,1483.47070000,1768704299999999,4894330.49770500,24899,586.72310000,1935870.07348300,0
1768704300000000,3301.45000000,3303.82000000,3301.42000000,3303.45000000,319.22720000,1768705199999999,1054335.61488800,14439,144.34260000,476696.52336600,0
1768705200000000,3303.45000000,3306.10000000,3303.45000000,3306.09000000,465.54360000,1768706099999999,1538609.50530600,11065,249.41290000,824317.92941400,0
1768706100000000,3306.09000000,3312.02000000,3305.47000000,3311.67000000,1005.87300000,1768706999999999,3328137.16495800,12579,613.72930000,2030629.23217500,0
1768707000000000,3311.68000000,3319.50000000,3311.68000000,3316.11000000,2095.66200000,1768707899999999,6949723.55105100,19482,1192.11270000,3953044.97885200,0
1768707900000000,3316.11000000,3318.08000000,3315.11000000,3316.16000000,803.07420000,1768708799999999,2663040.29994800,15219,319.99640000,1061046.30841200,0
1768708800000000,3316.15000000,3317.90000000,3313.50000000,3316.00000000,939.92730000,1768709699999999,3116819.76138700,16443,457.40600000,1516631.15192500,0
1768709700000000,3316.00000000,3316.01000000,3312.16000000,3313.03000000,1302.12750000,1768710599999999,4316849.83071400,11099,207.80330000,688679.43292900,0
1768710600000000,3313.03000000,3313.90000000,3309.65000000,3312.42000000,605.91830000,1768711499999999,2006230.33798900,9622,224.27510000,742518.67478200,0
1768711500000000,3312.42000000,3314.25000000,3311.58000000,3312.00000000,309.43890000,1768712399999999,1025088.67126000,6600,141.49740000,468778.43663700,0
1768712400000000,3311.99000000,3313.40000000,3310.97000000,3313.40000000,498.45860000,1768713299999999,1650944.33620100,8013,403.57460000,1336681.67500700,0
1768713300000000,3313.40000000,3315.49000000,3312.82000000,3315.10000000,478.19930000,1768714199999999,1584886.19353100,10838,250.44570000,830046.71848500,0
1768714200000000,3315.09000000,3315.90000000,3311.75000000,3315.89000000,919.27580000,1768715099999999,3046743.80361800,12058,760.85240000,2521752.83416500,0
1768715100000000,3315.90000000,3318.36000000,3315.21000000,3316.33000000,2776.53190000,1768715999999999,9208100.07369000,18710,2203.43340000,7307306.31331600,0
1768716000000000,3316.32000000,3318.18000000,3314.83000000,3317.08000000,1410.06830000,1768716899999999,4676382.29637600,16148,959.66950000,3182630.82963400,0
1768716900000000,3317.07000000,3317.07000000,3312.27000000,3313.26000000,1166.41560000,1768717799999999,3865950.13657200,11026,897.69090000,2975351.30155600,0
1768717800000000,3313.26000000,3315.90000000,3312.16000000,3314.46000000,1191.00240000,1768718699999999,3947699.45366300,12798,974.27830000,3229377.89542100,0
1768718700000000,3314.47000000,3315.85000000,3313.34000000,3315.85000000,1061.50940000,1768719599999999,3518074.05151800,10615,849.51810000,2815560.32394800,0
1768719600000000,3315.84000000,3316.11000000,3306.40000000,3308.25000000,3227.61790000,1768720499999999,10684526.79167600,17231,1393.97510000,4615134.90765600,0
1768720500000000,3308.26000000,3311.00000000,3306.60000000,3310.99000000,1175.26570000,1768721399999999,3889131.63895200,13270,914.87610000,3027589.09939500,0
1768721400000000,3311.00000000,3311.00000000,3306.41000000,3309.45000000,1269.36870000,1768722299999999,4199746.18062400,18648,871.88160000,2884652.03457400,0
1768722300000000,3309.45000000,3309.91000000,3307.01000000,3307.30000000,1110.64120000,1768723199999999,3674609.01794800,11888,928.32140000,3071364.62463500,0
1768723200000000,3307.30000000,3307.43000000,3303.52000000,3307.03000000,1881.52140000,1768724099999999,6219672.30313800,19971,1163.43600000,3845935.18739400,0
1768724100000000,3307.03000000,3310.98000000,3305.79000000,3310.37000000,1381.41960000,1768724999999999,4570074.63604000,15818,1163.41290000,3848820.26143000,0
1768725000000000,3310.37000000,3315.68000000,3309.41000000,3314.62000000,1889.86730000,1768725899999999,6259824.17409200,18467,1483.22270000,4912828.78529000,0
1768725900000000,3314.62000000,3316.79000000,3312.87000000,3315.47000000,1394.20060000,1768726799999999,4621900.21674000,14130,1049.66110000,3479751.19722200,0
1768726800000000,3315.46000000,3319.16000000,3314.46000000,3316.67000000,1838.16370000,1768727699999999,6097320.78445400,21263,1217.78670000,4039318.39027500,0
1768727700000000,3316.67000000,3323.77000000,3316.65000000,3322.65000000,2941.95200000,1768728599999999,9767662.84393200,28461,2099.42560000,6970295.37045800,0
1768728600000000,3322.64000000,3325.00000000,3320.92000000,3321.13000000,3188.31230000,1768729499999999,10595716.05440600,25970,1833.34070000,6092410.20684700,0
1768729500000000,3321.13000000,3325.14000000,3321.12000000,3323.20000000,1609.54120000,1768730399999999,5348571.27371100,15705,1063.88900000,3535252.30803000,0
1768730400000000,3323.21000000,3325.25000000,3318.47000000,3321.12000000,2446.47900000,1768731299999999,8125849.56879900,22017,1314.70130000,4366497.65233700,0
1768731300000000,3321.13000000,3321.57000000,3319.75000000,3320.98000000,1396.44030000,1768732199999999,4637254.27551500,12113,958.75250000,3183789.03366100,0
1768732200000000,3320.98000000,3324.46000000,3320.67000000,3324.39000000,1756.78030000,1768733099999999,5836224.97801500,14282,1086.52350000,3609721.60395400,0
1768733100000000,3324.38000000,3326.20000000,3322.67000000,3325.83000000,1449.18870000,1768733999999999,4818083.64115300,13305,1102.57840000,3665687.83046800,0
1768734000000000,3325.82000000,3325.83000000,3320.77000000,3321.84000000,1528.26680000,1768734899999999,5077804.07956500,11811,493.08750000,1638580.67878800,0
1768734900000000,3321.84000000,3321.85000000,3319.55000000,3319.55000000,585.94320000,1768735799999999,1945568.55143700,6633,188.31420000,625252.67931300,0
1768735800000000,3319.55000000,3321.93000000,3319.08000000,3321.44000000,618.06670000,1768736699999999,2051991.94872700,7456,291.52920000,967893.98973000,0
1768736700000000,3321.43000000,3323.20000000,3319.47000000,3322.00000000,519.64600000,1768737599999999,1726131.71813400,16038,239.51710000,795580.91879100,0
1768737600000000,3322.00000000,3322.75000000,3319.07000000,3319.91000000,478.44940000,1768738499999999,1589003.39739100,9424,200.69380000,666559.37458000,0
1768738500000000,3319.91000000,3325.96000000,3318.74000000,3324.65000000,686.89920000,1768739399999999,2281907.59151900,13499,408.70470000,1358020.19886700,0
1768739400000000,3324.65000000,3327.13000000,3323.22000000,3325.56000000,627.27170000,1768740299999999,2085773.90470200,15081,328.15040000,1091146.23459600,0
1768740300000000,3325.55000000,3325.76000000,3321.41000000,3322.69000000,568.40940000,1768741199999999,1889375.50213500,10512,177.39620000,589473.74258000,0
1768741200000000,3322.68000000,3322.69000000,3316.58000000,3319.99000000,1125.72570000,1768742099999999,3736867.16392600,17680,269.53800000,894635.74840900,0
1768742100000000,3319.99000000,3320.45000000,3314.64000000,3318.49000000,1447.94990000,1768742999999999,4802274.93960500,20518,473.38830000,1569964.21356000,0
1768743000000000,3318.49000000,3330.57000000,3316.82000000,3328.59000000,3229.53030000,1768743899999999,10740536.76310600,32726,2100.36510000,6986596.97730400,0
1768743900000000,3328.59000000,3329.49000000,3324.82000000,3325.92000000,2338.53160000,1768744799999999,7780992.37122300,15775,377.02620000,1254367.80122300,0
1768744800000000,3325.93000000,3331.32000000,3323.93000000,3331.00000000,1698.13730000,1768745699999999,5650532.05096200,17554,1202.34350000,4000936.99638600,0
1768745700000000,3331.00000000,3347.75000000,3330.99000000,3337.70000000,8724.03410000,1768746599999999,29134854.54646900,90856,5779.03820000,19299033.02282900,0
1768746600000000,3337.70000000,3344.53000000,3330.00000000,3331.13000000,3294.02510000,1768747499999999,10988469.18298400,35468,1281.25910000,4274846.93788200,0
1768747500000000,3331.13000000,3332.55000000,3322.69000000,3324.99000000,3437.94550000,1768748399999999,11443664.41497100,31696,1302.76830000,4336006.57553200,0
1768748400000000,3324.98000000,3327.96000000,3319.02000000,3326.05000000,1759.75850000,1768749299999999,5850053.45982000,39823,572.11780000,1902374.89834000,0
1768749300000000,3326.05000000,3333.00000000,3324.17000000,3331.97000000,1199.89050000,1768750199999999,3995632.99498300,21901,592.64960000,1973504.75760600,0
1768750200000000,3331.97000000,3335.50000000,3329.00000000,3332.82000000,1359.34300000,1768751099999999,4529824.15236700,23323,762.81060000,2541984.88250800,0
1768751100000000,3332.81000000,3334.00000000,3331.45000000,3333.99000000,518.98960000,1768751999999999,1729746.92627700,11608,221.67410000,738851.48194300,0
1768752000000000,3334.00000000,3337.33000000,3330.05000000,3334.15000000,1066.80610000,1768752899999999,3557162.89890700,31174,512.58970000,1709183.07059900,0
1768752900000000,3334.15000000,3337.70000000,3330.71000000,3331.83000000,1520.67530000,1768753799999999,5071363.66811100,21712,906.66730000,3024128.22736400,0
1768753800000000,3331.83000000,3336.85000000,3330.72000000,3336.45000000,761.27840000,1768754699999999,2537859.18311800,20077,309.45250000,1031759.07287900,0
1768754700000000,3336.46000000,3337.95000000,3332.43000000,3333.74000000,952.60070000,1768755599999999,3177932.77348700,15629,479.87670000,1600944.46801000,0
1768755600000000,3333.74000000,3337.44000000,3332.11000000,3332.50000000,689.38580000,1768756499999999,2299155.57882500,18521,302.47030000,1008868.91480900,0
1768756500000000,3332.50000000,3337.79000000,3332.50000000,3336.75000000,494.00370000,1768757399999999,1647857.06573700,14096,271.95260000,907176.46046600,0
1768757400000000,3336.74000000,3339.04000000,3333.60000000,3335.15000000,780.12740000,1768758299999999,2603223.52939800,16770,470.96460000,1571822.15402100,0
1768758300000000,3335.14000000,3346.00000000,3334.37000000,3345.07000000,1419.24230000,1768759199999999,4740666.47461800,16012,1123.52890000,3752637.62316300,0
1768759200000000,3345.07000000,3346.00000000,3337.15000000,3342.80000000,1472.78920000,1768760099999999,4921274.23886900,23931,490.17310000,1637971.57661500,0
1768760100000000,3342.79000000,3365.59000000,3340.72000000,3362.23000000,5815.13730000,1768760999999999,19510019.48256000,43329,4116.73270000,13807771.52921800,0
1768761000000000,3362.23000000,3368.82000000,3356.15000000,3360.03000000,4658.36680000,1768761899999999,15657694.29590400,65672,2385.62150000,8019048.02330500,0
1768761900000000,3360.02000000,3368.78000000,3358.47000000,3361.85000000,2249.35190000,1768762799999999,7566985.13024700,33046,901.18490000,3031585.90815700,0
1768762800000000,3361.86000000,3365.96000000,3354.54000000,3354.96000000,1721.31260000,1768763699999999,5784491.57541100,26265,643.39960000,2162969.04220000,0
1768763700000000,3354.96000000,3356.15000000,3350.19000000,3352.57000000,2717.93030000,1768764599999999,9115803.12173200,22887,707.67430000,2373670.73586800,0
1768764600000000,3352.57000000,3354.50000000,3350.13000000,3350.58000000,598.65960000,1768765499999999,2007001.87194200,16410,334.15260000,1120223.50909100,0
1768765500000000,3350.59000000,3350.59000000,3344.57000000,3346.56000000,2060.08780000,1768766399999999,6894658.91028000,25078,1127.09540000,3771784.16639900,0
1768766400000000,3346.56000000,3349.29000000,3342.00000000,3343.73000000,875.86620000,1768767299999999,2929643.98635300,26064,427.76280000,1430943.49014200,0
1768767300000000,3343.73000000,3352.64000000,3343.73000000,3351.98000000,675.06830000,1768768199999999,2261040.13799200,14473,510.30890000,1709196.33182100,0
1768768200000000,3351.98000000,3351.98000000,3338.13000000,3342.30000000,1390.51690000,1768769099999999,4648910.71360500,23920,395.55060000,1322740.03914600,0
1768769100000000,3342.30000000,3344.00000000,3339.99000000,3341.10000000,947.38890000,1768769999999999,3166763.94581900,12891,667.30120000,2230759.24308800,0
1768770000000000,3341.11000000,3342.97000000,3336.92000000,3340.62000000,917.02820000,1768770899999999,3062169.35837900,19604,571.84050000,1909637.01766500,0
1768770900000000,3340.63000000,3340.84000000,3339.00000000,3340.24000000,299.37950000,1768771799999999,999871.78806900,8382,170.44150000,569223.12027500,0
1768771800000000,3340.24000000,3345.30000000,3339.47000000,3344.05000000,819.99190000,1768772699999999,2741327.32966500,14853,608.02070000,2032651.09345000,0
1768772700000000,3344.05000000,3345.56000000,3338.52000000,3341.82000000,766.07360000,1768773599999999,2560493.14562500,18042,432.57640000,1445967.32836700,0
1768773600000000,3341.82000000,3356.26000000,3340.04000000,3353.38000000,1977.35160000,1768774499999999,6622503.92639000,28829,1341.97480000,4493536.54311700,0
1768774500000000,3353.37000000,3353.63000000,3346.74000000,3346.74000000,1018.41930000,1768775399999999,3411129.68317600,16057,336.70720000,1127666.22273800,0
1768775400000000,3346.75000000,3350.44000000,3345.45000000,3347.60000000,833.35100000,1768776299999999,2789884.12584400,14510,496.97480000,1663761.88262400,0
1768776300000000,3347.60000000,3351.00000000,3347.39000000,3350.77000000,792.23460000,1768777199999999,2653413.33838600,10424,643.04660000,2153645.73164800,0
1768777200000000,3350.77000000,3350.78000000,3323.27000000,3329.45000000,8654.86340000,1768778099999999,28851737.16351000,93187,4542.94710000,15149572.34162600,0
1768778100000000,3329.45000000,3337.72000000,3310.32000000,3310.60000000,8940.87930000,1768778999999999,29724088.94984400,86072,5107.23940000,16984458.86202400,0
1768779000000000,3310.59000000,3319.43000000,3306.32000000,3311.55000000,4805.51170000,1768779899999999,15913454.54076700,103610,2629.41000000,8708878.75884900,0
1768779900000000,3311.55000000,3311.55000000,3278.86000000,3284.03000000,17345.16900000,1768780799999999,57081649.66169600,175360,7096.97750000,23348208.01659300,0
1768780800000000,3284.04000000,3284.58000000,3216.34000000,3218.67000000,47347.30450000,1768781699999999,153704751.41228400,310661,21598.91290000,70138299.64797400,0
1768781700000000,3218.68000000,3226.75000000,3177.68000000,3204.45000000,48161.16410000,1768782599999999,154193452.69452100,287930,22517.52520000,72102603.26514600,0
1768782600000000,3204.45000000,3223.23000000,3185.00000000,3220.43000000,19653.26870000,1768783499999999,63055715.00311000,189968,10426.07120000,33449184.80930000,0
1768783500000000,3220.43000000,3221.00000000,3210.31000000,3212.13000000,9451.28090000,1768784399999999,30395238.02916400,127728,4341.45400000,13962995.83526100,0
1768784400000000,3212.13000000,3221.30000000,3206.07000000,3216.34000000,7468.21630000,1768785299999999,24014517.72528400,111738,2835.90070000,9118151.73089900,0
1768785300000000,3216.34000000,3221.48000000,3208.95000000,3209.21000000,6562.94560000,1768786199999999,21098468.65177600,85720,2211.44070000,7110151.55690400,0
1768786200000000,3209.20000000,3216.02000000,3206.18000000,3208.18000000,9054.95170000,1768787099999999,29067911.91915900,77135,4656.71630000,14947275.16842100,0
1768787100000000,3208.18000000,3208.69000000,3194.47000000,3206.86000000,8736.04170000,1768787999999999,27966341.94541400,89267,3008.00530000,9631262.91720900,0
1768788000000000,3206.87000000,3207.59000000,3193.96000000,3200.12000000,7589.66160000,1768788899999999,24302411.27140700,74525,1959.73190000,6274357.06691800,0
1768788900000000,3200.12000000,3216.48000000,3198.53000000,3210.59000000,3147.25640000,1768789799999999,10096654.66664200,48191,1671.87280000,5363792.73118300,0
1768789800000000,3210.60000000,3214.72000000,3206.71000000,3211.52000000,3974.96990000,1768790699999999,12764638.52834300,45308,1399.83730000,4495719.05399900,0
1768790700000000,3211.51000000,3211.51000000,3204.37000000,3204.46000000,2429.56280000,1768791599999999,7792639.11565400,37059,1247.82250000,4002222.02329700,0
1768791600000000,3204.46000000,3211.93000000,3204.00000000,3207.42000000,1919.72300000,1768792499999999,6158098.82303300,33216,834.93370000,2678439.06560300,0
1768792500000000,3207.42000000,3211.41000000,3195.19000000,3204.44000000,3114.89230000,1768793399999999,9979415.59950700,49154,1411.62230000,4523957.23125500,0
1768793400000000,3204.43000000,3209.85000000,3201.51000000,3208.48000000,6029.37670000,1768794299999999,19332333.05881600,39263,3810.56870000,12217998.97311800,0
1768794300000000,3208.48000000,3213.05000000,3207.68000000,3212.29000000,5030.51990000,1768795199999999,16152145.59076600,23427,3857.41220000,12385330.93431000,0
1768795200000000,3212.28000000,3215.58000000,3206.70000000,3208.60000000,6718.90460000,1768796099999999,21567756.18309200,39429,4489.22960000,14410088.00704000,0
1768796100000000,3208.60000000,3213.76000000,3205.45000000,3212.60000000,5744.27420000,1768796999999999,18435543.86826300,28038,4304.39530000,13814334.29384300,0
1768797000000000,3212.60000000,3215.40000000,3208.13000000,3214.55000000,6111.04180000,1768797899999999,19628943.71846800,27026,4598.85220000,14771678.21586300,0
1768797900000000,3214.55000000,3218.02000000,3212.57000000,3212.97000000,6215.29270000,1768798799999999,19982475.00322600,32647,4255.21580000,13680451.09290600,0
1768798800000000,3212.96000000,3215.67000000,3203.12000000,3204.55000000,8761.79360000,1768799699999999,28133590.45318500,36970,5482.05410000,17603961.96701800,0
1768799700000000,3204.55000000,3204.78000000,3196.39000000,3201.56000000,9310.98160000,1768800599999999,29801653.16631600,41400,5828.09470000,18653174.30946800,0
1768800600000000,3201.56000000,3212.17000000,3197.85000000,3203.62000000,9285.20340000,1768801499999999,29753243.93084200,44040,6220.95680000,19932942.22174800,0
1768801500000000,3203.62000000,3205.93000000,3201.24000000,3203.05000000,5786.27570000,1768802399999999,18536479.24534500,28129,3960.83120000,12688724.82017300,0
1768802400000000,3203.06000000,3204.57000000,3195.68000000,3197.79000000,3516.75480000,1768803299999999,11256451.60160700,34017,1420.10080000,4546386.18658500,0
1768803300000000,3197.80000000,3199.00000000,3187.88000000,3196.01000000,6706.07610000,1768804199999999,21418323.16569400,44258,2877.80490000,9191544.19807600,0
1768804200000000,3196.00000000,3199.26000000,3188.00000000,3193.67000000,4693.80770000,1768805099999999,14986480.02615500,28084,1777.25500000,5673621.07679700,0
1768805100000000,3193.67000000,3195.98000000,3192.09000000,3195.58000000,3424.38790000,1768805999999999,10937892.39004400,21080,739.21270000,2361125.15649400,0
1768806000000000,3195.58000000,3200.23000000,3195.58000000,3200.23000000,1533.08730000,1768806899999999,4903104.98627400,18852,683.20960000,2185101.35520800,0
1768806900000000,3200.23000000,3203.12000000,3199.77000000,3200.41000000,1183.91770000,1768807799999999,3789853.39048700,23257,500.76900000,1603073.48857800,0
1768807800000000,3200.40000000,3204.81000000,3198.78000000,3204.09000000,3631.61580000,1768808699999999,11628050.27948300,30224,2561.84480000,8203225.41584700,0
1768808700000000,3204.10000000,3209.42000000,3203.10000000,3207.47000000,3643.93970000,1768809599999999,11685250.74383500,33822,2477.28160000,7943821.05130000,0
1768809600000000,3207.47000000,3207.71000000,3197.30000000,3197.89000000,5096.80350000,1768810499999999,16317947.94672400,34811,1536.32740000,4920158.86475900,0
1768810500000000,3197.89000000,3221.99000000,3197.64000000,3209.00000000,5713.47460000,1768811399999999,18362746.71363100,72218,3243.34620000,10424798.16214100,0
1768811400000000,3208.99000000,3218.99000000,3206.30000000,3214.17000000,4270.66810000,1768812299999999,13728362.58888900,51252,2099.07020000,6748144.56531600,0
1768812300000000,3214.17000000,3218.98000000,3213.82000000,3213.87000000,1861.32560000,1768813199999999,5985704.71652100,29794,1049.17510000,3374032.63996400,0
1768813200000000,3213.87000000,3214.87000000,3207.88000000,3210.14000000,1892.56310000,1768814099999999,6077271.79189500,38638,773.87180000,2484937.22819200,0
1768814100000000,3210.15000000,3212.68000000,3206.89000000,3210.38000000,1501.99850000,1768814999999999,4822504.68333900,34182,625.35920000,2007933.71179000,0
1768815000000000,3210.38000000,3212.20000000,3205.54000000,3207.62000000,1037.30370000,1768815899999999,3328652.15858400,32052,403.16930000,1293679.78902100,0
1768815900000000,3207.62000000,3211.51000000,3207.04000000,3209.46000000,1169.23650000,1768816799999999,3752378.08533100,24804,507.16290000,1627564.80746500,0
1768816800000000,3209.46000000,3210.54000000,3205.52000000,3209.98000000,1692.85120000,1768817699999999,5430282.55099100,27257,753.02170000,2415903.72302900,0
1768817700000000,3209.98000000,3215.98000000,3209.98000000,3210.78000000,2315.73320000,1768818599999999,7441274.53305200,25234,1490.97020000,4791214.14642200,0
1768818600000000,3210.78000000,3212.73000000,3208.40000000,3212.06000000,2209.23790000,1768819499999999,7093058.89092000,21870,1136.69630000,3649521.69880300,0
1768819500000000,3212.05000000,3216.58000000,3210.88000000,3215.47000000,4945.19110000,1768820399999999,15896461.72451500,26441,2977.37500000,9570807.65448400,0
1768820400000000,3215.48000000,3219.16000000,3213.36000000,3217.88000000,4824.37240000,1768821299999999,15517677.61456900,25496,3848.29610000,12378467.85902900,0
1768821300000000,3217.89000000,3230.24000000,3216.00000000,3225.68000000,9739.56340000,1768822199999999,31391572.77538000,48323,6164.99260000,19867302.56950200,0
1768822200000000,3225.68000000,3229.66000000,3224.16000000,3226.88000000,6144.37060000,1768823099999999,19829274.23180800,38356,4360.35750000,14071673.54839700,0
1768823100000000,3226.87000000,3231.27000000,3220.91000000,3223.91000000,7891.15000000,1768823999999999,25451792.32994400,40151,5410.63000000,17451618.04858900,0
1768824000000000,3223.91000000,3227.00000000,3219.48000000,3223.12000000,4958.15020000,1768824899999999,15980540.84898500,38297,2935.38600000,9461685.48006600,0
1768824900000000,3223.11000000,3227.57000000,3222.33000000,3227.57000000,3917.08940000,1768825799999999,12634306.17212200,31549,3039.47510000,9803767.89300600,0
1768825800000000,3227.56000000,3236.26000000,3227.56000000,3229.52000000,5912.44530000,1768826699999999,19107654.24176500,43850,3909.26330000,12633694.25817500,0
1768826700000000,3229.51000000,3230.92000000,3222.00000000,3225.10000000,2481.83040000,1768827599999999,8006632.15942400,26554,716.94350000,2313084.29863100,0
1768827600000000,3225.11000000,3225.12000000,3219.94000000,3222.02000000,1293.17460000,1768828499999999,4167158.73240300,21720,484.92700000,1562790.73837400,0
1768828500000000,3222.02000000,3223.46000000,3213.09000000,3215.16000000,2356.50850000,1768829399999999,7581014.10706600,44732,1027.05720000,3304182.81417300,0
1768829400000000,3215.16000000,3221.19000000,3214.70000000,3220.37000000,1034.77360000,1768830299999999,3330195.56497300,24820,585.08900000,1882974.86660800,0
1768830300000000,3220.38000000,3221.74000000,3217.46000000,3218.27000000,1083.25190000,1768831199999999,3487263.82804100,20308,466.62240000,1502129.04261900,0
1768831200000000,3218.27000000,3219.72000000,3202.85000000,3212.07000000,4304.13600000,1768832099999999,13821622.49825200,57107,1594.65670000,5120812.74650300,0
1768832100000000,3212.07000000,3215.69000000,3208.16000000,3209.33000000,2013.67070000,1768832999999999,6467776.60922700,42242,637.34060000,2047241.36459200,0
1768833000000000,3209.32000000,3215.60000000,3206.14000000,3209.88000000,2304.83860000,1768833899999999,7399673.88530900,36448,685.80360000,2202364.83536400,0
1768833900000000,3209.87000000,3215.85000000,3207.85000000,3213.00000000,1540.81980000,1768834799999999,4949503.30114600,30506,750.09860000,2409529.97845000,0
1768834800000000,3213.00000000,3220.17000000,3213.00000000,3220.16000000,2001.40430000,1768835699999999,6438646.58254500,47291,1269.32140000,4083681.83621900,0
1768835700000000,3220.17000000,3220.97000000,3210.33000000,3211.84000000,1276.23970000,1768836599999999,4105208.63903400,41078,410.65750000,1321113.79572700,0
1768836600000000,3211.84000000,3217.75000000,3210.33000000,3213.76000000,1577.03540000,1768837499999999,5067275.87874300,30415,576.22220000,1851691.97699300,0
1768837500000000,3213.75000000,3218.46000000,3213.40000000,3216.21000000,1622.73770000,1768838399999999,5219642.57930700,23017,795.75890000,2559705.54203800,0
1768838400000000,3216.20000000,3218.99000000,3212.72000000,3215.28000000,2188.49770000,1768839299999999,7037020.17747500,40451,552.51470000,1776567.12565600,0
1768839300000000,3215.28000000,3220.42000000,3213.61000000,3218.26000000,1970.53440000,1768840199999999,6340269.77007900,48246,652.70960000,2100114.19459000,0
1768840200000000,3218.25000000,3221.43000000,3216.28000000,3218.76000000,1765.66820000,1768841099999999,5683656.17620500,53509,639.96090000,2060039.16104300,0
1768841100000000,3218.76000000,3227.17000000,3216.57000000,3223.16000000,2022.77570000,1768841999999999,6517758.04887200,37988,1252.39020000,4035743.82491300,0
1768842000000000,3223.16000000,3224.29000000,3218.55000000,3223.03000000,1314.91460000,1768842899999999,4235828.16704400,42159,463.29330000,1492613.56393700,0
1768842900000000,3223.03000000,3226.00000000,3220.51000000,3224.20000000,1037.92840000,1768843799999999,3345305.42580400,26996,385.97430000,1243996.58235700,0
1768843800000000,3224.20000000,3224.21000000,3218.31000000,3219.72000000,1089.69700000,1768844699999999,3510071.46550800,24414,307.32310000,989836.97094200,0
1768844700000000,3219.71000000,3220.24000000,3217.12000000,3220.00000000,837.90050000,1768845599999999,2696977.02081200,15306,488.80670000,1573349.00668700,0
1768845600000000,3220.00000000,3221.08000000,3211.30000000,3213.59000000,1467.14920000,1768846499999999,4717271.97877700,30388,667.69690000,2146883.94730600,0
1768846500000000,3213.60000000,3216.08000000,3210.31000000,3210.67000000,1265.97330000,1768847399999999,4067580.19780300,25687,436.64750000,1403000.18355000,0
1768847400000000,3210.68000000,3217.21000000,3208.50000000,3216.79000000,1166.71360000,1768848299999999,3748026.22492800,26315,708.01660000,2274873.36504000,0
1768848300000000,3216.80000000,3217.32000000,3211.65000000,3214.90000000,701.73040000,1768849199999999,2255911.77811600,13458,204.32250000,656893.04991900,0
1768849200000000,3214.90000000,3221.00000000,3214.90000000,3220.60000000,1113.94320000,1768850099999999,3584384.97817200,24091,577.12820000,1857126.73774200,0
1768850100000000,3220.61000000,3224.58000000,3218.09000000,3218.34000000,1187.19700000,1768850999999999,3825023.61774300,32029,708.07890000,2281441.73813300,0
1768851000000000,3218.34000000,3220.43000000,3216.09000000,3219.01000000,845.65900000,1768851899999999,2721552.46228100,24988,461.03640000,1483725.48642900,0
1768851900000000,3219.00000000,3220.26000000,3217.74000000,3219.95000000,470.68250000,1768852799999999,1515160.25246400,14425,206.87260000,665881.20314200,0
1768852800000000,3219.95000000,3225.43000000,3219.94000000,3220.60000000,1431.76690000,1768853699999999,4614160.28670700,22186,938.00750000,3022958.26143000,0
1768853700000000,3220.60000000,3224.17000000,3219.55000000,3222.57000000,1438.80340000,1768854599999999,4635550.60587100,25313,934.33860000,3010003.43970000,0
1768854600000000,3222.57000000,3224.17000000,3215.10000000,3217.36000000,1784.57760000,1768855499999999,5744743.15229300,21953,542.59840000,1746996.39857600,0
1768855500000000,3217.36000000,3217.37000000,3212.08000000,3214.31000000,1380.17140000,1768856399999999,4437296.50439500,19260,315.72270000,1015026.41775400,0
1768856400000000,3214.32000000,3221.49000000,3212.41000000,3215.05000000,2023.68400000,1768857299999999,6511502.29499300,36541,710.95650000,2288092.64046000,0
1768857300000000,3215.04000000,3215.23000000,3210.23000000,3214.41000000,576.36870000,1768858199999999,1852150.70321700,19183,241.90930000,777448.26349200,0
1768858200000000,3214.41000000,3216.45000000,3211.27000000,3215.98000000,555.76250000,1768859099999999,1786091.80804100,18265,197.83910000,635835.30060500,0
1768859100000000,3215.98000000,3216.80000000,3212.00000000,3212.78000000,506.54650000,1768859999999999,1628393.46742200,13689,136.09360000,437526.85803200,0
1768860000000000,3212.77000000,3214.49000000,3190.15000000,3198.65000000,5037.98280000,1768860899999999,16125920.38973200,41294,1936.38600000,6196975.42539700,0
1768860900000000,3198.65000000,3211.52000000,3198.65000000,3206.91000000,2207.95290000,1768861799999999,7080023.36632000,28536,1173.83760000,3763245.00799000,0
1768861800000000,3206.90000000,3206.90000000,3200.20000000,3201.17000000,1539.34250000,1768862699999999,4930463.18468400,31560,593.57040000,1901224.38578100,0
1768862700000000,3201.17000000,3201.20000000,3186.82000000,3189.00000000,3361.99850000,1768863599999999,10738059.37195600,44988,1065.51970000,3404016.83886000,0
1768863600000000,3189.01000000,3197.91000000,3165.38000000,3176.00000000,13296.86470000,1768864499999999,42256452.72725100,154410,6547.23930000,20805980.23712900,0
1768864500000000,3176.01000000,3183.73000000,3166.18000000,3183.73000000,4531.19750000,1768865399999999,14384290.37109800,79316,2550.74430000,8097367.88868500,0
1768865400000000,3183.73000000,3196.45000000,3183.56000000,3190.76000000,2809.50420000,1768866299999999,8965280.13354100,60892,1805.76470000,5760917.80597100,0
1768866300000000,3190.76000000,3193.41000000,3186.00000000,3189.55000000,1688.63060000,1768867199999999,5385182.63702600,35952,1072.99350000,3421340.92113800,0
1768867200000000,3189.56000000,3200.50000000,3186.59000000,3192.45000000,3344.83260000,1768868099999999,10681687.97005200,66056,2074.57060000,6625497.32652900,0
1768868100000000,3192.44000000,3192.44000000,3176.83000000,3182.29000000,2747.27080000,1768868999999999,8744838.16686800,53693,1167.78080000,3717061.49007000,0
1768869000000000,3182.29000000,3192.64000000,3182.29000000,3190.37000000,1567.95200000,1768869899999999,4997530.03229900,42233,1123.79550000,3581819.94542500,0
1768869900000000,3190.37000000,3191.54000000,3181.73000000,3184.12000000,1941.22840000,1768870799999999,6184059.75404500,33373,1245.24860000,3966787.01486000,0
1768870800000000,3184.12000000,3189.62000000,3175.53000000,3185.24000000,2410.97640000,1768871699999999,7671674.48820400,62800,1223.38550000,3893891.33886500,0
1768871700000000,3185.24000000,3198.19000000,3182.30000000,3197.58000000,2408.46920000,1768872599999999,7687518.72924800,58080,1705.73350000,5444484.46920000,0
1768872600000000,3197.57000000,3199.60000000,3188.99000000,3190.78000000,1664.01100000,1768873499999999,5315839.87083700,43328,827.87130000,2645059.83322200,0
1768873500000000,3190.77000000,3197.91000000,3190.34000000,3193.28000000,935.70610000,1768874399999999,2989325.01073900,24463,489.90380000,1564704.20488900,0
1768874400000000,3193.28000000,3194.08000000,3182.88000000,3185.32000000,1422.44110000,1768875299999999,4533361.81462500,42557,420.02990000,1338791.20083200,0
1768875300000000,3185.32000000,3189.92000000,3179.24000000,3184.46000000,1894.51870000,1768876199999999,6030598.26324100,41815,791.01460000,2518469.63342300,0
1768876200000000,3184.46000000,3192.82000000,3184.46000000,3191.60000000,1435.36850000,1768877099999999,4577728.61029000,35495,990.90680000,3159931.77330300,0
1768877100000000,3191.61000000,3200.10000000,3191.54000000,3192.96000000,4044.31740000,1768877999999999,12925165.57264200,37028,2578.91470000,8241466.71986400,0
1768878000000000,3192.97000000,3194.91000000,3184.05000000,3187.04000000,1473.20770000,1768878899999999,4697232.46301500,26303,564.40470000,1799733.62962600,0
1768878900000000,3187.03000000,3191.23000000,3186.88000000,3188.90000000,1309.67880000,1768879799999999,4176864.15092300,33054,556.82130000,1775733.16766900,0
1768879800000000,3188.90000000,3190.35000000,3185.06000000,3189.29000000,1566.37240000,1768880699999999,4992433.29975800,31672,654.16270000,2084979.41040900,0
1768880700000000,3189.29000000,3190.75000000,3186.25000000,3188.67000000,1082.80130000,1768881599999999,3452470.91679000,20598,574.11300000,1830550.25301900,0
1768881600000000,3188.68000000,3188.91000000,3183.64000000,3184.40000000,1055.07520000,1768882499999999,3361666.29904900,26641,497.26610000,1584249.94536800,0
1768882500000000,3184.40000000,3185.78000000,3181.53000000,3185.78000000,1663.90970000,1768883399999999,5296657.15940300,24891,599.79640000,1909269.86332100,0
1768883400000000,3185.78000000,3189.23000000,3181.00000000,3182.38000000,937.98050000,1768884299999999,2987568.25843300,25605,322.27290000,1026335.27150900,0
1768884300000000,3182.38000000,3184.77000000,3168.77000000,3172.76000000,4077.38010000,1768885199999999,12947535.03919700,43655,1513.79580000,4806728.47065400,0
1768885200000000,3172.76000000,3172.77000000,3152.50000000,3156.82000000,13571.77010000,1768886099999999,42925630.67555800,127085,5981.01610000,18922431.10877700,0
1768886100000000,3156.83000000,3167.84000000,3152.44000000,3166.86000000,6154.45510000,1768886999999999,19452912.71689500,61298,2287.29060000,7231454.75448900,0
1768887000000000,3166.86000000,3170.82000000,3162.66000000,3167.20000000,1801.12280000,1768887899999999,5704725.23738100,37945,916.44570000,2902677.71183800,0
1768887900000000,3167.20000000,3174.89000000,3166.77000000,3171.35000000,2914.12280000,1768888799999999,9242319.57523100,38787,1705.09360000,5408181.58667600,0
1768888800000000,3171.36000000,3172.27000000,3165.38000000,3166.09000000,1585.84400000,1768889699999999,5024469.71408200,33143,679.49730000,2152879.05232100,0
1768889700000000,3166.10000000,3167.90000000,3126.37000000,3141.70000000,18570.92670000,1768890599999999,58326737.04099800,182255,7027.42760000,22061964.85753400,0
1768890600000000,3141.67000000,3141.67000000,3118.30000000,3128.01000000,9017.49150000,1768891499999999,28195960.12858400,134157,3701.19880000,11572610.98456700,0
1768891500000000,3128.00000000,3128.15000000,3109.37000000,3116.91000000,13495.16200000,1768892399999999,42061838.25165200,118606,4358.71670000,13585287.77168400,0
1768892400000000,3116.91000000,3125.85000000,3112.00000000,3120.44000000,6631.90030000,1768893299999999,20681462.00223400,92701,3272.94050000,10208788.48261200,0
1768893300000000,3120.45000000,3124.97000000,3118.07000000,3124.15000000,3485.68240000,1768894199999999,10879781.95905400,63570,2105.87170000,6573236.48142900,0
1768894200000000,3124.16000000,3129.50000000,3120.30000000,3127.51000000,4585.79720000,1768895099999999,14337351.45587000,60035,2838.07830000,8872541.42343400,0
1768895100000000,3127.52000000,3131.34000000,3123.01000000,3123.37000000,3338.33880000,1768895999999999,10441876.30633400,51537,2139.45000000,6691950.29462800,0
1768896000000000,3123.37000000,3123.84000000,3093.02000000,3106.87000000,10208.21420000,1768896899999999,31717935.30054400,108516,3979.15640000,12358858.27870000,0
1768896900000000,3106.88000000,3115.70000000,3101.44000000,3111.66000000,6492.75080000,1768897799999999,20199641.44778300,127810,3054.76790000,9502278.71583100,0
1768897800000000,3111.66000000,3111.66000000,3085.17000000,3093.97000000,18917.72560000,1768898699999999,58531906.86697100,177321,9702.10470000,30003935.12786400,0
1768898700000000,3093.96000000,3107.86000000,3089.80000000,3106.84000000,6657.04580000,1768899599999999,20635219.32253900,91276,4292.77000000,13308334.82135300,0
1768899600000000,3106.84000000,3108.80000000,3095.99000000,3099.63000000,3461.66500000,1768900499999999,10735649.99704400,64262,1616.30700000,5013121.11069100,0
1768900500000000,3099.63000000,3101.33000000,3093.83000000,3097.23000000,3162.48090000,1768901399999999,9793007.66143800,39255,1233.83290000,3820588.24461700,0
1768901400000000,3097.24000000,3098.00000000,3088.41000000,3094.36000000,2611.89790000,1768902299999999,8080814.05414900,65994,1127.93090000,3489755.40236600,0
1768902300000000,3094.37000000,3096.16000000,3090.00000000,3094.10000000,2248.00740000,1768903199999999,6953932.35085900,49070,1081.42600000,3345237.12084200,0
1768903200000000,3094.10000000,3103.14000000,3091.18000000,3102.40000000,5374.19860000,1768904099999999,16640357.49972700,57921,3121.52400000,9665310.15702300,0
1768904100000000,3102.39000000,3108.49000000,3100.00000000,3108.48000000,3576.76220000,1768904999999999,11098384.72289900,47879,2446.23250000,7590658.26826100,0
1768905000000000,3108.48000000,3108.52000000,3100.82000000,3102.53000000,3539.72420000,1768905899999999,10987149.80825000,38610,2412.99740000,7489566.64405200,0
1768905900000000,3102.53000000,3104.91000000,3100.53000000,3103.01000000,2651.47980000,1768906799999999,8226719.79197800,30885,2061.70290000,6396835.46063900,0
1768906800000000,3103.01000000,3110.79000000,3103.00000000,3107.43000000,3326.72600000,1768907699999999,10339978.49967100,36747,2496.98380000,7761041.35705600,0
1768907700000000,3107.43000000,3111.98000000,3106.20000000,3109.52000000,3383.22470000,1768908599999999,10516820.47510200,36543,2388.00060000,7423070.21921700,0
1768908600000000,3109.52000000,3111.12000000,3103.92000000,3106.94000000,2471.32080000,1768909499999999,7680284.67303000,32730,1762.00280000,5475748.85618800,0
1768909500000000,3106.94000000,3113.10000000,3106.73000000,3109.88000000,2333.30380000,1768910399999999,7258945.36693400,29338,1620.67270000,5041956.54444000,0
1768910400000000,3109.88000000,3115.00000000,3107.75000000,3112.71000000,3644.66650000,1768911299999999,11340677.96849800,41082,2672.69900000,8316182.78209400,0
1768911300000000,3112.71000000,3114.69000000,3102.27000000,3106.41000000,4063.36610000,1768912199999999,12627642.93101400,47510,2328.96890000,7236989.12109300,0
1768912200000000,3106.41000000,3110.00000000,3105.98000000,3108.46000000,2849.12020000,1768913099999999,8855798.50522800,27471,2155.35870000,6699402.34950100,0
1768913100000000,3108.46000000,3111.99000000,3107.82000000,3111.30000000,2995.31330000,1768913999999999,9314808.35862300,24075,2221.34750000,6907933.34343600,0
1768914000000000,3111.31000000,3113.27000000,3091.51000000,3094.23000000,4662.93060000,1768914899999999,14464433.88809300,48670,2443.21230000,7581721.90213700,0
1768914900000000,3094.24000000,3097.20000000,3087.72000000,3088.87000000,3796.42440000,1768915799999999,11743840.77614000,59907,1507.52190000,4663765.86052300,0
1768915800000000,3088.87000000,3096.15000000,3074.50000000,3087.42000000,7540.87900000,1768916699999999,23261835.63637300,118343,3274.84330000,10103810.69061400,0
1768916700000000,3087.42000000,3089.14000000,3076.97000000,3078.99000000,2795.90470000,1768917599999999,8615679.78405300,64448,1078.68360000,3324654.39793400,0
1768917600000000,3078.99000000,3089.01000000,3078.47000000,3082.62000000,3143.74090000,1768918499999999,9698458.38046800,52205,1564.17380000,4825383.46177000,0
1768918500000000,3082.62000000,3082.81000000,3056.12000000,3070.71000000,14462.10900000,1768919399999999,44353472.31099100,136191,5889.82400000,18059806.68825800,0
1768919400000000,3070.70000000,3088.08000000,3048.82000000,3070.77000000,18687.96200000,1768920299999999,57275465.93143800,270747,9455.98550000,28984358.17730400,0
1768920300000000,3070.77000000,3070.77000000,3034.22000000,3047.49000000,19192.73670000,1768921199999999,58467465.01765100,245608,8677.58530000,26440619.64409100,0
1768921200000000,3047.49000000,3049.91000000,2995.33000000,3018.20000000,35532.54090000,1768922099999999,107168818.59431900,333668,15490.67370000,46730863.85831800,0
1768922100000000,3018.21000000,3036.27000000,3004.73000000,3031.82000000,16418.29760000,1768922999999999,49605895.15765300,205620,8055.08930000,24346948.42425700,0
1768923000000000,3031.82000000,3038.68000000,3026.56000000,3030.97000000,6208.59050000,1768923899999999,18830666.60093600,149598,2783.64800000,8443643.53863100,0
1768923900000000,3030.97000000,3033.79000000,3020.25000000,3032.99000000,5534.30820000,1768924799999999,16754489.11592400,125704,2554.58560000,7735434.46642400,0
1768924800000000,3033.00000000,3035.77000000,3024.75000000,3032.00000000,4390.52610000,1768925699999999,13306411.55347900,104526,2342.86880000,7100924.30782000,0
1768925700000000,3031.99000000,3042.92000000,3023.16000000,3025.19000000,6773.93500000,1768926599999999,20549533.97817400,78271,3656.15750000,11093090.19228600,0
1768926600000000,3025.18000000,3026.48000000,3002.15000000,3004.02000000,5794.15730000,1768927499999999,17470819.81957700,106770,2089.75080000,6302055.51862700,0
1768927500000000,3004.03000000,3011.85000000,2998.71000000,3009.32000000,7068.41720000,1768928399999999,21242870.82796200,103386,3374.82730000,10145723.59141100,0
1768928400000000,3009.31000000,3023.64000000,3007.57000000,3018.61000000,4062.72640000,1768929299999999,12254669.43017400,101580,2192.04920000,6612085.06658300,0
1768929300000000,3018.61000000,3020.88000000,3001.38000000,3003.88000000,3064.72600000,1768930199999999,9225736.03061300,75340,1349.65830000,4063417.86650100,0
1768930200000000,3003.88000000,3004.46000000,2984.26000000,2999.00000000,10357.44400000,1768931099999999,31010905.68176700,131793,5317.19940000,15921818.92249900,0
1768931100000000,2999.00000000,3005.70000000,2984.99000000,2999.62000000,8031.05290000,1768931999999999,24053213.27904500,135465,3749.69900000,11234660.77086800,0
1768932000000000,2999.62000000,3007.39000000,2996.71000000,3007.23000000,3679.71360000,1768932899999999,11044464.94031600,77048,2320.13430000,6964141.75824000,0
1768932900000000,3007.22000000,3009.00000000,2994.82000000,2998.53000000,3408.35310000,1768933799999999,10234160.74468500,56648,2165.12790000,6502362.28150400,0
1768933800000000,2998.52000000,3000.50000000,2988.83000000,2993.69000000,4508.39170000,1768934699999999,13504783.70156300,70236,2225.36170000,6666570.96476900,0
1768934700000000,2993.69000000,3000.10000000,2987.91000000,2991.81000000,3421.87730000,1768935599999999,10243615.46150300,71366,1887.30630000,5649980.06594100,0
1768935600000000,2991.81000000,3003.31000000,2989.40000000,2995.27000000,4050.03110000,1768936499999999,12136881.37743500,71632,2565.30520000,7687683.43675000,0
1768936500000000,2995.27000000,3000.39000000,2991.39000000,2992.21000000,2303.16240000,1768937399999999,6897559.81176000,43764,924.73840000,2770407.63192700,0
1768937400000000,2992.16000000,2994.82000000,2980.11000000,2988.24000000,7118.51490000,1768938299999999,21267732.17054000,111559,4683.68920000,13996241.99853900,0
1768938300000000,2988.24000000,2999.37000000,2985.66000000,2996.49000000,2412.94980000,1768939199999999,7221643.28452500,62137,1391.78110000,4164111.89623100,0
1768939200000000,2996.49000000,2996.49000000,2986.31000000,2986.44000000,2319.47140000,1768940099999999,6937940.24371700,74512,1032.12880000,3086832.30793200,0
1768940100000000,2986.44000000,3006.12000000,2986.44000000,3003.35000000,3284.67450000,1768940999999999,9856707.70811500,73700,1939.97480000,5819627.81941100,0
1768941000000000,3003.36000000,3004.15000000,2994.10000000,2998.16000000,2513.09370000,1768941899999999,7533513.09684700,49418,1273.82790000,3818392.69823900,0
1768941900000000,2998.17000000,3007.15000000,2995.30000000,3006.66000000,4109.11810000,1768942799999999,12334255.98329600,65814,1987.49960000,5965877.82947600,0
1768942800000000,3006.66000000,3007.22000000,2999.68000000,3002.65000000,9022.92840000,1768943699999999,27105439.15906900,42609,2776.00470000,8339593.52242100,0
1768943700000000,3002.65000000,3002.99000000,2996.28000000,2997.77000000,1450.13450000,1768944599999999,4348730.68126000,26517,950.43410000,2850006.40265600,0
1768944600000000,2997.77000000,2997.77000000,2990.07000000,2994.48000000,1117.64960000,1768945499999999,3346210.93644800,27542,526.34790000,1575806.29283900,0
1768945500000000,2994.48000000,2995.45000000,2990.00000000,2993.53000000,1174.01700000,1768946399999999,3513997.75293400,25734,716.90950000,2145842.43483500,0
1768946400000000,2993.53000000,2999.08000000,2992.91000000,2997.26000000,1015.40710000,1768947299999999,3042057.30681000,20881,611.07340000,1830699.85206700,0
1768947300000000,2997.25000000,2997.26000000,2982.00000000,2986.38000000,2125.41360000,1768948199999999,6350806.41495400,24661,918.78800000,2745139.99685700,0
1768948200000000,2986.39000000,2986.60000000,2920.00000000,2948.14000000,29192.61520000,1768949099999999,86089040.39573300,191756,11034.00940000,32487565.99192200,0
1768949100000000,2948.14000000,2951.73000000,2939.76000000,2951.54000000,5263.49380000,1768949999999999,15504874.63298200,87156,2975.39570000,8764737.21225200,0
1768950000000000,2951.53000000,2952.42000000,2936.30000000,2943.70000000,5474.22150000,1768950899999999,16115069.18221500,100488,2349.39270000,6914516.98515800,0
1768950900000000,2943.70000000,2945.91000000,2930.64000000,2940.33000000,6640.00880000,1768951799999999,19513219.24571600,104533,3218.27610000,9457626.73040400,0
1768951800000000,2940.34000000,2950.45000000,2940.34000000,2944.56000000,3838.36210000,1768952699999999,11307665.96962100,76817,1962.83660000,5782209.05771200,0
1768952700000000,2944.55000000,2945.65000000,2933.55000000,2939.88000000,3098.36070000,1768953599999999,9105478.27337400,75516,1609.14830000,4728794.88094500,0
1768953600000000,2939.88000000,2949.66000000,2934.00000000,2936.09000000,3590.48000000,1768954499999999,10564064.21447300,93331,2056.11850000,6049810.29191500,0
1768954500000000,2936.09000000,2939.84000000,2921.89000000,2938.15000000,6383.14050000,1768955399999999,18700700.34652600,117262,3378.01360000,9896880.53487300,0
1768955400000000,2938.16000000,2958.37000000,2934.47000000,2952.02000000,8422.47510000,1768956299999999,24851486.97901500,93058,5259.12000000,15523856.27476600,0
1768956300000000,2952.02000000,2969.51000000,2951.59000000,2960.00000000,5704.38600000,1768957199999999,16888773.52028900,87605,4007.30260000,11863923.00277800,0
1768957200000000,2960.01000000,2969.51000000,2955.24000000,2967.33000000,3426.41360000,1768958099999999,10148160.29069000,63264,2255.68170000,6681025.65054900,0
1768958100000000,2967.34000000,2972.42000000,2960.00000000,2967.35000000,2983.84620000,1768958999999999,8851737.30539600,56498,1860.14420000,5517709.69901800,0
1768959000000000,2967.34000000,2974.20000000,2964.26000000,2967.39000000,2769.27560000,1768959899999999,8220222.10712100,47695,1633.06560000,4847626.82381900,0
1768959900000000,2967.39000000,2973.70000000,2963.99000000,2965.15000000,1479.80360000,1768960799999999,4393087.83435100,37573,835.59150000,2480971.83793800,0
1768960800000000,2965.14000000,2975.41000000,2965.14000000,2973.01000000,1941.89200000,1768961699999999,5770284.37973200,49711,1104.79830000,3282602.26124700,0
1768961700000000,2973.01000000,2974.05000000,2964.37000000,2965.50000000,2327.42890000,1768962599999999,6913714.36245300,44117,1148.48320000,3411969.09239400,0
1768962600000000,2965.49000000,2968.19000000,2958.00000000,2964.29000000,1914.88520000,1768963499999999,5671361.50956500,51046,867.28890000,2569097.18382000,0
1768963500000000,2964.28000000,2967.32000000,2960.59000000,2961.52000000,3194.65980000,1768964399999999,9468746.78699100,47319,711.85010000,2110081.78618100,0
1768964400000000,2961.52000000,2971.15000000,2960.87000000,2969.53000000,2195.82230000,1768965299999999,6514090.72846700,45014,805.33500000,2389202.50953500,0
1768965300000000,2969.53000000,2974.40000000,2968.65000000,2971.53000000,1981.96600000,1768966199999999,5889264.35265600,37422,614.06540000,1824658.37970400,0
1768966200000000,2971.53000000,2984.64000000,2969.60000000,2982.73000000,3299.88270000,1768967099999999,9822864.21404200,60526,2037.77620000,6067330.86062500,0
1768967100000000,2982.73000000,2983.79000000,2977.86000000,2981.76000000,1127.52420000,1768967999999999,3361455.18866900,31805,567.61870000,1692262.60544700,0
1768968000000000,2981.75000000,2985.58000000,2975.67000000,2976.19000000,1711.66040000,1768968899999999,5103377.02484100,38840,859.64980000,2563445.22051500,0
1768968900000000,2976.19000000,2982.97000000,2974.85000000,2982.18000000,1180.81740000,1768969799999999,3518397.72462300,21256,526.91420000,1570054.59197500,0
1768969800000000,2982.19000000,2984.38000000,2977.96000000,2984.13000000,1390.67880000,1768970699999999,4146584.58249200,25192,988.60660000,2947845.63391500,0
1768970700000000,2984.13000000,2985.61000000,2979.39000000,2979.51000000,1565.41780000,1768971599999999,4669968.20777400,28500,832.22180000,2483089.45268400,0
1768971600000000,2979.50000000,2983.47000000,2977.53000000,2983.47000000,1143.09550000,1768972499999999,3406651.05909100,29891,530.88900000,1582199.14175300,0
1768972500000000,2983.46000000,2985.24000000,2980.45000000,2983.01000000,1141.10830000,1768973399999999,3403813.54343000,19455,593.12920000,1769324.62686300,0
1768973400000000,2983.00000000,2997.00000000,2983.00000000,2996.43000000,3702.21230000,1768974299999999,11074256.05032300,64206,2563.92140000,7668672.59913700,0
1768974300000000,2996.43000000,3002.00000000,2991.77000000,2993.03000000,7139.53530000,1768975199999999,21392574.75680000,57103,4110.67240000,12318691.51311600,0
1768975200000000,2993.03000000,2993.55000000,2988.60000000,2991.69000000,1758.69270000,1768976099999999,5260718.03280800,28479,675.63200000,2020920.72402300,0
1768976100000000,2991.69000000,2993.58000000,2989.41000000,2990.83000000,1425.77650000,1768976999999999,4265133.24942800,29972,650.33030000,1945330.87111400,0
1768977000000000,2990.82000000,2990.82000000,2981.29000000,2982.39000000,1897.94620000,1768977899999999,5667667.08004000,26584,839.36790000,2506331.81715500,0
1768977900000000,2982.39000000,2982.39000000,2975.33000000,2980.30000000,1541.83410000,1768978799999999,4591636.35966600,40373,650.25100000,1936337.72380500,0
1768978800000000,2980.31000000,2985.67000000,2973.01000000,2974.52000000,6662.74720000,1768979699999999,19861546.22995900,47726,797.30270000,2376480.50156600,0
1768979700000000,2974.52000000,2983.08000000,2974.52000000,2982.64000000,1818.86260000,1768980599999999,5415977.18242200,27210,844.64990000,2515310.32272600,0
1768980600000000,2982.65000000,2982.65000000,2966.72000000,2971.17000000,5332.03180000,1768981499999999,15846783.47802100,56544,3075.00220000,9138122.71284900,0
1768981500000000,2971.18000000,2973.27000000,2966.00000000,2970.60000000,4541.43400000,1768982399999999,13488295.29547700,33513,3035.86880000,9016377.25266300,0
1768982400000000,2970.60000000,2970.62000000,2962.49000000,2963.77000000,3116.47510000,1768983299999999,9250288.10532400,48466,1700.38700000,5047705.67648500,0
1768983300000000,2963.78000000,2974.59000000,2963.77000000,2967.20000000,4274.01590000,1768984199999999,12692402.12968100,45419,3214.21810000,9544969.02004000,0
1768984200000000,2967.20000000,2971.20000000,2956.00000000,2959.43000000,5294.60770000,1768985099999999,15688724.08076100,68354,3056.93590000,9060266.87756600,0
1768985100000000,2959.43000000,2967.32000000,2959.24000000,2965.49000000,2392.73220000,1768985999999999,7088879.84048400,30149,1766.22190000,5232873.29275400,0
1768986000000000,2965.49000000,2970.12000000,2963.81000000,2968.72000000,1797.30070000,1768986899999999,5333730.67655800,27332,766.19470000,2273786.28257200,0
1768986900000000,2968.71000000,2972.83000000,2968.71000000,2970.72000000,2152.55310000,1768987799999999,6395545.89773900,20692,878.43030000,2609900.66455600,0
1768987800000000,2970.72000000,2974.87000000,2967.85000000,2970.01000000,2590.37340000,1768988699999999,7698702.69002400,30026,1383.85700000,4113029.41598400,0
1768988700000000,2970.01000000,2970.54000000,2950.34000000,2954.09000000,3098.15410000,1768989599999999,9165989.18721400,38886,1054.51390000,3119908.44923700,0
1768989600000000,2954.08000000,2964.10000000,2952.42000000,2962.49000000,2504.12830000,1768990499999999,7407423.09709300,37222,1471.16380000,4351980.59796300,0
1768990500000000,2962.50000000,2967.22000000,2962.50000000,2965.19000000,1618.99400000,1768991399999999,4799507.90142400,16329,1048.99070000,3109573.70594500,0
1768991400000000,2965.18000000,2970.12000000,2962.13000000,2967.96000000,1799.82740000,1768992299999999,5338706.52584800,23283,1183.28990000,3510092.72993900,0
1768992300000000,2967.97000000,2967.97000000,2963.69000000,2963.92000000,764.82630000,1768993199999999,2268505.81209200,11176,336.78630000,998891.42228100,0
1768993200000000,2963.92000000,2968.38000000,2960.04000000,2968.04000000,1421.25980000,1768994099999999,4211682.69783600,26883,804.16650000,2383445.51398200,0
1768994100000000,2968.04000000,2971.66000000,2967.29000000,2968.71000000,1753.58390000,1768994999999999,5206672.26655200,21388,1092.05470000,3242408.18495800,0
1768995000000000,2968.71000000,2970.07000000,2962.64000000,2965.39000000,718.98580000,1768995899999999,2132865.34810100,20345,292.92920000,868946.31903400,0
1768995900000000,2965.39000000,2966.23000000,2938.00000000,2943.00000000,12559.70390000,1768996799999999,37019926.33164500,69987,4524.68270000,13330193.14802300,0
1768996800000000,2943.00000000,2946.47000000,2913.36000000,2922.08000000,15093.21090000,1768997699999999,44241078.15958700,169311,5822.80870000,17079588.34764900,0
1768997700000000,2922.09000000,2922.81000000,2902.00000000,2911.62000000,14250.42860000,1768998599999999,41494292.15725800,184515,6074.95680000,17690270.71492600,0
1768998600000000,2911.61000000,2922.07000000,2903.46000000,2918.82000000,6339.23410000,1768999499999999,18474896.49411900,89159,3519.17160000,10257156.10778600,0
1768999500000000,2918.81000000,2932.25000000,2916.06000000,2931.48000000,4260.95220000,1769000399999999,12465492.26331500,62252,2534.33530000,7414748.54757600,0
1769000400000000,2931.48000000,2945.64000000,2929.86000000,2941.90000000,4005.90110000,1769001299999999,11775006.05541300,78006,2413.06880000,7093857.88091500,0
1769001300000000,2941.89000000,2943.30000000,2930.00000000,2933.72000000,4236.96440000,1769002199999999,12434787.89214900,55171,2082.09010000,6109851.99262700,0
1769002200000000,2933.73000000,2940.82000000,2926.00000000,2927.80000000,3695.28950000,1769003099999999,10834379.29631300,71944,2007.36980000,5886349.86981800,0
1769003100000000,2927.80000000,2935.62000000,2920.51000000,2928.13000000,3540.64820000,1769003999999999,10367648.38402100,65484,1937.21100000,5672994.41381900,0
1769004000000000,2928.13000000,2979.38000000,2924.56000000,2974.01000000,14552.69870000,1769004899999999,42953876.86501900,197865,8003.37400000,23641302.33120500,0
1769004900000000,2974.00000000,2980.72000000,2963.72000000,2975.87000000,11554.20810000,1769005799999999,34351857.57264600,165679,5467.01370000,16255603.21847100,0
1769005800000000,2975.96000000,2995.83000000,2973.72000000,2976.96000000,18119.84040000,1769006699999999,54084245.15848000,239125,10846.42680000,32378343.79329400,0
1769006700000000,2976.97000000,2987.07000000,2969.26000000,2981.09000000,7136.50190000,1769007599999999,21251133.15291100,163966,3944.85770000,11747315.77141900,0
1769007600000000,2981.09000000,2997.46000000,2975.17000000,2997.08000000,10948.95910000,1769008499999999,32728299.33445200,155775,5876.16870000,17564689.95780700,0
1769008500000000,2997.07000000,3026.83000000,2991.29000000,2992.08000000,21874.78940000,1769009399999999,65820683.86159700,197744,11633.38920000,35021543.54302100,0
1769009400000000,2992.08000000,2997.95000000,2980.14000000,2992.39000000,6421.69670000,1769010299999999,19197971.87846000,122877,3108.23380000,9294547.68362300,0
1769010300000000,2992.39000000,3007.69000000,2987.89000000,3002.69000000,6713.03150000,1769011199999999,20126177.00666000,115944,2818.77060000,8456236.51275600,0
1769011200000000,3002.69000000,3005.22000000,2981.95000000,2982.45000000,4945.01070000,1769012099999999,14803727.34561700,100866,2314.81820000,6931567.55227900,0
1769012100000000,2982.45000000,2986.10000000,2949.69000000,2961.81000000,10173.08330000,1769012999999999,30174563.84849600,165274,4374.27640000,12980248.25137900,0
1769013000000000,2961.82000000,2963.47000000,2888.80000000,2888.98000000,28209.29610000,1769013899999999,82226683.17368700,236391,11576.96470000,33769571.65119800,0
1769013900000000,2888.98000000,2924.93000000,2886.00000000,2891.58000000,19911.31410000,1769014799999999,57849905.31173100,247558,11129.53120000,32334510.25382100,0
1769014800000000,2891.59000000,2914.19000000,2868.17000000,2873.15000000,17754.68430000,1769015699999999,51363875.37601900,216956,8088.87060000,23409609.55941300,0
1769015700000000,2873.19000000,2900.49000000,2866.11000000,2891.90000000,17478.57470000,1769016599999999,50426834.93094500,240699,10057.16940000,29020117.96155300,0
1769016600000000,2891.90000000,2906.02000000,2875.42000000,2898.28000000,11869.13450000,1769017499999999,34297014.17060200,219281,6194.13760000,17902291.94620400,0
1769017500000000,2898.25000000,2908.34000000,2893.15000000,2903.91000000,5618.03590000,1769018399999999,16298459.39652300,143614,3070.61280000,8908538.65552100,0
1769018400000000,2903.91000000,2914.90000000,2887.88000000,2905.23000000,6011.72660000,1769019299999999,17435385.94810300,127326,3401.87280000,9867680.11391800,0
1769019300000000,2905.23000000,2910.55000000,2901.35000000,2907.56000000,3295.41490000,1769020199999999,9572796.84795100,107560,1678.96050000,4877275.81670500,0
1769020200000000,2907.55000000,2916.12000000,2903.98000000,2910.04000000,3941.15110000,1769021099999999,11466358.66737100,100916,2159.05650000,6282317.07705800,0
1769021100000000,2910.04000000,2933.80000000,2908.89000000,2927.40000000,4639.04990000,1769021999999999,13573153.56064800,96486,2790.07960000,8161888.55397400,0
1769022000000000,2927.39000000,2933.95000000,2916.60000000,2923.08000000,5684.55270000,1769022899999999,16619915.37985500,95529,2788.73890000,8152581.62214900,0
1769022900000000,2923.08000000,2985.39000000,2920.86000000,2984.09000000,13304.31170000,1769023799999999,39267813.78916800,149958,8131.69570000,24003741.06518800,0
1769023800000000,2984.10000000,3038.39000000,2974.39000000,3034.01000000,31495.27470000,1769024699999999,94845188.63553200,282905,16976.79440000,51119784.61811100,0
1769024700000000,3034.02000000,3069.07000000,3033.53000000,3055.56000000,24903.81470000,1769025599999999,75968738.59856600,228611,14069.88090000,42921728.89214900,0
1769025600000000,3055.55000000,3057.72000000,3020.07000000,3028.61000000,13312.74800000,1769026499999999,40412460.50329900,196126,5846.69790000,17748858.43211500,0
1769026500000000,3028.62000000,3028.89000000,3003.45000000,3009.74000000,8786.08850000,1769027399999999,26474337.02759200,150846,3861.97030000,11637066.95953000,0
1769027400000000,3009.73000000,3028.02000000,3005.00000000,3019.19000000,6738.68620000,1769028299999999,20348074.55233900,120632,3763.17900000,11363675.03503900,0
1769028300000000,3019.19000000,3034.70000000,3018.54000000,3031.84000000,4705.92470000,1769029199999999,14256425.90045400,83999,2781.67140000,8427495.55427500,0
1769029200000000,3031.84000000,3033.87000000,3021.30000000,3027.09000000,2744.21530000,1769030099999999,8305712.40828100,54987,1134.49910000,3434912.38021500,0
1769030100000000,3027.09000000,3044.16000000,3025.54000000,3029.52000000,4102.46350000,1769030999999999,12455442.50910700,58652,2067.61000000,6279373.09783000,0
1769031000000000,3029.52000000,3042.52000000,3029.10000000,3039.28000000,2061.63250000,1769031899999999,6261993.75610200,39653,1316.82040000,3999809.33167000,0
1769031900000000,3039.29000000,3041.27000000,3030.08000000,3031.47000000,2137.88440000,1769032799999999,6487628.54637500,35261,853.35140000,2589574.96077800,0
1769032800000000,3031.47000000,3045.01000000,3029.81000000,3035.40000000,2866.91140000,1769033699999999,8707556.88295700,42940,1444.85050000,4388643.02953800,0
1769033700000000,3035.41000000,3035.87000000,3018.67000000,3021.03000000,3204.13960000,1769034599999999,9698036.86780800,47859,1123.08680000,3399385.09143100,0
1769034600000000,3021.03000000,3023.14000000,3013.99000000,3016.54000000,1442.41820000,1769035499999999,4353805.54878300,26941,442.43330000,1335425.83054100,0
1769035500000000,3016.53000000,3018.29000000,3009.10000000,3010.52000000,3170.54650000,1769036399999999,9549845.79284700,23650,1938.22910000,5838081.84024300,0
1769036400000000,3010.51000000,3025.35000000,3008.83000000,3022.15000000,2381.55690000,1769037299999999,7188674.87521600,39087,1513.92920000,4570131.09311600,0
1769037300000000,3022.14000000,3022.15000000,3006.95000000,3014.34000000,3462.84710000,1769038199999999,10440820.69163800,34532,1848.98520000,5573468.50643200,0
1769038200000000,3014.35000000,3014.35000000,2984.61000000,2984.76000000,4859.02950000,1769039099999999,14564886.73355000,60580,1991.19880000,5970869.68772200,0
1769039100000000,2984.76000000,2989.13000000,2972.69000000,2982.27000000,5289.11690000,1769039999999999,15762294.13648400,79797,2849.10250000,8491111.88109500,0
1769040000000000,2982.28000000,2998.22000000,2980.73000000,2996.40000000,4182.41220000,1769040899999999,12507593.15258400,69187,2881.59870000,8617621.08977300,0
1769040900000000,2996.39000000,3006.56000000,2990.26000000,3003.58000000,3272.50140000,1769041799999999,9814047.67915100,58235,2054.14810000,6161174.78686300,0
1769041800000000,3003.58000000,3011.51000000,3002.70000000,3008.57000000,2905.91990000,1769042699999999,8735741.26328200,46438,1835.86920000,5519046.54034700,0
1769042700000000,3008.56000000,3010.95000000,3003.44000000,3005.39000000,1504.62690000,1769043599999999,4526449.81319800,32792,959.21740000,2885563.03773500,0
1769043600000000,3005.40000000,3020.70000000,3002.73000000,3018.37000000,3173.21560000,1769044499999999,9568586.31387700,70100,1993.29280000,6011122.96330000,0
1769044500000000,3018.36000000,3029.39000000,3017.40000000,3023.13000000,2828.05080000,1769045399999999,8549932.54862400,59920,1415.78280000,4279854.31225900,0
1769045400000000,3023.13000000,3025.00000000,3013.35000000,3018.27000000,1499.74390000,1769046299999999,4527708.43813800,42584,565.52550000,1707368.17149100,0
1769046300000000,3018.26000000,3033.95000000,3015.52000000,3028.52000000,2590.24070000,1769047199999999,7840288.01862400,41733,1640.57720000,4966076.24850800,0
1769047200000000,3028.52000000,3032.48000000,3025.36000000,3030.40000000,2613.12660000,1769048099999999,7916326.17127500,41570,1586.85820000,4807278.20598900,0
1769048100000000,3030.39000000,3038.33000000,3028.85000000,3035.87000000,2575.63320000,1769048999999999,7813575.85417200,49338,1828.49620000,5546802.58197600,0
1769049000000000,3035.87000000,3035.87000000,3023.88000000,3027.08000000,2191.34520000,1769049899999999,6634942.11439500,49328,730.52190000,2211539.49677000,0
1769049900000000,3027.07000000,3027.08000000,3015.15000000,3017.72000000,2165.38340000,1769050799999999,6542725.35682100,35689,750.85510000,2268780.22758600,0
1769050800000000,3017.72000000,3030.82000000,3017.72000000,3027.15000000,1729.40630000,1769051699999999,5233147.75292900,38136,1164.51010000,3523348.61506600,0
1769051700000000,3027.15000000,3027.15000000,3016.17000000,3016.61000000,1827.03480000,1769052599999999,5517722.03859800,28335,736.48310000,2223913.24396300,0
1769052600000000,3016.61000000,3016.62000000,2999.77000000,3011.23000000,4875.03990000,1769053499999999,14660396.74231800,58350,1618.20260000,4866578.86399600,0
1769053500000000,3011.23000000,3014.58000000,3009.86000000,3013.41000000,974.25010000,1769054399999999,2934428.97527700,19222,495.00680000,1490912.30522900,0
1769054400000000,3013.41000000,3020.05000000,3012.16000000,3014.17000000,1009.13450000,1769055299999999,3043587.95597300,27607,529.32880000,1596785.69575300,0
1769055300000000,3014.18000000,3018.33000000,3011.50000000,3018.33000000,837.62800000,1769056199999999,2525533.08690600,24184,406.76470000,1226434.82645000,0
1769056200000000,3018.33000000,3024.48000000,3017.06000000,3020.40000000,1458.97000000,1769057099999999,4406615.59952500,26853,940.60060000,2841176.64595800,0
1769057100000000,3020.40000000,3025.43000000,3017.57000000,3023.04000000,1921.09710000,1769057999999999,5804389.39308000,29460,965.39220000,2917016.14109400,0
1769058000000000,3023.03000000,3027.90000000,3021.37000000,3024.15000000,1516.88970000,1769058899999999,4588628.79911600,31809,791.77520000,2395181.87101000,0
1769058900000000,3024.15000000,3024.16000000,3016.65000000,3016.96000000,885.21860000,1769059799999999,2674067.08634300,22901,237.04590000,716240.33699400,0
1769059800000000,3016.96000000,3020.69000000,3014.87000000,3018.87000000,1261.61430000,1769060699999999,3808083.21338300,25554,499.09460000,1506399.49626500,0
1769060700000000,3018.87000000,3021.59000000,3014.78000000,3019.80000000,1431.69450000,1769061599999999,4321053.86690500,27453,570.52910000,1722065.39208200,0
1769061600000000,3019.80000000,3027.61000000,3010.46000000,3017.83000000,2320.34690000,1769062499999999,7005442.75545800,45653,960.81470000,2901866.82915900,0
1769062500000000,3017.83000000,3021.19000000,3008.83000000,3009.99000000,3945.66800000,1769063399999999,11893607.82345300,41963,977.51950000,2946428.26297000,0
1769063400000000,3009.98000000,3020.00000000,3009.03000000,3018.32000000,2159.11300000,1769064299999999,6512648.19102400,28818,1042.54510000,3144770.70989600,0
1769064300000000,3018.33000000,3024.18000000,3017.91000000,3019.13000000,2433.92070000,1769065199999999,7353199.48636300,26336,1245.03760000,3761813.75834500,0
1769065200000000,3019.14000000,3022.39000000,3011.85000000,3011.99000000,3385.56350000,1769066099999999,10211423.43362300,26393,2304.27120000,6951252.05656100,0
1769066100000000,3011.99000000,3012.77000000,3005.91000000,3010.41000000,2213.56400000,1769066999999999,6659811.45024900,32452,824.33650000,2480336.34642600,0
1769067000000000,3010.41000000,3012.01000000,3008.10000000,3011.39000000,1328.24710000,1769067899999999,3998344.38872100,31268,674.57840000,2030648.08559100,0
1769067900000000,3011.40000000,3011.40000000,3000.40000000,3000.94000000,2495.03320000,1769068799999999,7498761.62177100,32812,1176.96950000,3537499.56709100,0
1769068800000000,3000.94000000,3008.15000000,2994.10000000,2996.05000000,3043.01700000,1769069699999999,9133577.54009600,53172,1390.71300000,4175230.63673200,0
1769069700000000,2996.05000000,3003.27000000,2994.11000000,2996.78000000,2330.92940000,1769070599999999,6991476.15410400,39858,988.46290000,2964774.74883700,0
1769070600000000,2996.78000000,3001.24000000,2992.50000000,2996.38000000,1724.28530000,1769071499999999,5167506.32050800,24673,668.58910000,2003900.50156000,0
1769071500000000,2996.38000000,3008.05000000,2995.29000000,3005.75000000,2177.16440000,1769072399999999,6538482.89506800,27872,1525.79450000,4582525.85364800,0
1769072400000000,3005.75000000,3011.00000000,3003.19000000,3010.23000000,1594.54480000,1769073299999999,4794376.28411200,24104,948.77200000,2853059.86466900,0
1769073300000000,3010.24000000,3012.00000000,3005.00000000,3006.14000000,2247.77460000,1769074199999999,6762069.21006400,24623,810.40210000,2438276.33552800,0
1769074200000000,3006.15000000,3016.40000000,3005.64000000,3015.44000000,1874.13290000,1769075099999999,5644795.42410100,27887,1357.43560000,4088861.49277700,0
1769075100000000,3015.44000000,3016.27000000,3012.63000000,3013.63000000,1103.08070000,1769075999999999,3325182.80714000,17082,439.23940000,1324020.29540300,0
1769076000000000,3013.63000000,3014.63000000,3009.02000000,3009.31000000,1834.88430000,1769076899999999,5525598.46890200,26215,530.29490000,1596898.46216700,0
1769076900000000,3009.31000000,3010.85000000,3004.84000000,3007.26000000,2653.04830000,1769077799999999,7978429.97983500,27883,1061.04150000,3190821.04473200,0
1769077800000000,3007.27000000,3008.38000000,3000.52000000,3001.80000000,1541.23560000,1769078699999999,4628514.69434200,25674,533.56100000,1602338.67358000,0
1769078700000000,3001.81000000,3005.28000000,3000.00000000,3002.64000000,1299.49950000,1769079599999999,3901678.90221800,18835,480.00290000,1441106.87620800,0
1769079600000000,3002.63000000,3006.82000000,2994.99000000,2997.00000000,2341.92760000,1769080499999999,7026302.59935600,29523,943.03340000,2829380.04165800,0
1769080500000000,2997.00000000,3000.73000000,2985.57000000,2988.81000000,3720.36680000,1769081399999999,11135008.25354600,43430,1354.21260000,4053711.32655400,0
1769081400000000,2988.81000000,2991.96000000,2977.22000000,2983.11000000,5138.99590000,1769082299999999,15335867.99005300,58238,2041.94550000,6094588.59959800,0
1769082300000000,2983.11000000,2988.60000000,2981.79000000,2986.80000000,1886.04730000,1769083199999999,5631240.85212200,32844,1173.91480000,3504955.53193600,0
1769083200000000,2986.80000000,2991.38000000,2978.45000000,2989.42000000,2859.74450000,1769084099999999,8537740.96351900,32161,1380.17170000,4121297.57289400,0
1769084100000000,2989.43000000,2992.40000000,2986.56000000,2990.61000000,1781.60530000,1769084999999999,5326336.70483500,21919,1136.46610000,3397577.35752100,0
1769085000000000,2990.60000000,2998.48000000,2990.32000000,2991.74000000,1761.22570000,1769085899999999,5273878.49932300,33149,1056.52980000,3163510.72587500,0
1769085900000000,2991.75000000,2992.53000000,2987.00000000,2990.86000000,1047.26070000,1769086799999999,3131350.49341800,22762,526.45100000,1574060.03887200,0
1769086800000000,2990.86000000,2995.77000000,2989.60000000,2992.14000000,1195.27300000,1769087699999999,3576681.16661500,24995,607.72250000,1818576.62558500,0
1769087700000000,2992.14000000,3000.43000000,2991.46000000,3000.13000000,2267.25620000,1769088599999999,6790598.96255300,25505,1221.92690000,3660568.29882300,0
1769088600000000,3000.13000000,3010.18000000,2963.15000000,2968.60000000,10589.99980000,1769089499999999,31577782.39325200,125026,4860.20360000,14498757.14895800,0
1769089500000000,2968.60000000,2974.25000000,2962.33000000,2972.76000000,4818.36060000,1769090399999999,14313744.69043700,66221,1770.73240000,5260219.84187900,0
1769090400000000,2972.76000000,2982.13000000,2964.79000000,2980.97000000,3322.43230000,1769091299999999,9880049.68726500,59126,1805.01650000,5369369.03955800,0
1769091300000000,2980.96000000,2980.96000000,2964.37000000,2972.75000000,3726.38080000,1769092199999999,11079092.66270600,53630,1773.47320000,5271555.47980200,0
1769092200000000,2972.76000000,2979.61000000,2949.19000000,2962.32000000,14584.76730000,1769093099999999,43235680.70667100,202595,6489.49290000,19237814.88294300,0
1769093100000000,2962.32000000,2963.63000000,2935.22000000,2941.33000000,12994.50560000,1769093999999999,38259372.27316200,180857,5590.49260000,16460153.16535400,0
1769094000000000,2941.32000000,2954.89000000,2936.14000000,2947.73000000,8787.92760000,1769094899999999,25890735.12976400,144707,4665.77370000,13745812.91623400,0
1769094900000000,2947.72000000,2951.59000000,2907.61000000,2911.65000000,15040.76220000,1769095799999999,43965904.16144300,169875,6764.48740000,19775040.67614100,0
1769095800000000,2911.66000000,2946.56000000,2906.02000000,2945.94000000,9602.99370000,1769096699999999,28100316.40249500,146240,5234.73790000,15324010.29413900,0
1769096700000000,2945.94000000,2968.39000000,2939.02000000,2942.01000000,12198.51440000,1769097599999999,36015006.35571400,143659,6361.22580000,18770174.23825500,0
1769097600000000,2942.02000000,2951.33000000,2934.91000000,2939.10000000,3852.19620000,1769098499999999,11336876.04622700,107538,2103.02500000,6189292.02708500,0
1769098500000000,2939.09000000,2949.00000000,2923.99000000,2940.96000000,6435.36240000,1769099399999999,18900182.99320100,119904,3830.36050000,11253131.67215200,0
1769099400000000,2940.95000000,2947.32000000,2930.93000000,2941.56000000,4091.73230000,1769100299999999,12026606.95840000,92570,2151.19470000,6322602.17078800,0
1769100300000000,2941.57000000,2958.53000000,2941.29000000,2946.24000000,3267.20560000,1769101199999999,9637668.01681000,82246,1938.51730000,5717883.20593800,0
1769101200000000,2946.24000000,2954.83000000,2941.81000000,2944.64000000,3265.79730000,1769102099999999,9629704.27095800,79022,1360.49770000,4011686.82386200,0
1769102100000000,2944.65000000,2951.94000000,2934.97000000,2938.99000000,2354.49660000,1769102999999999,6928133.58691500,65602,929.72200000,2736037.57683800,0
1769103000000000,2939.00000000,2947.26000000,2938.47000000,2946.07000000,1829.27610000,1769103899999999,5383607.47687600,47781,1274.72020000,3751679.77616000,0
1769103900000000,2946.07000000,2963.83000000,2946.07000000,2961.77000000,3530.65250000,1769104799999999,10444002.73943200,72676,2290.74960000,6775516.77996600,0
1769104800000000,2961.76000000,2963.17000000,2953.03000000,2957.25000000,2587.99580000,1769105699999999,7654410.32772700,56134,1389.70090000,4110582.76645500,0
1769105700000000,2957.26000000,2972.76000000,2956.81000000,2960.71000000,3268.46480000,1769106599999999,9692594.25781600,53082,2127.15140000,6308652.66376800,0
1769106600000000,2960.70000000,2967.18000000,2950.57000000,2953.70000000,2545.87050000,1769107499999999,7529395.94827600,49697,1509.23390000,4463350.08873600,0
1769107500000000,2953.69000000,2956.47000000,2938.46000000,2939.53000000,2809.91390000,1769108399999999,8273784.05225400,52374,1304.06930000,3840614.19438400,0
1769108400000000,2939.54000000,2947.25000000,2928.33000000,2943.04000000,2912.69820000,1769109299999999,8555939.63935000,62497,1554.02250000,4567027.12908700,0
1769109300000000,2943.04000000,2949.70000000,2939.18000000,2946.84000000,1212.47370000,1769110199999999,3569693.76743200,35769,636.57200000,1874518.25562200,0
1769110200000000,2946.84000000,2961.69000000,2946.42000000,2957.33000000,1970.98860000,1769111099999999,5824348.98840500,43855,1325.77040000,3917086.26850300,0
1769111100000000,2957.32000000,2963.49000000,2948.28000000,2953.94000000,2522.44690000,1769111999999999,7454964.84372400,43304,1224.67960000,3620086.02092400,0
1769112000000000,2953.94000000,2957.10000000,2945.55000000,2955.50000000,2267.80500000,1769112899999999,6695190.56719400,46532,837.32040000,2471718.75808500,0
1769112900000000,2955.50000000,2957.86000000,2936.13000000,2937.88000000,1982.34100000,1769113799999999,5835435.93746300,35896,581.00320000,1710663.76130700,0
1769113800000000,2937.87000000,2944.17000000,2930.15000000,2934.75000000,3420.19780000,1769114699999999,10041138.22653500,50417,1646.34940000,4833278.95550900,0
1769114700000000,2934.75000000,2941.62000000,2934.75000000,2939.02000000,2156.21960000,1769115599999999,6336706.02922900,39119,1182.07890000,3473911.82015600,0
1769115600000000,2939.02000000,2946.42000000,2933.75000000,2941.85000000,2149.58900000,1769116499999999,6322304.92647700,40329,1350.29430000,3971266.15284400,0
1769116500000000,2941.85000000,2951.45000000,2941.00000000,2950.10000000,1621.54400000,1769117399999999,4779088.01806100,26608,913.45490000,2691611.32948100,0
1769117400000000,2950.10000000,2950.81000000,2945.00000000,2945.01000000,1072.64250000,1769118299999999,3162184.57012000,23026,459.76780000,1355210.49846400,0
1769118300000000,2945.01000000,2950.40000000,2940.82000000,2946.40000000,1744.55410000,1769119199999999,5140825.25496300,21763,759.20950000,2236514.42540600,0
1769119200000000,2946.31000000,2959.16000000,2943.33000000,2955.18000000,1739.44820000,1769120099999999,5129872.73185300,27283,915.13250000,2699293.34238800,0
1769120100000000,2955.17000000,2957.25000000,2945.76000000,2953.11000000,2064.54570000,1769120999999999,6092399.85145500,24927,846.25790000,2496893.31257500,0
1769121000000000,2953.11000000,2953.12000000,2945.71000000,2951.34000000,1482.35700000,1769121899999999,4371034.82381400,18942,610.27820000,1799226.55948700,0
1769121900000000,2951.34000000,2954.83000000,2949.23000000,2951.90000000,1443.21020000,1769122799999999,4260863.08041800,20457,684.78830000,2021590.60460600,0
1769122800000000,2951.90000000,2952.67000000,2940.82000000,2948.09000000,2285.80510000,1769123699999999,6733286.15509300,35964,1314.16080000,3870599.26371200,0
1769123700000000,2948.09000000,2954.34000000,2947.34000000,2950.04000000,1114.47890000,1769124599999999,3288789.19718800,18652,559.55210000,1651189.76988800,0
1769124600000000,2950.03000000,2955.89000000,2948.83000000,2950.35000000,1240.18620000,1769125499999999,3662290.73495500,14536,631.63360000,1865387.69017400,0
1769125500000000,2950.34000000,2953.28000000,2949.52000000,2952.69000000,816.66110000,1769126399999999,2410378.20662200,11206,273.65740000,807680.08505100,0
1769126400000000,2952.70000000,2955.02000000,2948.86000000,2952.86000000,955.30000000,1769127299999999,2820569.31685700,25282,421.34300000,1243957.09819500,0
1769127300000000,2952.85000000,2957.13000000,2950.60000000,2951.33000000,1773.88860000,1769128199999999,5239556.32683400,27626,1002.70060000,2961736.91949900,0
1769128200000000,2951.33000000,2952.10000000,2946.22000000,2949.82000000,1255.17400000,1769129099999999,3701622.39323100,25522,546.54870000,1611775.35855800,0
1769129100000000,2949.83000000,2954.84000000,2948.07000000,2953.61000000,1055.79990000,1769129999999999,3116405.21669900,22675,698.38490000,2061301.67748300,0
1769130000000000,2953.62000000,2958.95000000,2953.08000000,2953.37000000,1290.27300000,1769130899999999,3814364.28891200,36860,663.96570000,1962825.33852600,0
1769130900000000,2953.37000000,2958.87000000,2953.37000000,2958.80000000,987.78430000,1769131799999999,2920511.99795700,28668,572.05660000,1691280.19171000,0
1769131800000000,2958.80000000,2967.20000000,2956.47000000,2963.07000000,3591.32620000,1769132699999999,10639018.96934500,51879,2224.61270000,6589828.84334400,0
1769132700000000,2963.06000000,2970.00000000,2961.79000000,2968.88000000,1545.96290000,1769133599999999,4585333.01008300,27986,1008.52040000,2991431.40410900,0
1769133600000000,2968.89000000,2972.08000000,2962.41000000,2967.78000000,2788.91280000,1769134499999999,8274684.30109200,41235,1630.03200000,4836989.00596900,0
1769134500000000,2967.78000000,2967.78000000,2959.22000000,2960.41000000,629.36790000,1769135399999999,1864975.53648300,20023,377.96230000,1120144.79393700,0
1769135400000000,2960.41000000,2963.99000000,2956.89000000,2959.50000000,1365.82630000,1769136299999999,4044304.36934800,30073,480.74680000,1423415.28031800,0
1769136300000000,2959.49000000,2961.49000000,2952.83000000,2952.83000000,679.55690000,1769137199999999,2008902.06835500,19318,131.15520000,387777.02621300,0
1769137200000000,2952.83000000,2959.03000000,2951.92000000,2959.03000000,1651.70040000,1769138099999999,4880966.95145700,23539,799.70800000,2363482.63143800,0
1769138100000000,2959.02000000,2965.45000000,2958.96000000,2963.73000000,1060.36670000,1769138999999999,3142058.06655300,25577,600.79930000,1780393.34985600,0
1769139000000000,2963.72000000,2965.17000000,2957.81000000,2962.35000000,688.92590000,1769139899999999,2040090.23403000,25759,292.92330000,867329.23220900,0
1769139900000000,2962.35000000,2964.62000000,2960.53000000,2964.42000000,749.22050000,1769140799999999,2219754.96281100,15544,258.45760000,765738.71999800,0
1769140800000000,2964.42000000,2978.91000000,2963.00000000,2977.59000000,2919.96400000,1769141699999999,8674785.98453800,31438,1928.81590000,5731758.62173900,0
1769141700000000,2977.59000000,2977.59000000,2970.26000000,2973.21000000,1877.14950000,1769142599999999,5580507.83149600,30887,998.18590000,2967348.23050200,0
1769142600000000,2973.21000000,2980.78000000,2970.28000000,2978.77000000,3044.22100000,1769143499999999,9063401.47855000,37457,1983.47310000,5905227.42999200,0
1769143500000000,2978.77000000,2984.71000000,2977.99000000,2977.99000000,2173.99160000,1769144399999999,6481572.89576900,35766,1166.00940000,3476606.85427600,0
1769144400000000,2977.99000000,2978.41000000,2972.87000000,2977.53000000,2122.18530000,1769145299999999,6316128.71472100,30116,1177.14210000,3504400.82883900,0
1769145300000000,2977.53000000,2977.53000000,2963.83000000,2970.27000000,1942.11570000,1769146199999999,5769637.82032700,36591,698.46810000,2074538.68242400,0
1769146200000000,2970.27000000,2973.64000000,2967.13000000,2970.49000000,2287.20210000,1769147099999999,6795494.11828400,35805,1267.37050000,3765968.31699200,0
1769147100000000,2970.49000000,2972.13000000,2965.43000000,2968.56000000,1481.66960000,1769147999999999,4398164.70445200,36385,742.20620000,2203211.65157500,0
1769148000000000,2968.57000000,2975.39000000,2966.01000000,2972.01000000,3110.48430000,1769148899999999,9248012.66832500,37048,1657.47980000,4928324.86590300,0
1769148900000000,2972.01000000,2974.14000000,2939.27000000,2946.04000000,6424.71250000,1769149799999999,18996387.62332700,88558,2091.54280000,6181834.46842700,0
1769149800000000,2946.04000000,2955.69000000,2939.24000000,2955.15000000,3770.26390000,1769150699999999,11113041.16515000,62655,1816.34990000,5354978.19681000,0
1769150700000000,2955.15000000,2956.00000000,2937.85000000,2939.88000000,3120.58730000,1769151599999999,9191325.57117500,66124,851.00640000,2506266.81297700,0
1769151600000000,2939.88000000,2942.67000000,2935.31000000,2941.81000000,2388.77310000,1769152499999999,7021679.93655700,61734,1143.54240000,3361228.68486900,0
1769152500000000,2941.81000000,2951.10000000,2941.80000000,2947.25000000,1386.58200000,1769153399999999,4086206.31023000,31811,816.83640000,2407014.12575900,0
1769153400000000,2947.25000000,2951.42000000,2945.00000000,2948.39000000,4126.33410000,1769154299999999,12170566.38282500,44750,2739.59280000,8080143.26056800,0
1769154300000000,2948.39000000,2950.57000000,2941.74000000,2948.49000000,4369.41840000,1769155199999999,12879075.22032600,39058,3262.22600000,9615557.30869100,0
1769155200000000,2948.58000000,2951.34000000,2944.95000000,2946.62000000,1355.82580000,1769156099999999,3997749.35464400,30206,806.73290000,2378815.05866300,0
1769156100000000,2946.62000000,2946.62000000,2934.42000000,2937.27000000,2754.81470000,1769156999999999,8100898.14132100,51594,1192.68860000,3506517.14257200,0
1769157000000000,2937.27000000,2939.32000000,2921.20000000,2933.74000000,9232.57910000,1769157899999999,27038470.56550900,83137,3926.88660000,11504288.25573700,0
1769157900000000,2933.74000000,2936.31000000,2923.00000000,2927.64000000,2931.33120000,1769158799999999,8586597.44172900,51228,1272.79000000,3728333.20834100,0
1769158800000000,2927.64000000,2935.02000000,2926.60000000,2928.00000000,2052.18760000,1769159699999999,6016468.42132400,41902,1191.45150000,3493007.44653700,0
1769159700000000,2928.01000000,2931.88000000,2920.92000000,2929.05000000,2226.08040000,1769160599999999,6516906.31332200,55798,993.70000000,2909106.33430300,0
1769160600000000,2929.05000000,2930.12000000,2917.80000000,2923.95000000,4191.98040000,1769161499999999,12257660.64587200,60813,1959.87140000,5731718.34305400,0
1769161500000000,2923.95000000,2924.09000000,2915.19000000,2921.17000000,6548.96530000,1769162399999999,19118585.36887300,57236,2501.92740000,7303775.64446400,0
1769162400000000,2921.16000000,2926.02000000,2914.93000000,2925.14000000,3119.21800000,1769163299999999,9110129.04997300,42499,1405.72220000,4105868.39408400,0
1769163300000000,2925.15000000,2929.00000000,2921.28000000,2926.94000000,2614.01930000,1769164199999999,7648999.77472100,29168,1227.98670000,3593319.09460400,0
1769164200000000,2926.94000000,2932.00000000,2922.13000000,2929.31000000,4696.78310000,1769165099999999,13747797.10153400,57250,2610.41210000,7641172.07382900,0
1769165100000000,2929.30000000,2935.00000000,2928.22000000,2930.95000000,2983.52590000,1769165999999999,8745139.33101300,38674,1481.18770000,4342036.94534500,0
1769166000000000,2930.95000000,2940.82000000,2928.44000000,2939.16000000,5618.09990000,1769166899999999,16494364.72080900,57058,3384.74510000,9939585.87794300,0
1769166900000000,2939.15000000,2940.27000000,2933.51000000,2937.70000000,1546.19070000,1769167799999999,4541553.38608800,29305,668.19650000,1962690.92516000,0
1769167800000000,2937.70000000,2946.66000000,2937.18000000,2942.97000000,3387.45230000,1769168699999999,9968875.85093900,35650,1796.97780000,5288104.01724400,0
1769168700000000,2942.97000000,2944.66000000,2937.87000000,2940.68000000,1479.19650000,1769169599999999,4350609.93328500,21043,694.50170000,2042529.71753400,0
1769169600000000,2940.68000000,2940.69000000,2934.23000000,2934.48000000,2002.28160000,1769170499999999,5881379.86854700,29987,529.11940000,1554336.83427900,0
1769170500000000,2934.49000000,2939.73000000,2932.89000000,2937.71000000,1495.60480000,1769171399999999,4392264.25008000,26283,760.17840000,2232615.93495800,0
1769171400000000,2937.71000000,2938.20000000,2929.00000000,2934.05000000,2367.28930000,1769172299999999,6941872.60185800,46777,1003.21160000,2941947.08848900,0
1769172300000000,2934.06000000,2939.88000000,2931.67000000,2934.86000000,2177.15750000,1769173199999999,6392830.26698400,37572,1326.50450000,3895048.27999100,0
1769173200000000,2934.85000000,2940.82000000,2934.15000000,2940.06000000,1491.38800000,1769174099999999,4380246.66819400,35568,821.22250000,2411858.11679800,0
1769174100000000,2940.06000000,2943.92000000,2937.44000000,2937.44000000,2178.69700000,1769174999999999,6406797.67812300,44309,1119.74500000,3293053.12424900,0
1769175000000000,2937.45000000,2937.45000000,2927.09000000,2935.29000000,2586.94900000,1769175899999999,7585842.12560500,45467,1079.73600000,3165448.84163000,0
1769175900000000,2935.29000000,2938.87000000,2929.46000000,2930.79000000,1519.25010000,1769176799999999,4456606.42256600,36949,540.41550000,1585647.32775000,0
1769176800000000,2930.78000000,2936.83000000,2925.26000000,2934.30000000,1806.22340000,1769177699999999,5295729.56910400,41882,917.30610000,2689466.31667600,0
1769177700000000,2934.30000000,2941.36000000,2932.11000000,2940.08000000,2097.98240000,1769178599999999,6162860.33054300,47761,1193.02740000,3504722.73274300,0
1769178600000000,2940.07000000,2942.39000000,2892.40000000,2908.62000000,20410.87580000,1769179499999999,59389200.28163700,256453,7725.87100000,22492091.30996800,0
1769179500000000,2908.62000000,2923.76000000,2897.57000000,2916.07000000,7288.64540000,1769180399999999,21216472.27337500,171830,3937.35990000,11461210.22304500,0
1769180400000000,2916.07000000,2924.24000000,2906.43000000,2909.99000000,5086.53140000,1769181299999999,14835797.89659900,120996,2744.26170000,8006211.56711100,0
1769181300000000,2909.99000000,2939.40000000,2899.77000000,2926.25000000,7011.39850000,1769182199999999,20491271.83808300,158304,3666.15960000,10719134.57512900,0
1769182200000000,2926.25000000,2942.83000000,2925.62000000,2934.85000000,3496.00980000,1769183099999999,10257308.20521700,99345,1966.76450000,5770491.51292700,0
1769183100000000,2934.85000000,2965.06000000,2934.00000000,2952.75000000,11256.29070000,1769183999999999,33229840.91573500,132767,5534.85930000,16335242.59621800,0
1769184000000000,2952.66000000,2964.03000000,2949.19000000,2956.05000000,5588.23040000,1769184899999999,16521910.56758800,123041,2601.88370000,7693783.81820400,0
1769184900000000,2956.05000000,2957.22000000,2941.16000000,2944.89000000,3612.21950000,1769185799999999,10658110.81602800,96240,1597.64470000,4713612.63810200,0
1769185800000000,2944.88000000,2979.00000000,2938.46000000,2972.34000000,10201.10800000,1769186699999999,30243076.68653200,167926,5964.57150000,17688079.01891500,0
1769186700000000,2972.34000000,2980.00000000,2963.94000000,2967.99000000,5611.94600000,1769187599999999,16680805.53268700,108958,3085.40970000,9172686.51862300,0
1769187600000000,2968.00000000,2968.88000000,2959.80000000,2968.87000000,3641.19170000,1769188499999999,10792343.54817200,84092,1765.62740000,5234291.47862400,0
1769188500000000,2968.88000000,2999.04000000,2968.87000000,2998.64000000,11294.81670000,1769189399999999,33733486.09150400,116760,7257.04270000,21674195.20305000,0
1769189400000000,2998.63000000,3019.26000000,2989.45000000,3000.94000000,13388.64910000,1769190299999999,40218557.98402300,162274,7006.99650000,21052906.34682200,0
1769190300000000,3000.93000000,3009.51000000,2985.95000000,2987.51000000,4794.44970000,1769191199999999,14359169.33746300,87219,1995.66230000,5976150.39373200,0
1769191200000000,2987.51000000,2998.53000000,2978.45000000,2989.36000000,7166.03580000,1769192099999999,21417263.87585600,102967,3145.91720000,9405301.99513400,0
1769192100000000,2989.36000000,2998.37000000,2984.79000000,2996.12000000,2740.46180000,1769192999999999,8202795.40704000,76532,1632.43970000,4886861.91873000,0
1769193000000000,2996.13000000,3007.55000000,2991.01000000,2991.45000000,3879.24810000,1769193899999999,11630418.26838700,84655,2040.94990000,6120984.46580200,0
1769193900000000,2991.44000000,2993.84000000,2985.92000000,2988.60000000,2170.43400000,1769194799999999,6489545.22774000,64184,1068.93350000,3196121.84979800,0
1769194800000000,2988.60000000,2988.60000000,2975.06000000,2977.78000000,4594.30360000,1769195699999999,13700902.25742300,74236,1923.05720000,5735051.41496000,0
1769195700000000,2977.78000000,2978.56000000,2958.00000000,2961.94000000,8412.05110000,1769196599999999,24965186.87903000,110691,3545.98080000,10524020.19123500,0
1769196600000000,2961.94000000,2962.36000000,2946.73000000,2958.30000000,4969.90330000,1769197499999999,14684017.56762500,107878,2628.08040000,7764260.07838000,0
1769197500000000,2958.30000000,2961.13000000,2949.86000000,2959.80000000,2102.85650000,1769198399999999,6215799.41124500,54444,1405.34230000,4154311.76391700,0
1769198400000000,2959.79000000,2963.69000000,2952.63000000,2960.01000000,2229.20430000,1769199299999999,6595787.33211200,72059,1252.38740000,3705995.42482200,0
1769199300000000,2960.00000000,2961.96000000,2949.97000000,2950.41000000,1528.82210000,1769200199999999,4519343.85092000,61411,750.42690000,2218503.53408600,0
1769200200000000,2950.40000000,2950.40000000,2930.42000000,2937.88000000,5058.66290000,1769201099999999,14864342.69543300,110479,2099.36050000,6168945.24353100,0
1769201100000000,2937.89000000,2945.89000000,2931.60000000,2940.16000000,4281.98970000,1769201999999999,12582366.88592500,75706,2193.82790000,6447101.76971600,0
1769202000000000,2940.15000000,2951.60000000,2938.26000000,2949.09000000,1562.29260000,1769202899999999,4602975.57718400,42432,1002.97570000,2955059.55632400,0
1769202900000000,2949.09000000,2953.07000000,2943.71000000,2950.03000000,977.13120000,1769203799999999,2883024.29853400,30949,560.08600000,1652739.37864900,0
1769203800000000,2950.02000000,2950.95000000,2942.44000000,2945.15000000,576.31790000,1769204699999999,1698357.59651900,26702,219.47910000,646898.11850900,0
1769204700000000,2945.14000000,2949.79000000,2943.33000000,2943.98000000,530.26900000,1769205599999999,1562140.76703300,21634,294.54940000,867689.58924800,0
1769205600000000,2943.98000000,2959.71000000,2943.47000000,2952.69000000,2561.89570000,1769206499999999,7568150.35879600,46353,1711.24880000,5054699.67035200,0
1769206500000000,2952.69000000,2959.63000000,2948.99000000,2957.62000000,1212.02580000,1769207399999999,3580717.55708200,33019,685.30590000,2025296.88211500,0
1769207400000000,2957.63000000,2961.92000000,2954.52000000,2954.86000000,1275.97760000,1769208299999999,3773989.21389200,21109,529.16110000,1564981.24943000,0
1769208300000000,2954.86000000,2961.85000000,2954.38000000,2960.02000000,597.15890000,1769209199999999,1766906.20299400,16350,332.41320000,983521.79268500,0
1769209200000000,2960.02000000,2960.02000000,2952.22000000,2955.54000000,811.98670000,1769210099999999,2400721.62267700,27356,313.70950000,927566.95966900,0
1769210100000000,2955.54000000,2957.63000000,2952.58000000,2956.13000000,409.43270000,1769210999999999,1210065.32706100,10492,81.19360000,239943.92008600,0
1769211000000000,2956.12000000,2957.00000000,2952.74000000,2952.79000000,383.06500000,1769211899999999,1131662.25260000,13397,116.13660000,343145.47681900,0
1769211900000000,2952.79000000,2957.74000000,2951.00000000,2956.41000000,625.32870000,1769212799999999,1847801.64310500,18933,411.76640000,1216800.93603500,0
1769212800000000,2956.41000000,2958.99000000,2952.68000000,2952.93000000,2024.35030000,1769213699999999,5983605.17752400,30391,1229.34400000,3633234.64843400,0
1769213700000000,2952.94000000,2956.20000000,2951.70000000,2952.03000000,686.14180000,1769214599999999,2027068.76183000,15761,337.26750000,996442.33457700,0
1769214600000000,2952.02000000,2956.72000000,2950.88000000,2951.54000000,795.63980000,1769215499999999,2350143.13043100,23613,298.53710000,881827.91814800,0
1769215500000000,2951.54000000,2953.38000000,2949.27000000,2950.99000000,627.74950000,1769216399999999,1852549.07368300,15491,213.55760000,630313.79412100,0
1769216400000000,2951.00000000,2954.38000000,2950.00000000,2954.28000000,357.47520000,1769217299999999,1055575.42510100,16502,155.79000000,459978.98546300,0
1769217300000000,2954.28000000,2959.45000000,2953.54000000,2958.80000000,543.09650000,1769218199999999,1606116.53979100,25982,367.56940000,1086995.34156500,0
1769218200000000,2958.80000000,2958.80000000,2951.83000000,2955.89000000,640.01240000,1769219099999999,1891121.69051600,19205,218.46170000,645498.24350600,0
1769219100000000,2955.88000000,2956.44000000,2952.65000000,2956.12000000,642.68470000,1769219999999999,1898997.73311700,19627,218.08770000,644420.90402700,0
1769220000000000,2956.12000000,2958.92000000,2954.69000000,2958.74000000,1061.75590000,1769220899999999,3139712.39004100,24008,638.37780000,1887776.53235600,0
1769220900000000,2958.74000000,2962.32000000,2958.34000000,2959.49000000,1285.04130000,1769221799999999,3804672.38747100,20168,929.90810000,2753398.02218500,0
1769221800000000,2959.49000000,2961.44000000,2957.72000000,2959.49000000,457.37210000,1769222699999999,1353644.53175100,13498,176.12780000,521253.97883100,0
1769222700000000,2959.50000000,2960.04000000,2957.95000000,2959.59000000,486.50610000,1769223599999999,1439557.42398600,11289,184.56470000,546070.39059800,0
1769223600000000,2959.59000000,2966.07000000,2957.25000000,2964.59000000,1817.30260000,1769224499999999,5385999.00474300,29258,1144.76760000,3392679.12219400,0
1769224500000000,2964.59000000,2970.41000000,2962.31000000,2970.26000000,6292.85130000,1769225399999999,18675010.66860200,26302,1992.24290000,5910048.55160300,0
1769225400000000,2970.27000000,2970.27000000,2962.05000000,2964.57000000,991.59500000,1769226299999999,2941351.57866500,21603,449.26510000,1332494.80491000,0
1769226300000000,2964.56000000,2965.09000000,2961.41000000,2962.72000000,470.60470000,1769227199999999,1394527.49499000,12706,211.92340000,627995.56848500,0
1769227200000000,2962.72000000,2965.66000000,2962.42000000,2965.01000000,502.37160000,1769228099999999,1489300.41479000,7807,221.21750000,655809.54496500,0
1769228100000000,2965.00000000,2966.86000000,2959.49000000,2960.71000000,906.39840000,1769228999999999,2685511.08763400,16449,313.38230000,928595.86509700,0
1769229000000000,2960.71000000,2962.61000000,2960.02000000,2961.92000000,615.41500000,1769229899999999,1822616.11867300,8184,233.24490000,690676.63553100,0
1769229900000000,2961.93000000,2963.50000000,2960.03000000,2963.41000000,1206.01320000,1769230799999999,3571641.18273200,11356,536.53660000,1588769.31356400,0
1769230800000000,2963.41000000,2964.79000000,2959.59000000,2963.71000000,1215.81180000,1769231699999999,3601196.02025300,11809,476.22340000,1410657.73114800,0
1769231700000000,2963.71000000,2965.63000000,2963.57000000,2963.93000000,526.98640000,1769232599999999,1562150.75310200,7505,266.86980000,791026.20320100,0
1769232600000000,2963.93000000,2965.63000000,2958.44000000,2959.37000000,1129.44850000,1769233499999999,3345907.26769300,13305,296.86810000,879288.90120700,0
1769233500000000,2959.38000000,2961.32000000,2957.39000000,2961.32000000,688.33790000,1769234399999999,2036850.22854600,11634,279.87950000,828152.66778500,0
1769234400000000,2961.32000000,2964.16000000,2959.13000000,2963.42000000,694.67340000,1769235299999999,2056982.23215600,10147,325.43000000,963763.02607300,0
1769235300000000,2963.42000000,2963.42000000,2959.82000000,2960.31000000,359.06040000,1769236199999999,1063297.77047500,10175,155.39070000,460132.76185300,0
1769236200000000,2960.32000000,2963.86000000,2960.31000000,2963.00000000,386.99460000,1769237099999999,1146254.98802900,10362,253.83790000,751818.81158200,0
1769237100000000,2963.00000000,2963.12000000,2961.59000000,2961.79000000,598.45150000,1769237999999999,1772871.16734500,7438,265.39060000,786162.94636100,0
1769238000000000,2961.79000000,2962.40000000,2959.49000000,2960.98000000,520.83380000,1769238899999999,1542225.79026500,8037,252.69730000,748265.86956300,0
1769238900000000,2960.98000000,2960.99000000,2953.99000000,2957.76000000,5791.45970000,1769239799999999,17118668.29547700,13083,3168.22080000,9362764.94571700,0
1769239800000000,2957.75000000,2959.16000000,2956.88000000,2959.00000000,537.73770000,1769240699999999,1590620.04997300,8038,271.38750000,802785.27700500,0
1769240700000000,2958.99000000,2960.24000000,2957.31000000,2957.34000000,872.47950000,1769241599999999,2581703.71677100,15080,351.18270000,1039206.44584300,0
1769241600000000,2957.34000000,2958.64000000,2954.77000000,2958.25000000,1481.59070000,1769242499999999,4380287.38142200,13844,445.38790000,1316938.87053800,0
1769242500000000,2958.25000000,2959.05000000,2958.25000000,2958.61000000,263.51060000,1769243399999999,779605.94035500,5762,146.81740000,434352.69649500,0
1769243400000000,2958.62000000,2960.66000000,2958.59000000,2960.66000000,354.23350000,1769244299999999,1048247.63488400,10081,277.67370000,821689.95186700,0
1769244300000000,2960.65000000,2963.18000000,2960.64000000,2963.12000000,768.58180000,1769245199999999,2276399.45103000,8331,422.88360000,1252508.33068000,0
1769245200000000,2963.13000000,2964.98000000,2962.04000000,2963.99000000,647.58150000,1769246099999999,1919200.15733300,10636,365.58140000,1083477.18641800,0
1769246100000000,2963.99000000,2964.46000000,2961.15000000,2961.46000000,298.51370000,1769246999999999,884256.48250900,7672,85.65630000,253733.82500200,0
1769247000000000,2961.46000000,2961.75000000,2960.10000000,2961.52000000,396.07210000,1769247899999999,1172776.53247300,5507,159.12650000,471187.29363600,0
1769247900000000,2961.52000000,2961.52000000,2960.11000000,2960.55000000,205.96630000,1769248799999999,609781.12189000,4916,116.58110000,345143.42867600,0
1769248800000000,2960.55000000,2961.90000000,2959.73000000,2959.77000000,445.65610000,1769249699999999,1319578.97323700,5611,261.13020000,773221.78657300,0
1769249700000000,2959.77000000,2961.00000000,2958.75000000,2959.50000000,478.69150000,1769250599999999,1416714.17450700,7251,267.66580000,792142.62814000,0
1769250600000000,2959.50000000,2961.06000000,2958.78000000,2960.87000000,464.67190000,1769251499999999,1375493.88389400,9159,316.00950000,935433.37784300,0
1769251500000000,2960.87000000,2962.20000000,2960.86000000,2961.66000000,277.13750000,1769252399999999,820756.84045100,4723,202.20900000,598850.34519000,0
1769252400000000,2961.66000000,2962.66000000,2961.61000000,2962.66000000,265.46850000,1769253299999999,786277.90718200,3414,198.94130000,589242.38995200,0
1769253300000000,2962.65000000,2964.33000000,2962.59000000,2962.60000000,272.45260000,1769254199999999,807448.62630100,7537,140.28360000,415739.61032600,0
1769254200000000,2962.59000000,2964.48000000,2962.00000000,2963.74000000,506.14550000,1769255099999999,1499714.81218500,6656,324.21840000,960735.55489900,0
1769255100000000,2963.74000000,2963.74000000,2960.47000000,2961.18000000,518.88720000,1769255999999999,1536799.33848000,5646,153.77190000,455476.80961700,0
1769256000000000,2961.17000000,2961.18000000,2959.49000000,2960.40000000,858.13920000,1769256899999999,2540304.37863200,6314,279.41550000,827193.93345400,0
1769256900000000,2960.40000000,2962.96000000,2960.01000000,2962.00000000,339.51180000,1769257799999999,1005464.41030400,7234,127.82240000,378547.11285900,0
1769257800000000,2962.00000000,2965.01000000,2960.00000000,2962.05000000,2145.14980000,1769258699999999,6352004.31620100,10415,572.17760000,1695046.02787500,0
1769258700000000,2962.04000000,2963.26000000,2961.52000000,2962.64000000,507.88010000,1769259599999999,1504580.54377200,7427,252.95130000,749338.53239000,0
1769259600000000,2962.65000000,2963.50000000,2961.74000000,2961.75000000,221.58600000,1769260499999999,656470.79893100,5540,86.42380000,256016.37044800,0
1769260500000000,2961.74000000,2961.74000000,2960.01000000,2960.86000000,307.35440000,1769261399999999,910007.77093500,6406,160.39070000,474861.23047500,0
1769261400000000,2960.86000000,2961.59000000,2960.00000000,2960.67000000,373.62860000,1769262299999999,1106041.05508300,4908,125.11700000,370409.80163800,0
1769262300000000,2960.66000000,2961.32000000,2948.40000000,2948.92000000,2812.47920000,1769263199999999,8311252.26154400,15484,792.52040000,2339903.44504500,0
1769263200000000,2948.92000000,2958.55000000,2943.84000000,2956.19000000,3863.07960000,1769264099999999,11401754.81874200,50749,2009.09870000,5931174.10565700,0
1769264100000000,2956.18000000,2957.24000000,2952.88000000,2955.54000000,1452.88280000,1769264999999999,4293839.66006100,16075,723.90760000,2139486.20246100,0
1769265000000000,2955.54000000,2959.50000000,2954.54000000,2958.42000000,685.79090000,1769265899999999,2028358.49135400,12895,426.65190000,1261793.50746800,0
1769265900000000,2958.42000000,2959.55000000,2957.82000000,2959.48000000,292.32310000,1769266799999999,864938.57531900,6823,141.67070000,419184.67495100,0
1769266800000000,2959.49000000,2968.08000000,2959.48000000,2968.08000000,1877.66830000,1769267699999999,5566720.33588300,26696,1193.15010000,3537322.44280700,0
1769267700000000,2968.08000000,2968.08000000,2962.58000000,2964.03000000,700.12520000,1769268599999999,2075754.88905900,16815,347.48410000,1030112.69447200,0
1769268600000000,2964.02000000,2965.00000000,2959.77000000,2959.78000000,3534.09820000,1769269499999999,10465156.99753600,15381,1218.07780000,3606896.52194100,0
1769269500000000,2959.77000000,2961.77000000,2955.57000000,2957.25000000,1114.76420000,1769270399999999,3297553.91295200,15839,572.36860000,1693267.96380300,0
1769270400000000,2957.25000000,2961.62000000,2955.54000000,2956.86000000,1100.66840000,1769271299999999,3255468.96881200,18719,522.76520000,1546053.20708900,0
1769271300000000,2956.86000000,2958.15000000,2952.23000000,2955.75000000,906.84820000,1769272199999999,2678754.66958900,19554,314.17860000,928014.43044200,0
1769272200000000,2955.75000000,2957.13000000,2953.06000000,2956.55000000,304.18550000,1769273099999999,899018.42630700,8599,164.32270000,485648.06678000,0
1769273100000000,2956.56000000,2961.25000000,2955.55000000,2958.90000000,736.73670000,1769273999999999,2179830.80388100,14980,518.30070000,1533544.48735400,0
1769274000000000,2958.91000000,2964.40000000,2957.96000000,2963.34000000,1015.87600000,1769274899999999,3008115.05870700,17140,762.30870000,2257397.92170100,0
1769274900000000,2963.34000000,2966.10000000,2961.58000000,2964.00000000,586.47120000,1769275799999999,1738228.48014600,12720,276.91520000,820795.80937800,0
1769275800000000,2964.00000000,2964.83000000,2961.71000000,2962.60000000,696.76900000,1769276699999999,2064963.57422400,10259,172.35230000,510704.16326400,0
1769276700000000,2962.60000000,2964.95000000,2961.62000000,2964.30000000,850.66380000,1769277599999999,2520774.31716600,10195,313.52050000,929021.04086400,0
1769277600000000,2964.31000000,2965.89000000,2963.75000000,2964.81000000,579.67490000,1769278499999999,1718666.64755400,9719,206.03350000,610833.82347400,0
1769278500000000,2964.81000000,2965.41000000,2962.31000000,2965.40000000,392.00670000,1769279399999999,1161821.83671300,7740,169.90880000,503526.32900100,0
1769279400000000,2965.41000000,2968.49000000,2961.99000000,2963.03000000,2927.97360000,1769280299999999,8680607.26180400,11869,1254.01910000,3716685.08450900,0
1769280300000000,2963.02000000,2964.43000000,2963.02000000,2963.82000000,289.15320000,1769281199999999,857041.02808100,5257,85.72950000,254081.44354000,0
1769281200000000,2963.82000000,2964.21000000,2957.25000000,2958.24000000,829.20300000,1769282099999999,2454625.11606900,10587,264.44980000,782674.35831600,0
1769282100000000,2958.24000000,2958.76000000,2956.50000000,2957.72000000,442.35180000,1769282999999999,1308387.33171200,8129,147.51640000,436316.63422500,0
1769283000000000,2957.71000000,2958.04000000,2956.25000000,2956.95000000,809.40550000,1769283899999999,2393552.69419000,6992,167.54640000,495442.92253000,0
1769283900000000,2956.96000000,2957.47000000,2952.44000000,2953.93000000,1682.09410000,1769284799999999,4969796.44374400,13100,645.38340000,1906751.55924500,0
1769284800000000,2953.94000000,2957.20000000,2953.76000000,2956.95000000,1277.90530000,1769285699999999,3777225.65287400,13216,899.54900000,2658716.69265500,0
1769285700000000,2956.95000000,2958.80000000,2956.95000000,2957.88000000,394.32920000,1769286599999999,1166489.55046900,6080,275.04230000,813591.69107900,0
1769286600000000,2957.87000000,2957.88000000,2956.76000000,2956.76000000,336.24410000,1769287499999999,994286.46790400,5491,252.48460000,746600.52492800,0
1769287500000000,2956.77000000,2956.77000000,2956.05000000,2956.25000000,348.63320000,1769288399999999,1030678.18942000,3492,268.58290000,794023.82266100,0
1769288400000000,2956.26000000,2956.26000000,2949.23000000,2951.86000000,1206.11230000,1769289299999999,3560943.17381700,13963,471.82310000,1393167.45234200,0
1769289300000000,2951.87000000,2953.39000000,2950.94000000,2952.37000000,556.93490000,1769290199999999,1644179.57771000,10701,408.03480000,1204558.56183700,0
1769290200000000,2952.37000000,2957.57000000,2951.72000000,2956.71000000,1179.24440000,1769291099999999,3483275.57608700,7925,1013.28160000,2993073.97659600,0
1769291100000000,2956.71000000,2957.95000000,2954.96000000,2957.95000000,670.84130000,1769291999999999,1982839.12380500,8063,448.44080000,1325482.16270000,0
1769292000000000,2957.95000000,2964.55000000,2957.94000000,2962.79000000,1242.41260000,1769292899999999,3677829.62169800,12228,634.52870000,1878587.27580600,0
1769292900000000,2962.80000000,2964.29000000,2961.12000000,2961.12000000,409.72340000,1769293799999999,1213858.26296000,8547,196.11780000,581059.62787000,0
1769293800000000,2961.12000000,2962.16000000,2958.74000000,2959.14000000,406.90120000,1769294699999999,1204843.67440500,5432,172.74230000,511472.96619900,0
1769294700000000,2959.14000000,2963.00000000,2959.14000000,2963.00000000,244.17190000,1769295599999999,723050.16931800,11499,118.31650000,350350.29999500,0
1769295600000000,2963.00000000,2964.40000000,2955.81000000,2958.45000000,3701.79370000,1769296499999999,10954449.02715600,29364,478.91000000,1417041.84642100,0
1769296500000000,2958.46000000,2958.46000000,2954.68000000,2957.38000000,453.52090000,1769297399999999,1340892.55219000,10540,200.89780000,594034.76770000,0
1769297400000000,2957.37000000,2957.38000000,2953.08000000,2954.14000000,535.98370000,1769298299999999,1583805.60283400,6989,142.76130000,421790.41775800,0
1769298300000000,2954.14000000,2955.41000000,2952.54000000,2953.22000000,503.79520000,1769299199999999,1487984.40848300,8500,169.72860000,501282.64876600,0
1769299200000000,2953.23000000,2955.55000000,2952.69000000,2955.02000000,612.07110000,1769300099999999,1808081.00281000,11788,359.83640000,1062932.95909800,0
1769300100000000,2955.02000000,2957.26000000,2952.54000000,2953.76000000,519.83210000,1769300999999999,1536069.18356400,16069,228.33060000,674628.58326800,0
1769301000000000,2953.77000000,2956.40000000,2953.35000000,2955.97000000,424.34000000,1769301899999999,1253850.56783300,11520,205.42300000,606983.06480500,0
1769301900000000,2955.98000000,2958.87000000,2954.99000000,2958.87000000,279.12330000,1769302799999999,825276.30141000,6976,143.17130000,423372.58232500,0
1769302800000000,2958.86000000,2960.29000000,2956.22000000,2957.00000000,744.38060000,1769303699999999,2202103.32224200,8900,333.74040000,987426.43439100,0
1769303700000000,2957.00000000,2958.01000000,2953.24000000,2953.24000000,1006.79750000,1769304599999999,2974963.38930300,11166,247.98690000,732692.37144100,0
1769304600000000,2953.24000000,2955.98000000,2950.00000000,2951.20000000,1422.84630000,1769305499999999,4202377.03533500,18197,736.33800000,2175264.94070600,0
1769305500000000,2951.20000000,2955.42000000,2951.19000000,2955.15000000,779.25130000,1769306399999999,2301679.05812000,6195,399.93450000,1180988.91414900,0
1769306400000000,2955.16000000,2957.80000000,2954.62000000,2956.56000000,333.60660000,1769307299999999,986293.51895100,10875,196.98990000,582382.74811500,0
1769307300000000,2956.57000000,2956.79000000,2953.55000000,2953.56000000,490.62840000,1769308199999999,1449781.23363000,5826,96.61820000,285556.58857600,0
1769308200000000,2953.56000000,2956.54000000,2953.45000000,2953.46000000,627.32940000,1769309099999999,1853805.98766500,10115,307.26930000,908013.47418100,0
1769309100000000,2953.45000000,2954.46000000,2953.10000000,2953.37000000,181.25980000,1769309999999999,535381.95488600,4553,74.22690000,219245.34288600,0
1769310000000000,2953.38000000,2954.10000000,2950.05000000,2951.21000000,479.65320000,1769310899999999,1416054.77684600,8082,163.10040000,481575.52712300,0
1769310900000000,2951.21000000,2951.21000000,2944.75000000,2945.30000000,1970.14670000,1769311799999999,5804970.49116200,24481,372.47630000,1097449.16142800,0
1769311800000000,2945.31000000,2945.31000000,2937.50000000,2941.74000000,3357.82870000,1769312699999999,9876319.13394600,40621,1152.92690000,3390990.85459700,0
1769312700000000,2941.74000000,2943.51000000,2938.00000000,2942.60000000,1404.87370000,1769313599999999,4129587.55491800,17504,437.98780000,1287591.65727900,0
1769313600000000,2942.59000000,2947.05000000,2941.40000000,2942.64000000,1542.93270000,1769314499999999,4542311.34150900,22576,524.55420000,1544528.19870600,0
1769314500000000,2942.65000000,2944.22000000,2940.45000000,2944.20000000,2601.04870000,1769315399999999,7652891.36122800,36516,420.25860000,1236639.09612800,0
1769315400000000,2944.20000000,2949.36000000,2943.97000000,2947.40000000,910.07080000,1769316299999999,2682444.95165600,14939,546.77400000,1611577.99717400,0
1769316300000000,2947.40000000,2947.98000000,2945.28000000,2945.29000000,167.85810000,1769317199999999,494691.17569200,5522,64.19170000,189187.58807400,0
1769317200000000,2945.29000000,2948.64000000,2944.33000000,2948.17000000,379.97230000,1769318099999999,1119686.95037200,8483,195.78270000,576810.98967100,0
1769318100000000,2948.17000000,2948.61000000,2946.41000000,2947.28000000,283.34090000,1769318999999999,835047.38637100,6309,131.76380000,388311.10495100,0
1769319000000000,2947.27000000,2947.63000000,2942.17000000,2943.00000000,659.33670000,1769319899999999,1941186.44279600,14554,293.25270000,863227.48145700,0
1769319900000000,2943.00000000,2947.78000000,2942.73000000,2947.38000000,413.19730000,1769320799999999,1217331.92533900,10104,281.36660000,828900.17745200,0
1769320800000000,2947.39000000,2947.39000000,2935.50000000,2936.85000000,1612.36820000,1769321699999999,4739538.17442700,24033,574.49920000,1688823.73088600,0
1769321700000000,2936.86000000,2940.59000000,2935.01000000,2939.09000000,1345.61200000,1769322599999999,3953565.45764800,18570,604.93330000,1777288.18972700,0
1769322600000000,2939.10000000,2947.77000000,2936.65000000,2946.69000000,1946.36780000,1769323499999999,5727263.04733900,21490,1301.11640000,3829198.72862400,0
1769323500000000,2946.68000000,2946.69000000,2943.00000000,2944.24000000,1082.83670000,1769324399999999,3188592.03891000,8742,475.58000000,1400418.29243400,0
1769324400000000,2944.24000000,2944.24000000,2939.39000000,2939.39000000,640.72300000,1769325299999999,1884785.35507900,10653,204.50530000,601628.50921400,0
1769325300000000,2939.40000000,2943.61000000,2938.61000000,2943.61000000,290.50840000,1769326199999999,854240.01658600,8782,189.93610000,558575.85170200,0
1769326200000000,2943.60000000,2943.61000000,2940.85000000,2940.86000000,344.49560000,1769327099999999,1013783.64445100,9142,117.20590000,344907.15575000,0
1769327100000000,2940.86000000,2941.60000000,2938.05000000,2939.57000000,906.84340000,1769327999999999,2665687.76943700,8657,235.88380000,693573.32741200,0
1769328000000000,2939.58000000,2944.25000000,2938.88000000,2943.75000000,564.31570000,1769328899999999,1660107.80972100,10340,375.76040000,1105427.79409600,0
1769328900000000,2943.74000000,2944.80000000,2941.79000000,2941.80000000,513.45700000,1769329799999999,1511346.48341000,8117,246.45510000,725495.54084200,0
1769329800000000,2941.79000000,2942.22000000,2921.00000000,2931.81000000,5272.74110000,1769330699999999,15457385.53455100,54930,1948.45860000,5709539.74576500,0
1769330700000000,2931.82000000,2933.55000000,2925.15000000,2929.08000000,3859.28020000,1769331599999999,11308984.56084700,39442,2386.81820000,6993567.75333000,0
1769331600000000,2929.08000000,2932.79000000,2926.66000000,2932.34000000,2397.17830000,1769332499999999,7023553.28431200,33864,1808.45990000,5298659.11079800,0
1769332500000000,2932.34000000,2936.28000000,2931.47000000,2935.40000000,1547.71100000,1769333399999999,4541064.78068600,16979,886.34820000,2600545.56008400,0
1769333400000000,2935.41000000,2939.16000000,2932.92000000,2939.16000000,1099.94600000,1769334299999999,3230320.45347600,13630,730.49510000,2145422.57033900,0
1769334300000000,2939.16000000,2939.16000000,2935.70000000,2935.75000000,994.88730000,1769335199999999,2922735.64212200,15579,301.92130000,886786.50666200,0
1769335200000000,2935.75000000,2940.64000000,2935.74000000,2938.82000000,851.78210000,1769336099999999,2502929.59040400,12955,517.27360000,1520041.00491600,0
1769336100000000,2938.82000000,2947.45000000,2937.83000000,2946.62000000,2183.83320000,1769336999999999,6427562.37676000,25675,1494.41140000,4398110.32021900,0
1769337000000000,2946.62000000,2948.11000000,2940.59000000,2944.92000000,1828.26790000,1769337899999999,5381330.12902300,21454,629.06160000,1852028.29657700,0
1769337900000000,2944.91000000,2946.63000000,2942.19000000,2945.08000000,882.01070000,1769338799999999,2597288.46448800,15476,361.37460000,1064096.09360500,0
1769338800000000,2945.09000000,2945.09000000,2940.13000000,2941.59000000,650.37770000,1769339699999999,1913633.91657900,17020,163.79380000,481912.48868200,0
1769339700000000,2941.60000000,2946.49000000,2941.46000000,2944.12000000,863.35740000,1769340599999999,2541695.92186100,9188,318.93520000,938739.28440700,0
1769340600000000,2944.12000000,2945.15000000,2934.63000000,2935.29000000,1524.55810000,1769341499999999,4480228.53720100,22074,445.56310000,1309211.22998900,0
1769341500000000,2935.30000000,2938.17000000,2932.36000000,2937.54000000,1581.16820000,1769342399999999,4640890.33381700,28571,785.70900000,2306326.04773300,0
1769342400000000,2937.54000000,2939.87000000,2932.98000000,2939.87000000,1022.92070000,1769343299999999,3004035.67046100,30015,406.65590000,1194468.50493900,0
1769343300000000,2939.86000000,2944.95000000,2932.63000000,2939.22000000,3360.82140000,1769344199999999,9877378.69600600,42470,2067.67380000,6077558.04678400,0
1769344200000000,2939.22000000,2941.41000000,2937.48000000,2941.02000000,827.82990000,1769345099999999,2432840.30781800,17984,487.90110000,1433898.24272500,0
1769345100000000,2941.02000000,2943.18000000,2938.57000000,2942.38000000,1542.97230000,1769345999999999,4537931.06102900,23850,954.64410000,2807567.40295300,0
1769346000000000,2942.39000000,2944.62000000,2939.46000000,2939.57000000,1216.57860000,1769346899999999,3578883.85935000,27425,727.87960000,2141343.66325700,0
1769346900000000,2939.57000000,2942.26000000,2935.78000000,2936.32000000,1089.44080000,1769347799999999,3202077.72742600,20657,546.44250000,1606188.32966700,0
1769347800000000,2936.33000000,2943.70000000,2935.47000000,2941.59000000,913.52990000,1769348699999999,2685502.60270500,17907,568.82000000,1672250.30518700,0
1769348700000000,2941.60000000,2945.37000000,2940.80000000,2941.68000000,1352.74300000,1769349599999999,3981204.00526900,21014,771.37990000,2270379.30774200,0
1769349600000000,2941.69000000,2942.69000000,2935.77000000,2938.38000000,1483.10940000,1769350499999999,4358406.02118000,25282,702.56300000,2064617.93939900,0
1769350500000000,2938.37000000,2940.15000000,2924.76000000,2929.61000000,3754.46260000,1769351399999999,11002403.76635700,62767,1794.74960000,5258561.84971700,0
1769351400000000,2929.60000000,2933.04000000,2925.15000000,2928.76000000,1411.44230000,1769352299999999,4135227.15506800,35439,666.02940000,1951518.10474000,0
1769352300000000,2928.76000000,2933.70000000,2925.43000000,2932.54000000,2363.19850000,1769353199999999,6924033.45757100,38008,1556.31910000,4560576.71003000,0
1769353200000000,2932.53000000,2934.55000000,2930.00000000,2933.81000000,858.47580000,1769354099999999,2517602.32978800,27671,513.62850000,1506196.37094400,0
1769354100000000,2933.81000000,2936.12000000,2929.22000000,2934.54000000,1398.76180000,1769354999999999,4102350.22649200,36327,779.82650000,2287090.12631000,0
1769355000000000,2934.55000000,2934.55000000,2930.86000000,2931.51000000,498.10890000,1769355899999999,1460494.54723700,16918,245.46470000,719666.36981100,0
1769355900000000,2931.51000000,2931.86000000,2922.08000000,2926.81000000,1868.22430000,1769356799999999,5468460.80451700,50683,975.11370000,2854112.94362400,0
1769356800000000,2926.82000000,2927.78000000,2900.29000000,2903.17000000,17670.43340000,1769357699999999,51432355.65479600,200126,7428.75060000,21622363.10514200,0
1769357700000000,2903.17000000,2904.18000000,2876.36000000,2891.00000000,26841.29350000,1769358599999999,77648581.36781800,216194,11123.86570000,32178147.81014900,0
1769358600000000,2891.01000000,2897.88000000,2880.43000000,2890.86000000,10395.45740000,1769359499999999,30026390.43381500,125656,5866.69750000,16943535.29164300,0
1769359500000000,2890.87000000,2898.99000000,2887.77000000,2896.98000000,3373.00070000,1769360399999999,9763368.44104500,60065,1702.16100000,4927215.77446100,0
1769360400000000,2896.99000000,2898.61000000,2882.29000000,2883.86000000,2376.16790000,1769361299999999,6870481.30808800,69635,891.70750000,2579101.07558000,0
1769361300000000,2883.85000000,2890.19000000,2879.05000000,2883.46000000,3043.12230000,1769362199999999,8778178.48922100,67042,1135.53420000,3275485.92331800,0
1769362200000000,2883.47000000,2892.88000000,2882.23000000,2892.49000000,2550.69890000,1769363099999999,7363301.76294100,52350,792.51290000,2287824.31156900,0
1769363100000000,2892.49000000,2892.88000000,2882.50000000,2884.41000000,2081.07980000,1769363999999999,6010123.73363500,35791,589.70060000,1702875.62220700,0
1769364000000000,2884.41000000,2888.71000000,2845.77000000,2871.05000000,19717.93400000,1769364899999999,56446625.47551900,107709,8154.95530000,23339223.42928600,0
1769364900000000,2871.05000000,2879.26000000,2852.22000000,2855.30000000,14554.76540000,1769365799999999,41718306.41321100,150055,6142.77170000,17608987.71427000,0
1769365800000000,2855.30000000,2858.14000000,2828.05000000,2837.63000000,25066.02380000,1769366699999999,71225696.98595600,208043,11725.34130000,33321603.99387400,0
1769366700000000,2837.64000000,2850.47000000,2831.85000000,2848.19000000,10867.40370000,1769367599999999,30891332.67491300,141434,4410.37850000,12536106.27719600,0
1769367600000000,2848.20000000,2857.77000000,2843.14000000,2849.46000000,9625.94330000,1769368499999999,27428480.73169000,83185,4481.39000000,12770626.74593600,0
1769368500000000,2849.46000000,2850.90000000,2819.48000000,2820.87000000,17053.35480000,1769369399999999,48273139.53799200,172428,6586.93650000,18639380.97746400,0
1769369400000000,2820.87000000,2832.70000000,2813.00000000,2824.67000000,10606.37480000,1769370299999999,29924298.30658200,145975,4717.21810000,13310474.73397900,0
1769370300000000,2824.67000000,2825.54000000,2797.20000000,2812.96000000,18072.35260000,1769371199999999,50757236.22387400,156907,7043.10140000,19783555.14605300,0
1769371200000000,2812.96000000,2824.00000000,2801.10000000,2804.51000000,9391.65550000,1769372099999999,26433186.84174500,119239,4021.61330000,11319249.36148900,0
1769372100000000,2804.50000000,2810.33000000,2791.46000000,2805.43000000,9768.72390000,1769372999999999,27364799.09245300,101394,4064.97890000,11384491.68857000,0
1769373000000000,2805.44000000,2806.55000000,2787.00000000,2798.42000000,13310.54840000,1769373899999999,37210712.96153000,106059,6109.63560000,17080500.45910800,0
1769373900000000,2798.41000000,2810.35000000,2793.00000000,2809.72000000,6445.34100000,1769374799999999,18063613.43941900,85188,2631.04180000,7374042.73420700,0
1769374800000000,2809.72000000,2824.98000000,2807.67000000,2817.55000000,7970.96560000,1769375699999999,22459072.73117300,110589,4036.64800000,11374803.05290900,0
1769375700000000,2817.55000000,2825.72000000,2816.42000000,2821.65000000,4270.26700000,1769376599999999,12043594.26666600,64995,1512.91170000,4266529.45212500,0
1769376600000000,2821.65000000,2822.85000000,2802.57000000,2808.56000000,7165.42200000,1769377499999999,20126890.63696000,76671,1942.46990000,5456006.63180000,0
1769377500000000,2808.56000000,2820.02000000,2807.61000000,2818.72000000,3593.12160000,1769378399999999,10120002.86877800,49158,1466.98150000,4131073.51620400,0
1769378400000000,2818.73000000,2819.32000000,2809.46000000,2814.91000000,3909.31310000,1769379299999999,11002168.05710400,67080,1448.64890000,4076874.24957800,0
1769379300000000,2814.92000000,2815.34000000,2795.67000000,2797.84000000,5320.98060000,1769380199999999,14915890.26694300,62699,1395.55520000,3911687.76115200,0
1769380200000000,2797.85000000,2807.52000000,2790.00000000,2802.60000000,5994.29650000,1769381099999999,16780656.70160600,64682,2173.77840000,6086137.41410200,0
1769381100000000,2802.60000000,2807.14000000,2790.16000000,2807.14000000,5903.83410000,1769381999999999,16515384.79107400,51821,2738.87100000,7661001.05128300,0
1769382000000000,2807.14000000,2808.99000000,2787.00000000,2801.00000000,7636.45230000,1769382899999999,21389417.59115900,145143,3358.05950000,9407572.39216000,0
1769382900000000,2801.00000000,2813.00000000,2792.65000000,2805.41000000,5685.20620000,1769383799999999,15938886.15067500,101604,2761.28210000,7743165.70228800,0
1769383800000000,2805.42000000,2809.82000000,2798.00000000,2802.49000000,3313.64500000,1769384699999999,9288644.57093600,75545,1195.90720000,3351480.10586600,0
1769384700000000,2802.49000000,2821.14000000,2802.49000000,2816.89000000,5272.38010000,1769385599999999,14847545.83446100,81674,2698.47430000,7597681.18649400,0
1769385600000000,2816.90000000,2837.36000000,2812.37000000,2833.15000000,10658.60340000,1769386499999999,30129674.22297300,138866,5728.60880000,16191020.60691100,0
1769386500000000,2833.16000000,2842.65000000,2829.36000000,2833.21000000,6818.40840000,1769387399999999,19334560.05073700,111263,3169.74340000,8988084.72958600,0
1769387400000000,2833.21000000,2834.04000000,2825.05000000,2832.94000000,4771.30740000,1769388299999999,13504443.08835000,74882,2355.92130000,6668582.96376700,0
1769388300000000,2832.95000000,2847.26000000,2830.20000000,2841.65000000,9135.42080000,1769389199999999,25943721.14144900,88355,5546.12340000,15749390.63931400,0
1769389200000000,2841.66000000,2876.34000000,2838.62000000,2868.18000000,11373.81310000,1769390099999999,32537601.09962800,145079,6330.07650000,18107675.57764400,0
1769390100000000,2868.18000000,2882.33000000,2865.94000000,2875.45000000,7824.88870000,1769390999999999,22487869.27555100,109565,4183.23670000,12022692.03879100,0
1769391000000000,2875.46000000,2883.30000000,2874.07000000,2882.93000000,4653.04330000,1769391899999999,13396819.32469300,84239,2826.59470000,8138125.30184400,0
1769391900000000,2882.93000000,2898.76000000,2879.53000000,2882.69000000,11966.50380000,1769392799999999,34554510.86424500,97241,5334.63810000,15405062.59909700,0
1769392800000000,2882.70000000,2883.79000000,2867.32000000,2870.63000000,5722.38640000,1769393699999999,16441785.87766500,67626,2259.37610000,6490454.19369900,0
1769393700000000,2870.61000000,2883.19000000,2869.21000000,2880.79000000,2800.73290000,1769394599999999,8058568.91219300,70454,1623.46840000,4671288.01087700,0
1769394600000000,2880.80000000,2885.39000000,2868.12000000,2868.12000000,5774.39960000,1769395499999999,16619591.96605900,77870,1571.42520000,4524337.91684000,0
1769395500000000,2868.13000000,2872.35000000,2863.33000000,2865.98000000,3729.01970000,1769396399999999,10692739.26253900,51027,1328.48000000,3809406.39241000,0
1769396400000000,2865.98000000,2872.49000000,2864.90000000,2866.60000000,2409.79790000,1769397299999999,6911434.11211200,33121,855.49750000,2453920.62321700,0
1769397300000000,2866.59000000,2867.00000000,2853.36000000,2853.87000000,6460.39700000,1769398199999999,18468520.35050100,56912,3188.21480000,9112050.82598700,0
1769398200000000,2853.88000000,2855.57000000,2843.27000000,2848.18000000,4603.24650000,1769399099999999,13113999.50671900,54196,1352.72210000,3853292.65714700,0
1769399100000000,2848.19000000,2850.69000000,2840.89000000,2850.68000000,4754.73380000,1769399999999999,13534802.86610000,59642,2351.26000000,6693310.21512200,0
1769400000000000,2850.69000000,2859.28000000,2849.91000000,2857.28000000,3559.22900000,1769400899999999,10158672.70737400,51992,1470.81470000,4199115.49184400,0
1769400900000000,2857.29000000,2875.77000000,2856.47000000,2872.10000000,6500.98590000,1769401799999999,18641398.88934200,65963,3150.21480000,9030384.71234100,0
1769401800000000,2872.10000000,2875.36000000,2863.45000000,2863.45000000,3692.03730000,1769402699999999,10597124.58081000,49104,826.37240000,2372530.66751200,0
1769402700000000,2863.46000000,2869.72000000,2862.12000000,2865.98000000,2602.22370000,1769403599999999,7458861.14977300,27583,765.06010000,2192797.58178100,0
1769403600000000,2865.97000000,2868.03000000,2859.92000000,2862.32000000,5071.24190000,1769404499999999,14516138.39346800,34928,1128.15210000,3229772.06298500,0
1769404500000000,2862.32000000,2869.11000000,2862.32000000,2868.16000000,2993.62080000,1769405399999999,8580134.72154500,33547,964.99230000,2765508.93428800,0
1769405400000000,2868.17000000,2871.50000000,2864.81000000,2868.18000000,4076.05810000,1769406299999999,11688439.90290000,36977,1086.23880000,3114676.57353500,0
1769406300000000,2868.18000000,2873.32000000,2866.44000000,2869.65000000,2738.28140000,1769407199999999,7858941.05023200,33538,843.32030000,2420386.49730900,0
1769407200000000,2869.66000000,2875.47000000,2867.36000000,2867.81000000,4186.79100000,1769408099999999,12021540.68217500,39640,1542.10440000,4428951.96289500,0
1769408100000000,2867.81000000,2883.96000000,2866.06000000,2881.62000000,5496.75030000,1769408999999999,15804239.23898100,48875,2575.32460000,7407391.97833100,0
1769409000000000,2881.62000000,2888.23000000,2878.80000000,2888.22000000,4849.26960000,1769409899999999,13982708.78856500,52441,2476.18710000,7139464.47797400,0
1769409900000000,2888.23000000,2891.83000000,2884.89000000,2891.64000000,5096.53320000,1769410799999999,14724345.80609600,59277,2641.43230000,7631034.31489500,0
1769410800000000,2891.64000000,2897.60000000,2886.08000000,2894.22000000,5048.79740000,1769411699999999,14606739.19202700,66412,2314.69980000,6695361.02558000,0
1769411700000000,2894.22000000,2911.61000000,2892.49000000,2894.52000000,8094.57580000,1769412599999999,23482140.89182300,84461,4363.81990000,12657075.75217200,0
1769412600000000,2894.52000000,2902.00000000,2889.49000000,2896.95000000,3464.31520000,1769413499999999,10029881.86715100,57189,1686.10010000,4882179.06795700,0
1769413500000000,2896.95000000,2907.38000000,2896.52000000,2904.32000000,2978.81910000,1769414399999999,8646546.81899700,46070,1406.09400000,4081747.75275600,0
1769414400000000,2904.32000000,2909.58000000,2899.29000000,2899.30000000,4250.44820000,1769415299999999,12349924.04349100,61941,1908.65760000,5546319.60098400,0
1769415300000000,2899.29000000,2934.40000000,2897.14000000,2915.92000000,16655.93430000,1769416199999999,48630768.06433600,108119,8820.95790000,25749108.07902600,0
1769416200000000,2915.92000000,2917.64000000,2909.47000000,2910.95000000,2891.91270000,1769417099999999,8427335.99896200,47208,1494.10660000,4354175.89949200,0
1769417100000000,2910.95000000,2913.46000000,2906.66000000,2912.29000000,2287.70640000,1769417999999999,6658293.95598300,38355,1316.40090000,3831536.40712500,0
1769418000000000,2912.29000000,2913.56000000,2892.87000000,2893.95000000,5431.24480000,1769418899999999,15749085.99399800,58466,1858.74030000,5388912.26562300,0
1769418900000000,2893.96000000,2894.62000000,2888.00000000,2890.09000000,4169.69870000,1769419799999999,12056186.83848700,41440,2044.44550000,5910993.61449500,0
1769419800000000,2890.08000000,2893.54000000,2887.14000000,2891.98000000,1821.06440000,1769420699999999,5263315.55681000,40968,839.08740000,2425070.33636300,0
1769420700000000,2891.97000000,2892.94000000,2880.50000000,2885.87000000,2386.94270000,1769421599999999,6885246.85270000,44075,941.77230000,2717139.29943100,0
1769421600000000,2885.87000000,2895.88000000,2884.84000000,2894.02000000,2370.06230000,1769422499999999,6854209.30252100,35706,1536.41010000,4443142.78028700,0
1769422500000000,2894.02000000,2899.65000000,2892.83000000,2898.19000000,1191.59280000,1769423399999999,3451586.63866900,27847,680.78580000,1971897.29756900,0
1769423400000000,2898.18000000,2899.77000000,2895.55000000,2899.75000000,4863.28120000,1769424299999999,14097813.10358800,46550,3263.61330000,9460871.47377700,0
1769424300000000,2899.76000000,2901.74000000,2895.84000000,2896.28000000,1339.44580000,1769425199999999,3883350.39684100,26133,799.58470000,2318582.53930600,0
1769425200000000,2896.27000000,2900.66000000,2896.27000000,2900.65000000,3229.24920000,1769426099999999,9361389.00411200,30600,2544.15190000,7375342.94563100,0
1769426100000000,2900.66000000,2900.66000000,2890.11000000,2890.23000000,2420.53570000,1769426999999999,7006602.63465900,29716,667.46330000,1932045.70755400,0
1769427000000000,2890.23000000,2895.00000000,2888.08000000,2892.62000000,1626.48770000,1769427899999999,4702901.27532200,22304,646.81190000,1870071.39816200,0
1769427900000000,2892.61000000,2894.99000000,2890.30000000,2892.15000000,1765.34590000,1769428799999999,5105935.59266300,20175,797.17710000,2305640.07858300,0
1769428800000000,2892.15000000,2908.78000000,2892.15000000,2907.13000000,3064.53990000,1769429699999999,8890110.27900000,41854,1838.15000000,5332481.54824400,0
1769429700000000,2907.13000000,2915.10000000,2903.01000000,2904.60000000,3302.97230000,1769430599999999,9610269.50716600,51601,1657.63290000,4823914.22365100,0
1769430600000000,2904.59000000,2904.96000000,2899.66000000,2899.66000000,1105.74370000,1769431499999999,3209000.44300300,22309,390.34180000,1132702.10758300,0
1769431500000000,2899.67000000,2902.70000000,2899.65000000,2902.69000000,871.49420000,1769432399999999,2528140.52280900,17424,297.39910000,862849.25341200,0
1769432400000000,2902.69000000,2907.46000000,2897.04000000,2906.70000000,1908.35110000,1769433299999999,5540008.97471000,48223,735.02230000,2133825.19401300,0
1769433300000000,2906.71000000,2909.35000000,2903.28000000,2905.90000000,1534.03620000,1769434199999999,4459461.83833400,31055,742.76500000,2159295.18053800,0
1769434200000000,2905.89000000,2911.30000000,2904.13000000,2906.91000000,2029.00790000,1769435099999999,5900554.17520700,44585,1234.30960000,3589643.26816800,0
1769435100000000,2906.91000000,2910.31000000,2905.25000000,2909.67000000,1700.07630000,1769435999999999,4943956.40027700,24111,1007.72290000,2930476.88531700,0
1769436000000000,2909.66000000,2915.52000000,2881.77000000,2885.84000000,13338.07180000,1769436899999999,38594187.75838500,103284,6071.97770000,17563478.94319500,0
1769436900000000,2885.84000000,2893.09000000,2882.96000000,2886.99000000,6552.34090000,1769437799999999,18922821.38067900,73533,3680.95500000,10630560.27689600,0
1769437800000000,2886.99000000,2934.70000000,2875.77000000,2917.94000000,33041.62020000,1769438699999999,95848439.46640200,262035,13501.58110000,39217607.09017300,0
1769438700000000,2917.95000000,2928.92000000,2908.82000000,2922.74000000,6613.10700000,1769439599999999,19298522.21569400,143131,3133.15390000,9144099.24149800,0
1769439600000000,2922.75000000,2950.00000000,2913.84000000,2944.91000000,13557.29910000,1769440499999999,39806491.12009500,167681,7429.38660000,21806813.21984900,0
1769440500000000,2944.91000000,2951.21000000,2917.79000000,2922.42000000,9420.09300000,1769441399999999,27641420.40390700,148442,4667.82310000,13696175.99256100,0
1769441400000000,2922.42000000,2922.99000000,2888.16000000,2892.93000000,10506.57420000,1769442299999999,30512363.57137700,154555,4592.17700000,13338516.78767200,0
1769442300000000,2892.93000000,2908.76000000,2887.69000000,2899.32000000,6656.22820000,1769443199999999,19299315.22793100,115759,3866.75360000,11213548.68138100,0
1769443200000000,2899.32000000,2908.72000000,2891.64000000,2901.24000000,4593.08080000,1769444099999999,13317203.93584300,103097,2146.19560000,6224316.95768700,0
1769444100000000,2901.23000000,2916.66000000,2893.13000000,2906.66000000,5279.51130000,1769444999999999,15337570.47480500,106735,2953.92040000,8581517.93040300,0
1769445000000000,2906.67000000,2913.43000000,2898.26000000,2901.80000000,2950.47240000,1769445899999999,8575387.92307200,90207,1445.34970000,4201128.82771500,0
1769445900000000,2901.79000000,2918.00000000,2899.38000000,2901.50000000,7671.35790000,1769446799999999,22327672.57534300,86495,4543.13990000,13226070.18047100,0
1769446800000000,2901.51000000,2909.83000000,2897.88000000,2899.12000000,4984.35370000,1769447699999999,14467416.34179400,59536,3014.33370000,8749741.68329500,0
1769447700000000,2899.13000000,2906.21000000,2890.25000000,2896.75000000,4088.40100000,1769448599999999,11845947.71575200,60871,2299.77800000,6665065.85985900,0
1769448600000000,2896.75000000,2908.98000000,2885.97000000,2906.15000000,4123.20050000,1769449499999999,11949578.08061100,74733,2192.37500000,6357242.21648600,0
1769449500000000,2906.14000000,2915.89000000,2904.43000000,2909.42000000,2472.81290000,1769450399999999,7197747.43160600,50300,1545.88020000,4499968.48724100,0
1769450400000000,2909.43000000,2921.43000000,2908.01000000,2918.03000000,4136.20840000,1769451299999999,12061184.05233000,62821,2750.12650000,8019367.98715400,0
1769451300000000,2918.02000000,2927.83000000,2912.60000000,2922.06000000,4278.70410000,1769452199999999,12497147.41012000,64534,2054.76380000,6000900.23303900,0
1769452200000000,2922.06000000,2930.72000000,2912.54000000,2914.43000000,5402.91870000,1769453099999999,15788970.87324600,69139,2702.77800000,7899733.42235600,0
1769453100000000,2914.43000000,2932.68000000,2911.94000000,2932.01000000,3769.27780000,1769453999999999,11016736.21218400,40024,2334.77170000,6824646.99303200,0
1769454000000000,2932.00000000,2936.06000000,2926.18000000,2928.71000000,3779.55620000,1769454899999999,11076129.20222900,47864,1531.24510000,4487663.00912500,0
1769454900000000,2928.71000000,2932.13000000,2924.99000000,2926.56000000,2857.88280000,1769455799999999,8370253.11204800,50097,1434.36120000,4201102.27717600,0
1769455800000000,2926.57000000,2934.44000000,2924.03000000,2932.47000000,3531.49150000,1769456699999999,10351608.00960000,48977,2569.40950000,7532313.03980100,0
1769456700000000,2932.47000000,2934.84000000,2918.42000000,2923.12000000,2397.45000000,1769457599999999,7019742.20483900,39454,1239.91670000,3631026.43389800,0
1769457600000000,2923.11000000,2929.47000000,2920.59000000,2922.00000000,9771.11170000,1769458499999999,28577759.43473400,34753,2591.29970000,7579058.36157600,0
1769458500000000,2922.00000000,2922.61000000,2915.00000000,2917.15000000,4625.13240000,1769459399999999,13500126.40771400,33911,1535.24850000,4480917.28438600,0
1769459400000000,2917.14000000,2918.88000000,2911.77000000,2913.42000000,2824.37150000,1769460299999999,8232774.00136600,37500,1590.60620000,4636425.86713400,0
1769460300000000,2913.42000000,2915.03000000,2898.88000000,2901.82000000,4655.72510000,1769461199999999,13531427.92068500,51200,2123.31960000,6169864.34905300,0
1769461200000000,2901.82000000,2908.52000000,2895.82000000,2907.82000000,2336.49570000,1769462099999999,6781359.05875600,40515,1462.00560000,4244183.97622200,0
1769462100000000,2907.83000000,2911.76000000,2904.00000000,2911.76000000,1346.64250000,1769462999999999,3915766.33634400,32091,922.67890000,2682987.45184400,0
1769463000000000,2911.76000000,2944.18000000,2910.30000000,2935.98000000,11490.57110000,1769463899999999,33663215.72725900,82474,7286.01120000,21341106.80545100,0
1769463900000000,2935.98000000,2938.36000000,2926.83000000,2928.97000000,9086.75870000,1769464799999999,26643080.18151800,50731,6343.80500000,18602110.95421500,0
1769464800000000,2928.98000000,2936.88000000,2921.70000000,2922.48000000,5457.22190000,1769465699999999,15984028.33840600,43901,2670.99280000,7824334.48778000,0
1769465700000000,2922.47000000,2926.87000000,2919.79000000,2923.01000000,1728.65840000,1769466599999999,5052740.99025200,29834,832.27930000,2432444.21146800,0
1769466600000000,2923.01000000,2932.40000000,2921.17000000,2925.75000000,1771.10230000,1769467499999999,5185879.60377900,28789,946.08780000,2769884.62998400,0
1769467500000000,2925.75000000,2929.59000000,2922.39000000,2927.22000000,1113.19700000,1769468399999999,3257670.88303200,18959,528.30470000,1546088.95823600,0
1769468400000000,2927.21000000,2927.21000000,2918.30000000,2923.88000000,2404.52070000,1769469299999999,7027239.60399300,41775,1237.23050000,3615943.01755400,0
1769469300000000,2923.88000000,2934.91000000,2921.79000000,2933.71000000,4268.63700000,1769470199999999,12504364.89066000,44648,3207.45620000,9395020.02642000,0
1769470200000000,2933.71000000,2945.32000000,2933.71000000,2938.12000000,4858.67490000,1769471099999999,14288490.14294000,43404,3522.17870000,10357490.82891600,0
1769471100000000,2938.12000000,2938.75000000,2929.56000000,2930.35000000,3305.09510000,1769471999999999,9694419.36084400,26681,1584.66220000,4647674.61125000,0
1769472000000000,2930.35000000,2931.27000000,2922.28000000,2922.75000000,3598.11070000,1769472899999999,10526900.79355800,40295,1750.93340000,5121991.32343400,0
1769472900000000,2922.74000000,2929.77000000,2922.27000000,2925.03000000,2457.62640000,1769473799999999,7190936.79796300,29709,1894.07280000,5541658.48488700,0
1769473800000000,2925.03000000,2925.03000000,2918.23000000,2920.70000000,2205.93340000,1769474699999999,6444922.42424200,28705,1455.18200000,4251870.76654900,0
1769474700000000,2920.69000000,2922.23000000,2918.00000000,2921.06000000,2507.77590000,1769475599999999,7321535.64337500,28755,1754.34530000,5121880.25392400,0
1769475600000000,2921.05000000,2921.05000000,2912.44000000,2916.75000000,2583.01520000,1769476499999999,7529608.35796800,29379,1700.89430000,4958024.19100400,0
1769476500000000,2916.75000000,2932.92000000,2915.88000000,2931.96000000,3885.28620000,1769477399999999,11364864.72424100,40607,2907.71390000,8504030.69582700,0
1769477400000000,2931.96000000,2939.95000000,2929.47000000,2936.44000000,3732.40590000,1769478299999999,10954227.20569400,42087,2480.45580000,7280327.67338000,0
1769478300000000,2936.45000000,2938.84000000,2929.60000000,2932.65000000,1688.64830000,1769479199999999,4954134.95737300,28912,798.70760000,2343213.73421700,0
1769479200000000,2932.65000000,2943.36000000,2932.65000000,2939.50000000,5442.33880000,1769480099999999,15997130.48309400,37350,2550.96350000,7497792.63481400,0
1769480100000000,2939.51000000,2940.55000000,2933.00000000,2935.04000000,1910.40240000,1769480999999999,5611230.10757200,22460,694.11740000,2038453.33435900,0
1769481000000000,2935.05000000,2947.42000000,2935.02000000,2941.17000000,4429.87520000,1769481899999999,13036355.51259700,32595,2347.42980000,6906469.13280900,0
1769481900000000,2941.17000000,2946.70000000,2939.15000000,2945.25000000,7534.46390000,1769482799999999,22172045.38928300,44948,3822.70350000,11249868.21152300,0
1769482800000000,2945.25000000,2948.88000000,2936.50000000,2937.75000000,5428.31350000,1769483699999999,15971001.92504100,52834,2931.04240000,8624624.04346500,0
1769483700000000,2937.75000000,2943.32000000,2937.12000000,2941.83000000,4818.61890000,1769484599999999,14170284.47010700,40198,2562.24590000,7534172.31943900,0
1769484600000000,2941.82000000,2946.16000000,2940.00000000,2944.17000000,3526.50860000,1769485499999999,10381658.75219000,22826,1402.49090000,4128467.53325600,0
1769485500000000,2944.18000000,2945.24000000,2939.70000000,2941.18000000,3004.54720000,1769486399999999,8838965.06415500,21966,1248.93640000,3674258.04388800,0
1769486400000000,2941.17000000,2957.04000000,2938.30000000,2952.24000000,7758.99760000,1769487299999999,22873891.71310600,64237,3895.64770000,11483364.37728800,0
1769487300000000,2952.23000000,2954.46000000,2945.10000000,2947.66000000,4232.01230000,1769488199999999,12484183.40627300,35530,2084.52520000,6149739.22579100,0
1769488200000000,2947.70000000,2948.32000000,2942.09000000,2943.17000000,4862.93960000,1769489099999999,14324519.99797900,26247,1437.79030000,4235034.38517300,0
1769489100000000,2943.17000000,2943.58000000,2936.59000000,2940.70000000,3705.89560000,1769489999999999,10897914.34286400,27259,1731.28450000,5091060.64140000,0
1769490000000000,2940.70000000,2941.75000000,2935.20000000,2936.98000000,3261.40520000,1769490899999999,9584606.33088500,24106,1403.56940000,4124862.24651100,0
1769490900000000,2936.99000000,2937.89000000,2933.58000000,2936.51000000,3584.92400000,1769491799999999,10524285.37365400,29015,1595.48480000,4683975.85998800,0
1769491800000000,2936.51000000,2940.36000000,2936.51000000,2939.50000000,3402.54760000,1769492699999999,9998218.75295500,24931,1488.07440000,4372480.54534900,0
1769492700000000,2939.50000000,2942.08000000,2937.15000000,2939.28000000,1824.78780000,1769493599999999,5364911.67466000,15717,922.93740000,2713318.35969400,0
1769493600000000,2939.29000000,2942.53000000,2938.32000000,2941.96000000,2430.71810000,1769494499999999,7145634.79607800,17776,536.60850000,1577964.85938400,0
1769494500000000,2941.97000000,2942.18000000,2932.68000000,2933.98000000,1609.19510000,1769495399999999,4728203.25594200,13948,291.05550000,855304.50571600,0
1769495400000000,2933.97000000,2933.98000000,2924.85000000,2924.85000000,4665.43350000,1769496299999999,13658990.27779700,26087,1897.48430000,5552747.53845300,0
1769496300000000,2924.86000000,2929.00000000,2924.35000000,2929.00000000,4779.86720000,1769497199999999,13986386.94344800,17617,3772.86440000,11038604.42839600,0
1769497200000000,2929.00000000,2933.90000000,2928.61000000,2933.09000000,1547.72630000,1769498099999999,4537497.23834200,16170,859.72490000,2520368.37325600,0
1769498100000000,2933.09000000,2934.25000000,2929.68000000,2933.73000000,1378.90330000,1769498999999999,4044134.64722700,15434,805.74300000,2363296.16719300,0
1769499000000000,2933.73000000,2937.52000000,2933.66000000,2934.29000000,1525.94060000,1769499899999999,4480016.48333600,17723,883.34960000,2593404.84800200,0
1769499900000000,2934.28000000,2934.29000000,2927.50000000,2929.11000000,2310.21250000,1769500799999999,6769745.50970100,18221,481.90250000,1411991.32707900,0
1769500800000000,2929.11000000,2932.65000000,2927.70000000,2930.40000000,3000.10570000,1769501699999999,8789084.52477300,19651,1896.15630000,5554571.63336300,0
1769501700000000,2930.40000000,2931.76000000,2924.35000000,2925.00000000,2780.52430000,1769502599999999,8145670.72572000,18309,694.23650000,2033915.25458300,0
1769502600000000,2925.01000000,2926.18000000,2920.00000000,2924.58000000,2090.65590000,1769503499999999,6112291.26201500,28753,906.62160000,2650595.73464500,0
1769503500000000,2924.58000000,2925.35000000,2920.00000000,2923.41000000,2053.83740000,1769504399999999,6005502.99246300,21120,628.06720000,1836404.77271500,0
1769504400000000,2923.41000000,2923.41000000,2912.85000000,2913.45000000,4169.60900000,1769505299999999,12161615.75936500,38961,994.89690000,2902388.23484900,0
1769505300000000,2913.45000000,2915.73000000,2910.73000000,2910.87000000,3516.02220000,1769506199999999,10242773.97162700,30148,720.62200000,2099306.15817500,0
1769506200000000,2910.86000000,2914.79000000,2908.90000000,2914.43000000,5959.40960000,1769507099999999,17350356.62321800,33792,2367.78770000,6892604.22014900,0
1769507100000000,2914.43000000,2916.24000000,2906.93000000,2907.69000000,3846.11040000,1769507999999999,11195564.50125100,36647,976.16100000,2841147.13001100,0
1769508000000000,2907.69000000,2915.70000000,2906.93000000,2913.74000000,3864.39660000,1769508899999999,11249925.00223300,33106,1564.45000000,4554573.95886600,0
1769508900000000,2913.75000000,2914.70000000,2911.73000000,2912.29000000,3941.32580000,1769509799999999,11482400.49590100,23825,1467.31120000,4274652.63710100,0
1769509800000000,2912.30000000,2912.30000000,2903.62000000,2905.76000000,4807.65090000,1769510699999999,13972052.71761800,34010,1961.70430000,5699785.94298400,0
1769510700000000,2905.76000000,2907.67000000,2901.68000000,2903.23000000,3714.70760000,1769511599999999,10790887.92916900,32017,1050.03280000,3050315.36532100,0
1769511600000000,2903.24000000,2907.66000000,2899.77000000,2906.59000000,3509.85260000,1769512499999999,10193443.59011600,29491,954.86150000,2772995.06279700,0
1769512500000000,2906.59000000,2909.15000000,2903.49000000,2907.45000000,2808.09890000,1769513399999999,8161458.01547400,22847,923.79270000,2685219.38098000,0
1769513400000000,2907.45000000,2920.31000000,2907.45000000,2919.43000000,4020.78610000,1769514299999999,11717819.29215100,32928,2146.54800000,6256353.31919200,0
1769514300000000,2919.43000000,2922.10000000,2916.86000000,2917.02000000,1226.05120000,1769515199999999,3579175.02080400,25348,514.61830000,1502263.28343800,0
1769515200000000,2917.03000000,2920.79000000,2915.75000000,2920.79000000,1543.24140000,1769516099999999,4504254.49513500,23273,488.07090000,1424545.97106800,0
1769516100000000,2920.79000000,2927.94000000,2920.15000000,2924.32000000,3979.50130000,1769516999999999,11636822.79030400,26461,2258.18940000,6602781.34623200,0
1769517000000000,2924.31000000,2926.26000000,2918.83000000,2919.98000000,2279.66620000,1769517899999999,6664452.05794800,25181,846.46090000,2474718.69839800,0
1769517900000000,2919.98000000,2920.84000000,2915.68000000,2918.28000000,908.21720000,1769518799999999,2650676.48047900,19358,442.24780000,1290761.83237000,0
1769518800000000,2918.28000000,2919.38000000,2912.46000000,2914.22000000,1186.23910000,1769519699999999,3458295.21234700,30644,349.19930000,1017944.70767100,0
1769519700000000,2914.22000000,2914.68000000,2906.20000000,2908.27000000,2696.41900000,1769520599999999,7842888.11863500,29201,1430.91850000,4161179.22805200,0
1769520600000000,2908.27000000,2917.33000000,2905.93000000,2916.19000000,1292.10080000,1769521499999999,3763573.20953700,29970,766.09040000,2231756.49636000,0
1769521500000000,2916.19000000,2916.58000000,2908.21000000,2912.61000000,1030.27690000,1769522399999999,3000019.26273400,28978,413.08830000,1202851.07385800,0
1769522400000000,2912.61000000,2926.79000000,2911.31000000,2926.79000000,2974.82650000,1769523299999999,8686200.42450500,47367,2010.27690000,5869898.42593000,0
1769523300000000,2926.78000000,2943.63000000,2926.00000000,2928.83000000,9602.33310000,1769524199999999,28185706.23800900,87936,5476.64190000,16075720.64090600,0
1769524200000000,2928.83000000,2934.41000000,2907.22000000,2911.16000000,11556.13190000,1769525099999999,33749795.92743000,191861,6106.13130000,17837209.91915700,0
1769525100000000,2911.15000000,2926.14000000,2909.83000000,2918.65000000,4904.43530000,1769525999999999,14307247.84261300,108703,2951.68320000,8611168.67031600,0
1769526000000000,2918.65000000,2939.56000000,2913.03000000,2930.94000000,8900.44510000,1769526899999999,26064285.04894500,142778,4614.40270000,13513405.82476700,0
1769526900000000,2930.93000000,2931.90000000,2915.96000000,2915.99000000,4588.11270000,1769527799999999,13410685.77237100,95002,2336.65090000,6829027.66045800,0
1769527800000000,2915.98000000,2923.60000000,2915.00000000,2919.49000000,3642.67080000,1769528699999999,10630537.85241500,82075,2266.31640000,6613506.50644000,0
1769528700000000,2919.49000000,2941.71000000,2919.42000000,2937.45000000,6346.99380000,1769529599999999,18613037.73638100,104548,4393.61690000,12882938.46441000,0
1769529600000000,2937.46000000,2983.65000000,2934.85000000,2973.78000000,23856.65600000,1769530499999999,70637801.96166300,227652,13153.66640000,38946591.24075300,0
1769530500000000,2973.78000000,2981.78000000,2966.23000000,2971.01000000,9596.91770000,1769531399999999,28546429.49958200,122078,4115.79700000,12246024.30266800,0
1769531400000000,2971.01000000,2998.52000000,2970.79000000,2992.57000000,18491.76950000,1769532299999999,55279402.86623900,155672,10637.89110000,31798620.89225500,0
1769532300000000,2992.57000000,2994.57000000,2985.57000000,2990.81000000,3634.31460000,1769533199999999,10867027.70035500,72890,1835.69020000,5489392.31190100,0
1769533200000000,2990.81000000,2994.50000000,2958.62000000,2959.91000000,9979.74320000,1769534099999999,29697143.93187500,119340,4138.78640000,12320419.52509000,0
1769534100000000,2959.90000000,2960.91000000,2930.43000000,2948.00000000,13192.01420000,1769534999999999,38828425.36902400,190771,6342.00080000,18665164.42091500,0
1769535000000000,2948.00000000,2952.77000000,2920.26000000,2921.96000000,11424.06490000,1769535899999999,33562187.56049200,135210,4261.26920000,12521056.21808000,0
1769535900000000,2921.96000000,2930.89000000,2918.09000000,2930.30000000,3923.20800000,1769536799999999,11474761.91411500,101125,1814.01640000,5306340.02159800,0
1769536800000000,2930.29000000,2947.59000000,2925.92000000,2941.22000000,6370.29940000,1769537699999999,18723461.49615700,110761,3970.15770000,11669770.81281100,0
1769537700000000,2941.22000000,2948.67000000,2940.00000000,2945.87000000,3080.77700000,1769538599999999,9072472.31728700,74966,1857.86180000,5471426.56897100,0
1769538600000000,2945.88000000,2953.55000000,2939.66000000,2948.45000000,3924.55870000,1769539499999999,11566344.54210700,74763,2081.84680000,6136023.22952000,0
1769539500000000,2948.45000000,2989.77000000,2948.00000000,2978.21000000,9906.05590000,1769540399999999,29440704.49605400,131653,5610.62440000,16672169.02890600,0
1769540400000000,2978.22000000,2980.40000000,2965.61000000,2974.05000000,4240.17210000,1769541299999999,12605695.16122600,76077,1699.18220000,5052296.15520000,0
1769541300000000,2974.06000000,2978.08000000,2970.22000000,2973.37000000,1778.49580000,1769542199999999,5290616.23153500,57674,768.06590000,2284938.32857400,0
1769542200000000,2973.38000000,2992.27000000,2968.32000000,2989.98000000,3799.78650000,1769543099999999,11329544.59686700,64578,2291.62720000,6834668.93227300,0
1769543100000000,2989.98000000,2990.17000000,2977.52000000,2980.48000000,3431.10990000,1769543999999999,10242282.07062400,56508,1064.14480000,3175676.27577800,0
1769544000000000,2980.48000000,2996.16000000,2978.92000000,2994.29000000,4157.26680000,1769544899999999,12424104.35656600,66361,2682.51390000,8016730.68809600,0
1769544900000000,2994.30000000,3019.00000000,2990.72000000,3015.89000000,15015.52160000,1769545799999999,45162773.55613800,154631,8529.96700000,25650245.02772400,0
1769545800000000,3015.89000000,3016.63000000,2998.56000000,3001.63000000,5950.30870000,1769546699999999,17888229.41443200,87320,2893.53650000,8699266.17676700,0
1769546700000000,3001.63000000,3027.99000000,3001.42000000,3020.77000000,10236.59830000,1769547599999999,30898638.02693500,166288,6345.15080000,19147474.08905700,0
1769547600000000,3020.78000000,3030.30000000,3015.80000000,3022.02000000,4093.84620000,1769548499999999,12383903.87812700,98872,2144.16240000,6486454.16384200,0
1769548500000000,3022.03000000,3026.09000000,3014.18000000,3016.22000000,3561.38740000,1769549399999999,10749635.16632700,60076,1399.93520000,4225217.38460000,0
1769549400000000,3016.23000000,3020.13000000,3005.43000000,3016.23000000,6852.82110000,1769550299999999,20647429.28730100,73000,3880.83930000,11693579.76840200,0
1769550300000000,3016.23000000,3021.26000000,3014.30000000,3015.82000000,9671.60520000,1769551199999999,29180297.02962700,53957,1593.86920000,4808767.74696200,0
1769551200000000,3015.82000000,3022.40000000,3011.55000000,3014.67000000,11235.67230000,1769552099999999,33898699.38905200,38083,1850.48750000,5583253.11898500,0
1769552100000000,3014.67000000,3016.09000000,3004.69000000,3008.97000000,3249.64510000,1769552999999999,9777779.42333700,35591,1992.29080000,5994578.30323500,0
1769553000000000,3008.96000000,3023.87000000,3006.70000000,3018.92000000,3049.27840000,1769553899999999,9196194.95586800,33092,2320.60840000,6999077.35656100,0
1769553900000000,3018.92000000,3021.80000000,3016.09000000,3020.00000000,6466.93060000,1769554799999999,19525908.18827900,16708,1491.88660000,4504548.93533400,0
1769554800000000,3020.00000000,3020.64000000,3011.22000000,3020.35000000,11249.71960000,1769555699999999,33950151.62744000,42620,2858.56510000,8623184.69527400,0
1769555700000000,3020.35000000,3027.48000000,3018.00000000,3025.62000000,7107.98300000,1769556599999999,21489855.38713700,30743,4046.85870000,12235887.32967000,0
1769556600000000,3025.62000000,3035.00000000,3023.63000000,3031.73000000,6315.16520000,1769557499999999,19138737.00096400,52334,4139.13470000,12542827.15620300,0
1769557500000000,3031.73000000,3035.08000000,3023.58000000,3026.77000000,5572.57380000,1769558399999999,16873285.78424300,29112,2509.60340000,7598663.10957700,0
1769558400000000,3026.77000000,3029.09000000,3019.38000000,3024.21000000,2142.45570000,1769559299999999,6475907.57615400,33220,1187.71570000,3589810.41698200,0
1769559300000000,3024.21000000,3029.79000000,3019.61000000,3024.92000000,1404.50700000,1769560199999999,4247916.83414800,31146,868.56070000,2627102.44930100,0
1769560200000000,3024.91000000,3024.91000000,3015.74000000,3016.35000000,2945.13890000,1769561099999999,8895561.37383000,25782,978.74500000,2954710.20787300,0
1769561100000000,3016.35000000,3025.39000000,3016.04000000,3024.26000000,1452.24170000,1769561999999999,4387778.61742300,32177,1042.51270000,3149892.74139600,0
1769562000000000,3024.26000000,3026.83000000,3018.20000000,3018.45000000,1829.55780000,1769562899999999,5531378.26941300,45113,841.67640000,2545237.79504700,0
1769562900000000,3018.45000000,3021.93000000,3010.80000000,3014.18000000,1080.96040000,1769563799999999,3260798.66684600,33586,388.41610000,1171880.04341000,0
1769563800000000,3014.19000000,3015.00000000,3007.50000000,3013.71000000,1710.50220000,1769564699999999,5151439.76221300,28288,663.78110000,1999376.93041100,0
1769564700000000,3013.70000000,3021.20000000,3011.55000000,3018.22000000,1323.58390000,1769565599999999,3991773.52319200,25354,990.10600000,2985740.93737600,0
1769565600000000,3018.21000000,3018.25000000,3009.00000000,3012.24000000,1129.77570000,1769566499999999,3403996.59641200,28456,504.62890000,1520567.12579400,0
1769566500000000,3012.23000000,3016.92000000,3010.85000000,3014.38000000,886.04580000,1769567399999999,2670314.78897000,26973,402.23090000,1212162.09837700,0
1769567400000000,3014.39000000,3017.29000000,3007.13000000,3007.14000000,1123.90330000,1769568299999999,3383689.45953200,39871,409.53310000,1233129.24004000,0
1769568300000000,3007.14000000,3012.15000000,3005.49000000,3010.82000000,1450.06590000,1769569199999999,4362662.55395600,23387,725.76850000,2183487.46231400,0
1769569200000000,3010.82000000,3012.27000000,3002.60000000,3003.94000000,1963.80420000,1769570099999999,5904982.84962400,36427,693.19110000,2085203.52979700,0
1769570100000000,3003.94000000,3005.00000000,2996.55000000,3002.89000000,4223.54790000,1769570999999999,12677296.93334200,31385,2295.33990000,6890030.14877900,0
1769571000000000,3002.89000000,3008.55000000,2999.56000000,3002.69000000,1463.43870000,1769571899999999,4396718.49407200,34530,688.89750000,2069877.39038000,0
1769571900000000,3002.69000000,3006.73000000,3002.69000000,3005.18000000,863.12940000,1769572799999999,2593807.63492100,14982,363.91550000,1093605.96183800,0
1769572800000000,3005.18000000,3006.89000000,2997.00000000,2998.69000000,1785.38170000,1769573699999999,5360427.53483600,28630,706.16160000,2120492.39253200,0
1769573700000000,2998.68000000,2999.03000000,2992.89000000,2997.75000000,3024.77270000,1769574599999999,9061996.63313200,30109,1205.15880000,3610738.16709700,0
1769574600000000,2997.74000000,3003.95000000,2995.79000000,2998.26000000,1579.14210000,1769575499999999,4737121.39587900,19427,705.05230000,2115443.65113400,0
1769575500000000,2998.26000000,3000.00000000,2996.63000000,2999.64000000,1356.93340000,1769576399999999,4068704.85971300,8908,543.62320000,1630218.51372600,0
1769576400000000,2999.65000000,3008.83000000,2998.07000000,2998.23000000,3285.39950000,1769577299999999,9868003.79830100,28213,1950.64400000,5859838.02361300,0
1769577300000000,2998.23000000,3000.51000000,2996.50000000,2998.37000000,1322.07660000,1769578199999999,3964513.86167400,16208,538.72650000,1615499.11911700,0
1769578200000000,2998.37000000,3003.73000000,2998.37000000,3000.00000000,2526.59530000,1769579099999999,7582377.71170100,18411,1683.51050000,5051730.75638000,0
1769579100000000,2999.99000000,3005.81000000,2999.99000000,3004.47000000,1194.46560000,1769579999999999,3586978.36648700,18015,595.45500000,1788123.43170600,0
1769580000000000,3004.48000000,3015.36000000,3004.48000000,3012.27000000,3190.89860000,1769580899999999,9606886.41914800,39588,1867.38530000,5621876.46418000,0
1769580900000000,3012.27000000,3014.12000000,3010.26000000,3010.27000000,1686.04900000,1769581799999999,5078412.61540700,20917,973.90770000,2933251.26360200,0
1769581800000000,3010.26000000,3015.36000000,3003.01000000,3006.16000000,4067.68670000,1769582699999999,12242817.20914400,30803,1728.83370000,5202132.14614100,0
1769582700000000,3006.16000000,3018.33000000,3004.79000000,3014.47000000,2685.60870000,1769583599999999,8092913.10451000,24463,1386.35310000,4177509.96822200,0
1769583600000000,3014.47000000,3015.45000000,3005.57000000,3008.15000000,2192.20720000,1769584499999999,6597046.07793700,23395,818.63310000,2463359.29926400,0
1769584500000000,3008.16000000,3009.36000000,3005.00000000,3007.32000000,1111.68590000,1769585399999999,3342568.88730900,14573,439.90770000,1322720.25407600,0
1769585400000000,3007.31000000,3007.58000000,3002.29000000,3007.57000000,2266.74480000,1769586299999999,6811124.36868100,22372,1096.62520000,3295338.27483200,0
1769586300000000,3007.57000000,3009.95000000,3004.19000000,3005.07000000,1618.43750000,1769587199999999,4866556.79522400,14211,623.62190000,1875466.13072200,0
1769587200000000,3005.07000000,3006.55000000,2998.00000000,2998.79000000,2412.68080000,1769588099999999,7243471.12116700,36407,1219.57740000,3661484.63060600,0
1769588100000000,2998.78000000,3000.77000000,2993.02000000,2995.71000000,2454.58460000,1769588999999999,7355921.28106000,33062,969.01660000,2904113.08003500,0
1769589000000000,2995.71000000,2997.08000000,2988.70000000,2994.52000000,2230.43230000,1769589899999999,6676228.78327000,29001,795.32440000,2380538.85723300,0
1769589900000000,2994.52000000,2995.43000000,2988.71000000,2990.69000000,1734.87870000,1769590799999999,5190913.31915500,29008,773.34110000,2313533.46464800,0
1769590800000000,2990.68000000,2993.28000000,2987.49000000,2990.24000000,1699.58340000,1769591699999999,5083487.08909900,27537,571.87790000,1710394.08552000,0
1769591700000000,2990.25000000,2995.05000000,2986.59000000,2994.37000000,3157.00190000,1769592599999999,9441064.63584600,33728,2494.31620000,7459111.08730500,0
1769592600000000,2994.38000000,3012.72000000,2994.38000000,3010.01000000,4886.11570000,1769593499999999,14695508.07083700,59206,2869.32910000,8627967.59255800,0
1769593500000000,3010.00000000,3017.45000000,3008.38000000,3017.44000000,4127.99360000,1769594399999999,12433580.86263500,37203,3245.03250000,9773888.43342800,0
1769594400000000,3017.45000000,3030.87000000,3013.11000000,3030.70000000,6723.58410000,1769595299999999,20307140.47561500,79645,3770.78270000,11389755.35126800,0
1769595300000000,3030.69000000,3039.78000000,3019.77000000,3021.08000000,5166.24790000,1769596199999999,15642103.43494900,68317,2615.89000000,7919141.74789200,0
1769596200000000,3021.08000000,3027.31000000,3021.08000000,3026.31000000,3051.89980000,1769597099999999,9232416.60945800,28637,946.92030000,2864648.18389400,0
1769597100000000,3026.32000000,3031.77000000,3025.07000000,3025.86000000,3916.41900000,1769597999999999,11865538.19184100,38103,2943.64110000,8919756.09630200,0
1769598000000000,3025.86000000,3027.13000000,3017.08000000,3017.99000000,1604.81650000,1769598899999999,4849630.22626600,34004,678.04520000,2049004.59403700,0
1769598900000000,3017.99000000,3021.08000000,3014.92000000,3020.81000000,1210.87870000,1769599799999999,3654136.02912100,23680,596.42850000,1799857.58958700,0
1769599800000000,3020.82000000,3028.01000000,3015.76000000,3027.27000000,2961.41110000,1769600699999999,8951079.32677000,41921,1578.02100000,4768357.93625400,0
1769600700000000,3027.27000000,3045.36000000,3026.04000000,3039.72000000,10561.18310000,1769601599999999,32070748.62614900,125865,5875.34980000,17840818.51234700,0
1769601600000000,3039.71000000,3040.31000000,3024.25000000,3027.39000000,5166.35460000,1769602499999999,15671192.41382900,85176,2471.45980000,7498095.26830300,0
1769602500000000,3027.39000000,3032.00000000,3024.39000000,3029.68000000,2682.70990000,1769603399999999,8124521.45603500,51182,1667.53310000,5050208.59917000,0
1769603400000000,3029.68000000,3034.82000000,3025.58000000,3029.54000000,2493.56710000,1769604299999999,7554577.22330700,44953,1327.71000000,4022882.51656100,0
1769604300000000,3029.54000000,3035.00000000,3023.78000000,3031.13000000,2998.52990000,1769605199999999,9086320.68358200,37578,1874.02830000,5678591.64447300,0
1769605200000000,3031.14000000,3040.11000000,3029.55000000,3036.56000000,4432.60500000,1769606099999999,13454447.86197400,59928,3305.10790000,10031902.69589500,0
1769606100000000,3036.57000000,3040.39000000,3031.41000000,3036.98000000,4858.23400000,1769606999999999,14746175.65634900,50310,3402.19020000,10327204.41828200,0
1769607000000000,3036.98000000,3045.78000000,3033.83000000,3042.00000000,3262.03670000,1769607899999999,9915812.76433600,60132,2081.49390000,6327108.41130500,0
1769607900000000,3042.00000000,3042.54000000,3032.41000000,3034.67000000,2531.58460000,1769608799999999,7690180.59359200,40196,1287.19630000,3910366.72782400,0
1769608800000000,3034.68000000,3034.68000000,3029.20000000,3030.53000000,1680.29330000,1769609699999999,5093715.45786800,37126,677.94200000,2055065.26272200,0
1769609700000000,3030.52000000,3030.58000000,3017.86000000,3025.07000000,3395.50210000,1769610599999999,10267016.42706500,58245,1321.53370000,3994512.94535000,0
1769610600000000,3025.07000000,3034.40000000,3018.20000000,3020.87000000,5731.82470000,1769611499999999,17342664.94794600,171005,2893.69420000,8755989.40175500,0
1769611500000000,3020.88000000,3021.66000000,3007.64000000,3013.09000000,8420.59130000,1769612399999999,25384841.42987600,165432,4527.80270000,13648641.99992700,0
1769612400000000,3013.09000000,3021.23000000,2989.89000000,2990.00000000,9151.83370000,1769613299999999,27524008.37033200,149686,4709.44180000,14166694.20712500,0
1769613300000000,2990.00000000,3004.78000000,2983.67000000,2999.77000000,10665.37070000,1769614199999999,31962743.74109200,161667,6663.55830000,19975136.13099700,0
1769614200000000,2999.77000000,3011.95000000,2997.11000000,3010.40000000,6434.39730000,1769615099999999,19336287.93633200,102154,4638.16940000,13937668.30634300,0
1769615100000000,3010.39000000,3014.00000000,3002.04000000,3008.25000000,5421.02720000,1769615999999999,16311315.12686500,84797,3279.03560000,9866326.49368000,0
1769616000000000,3008.25000000,3009.02000000,2996.08000000,2997.61000000,2514.93440000,1769616899999999,7549622.52051100,83246,911.50310000,2736561.78720600,0
1769616900000000,2997.61000000,3017.37000000,2996.75000000,3015.73000000,2208.64120000,1769617799999999,6643809.67651400,69111,1262.84600000,3797769.72006300,0
1769617800000000,3015.73000000,3017.94000000,2996.85000000,3001.51000000,2513.24980000,1769618699999999,7557754.16630000,68127,864.66790000,2600867.15397700,0
1769618700000000,3001.52000000,3006.87000000,2998.66000000,2999.72000000,1221.82780000,1769619599999999,3669038.50168400,42780,528.56820000,1587361.21887800,0
1769619600000000,2999.72000000,3008.20000000,2998.79000000,3006.27000000,2011.58130000,1769620499999999,6044130.67097200,47511,1320.57570000,3968289.45770600,0
1769620500000000,3006.26000000,3008.63000000,3000.94000000,3004.42000000,1214.58910000,1769621399999999,3649101.37018700,40757,661.26990000,1986849.54183200,0
1769621400000000,3004.42000000,3019.01000000,2989.41000000,3013.15000000,6323.04240000,1769622299999999,18981587.40437900,92807,3504.66540000,10525842.23593700,0
1769622300000000,3013.14000000,3031.68000000,3013.14000000,3014.89000000,5454.51630000,1769623199999999,16484392.33604900,90680,2715.48550000,8207651.49995200,0
1769623200000000,3014.89000000,3018.56000000,3000.11000000,3018.12000000,6652.42230000,1769624099999999,20018498.50292600,74466,3655.37520000,11001195.39060700,0
1769624100000000,3018.11000000,3024.28000000,3010.69000000,3015.49000000,4323.91040000,1769624999999999,13051726.38361600,75933,1850.07180000,5583747.32125100,0
1769625000000000,3015.49000000,3017.98000000,3007.16000000,3010.52000000,2747.02660000,1769625899999999,8272686.55078600,54500,1439.89060000,4335721.73017000,0
1769625900000000,3010.53000000,3016.00000000,3005.35000000,3015.51000000,2362.57230000,1769626799999999,7112504.32273800,55021,1051.87160000,3166664.22907000,0
1769626800000000,3015.51000000,3024.14000000,2997.29000000,3010.02000000,11898.61910000,1769627699999999,35822938.39065600,196571,5269.84980000,15867012.81049000,0
1769627700000000,3010.02000000,3019.00000000,3007.01000000,3011.72000000,3006.98470000,1769628599999999,9061300.63957400,97273,1478.83260000,4456551.50677500,0
1769628600000000,3011.73000000,3017.55000000,2996.85000000,2999.98000000,6851.37530000,1769629499999999,20603138.26477000,207458,2858.91750000,8597472.30282900,0
1769629500000000,2999.98000000,3024.19000000,2999.43000000,3016.60000000,3317.40110000,1769630399999999,10001594.41273300,100717,1575.17250000,4747125.73691400,0
1769630400000000,3016.60000000,3026.78000000,3013.00000000,3022.41000000,2539.52360000,1769631299999999,7671654.78560800,76556,1415.82940000,4278279.09421000,0
1769631300000000,3022.41000000,3038.45000000,3014.77000000,3032.01000000,5763.10460000,1769632199999999,17452782.65369100,88598,3224.12490000,9763034.31686700,0
1769632200000000,3032.00000000,3033.18000000,3012.49000000,3014.04000000,2895.64530000,1769633099999999,8743048.19366300,87861,1073.19060000,3240108.04753900,0
1769633100000000,3014.03000000,3017.98000000,3008.25000000,3012.21000000,2232.67730000,1769633999999999,6725512.15068200,46832,950.03890000,2861990.23257500,0
1769634000000000,3012.21000000,3017.06000000,2996.66000000,3016.00000000,6070.15430000,1769634899999999,18251048.40185000,113435,3193.07300000,9601007.75666500,0
1769634900000000,3016.00000000,3019.66000000,3013.54000000,3014.35000000,901.28720000,1769635799999999,2718829.48346500,29972,314.64610000,949255.32003300,0
1769635800000000,3014.36000000,3023.53000000,3008.52000000,3019.94000000,1860.54710000,1769636699999999,5608869.70957600,35982,921.89600000,2779865.98705500,0
1769636700000000,3019.94000000,3022.95000000,3016.54000000,3021.51000000,945.47230000,1769637599999999,2855526.67833300,29384,383.25200000,1157403.12794000,0
1769637600000000,3021.51000000,3027.37000000,3013.52000000,3013.87000000,1902.15900000,1769638499999999,5747100.52656500,36489,871.88350000,2634922.50453400,0
1769638500000000,3013.87000000,3015.98000000,3008.83000000,3015.98000000,1203.28260000,1769639399999999,3624156.26908100,22963,520.99080000,1569177.29602200,0
1769639400000000,3015.98000000,3016.46000000,3009.51000000,3010.61000000,941.22650000,1769640299999999,2835712.66830500,21259,392.36000000,1181833.14456600,0
1769640300000000,3010.61000000,3019.73000000,3010.60000000,3018.92000000,921.41060000,1769641199999999,2779925.34252200,17012,514.31580000,1551868.16558100,0
1769641200000000,3018.92000000,3022.98000000,3015.41000000,3015.41000000,1215.58020000,1769642099999999,3669328.44903900,40000,484.55360000,1462561.48142600,0
1769642100000000,3015.41000000,3022.20000000,3011.82000000,3013.50000000,969.99540000,1769642999999999,2927609.42762800,30578,357.18150000,1078303.76500600,0
1769643000000000,3013.50000000,3014.69000000,3009.11000000,3013.59000000,1323.47010000,1769643899999999,3985551.66880400,23958,500.60580000,1507436.06942900,0
1769643900000000,3013.59000000,3016.04000000,3008.30000000,3010.78000000,1186.50760000,1769644799999999,3573933.47040900,29381,510.69150000,1538257.38768000,0
1769644800000000,3010.78000000,3013.50000000,3003.79000000,3003.79000000,1679.16500000,1769645699999999,5049197.05773600,46267,685.39680000,2060799.27407400,0
1769645700000000,3003.79000000,3008.76000000,3002.00000000,3006.00000000,1553.52570000,1769646599999999,4668881.13803600,34868,817.21490000,2455894.04069800,0
1769646600000000,3006.00000000,3009.17000000,2999.21000000,2999.62000000,1603.43450000,1769647499999999,4816874.51507600,39433,532.89640000,1601044.12866100,0
1769647500000000,2999.62000000,3011.00000000,2995.94000000,3009.49000000,2560.67070000,1769648399999999,7693341.92200800,41983,1280.62120000,3848044.41150300,0
1769648400000000,3009.48000000,3011.55000000,3004.10000000,3006.91000000,681.61410000,1769649299999999,2050124.87386200,31485,263.36500000,792060.15128300,0
1769649300000000,3006.92000000,3006.92000000,2987.18000000,2996.66000000,3031.86980000,1769650199999999,9079423.36025100,51655,1310.05660000,3922416.07081500,0
1769650200000000,2996.65000000,3000.90000000,2993.35000000,3000.79000000,2036.61640000,1769651099999999,6103730.43052100,58151,1198.49210000,3592000.13199100,0
1769651100000000,3000.78000000,3002.91000000,2987.67000000,2992.71000000,2968.88030000,1769651999999999,8887734.88301500,52711,1117.04890000,3345208.07326500,0
1769652000000000,2992.71000000,2998.74000000,2990.33000000,2994.88000000,1565.54220000,1769652899999999,4688249.63526100,45897,625.75010000,1873644.60837100,0
1769652900000000,2994.88000000,2999.21000000,2990.00000000,2996.63000000,999.44030000,1769653799999999,2993328.36032300,33130,485.20610000,1453040.47925900,0
1769653800000000,2996.63000000,2997.14000000,2964.07000000,2966.09000000,13559.27920000,1769654699999999,40316575.09551400,154766,4886.75190000,14525338.51478100,0
1769654700000000,2966.10000000,2967.33000000,2944.48000000,2959.23000000,9006.36590000,1769655599999999,26607739.94617000,155882,3932.24850000,11618513.81532800,0
1769655600000000,2959.24000000,2972.73000000,2953.06000000,2967.18000000,5034.38020000,1769656499999999,14923844.84604900,102312,2920.46210000,8657650.17907400,0
1769656500000000,2967.19000000,2969.30000000,2954.12000000,2954.66000000,3313.06120000,1769657399999999,9813116.51596400,68223,1428.75290000,4232564.55819600,0
1769657400000000,2954.65000000,2958.52000000,2948.64000000,2958.20000000,2196.75490000,1769658299999999,6487714.08009600,53872,1001.96910000,2959175.30118300,0
1769658300000000,2958.21000000,2960.09000000,2947.83000000,2952.52000000,2452.14790000,1769659199999999,7240303.88720600,47524,1152.96930000,3404966.54807100,0
1769659200000000,2952.52000000,2954.16000000,2946.50000000,2949.08000000,2231.05010000,1769660099999999,6582522.44321800,42296,1250.07720000,3688487.41867200,0
1769660100000000,2949.08000000,2952.90000000,2937.55000000,2946.86000000,5654.34450000,1769660999999999,16654381.10825800,58523,2206.06020000,6497658.31343400,0
1769661000000000,2946.86000000,2956.81000000,2946.85000000,2954.52000000,2400.65390000,1769661899999999,7091300.17905600,30381,1381.30320000,4079438.10044000,0
1769661900000000,2954.52000000,2960.62000000,2954.09000000,2959.45000000,1410.69150000,1769662799999999,4173225.00192200,18273,592.27660000,1751901.91828100,0
1769662800000000,2959.46000000,2965.69000000,2958.00000000,2960.78000000,1239.92730000,1769663699999999,3672454.21654900,30087,800.79530000,2372158.93910800,0
1769663700000000,2960.78000000,2962.07000000,2957.36000000,2957.64000000,618.51250000,1769664599999999,1830631.51636300,20662,293.85930000,869648.20183500,0
1769664600000000,2957.64000000,2962.87000000,2955.83000000,2956.83000000,3147.37580000,1769665499999999,9311708.83476700,25464,1445.91010000,4277804.73020100,0
1769665500000000,2956.84000000,2957.53000000,2947.95000000,2951.61000000,1619.65170000,1769666399999999,4780964.71166200,20541,503.17080000,1485070.22980000,0
1769666400000000,2951.60000000,2957.46000000,2950.16000000,2954.79000000,1755.42650000,1769667299999999,5186398.74316600,24693,604.36180000,1785524.60650400,0
1769667300000000,2954.80000000,2958.01000000,2951.05000000,2956.92000000,1771.18490000,1769668199999999,5233090.91172900,26092,700.89660000,2071125.34663600,0
1769668200000000,2956.92000000,2959.50000000,2953.00000000,2956.44000000,1167.44540000,1769669099999999,3451909.16563400,22536,521.02590000,1540579.27947600,0
1769669100000000,2956.44000000,2957.11000000,2952.41000000,2955.97000000,1196.76330000,1769669999999999,3535708.25481800,23528,327.57810000,967827.77205300,0
1769670000000000,2955.97000000,2959.82000000,2955.50000000,2957.44000000,1194.65990000,1769670899999999,3533864.48658400,23370,714.65300000,2113972.38090100,0
1769670900000000,2957.44000000,2959.83000000,2955.44000000,2956.21000000,1394.80490000,1769671799999999,4125161.67110400,22707,657.56690000,1944660.36634600,0
1769671800000000,2956.21000000,2961.55000000,2956.14000000,2960.36000000,1724.96610000,1769672699999999,5104297.36438400,23263,1149.70460000,3402144.12697600,0
1769672700000000,2960.36000000,2964.93000000,2959.45000000,2961.54000000,2415.32500000,1769673599999999,7155474.01029100,23754,1586.49300000,4700014.00384200,0
1769673600000000,2961.54000000,2961.55000000,2945.26000000,2947.64000000,4755.68710000,1769674499999999,14036750.84850000,37482,2403.39890000,7092656.41369000,0
1769674500000000,2947.65000000,2969.79000000,2943.56000000,2968.16000000,5022.21050000,1769675399999999,14830389.38563000,54436,3179.99260000,9391772.66037300,0
1769675400000000,2968.15000000,2968.71000000,2952.00000000,2955.13000000,3073.57920000,1769676299999999,9095176.30961800,44932,1439.13400000,4258743.36862500,0
1769676300000000,2955.13000000,2957.94000000,2948.72000000,2952.60000000,2478.68950000,1769677199999999,7318753.90070800,37729,1090.80270000,3220616.53421100,0
1769677200000000,2952.59000000,2955.20000000,2946.85000000,2946.85000000,1695.94720000,1769678099999999,5004662.25201000,27250,658.69250000,1944280.40403700,0
1769678100000000,2946.86000000,2950.66000000,2946.85000000,2949.36000000,1990.87770000,1769678999999999,5869928.20012500,18068,1118.49490000,3297174.31401400,0
1769679000000000,2949.36000000,2951.29000000,2946.40000000,2949.71000000,2214.04950000,1769679899999999,6527824.77325000,23312,882.09800000,2600521.67383400,0
1769679900000000,2949.72000000,2950.00000000,2942.37000000,2942.38000000,3685.91900000,1769680799999999,10857601.42263100,22876,1822.28210000,5366756.55504300,0
1769680800000000,2942.38000000,2946.98000000,2941.36000000,2943.94000000,2305.27840000,1769681699999999,6786564.79600500,22669,1070.35980000,3151124.14253700,0
1769681700000000,2943.94000000,2948.93000000,2943.93000000,2948.04000000,2571.42990000,1769682599999999,7575315.97668100,22719,1799.54450000,5300760.66701600,0
1769682600000000,2948.04000000,2948.50000000,2945.28000000,2946.62000000,867.67490000,1769683499999999,2557158.18926900,18824,367.28790000,1082336.19345300,0
1769683500000000,2946.62000000,2948.95000000,2942.37000000,2944.29000000,1111.34300000,1769684399999999,3273777.18561800,20287,642.15880000,1891606.78808500,0
1769684400000000,2944.30000000,2945.42000000,2928.69000000,2940.41000000,5321.17350000,1769685299999999,15625566.71640100,53319,2432.69260000,7144802.04186100,0
1769685300000000,2940.42000000,2940.85000000,2923.79000000,2924.55000000,5492.56030000,1769686199999999,16095918.74542400,63780,1974.94260000,5785949.42864600,0
1769686200000000,2924.55000000,2930.28000000,2923.77000000,2927.93000000,2379.21280000,1769687099999999,6966484.15818300,29248,1008.20210000,2951808.93889400,0
1769687100000000,2927.94000000,2934.16000000,2926.55000000,2929.29000000,1658.13080000,1769687999999999,4858874.99711700,16335,581.48690000,1703846.81699500,0
1769688000000000,2929.29000000,2934.02000000,2928.95000000,2932.72000000,1468.87890000,1769688899999999,4306571.03848900,25486,693.07740000,2032013.46976100,0
1769688900000000,2932.71000000,2934.08000000,2929.98000000,2931.28000000,929.67020000,1769689799999999,2725698.52435800,17876,589.84360000,1729357.15174200,0
1769689800000000,2931.28000000,2938.67000000,2925.89000000,2932.18000000,2246.80180000,1769690699999999,6588187.85835600,37044,1258.94830000,3691799.13658800,0
1769690700000000,2932.17000000,2936.82000000,2931.88000000,2936.34000000,985.76420000,1769691599999999,2892545.47464200,17981,542.31410000,1591430.68675400,0
1769691600000000,2936.34000000,2939.00000000,2934.00000000,2934.98000000,1231.42320000,1769692499999999,3616453.06206500,15447,582.64700000,1711318.76996800,0
1769692500000000,2934.98000000,2938.59000000,2934.00000000,2938.58000000,729.96080000,1769693399999999,2142998.88296600,13239,494.08910000,1450552.86792900,0
1769693400000000,2938.58000000,2938.58000000,2936.04000000,2936.40000000,705.74540000,1769694299999999,2072703.02274000,14287,405.96480000,1192198.49866400,0
1769694300000000,2936.41000000,2937.26000000,2931.62000000,2936.14000000,721.92940000,1769695199999999,2118813.98620900,17317,344.07800000,1009838.67221600,0
1769695200000000,2936.15000000,2937.02000000,2931.46000000,2932.29000000,1578.54380000,1769696099999999,4631979.02955400,23960,586.62860000,1720886.78924300,0
1769696100000000,2932.30000000,2934.39000000,2917.88000000,2918.69000000,3566.33490000,1769696999999999,10432336.48720800,43113,1144.72030000,3347162.29361700,0
1769697000000000,2918.69000000,2924.67000000,2905.24000000,2909.48000000,9451.08300000,1769697899999999,27535138.56585400,172154,4376.23650000,12749439.08895300,0
1769697900000000,2909.47000000,2914.34000000,2875.70000000,2876.28000000,14137.65260000,1769698799999999,40929182.52298200,195286,4492.23290000,12996196.93960000,0
1769698800000000,2876.29000000,2877.49000000,2812.21000000,2813.14000000,37671.16510000,1769699699999999,107031437.86135400,398378,16438.69600000,46722290.67361900,0
1769699700000000,2813.14000000,2841.35000000,2805.76000000,2836.19000000,23979.31540000,1769700599999999,67749564.24601600,331305,13198.84720000,37295329.74843100,0
1769700600000000,2836.20000000,2843.19000000,2797.01000000,2802.00000000,25254.87090000,1769701499999999,71186465.55911500,260561,11120.13460000,31390851.38374100,0
1769701500000000,2802.00000000,2833.65000000,2801.00000000,2824.32000000,15563.10960000,1769702399999999,43838695.24665500,217973,8605.74710000,24243258.55701700,0
1769702400000000,2824.31000000,2825.82000000,2801.58000000,2817.92000000,33425.79080000,1769703299999999,94020133.51759200,188546,22546.16880000,63419377.56748600,0
1769703300000000,2817.93000000,2825.00000000,2807.47000000,2811.32000000,27103.43080000,1769704199999999,76262569.62204500,162503,15449.19130000,43471346.14910300,0
1769704200000000,2811.32000000,2819.46000000,2809.27000000,2812.35000000,11224.68580000,1769705099999999,31581503.56183500,135735,5931.50990000,16689287.69733700,0
1769705100000000,2812.35000000,2836.45000000,2810.00000000,2835.03000000,9279.96100000,1769705999999999,26201965.72519500,142918,5732.42800000,16187759.86399400,0
1769706000000000,2835.03000000,2848.48000000,2834.15000000,2841.41000000,12705.32530000,1769706899999999,36108037.36025900,125422,8689.70740000,24698399.72027700,0
1769706900000000,2841.41000000,2860.05000000,2837.21000000,2840.48000000,11545.36620000,1769707799999999,32892498.67647800,133920,5210.46420000,14847775.02103800,0
1769707800000000,2840.48000000,2847.84000000,2828.08000000,2833.44000000,4929.60170000,1769708699999999,13990429.55918900,106884,1946.69590000,5526474.39390400,0
1769708700000000,2833.44000000,2834.44000000,2818.76000000,2824.34000000,7814.07130000,1769709599999999,22092351.96176700,118393,2912.20160000,8233328.59595700,0
1769709600000000,2824.34000000,2834.44000000,2823.01000000,2827.49000000,4359.96100000,1769710499999999,12334408.07790300,105364,2188.23830000,6191415.57016300,0
1769710500000000,2827.49000000,2828.43000000,2802.00000000,2803.27000000,25877.70880000,1769711399999999,72751273.09874700,157555,5911.88390000,16611580.74529300,0
1769711400000000,2803.28000000,2812.82000000,2773.18000000,2804.40000000,29069.47770000,1769712299999999,81176933.45280700,231171,12895.87880000,36022698.76256600,0
1769712300000000,2804.40000000,2804.40000000,2754.53000000,2763.98000000,25505.97540000,1769713199999999,70688107.64301300,199924,10747.30170000,29769238.47236700,0
1769713200000000,2763.98000000,2776.78000000,2758.18000000,2776.77000000,11684.43150000,1769714099999999,32329929.80249000,148895,6542.68250000,18106615.84875800,0
1769714100000000,2776.77000000,2788.54000000,2769.77000000,2781.06000000,10676.83650000,1769714999999999,29682523.47176900,114098,5203.81750000,14468916.42859700,0
1769715000000000,2781.06000000,2811.34000000,2780.77000000,2800.90000000,13815.95520000,1769715899999999,38673753.44675500,131505,8050.88260000,22533982.15800500,0
1769715900000000,2800.90000000,2804.37000000,2793.99000000,2797.53000000,3250.74740000,1769716799999999,9100360.82829600,72529,1819.51620000,5093938.39083200,0
1769716800000000,2797.53000000,2800.16000000,2790.57000000,2791.02000000,4475.98850000,1769717699999999,12505069.58196300,70547,1734.79580000,4847587.40682300,0
1769717700000000,2791.03000000,2804.37000000,2791.03000000,2795.78000000,3651.26420000,1769718599999999,10221305.01781200,50435,2105.76250000,5895149.57516000,0
1769718600000000,2795.78000000,2801.13000000,2789.39000000,2798.37000000,3537.86780000,1769719499999999,9889323.35504100,62525,1801.71420000,5037911.01950300,0
1769719500000000,2798.37000000,2812.32000000,2795.89000000,2805.85000000,5540.59130000,1769720399999999,15542639.82386500,81903,3369.32550000,9451459.25059400,0
1769720400000000,2805.85000000,2819.83000000,2805.36000000,2818.20000000,4726.16310000,1769721299999999,13300365.24512400,92232,2343.33310000,6596296.21538300,0
1769721300000000,2818.19000000,2818.19000000,2810.00000000,2814.77000000,3106.12280000,1769722199999999,8744355.68221000,52268,1372.53100000,3864026.38347500,0
1769722200000000,2814.78000000,2819.83000000,2811.58000000,2816.49000000,2943.41010000,1769723099999999,8290068.37248200,58396,1264.21260000,3560646.03113300,0
1769723100000000,2816.49000000,2825.10000000,2816.48000000,2819.83000000,3737.12050000,1769723999999999,10540317.41959500,48069,1838.67800000,5186076.94874200,0
1769724000000000,2819.83000000,2825.23000000,2810.55000000,2812.94000000,2800.56120000,1769724899999999,7893751.45345600,37911,1251.12110000,3526945.52596200,0
1769724900000000,2812.94000000,2815.49000000,2811.80000000,2814.99000000,1290.77280000,1769725799999999,3631657.62617000,17411,646.38880000,1818586.41924900,0
1769725800000000,2814.99000000,2818.02000000,2811.75000000,2814.84000000,1328.28110000,1769726699999999,3739533.85961100,23101,727.04430000,2046645.92937800,0
1769726700000000,2814.84000000,2821.48000000,2814.84000000,2819.95000000,1078.81760000,1769727599999999,3041731.93403200,20082,652.04650000,1838244.01984500,0
1769727600000000,2819.96000000,2823.87000000,2812.77000000,2814.84000000,2637.42400000,1769728499999999,7433285.93504000,44694,1252.27980000,3530477.12838700,0
1769728500000000,2814.84000000,2824.37000000,2814.18000000,2819.95000000,2391.86040000,1769729399999999,6743671.65838600,28054,1273.27880000,3590222.87986600,0
1769729400000000,2819.95000000,2827.59000000,2819.94000000,2824.93000000,1928.51690000,1769730299999999,5447337.91168200,28532,1043.97710000,2948657.76323300,0
1769730300000000,2824.93000000,2826.78000000,2822.59000000,2822.59000000,1812.96510000,1769731199999999,5120318.96487800,19084,764.04850000,2158145.80733300,0
1769731200000000,2822.60000000,2828.65000000,2820.28000000,2820.43000000,1976.88420000,1769732099999999,5585786.94921900,27685,1066.13900000,3012835.65825200,0
1769732100000000,2820.42000000,2821.00000000,2802.58000000,2807.27000000,3492.02260000,1769732999999999,9815969.40641300,40342,1044.98280000,2938019.80078000,0
1769733000000000,2807.27000000,2815.03000000,2802.58000000,2813.15000000,3060.50750000,1769733899999999,8597511.53011400,39644,1447.45000000,4066113.99344800,0
1769733900000000,2813.15000000,2817.19000000,2804.55000000,2805.00000000,3374.76430000,1769734799999999,9482807.48564700,44039,967.65800000,2720156.82550700,0
1769734800000000,2805.00000000,2812.85000000,2801.68000000,2810.76000000,2359.90810000,1769735699999999,6626853.12452100,46544,1364.06910000,3830791.65661500,0
1769735700000000,2810.75000000,2813.31000000,2790.25000000,2800.60000000,5084.26690000,1769736599999999,14236643.52457900,89574,1900.50160000,5322416.57178700,0
1769736600000000,2800.59000000,2808.44000000,2689.00000000,2725.25000000,65289.44880000,1769737499999999,178353659.72663800,333383,27015.66980000,73797432.41607100,0
1769737500000000,2725.25000000,2752.15000000,2717.03000000,2747.15000000,27989.24260000,1769738399999999,76555186.28441200,306312,13574.59540000,37114538.25260000,0
1769738400000000,2747.16000000,2751.29000000,2728.55000000,2729.63000000,11944.14610000,1769739299999999,32699393.90788100,199770,5803.44110000,15893895.14638500,0
1769739300000000,2729.86000000,2736.23000000,2699.16000000,2715.40000000,18594.78710000,1769740199999999,50540803.98232800,230034,8354.19950000,22720641.07368400,0
1769740200000000,2715.40000000,2746.40000000,2704.47000000,2739.41000000,12870.62550000,1769741099999999,35129075.81496600,169957,6858.80680000,18717059.17480700,0
1769741100000000,2739.39000000,2744.96000000,2722.31000000,2736.56000000,9042.93180000,1769741999999999,24734031.66857000,131174,3150.00640000,8611168.72860600,0
1769742000000000,2736.56000000,2748.34000000,2734.30000000,2744.14000000,6929.09860000,1769742899999999,18997611.10395100,123863,3514.34360000,9636186.19596000,0
1769742900000000,2744.15000000,2745.91000000,2738.00000000,2738.16000000,3937.01290000,1769743799999999,10792163.13494700,78548,1576.32300000,4320821.84404800,0
1769743800000000,2738.16000000,2741.19000000,2734.49000000,2740.50000000,3531.95130000,1769744699999999,9672409.75813800,60014,1689.19680000,4626354.78189000,0
1769744700000000,2740.50000000,2743.51000000,2736.68000000,2741.11000000,2836.88240000,1769745599999999,7774120.28037000,62768,1435.68820000,3934304.76461500,0
1769745600000000,2741.12000000,2758.73000000,2738.11000000,2756.63000000,7278.75330000,1769746499999999,20012148.90291200,81618,3637.72250000,10004673.32674500,0
1769746500000000,2756.63000000,2774.83000000,2752.10000000,2762.42000000,8995.64700000,1769747399999999,24873876.59570900,101931,4741.09280000,13113214.41365300,0
1769747400000000,2762.42000000,2766.94000000,2755.17000000,2757.00000000,4844.63210000,1769748299999999,13368322.87515600,55770,1594.88170000,4402115.11604900,0
1769748300000000,2757.00000000,2760.01000000,2750.20000000,2752.99000000,2632.02400000,1769749199999999,7254706.70795900,32983,1032.49350000,2846010.36560400,0
1769749200000000,2753.00000000,2755.00000000,2747.29000000,2749.24000000,3531.33720000,1769750099999999,9712070.25325700,36856,1113.70260000,3062854.91246100,0
1769750100000000,2749.23000000,2760.61000000,2748.85000000,2759.25000000,3573.86680000,1769750999999999,9840767.30039700,39553,1557.21140000,4289269.03612500,0
1769751000000000,2759.24000000,2760.60000000,2752.00000000,2752.01000000,2196.03270000,1769751899999999,6051986.31339300,34189,965.16830000,2661073.00809700,0
1769751900000000,2752.00000000,2756.27000000,2747.01000000,2747.02000000,2568.56200000,1769752799999999,7068674.74101400,34700,788.16840000,2169459.76075700,0
1769752800000000,2747.02000000,2748.54000000,2735.14000000,2738.21000000,8496.90990000,1769753699999999,23288956.76112200,63507,3758.60720000,10301111.84608100,0
1769753700000000,2738.22000000,2738.22000000,2719.00000000,2722.18000000,6517.25050000,1769754599999999,17790587.59008200,69616,2339.61010000,6387985.33375600,0
1769754600000000,2722.17000000,2723.94000000,2706.72000000,2707.15000000,5786.48030000,1769755499999999,15721908.69763700,94320,2118.31910000,5757737.75890000,0
1769755500000000,2707.15000000,2725.07000000,2696.82000000,2718.56000000,10250.48560000,1769756399999999,27786928.47495700,140058,4298.42360000,11659579.99519300,0
1769756400000000,2718.57000000,2750.93000000,2718.14000000,2745.81000000,9530.77970000,1769757299999999,26070537.32293700,124651,5677.66130000,15528856.24401800,0
1769757300000000,2745.81000000,2750.00000000,2738.41000000,2738.80000000,5512.49940000,1769758199999999,15124913.16328000,73116,2434.88490000,6681334.84529500,0
1769758200000000,2738.80000000,2739.37000000,2724.99000000,2731.02000000,10511.01760000,1769759099999999,28714261.22885000,103280,6323.04460000,17273103.82063300,0
1769759100000000,2731.02000000,2746.55000000,2728.74000000,2740.16000000,10907.26630000,1769759999999999,29870522.46681100,78574,7794.29300000,21344867.57116800,0
1769760000000000,2740.17000000,2745.45000000,2734.28000000,2745.44000000,4361.74360000,1769760899999999,11953325.70766700,83179,2465.28240000,6757830.55476000,0
1769760900000000,2745.45000000,2748.41000000,2739.43000000,2739.59000000,3537.26180000,1769761799999999,9709205.46786900,60768,1754.10800000,4815687.42639700,0
1769761800000000,2739.59000000,2739.59000000,2722.85000000,2733.57000000,6093.45650000,1769762699999999,16632960.14861800,102648,2577.92670000,7034382.75605000,0
1769762700000000,2733.57000000,2739.16000000,2729.85000000,2737.43000000,3400.34400000,1769763599999999,9299185.99085000,67310,1575.55210000,4309084.47382300,0
1769763600000000,2737.43000000,2743.91000000,2731.58000000,2733.00000000,3494.92240000,1769764499999999,9572137.86759500,71703,1686.64470000,4620158.43361300,0
1769764500000000,2733.00000000,2733.66000000,2721.36000000,2725.33000000,5237.51920000,1769765399999999,14289887.40149000,76172,2224.19620000,6068827.11508300,0
1769765400000000,2725.34000000,2731.97000000,2725.34000000,2727.55000000,4443.98510000,1769766299999999,12126363.39946000,62162,2310.64550000,6304725.61635000,0
1769766300000000,2727.56000000,2727.56000000,2710.00000000,2721.93000000,7268.03830000,1769767199999999,19765101.93186300,123347,3713.43750000,10098902.45009200,0
1769767200000000,2721.93000000,2725.47000000,2711.37000000,2719.98000000,3394.27990000,1769768099999999,9226079.04192700,80435,1340.26030000,3643221.92136800,0
1769768100000000,2719.98000000,2730.49000000,2712.67000000,2727.17000000,3739.81610000,1769768999999999,10184718.05504600,78221,2229.62030000,6073589.36816200,0
1769769000000000,2727.17000000,2731.68000000,2724.13000000,2727.10000000,1606.32740000,1769769899999999,4381836.77471200,56098,848.68250000,2315280.56110700,0
1769769900000000,2727.11000000,2736.92000000,2726.62000000,2736.19000000,3725.98270000,1769770799999999,10182756.78523300,62332,2216.43020000,6058216.79530200,0
1769770800000000,2736.19000000,2739.52000000,2734.57000000,2737.42000000,1657.53630000,1769771699999999,4536540.17345100,37153,873.32350000,2390357.44624500,0
1769771700000000,2737.41000000,2741.60000000,2736.40000000,2738.73000000,2007.59550000,1769772599999999,5499860.16076600,37419,1307.74830000,3582791.23708700,0
1769772600000000,2738.74000000,2746.33000000,2736.84000000,2740.21000000,2527.58690000,1769773499999999,6928082.81849000,43413,1453.66820000,3985318.94187700,0
1769773500000000,2740.20000000,2768.78000000,2735.42000000,2759.88000000,8781.82220000,1769774399999999,24209892.58103000,112098,5653.52480000,15583644.82119900,0
1769774400000000,2759.87000000,2766.53000000,2751.39000000,2751.75000000,5461.86060000,1769775299999999,15076460.51909800,71919,2276.83720000,6283386.59013100,0
1769775300000000,2751.75000000,2755.96000000,2738.19000000,2743.91000000,3987.88730000,1769776199999999,10953763.45305500,69163,1973.70390000,5422394.95256800,0
1769776200000000,2743.92000000,2748.14000000,2741.51000000,2741.99000000,1974.94940000,1769777099999999,5422389.01101100,44024,1098.86760000,3017316.08368000,0
1769777100000000,2741.99000000,2746.77000000,2738.07000000,2740.49000000,2627.12270000,1769777999999999,7203009.22180500,52538,1077.87590000,2955423.05884600,0
1769778000000000,2740.49000000,2743.46000000,2728.25000000,2738.49000000,3999.63440000,1769778899999999,10943963.47435800,77734,1805.30750000,4940653.57806400,0
1769778900000000,2738.49000000,2740.95000000,2731.02000000,2736.31000000,2587.57400000,1769779799999999,7079126.46371800,46387,1201.89260000,3288369.03477300,0
1769779800000000,2736.29000000,2751.24000000,2719.54000000,2738.07000000,12557.30330000,1769780699999999,34319703.49163000,152177,6436.80160000,17594510.04892400,0
1769780700000000,2738.07000000,2738.07000000,2723.88000000,2730.00000000,3184.08720000,1769781599999999,8690625.97479400,66231,1282.55850000,3500076.11476300,0
1769781600000000,2730.00000000,2742.72000000,2729.51000000,2736.96000000,4171.90750000,1769782499999999,11420445.65851400,84039,2427.72750000,6645808.96062800,0
1769782500000000,2736.96000000,2741.96000000,2731.82000000,2733.38000000,2950.69770000,1769783399999999,8077426.37155500,83443,1319.04160000,3611400.02083800,0
1769783400000000,2733.37000000,2763.04000000,2723.55000000,2759.50000000,18269.64590000,1769784299999999,50139757.55792300,292886,10027.46800000,27525788.27456000,0
1769784300000000,2759.42000000,2764.82000000,2729.86000000,2737.42000000,9729.85970000,1769785199999999,26702185.48137700,189829,4248.28560000,11663967.74475100,0
1769785200000000,2737.43000000,2752.84000000,2733.04000000,2738.04000000,9570.83630000,1769786099999999,26262997.23230300,161773,5315.15590000,14586356.07663700,0
1769786100000000,2738.03000000,2744.96000000,2708.64000000,2710.35000000,16137.60050000,1769786999999999,43940950.22248700,189935,7033.72240000,19154221.83112100,0
1769787000000000,2710.34000000,2744.73000000,2693.42000000,2738.34000000,20587.32550000,1769787899999999,56031175.39048800,257792,10144.11690000,27627021.22910700,0
1769787900000000,2738.34000000,2738.67000000,2727.13000000,2729.47000000,5441.11100000,1769788799999999,14865834.84311700,126401,2669.39470000,7293643.64696800,0
1769788800000000,2729.46000000,2738.01000000,2717.08000000,2736.52000000,5968.59910000,1769789699999999,16296582.61805000,136373,3223.88880000,8804028.81606600,0
1769789700000000,2736.51000000,2739.77000000,2706.22000000,2733.76000000,12105.60160000,1769790599999999,32976517.50035000,183870,6305.38240000,17180437.25303400,0
1769790600000000,2733.75000000,2744.55000000,2726.40000000,2737.75000000,6376.61620000,1769791499999999,17446844.77875100,151917,3790.33490000,10373250.55131300,0
1769791500000000,2737.75000000,2737.75000000,2722.43000000,2726.96000000,5588.11210000,1769792399999999,15253055.90731200,131933,2661.22670000,7262534.49639100,0
1769792400000000,2726.96000000,2728.19000000,2706.66000000,2712.65000000,10221.26470000,1769793299999999,27744799.20475600,173073,4353.38000000,11815817.28434600,0
1769793300000000,2712.64000000,2740.99000000,2709.71000000,2733.65000000,10953.17620000,1769794199999999,29894048.65769300,153843,5968.61710000,16287778.24489500,0
1769794200000000,2733.65000000,2733.86000000,2714.20000000,2721.38000000,6922.61760000,1769795099999999,18850459.12270200,121641,3851.56720000,10490003.20201200,0
1769795100000000,2721.38000000,2725.24000000,2711.62000000,2712.53000000,5163.08670000,1769795999999999,14037309.48692200,114522,3173.81670000,8629049.36549900,0
1769796000000000,2712.52000000,2721.73000000,2696.87000000,2701.81000000,8385.37920000,1769796899999999,22700792.95369000,136849,3733.75320000,10110742.81295000,0
1769796900000000,2701.81000000,2702.01000000,2636.01000000,2675.85000000,50691.83460000,1769797799999999,135052706.01180700,362652,22449.58340000,59814552.72248100,0
1769797800000000,2675.86000000,2715.00000000,2663.14000000,2714.54000000,18961.40710000,1769798699999999,50933304.19320200,240580,10888.99810000,29263955.81541200,0
1769798700000000,2714.53000000,2750.11000000,2706.01000000,2740.27000000,26113.03720000,1769799599999999,71259505.46827500,301625,14436.59500000,39404421.87605200,0
1769799600000000,2740.27000000,2756.69000000,2735.93000000,2741.60000000,13386.04940000,1769800499999999,36745187.78376400,201610,6925.08480000,19013106.33869200,0
1769800500000000,2741.59000000,2761.46000000,2740.31000000,2748.47000000,7542.86070000,1769801399999999,20763909.36565600,136510,4251.06460000,11699848.85132800,0
1769801400000000,2748.47000000,2758.14000000,2734.66000000,2741.42000000,9860.20610000,1769802299999999,27083138.39327800,190767,4197.47530000,11529783.41062900,0
1769802300000000,2741.42000000,2754.82000000,2738.11000000,2742.40000000,6762.57030000,1769803199999999,18571684.43327100,159417,3613.30060000,9922156.71220200,0
1769803200000000,2742.39000000,2742.87000000,2710.64000000,2719.61000000,13833.99720000,1769804099999999,37718146.06120800,177080,6659.27250000,18153471.20609300,0
1769804100000000,2719.60000000,2725.83000000,2675.71000000,2683.31000000,23495.71540000,1769804999999999,63353045.69036100,271420,11119.37540000,29982220.61270300,0
1769805000000000,2683.32000000,2698.25000000,2664.82000000,2685.36000000,17296.13600000,1769805899999999,46403884.02863000,242962,9261.51690000,24852551.40705200,0
1769805900000000,2685.36000000,2693.66000000,2674.41000000,2680.72000000,11854.27890000,1769806799999999,31821624.70046900,160274,6368.94340000,17097095.97331100,0
1769806800000000,2680.72000000,2701.21000000,2677.60000000,2697.59000000,6548.09570000,1769807699999999,17614741.08861800,88824,4122.67950000,11090761.87746800,0
1769807700000000,2697.59000000,2715.09000000,2696.72000000,2697.92000000,8072.86980000,1769808599999999,21852106.34024200,89294,4343.97000000,11759581.64038800,0
1769808600000000,2697.92000000,2704.08000000,2687.01000000,2695.41000000,5089.10350000,1769809499999999,13715701.00542300,73980,2549.94240000,6873574.82054100,0
1769809500000000,2695.41000000,2710.60000000,2695.41000000,2704.93000000,7514.84390000,1769810399999999,20314516.70112700,88719,4567.10100000,12344957.20032000,0
1769810400000000,2704.94000000,2707.80000000,2695.67000000,2695.77000000,3301.03360000,1769811299999999,8920738.44985600,75986,1602.21140000,4330555.12993800,0
1769811300000000,2695.78000000,2701.04000000,2693.21000000,2694.75000000,5254.36650000,1769812199999999,14177488.83582500,52889,2633.99650000,7107486.68231500,0
1769812200000000,2694.76000000,2706.09000000,2694.67000000,2702.72000000,2540.29100000,1769813099999999,6863310.55558800,45786,1294.40900000,3496790.79952000,0
1769813100000000,2702.73000000,2709.92000000,2700.86000000,2709.92000000,1034.65120000,1769813999999999,2799584.68561600,19345,658.08170000,1780903.73881400,0
1769814000000000,2709.91000000,2711.86000000,2698.00000000,2699.67000000,3012.98680000,1769814899999999,8145454.44368700,34690,1214.47330000,3284019.76242100,0
1769814900000000,2699.67000000,2707.19000000,2694.59000000,2697.24000000,1900.92690000,1769815799999999,5134665.15531400,22978,858.96480000,2320315.91401600,0
1769815800000000,2697.24000000,2708.29000000,2694.68000000,2707.73000000,1947.66370000,1769816699999999,5262989.30549000,30427,1156.79490000,3125893.07607500,0
1769816700000000,2707.73000000,2709.51000000,2705.65000000,2707.38000000,1614.60030000,1769817599999999,4371160.40998500,20693,1022.19680000,2767311.87651000,0
1769817600000000,2707.37000000,2709.32000000,2703.27000000,2708.86000000,1695.36360000,1769818499999999,4588059.37472700,37651,939.54660000,2542617.07078800,0
1769818500000000,2708.86000000,2710.69000000,2706.45000000,2710.18000000,1732.92790000,1769819399999999,4694407.42500200,30565,979.08700000,2652232.73346400,0
1769819400000000,2710.17000000,2714.64000000,2706.78000000,2713.93000000,2054.67790000,1769820299999999,5570742.74923000,26687,1309.57030000,3551314.27843300,0
1769820300000000,2713.92000000,2713.92000000,2705.30000000,2706.48000000,1527.57620000,1769821199999999,4137016.38393200,29772,781.81770000,2117058.24047000,0
1769821200000000,2706.47000000,2713.32000000,2705.57000000,2712.46000000,1167.78180000,1769822099999999,3164802.94936500,28277,673.39040000,1824830.88763400,0
1769822100000000,2712.46000000,2714.53000000,2710.00000000,2710.61000000,1222.01400000,1769822999999999,3313931.21313000,21701,684.24980000,1855568.74068800,0
1769823000000000,2710.62000000,2710.62000000,2701.00000000,2705.17000000,3448.10380000,1769823899999999,9326260.79629600,51568,1969.24440000,5326518.94191400,0
1769823900000000,2705.16000000,2705.19000000,2699.13000000,2700.00000000,2476.65160000,1769824799999999,6691622.30052700,26478,1579.85250000,4268846.04579700,0
1769824800000000,2700.00000000,2700.00000000,2691.24000000,2696.76000000,3803.95550000,1769825699999999,10252660.35973800,50437,2233.08710000,6018529.12354400,0
1769825700000000,2696.75000000,2696.95000000,2684.67000000,2691.88000000,3370.37570000,1769826599999999,9066700.53577800,60181,1760.87150000,4737151.72022000,0
1769826600000000,2691.87000000,2708.00000000,2690.35000000,2705.71000000,2649.36100000,1769827499999999,7150836.42774100,48289,2020.14960000,5452218.43046800,0
1769827500000000,2705.72000000,2708.64000000,2701.97000000,2702.05000000,1272.54560000,1769828399999999,3442441.38749800,23890,840.47670000,2273705.80469000,0
1769828400000000,2702.04000000,2704.91000000,2698.03000000,2703.32000000,1274.48940000,1769829299999999,3443930.28773300,29497,695.19240000,1878611.74640800,0
1769829300000000,2703.32000000,2706.47000000,2701.53000000,2702.70000000,1164.65590000,1769830199999999,3148813.96089500,27670,722.86510000,1954477.07632200,0
1769830200000000,2702.70000000,2703.33000000,2696.75000000,2698.98000000,1438.96310000,1769831099999999,3885343.67592700,25295,825.15530000,2227866.67063700,0
1769831100000000,2698.98000000,2698.98000000,2694.72000000,2695.86000000,1308.02950000,1769831999999999,3526777.11975800,18172,837.02430000,2256769.67396400,0
1769832000000000,2695.86000000,2701.49000000,2695.19000000,2701.35000000,1509.97900000,1769832899999999,4075364.74562800,25120,1061.94370000,2866212.87906800,0
1769832900000000,2701.36000000,2704.82000000,2697.30000000,2704.76000000,1718.51580000,1769833799999999,4642696.90337000,24894,1046.06630000,2826477.18656700,0
1769833800000000,2704.76000000,2704.76000000,2698.03000000,2698.09000000,1177.59770000,1769834699999999,3181398.38299900,19648,663.27940000,1792017.06857500,0
1769834700000000,2698.09000000,2698.45000000,2693.00000000,2695.66000000,1407.68430000,1769835599999999,3794643.60190900,16182,736.85690000,1986422.32677000,0
1769835600000000,2695.66000000,2697.12000000,2690.80000000,2697.12000000,1791.80950000,1769836499999999,4827144.32002300,26517,1259.06630000,3391905.46076100,0
1769836500000000,2697.12000000,2702.40000000,2692.21000000,2700.80000000,3367.39410000,1769837399999999,9081708.94128300,26822,2251.09280000,6071757.94794000,0
1769837400000000,2700.81000000,2703.47000000,2698.71000000,2698.72000000,1416.48230000,1769838299999999,3826148.87069000,19682,679.11090000,1834408.63070600,0
1769838300000000,2698.71000000,2700.46000000,2696.96000000,2698.05000000,1408.62420000,1769839199999999,3801188.79959400,20606,727.17800000,1962256.48736900,0
1769839200000000,2698.05000000,2701.00000000,2693.50000000,2697.86000000,1175.17240000,1769840099999999,3169878.36876300,21342,606.30140000,1635393.28338300,0
1769840100000000,2697.85000000,2699.08000000,2684.14000000,2687.50000000,5258.58990000,1769840999999999,14149113.25499500,36779,2078.03490000,5591021.99699300,0
1769841000000000,2687.50000000,2691.98000000,2685.75000000,2691.30000000,3224.12000000,1769841899999999,8670617.50946400,32246,2442.09430000,6567333.54919400,0
1769841900000000,2691.30000000,2693.86000000,2689.50000000,2692.90000000,1872.96090000,1769842799999999,5043014.20909900,22792,1193.48760000,3213266.38814100,0
1769842800000000,2692.91000000,2693.81000000,2690.20000000,2692.97000000,1297.03740000,1769843699999999,3491361.53601500,21683,644.87460000,1735787.02835100,0
1769843700000000,2692.97000000,2693.44000000,2688.92000000,2690.47000000,1802.80340000,1769844599999999,4852035.16749500,23124,1098.45680000,2956398.39306000,0
1769844600000000,2690.47000000,2690.74000000,2668.20000000,2675.04000000,6228.60570000,1769845499999999,16675213.89286700,60655,2589.15150000,6931364.57403300,0
1769845500000000,2675.05000000,2680.26000000,2675.01000000,2680.06000000,1819.91200000,1769846399999999,4873872.51980100,24121,1095.23210000,2933147.28376100,0
1769846400000000,2680.06000000,2683.49000000,2666.66000000,2672.66000000,3522.30320000,1769847299999999,9417006.47097600,56039,1391.27870000,3719811.64721400,0
1769847300000000,2672.66000000,2672.67000000,2654.02000000,2663.68000000,8595.84100000,1769848199999999,22888709.89279300,102363,3712.74080000,9888936.76261600,0
1769848200000000,2663.68000000,2663.95000000,2609.85000000,2631.88000000,43147.92660000,1769849099999999,113532815.18408100,262789,19200.38740000,50485043.78545000,0
1769849100000000,2631.94000000,2649.86000000,2625.55000000,2644.03000000,10698.09070000,1769849999999999,28218904.97834700,138182,6356.01920000,16765465.22637100,0
1769850000000000,2644.02000000,2651.14000000,2643.07000000,2645.62000000,3764.90260000,1769850899999999,9965818.44366200,65499,2223.61320000,5886912.20640600,0
1769850900000000,2645.61000000,2646.94000000,2633.71000000,2639.58000000,4587.99430000,1769851799999999,12110398.23334400,66347,1548.48860000,4087616.62902700,0
1769851800000000,2639.58000000,2659.80000000,2639.58000000,2650.68000000,6507.49010000,1769852699999999,17257324.02444400,74372,3234.52730000,8574493.43654400,0
1769852700000000,2650.67000000,2652.74000000,2645.87000000,2648.35000000,2495.54050000,1769853599999999,6610299.64008800,31925,1157.11310000,3064983.12267900,0
1769853600000000,2648.35000000,2651.29000000,2636.54000000,2643.63000000,3556.19550000,1769854499999999,9396098.74448400,47324,1429.94660000,3778819.96083300,0
1769854500000000,2643.64000000,2647.93000000,2640.63000000,2646.80000000,1991.84510000,1769855399999999,5267649.74316100,34289,1104.30800000,2920588.70074300,0
1769855400000000,2646.80000000,2655.60000000,2646.14000000,2655.05000000,2255.59120000,1769856299999999,5981271.37231600,34135,1427.65400000,3785407.26134200,0
1769856300000000,2655.05000000,2655.70000000,2651.03000000,2651.67000000,1185.80000000,1769857199999999,3146158.23706600,24669,565.56090000,1500491.60937600,0
1769857200000000,2651.66000000,2651.67000000,2641.85000000,2643.30000000,2682.11630000,1769858099999999,7096416.71961200,34860,720.04120000,1905199.75023400,0
1769858100000000,2643.30000000,2650.34000000,2643.24000000,2648.35000000,1146.31910000,1769858999999999,3035961.09987200,27594,665.66750000,1762901.04385300,0
1769859000000000,2648.35000000,2649.68000000,2639.80000000,2639.84000000,2220.31270000,1769859899999999,5871297.29417500,30142,719.63010000,1903283.16300400,0
1769859900000000,2639.85000000,2642.63000000,2634.69000000,2640.72000000,3593.32590000,1769860799999999,9483891.61961400,40585,1252.57280000,3305864.05687000,0
1769860800000000,2640.72000000,2644.43000000,2628.63000000,2631.48000000,2740.42460000,1769861699999999,7225304.43025500,55334,1304.18920000,3440060.57959600,0
1769861700000000,2631.48000000,2643.29000000,2630.42000000,2640.05000000,2760.77120000,1769862599999999,7282636.77500500,47167,1753.02740000,4625121.61851000,0
1769862600000000,2640.06000000,2643.20000000,2630.58000000,2641.52000000,5061.11930000,1769863499999999,13353231.98727400,67132,2656.41140000,7009185.83767000,0
1769863500000000,2641.53000000,2643.45000000,2630.01000000,2633.55000000,5279.27330000,1769864399999999,13912068.26672200,54972,2003.81640000,5281621.92367300,0
1769864400000000,2633.55000000,2636.81000000,2629.70000000,2632.41000000,3654.76730000,1769865299999999,9623704.76877200,56699,1541.77360000,4060060.69341400,0
1769865300000000,2632.42000000,2636.97000000,2626.94000000,2630.96000000,2867.87150000,1769866199999999,7548210.34073300,61397,1235.71640000,3252515.73338900,0
1769866200000000,2630.96000000,2632.36000000,2618.00000000,2627.19000000,6875.79250000,1769867099999999,18033502.96007200,111329,2917.56450000,7652053.20760900,0
1769867100000000,2627.19000000,2629.26000000,2622.41000000,2629.14000000,5949.13830000,1769867999999999,15619960.50360700,59435,2831.58740000,7434347.25437200,0
1769868000000000,2629.14000000,2636.16000000,2600.00000000,2610.78000000,15170.20540000,1769868899999999,39629835.79206500,129247,5586.08290000,14603667.83551100,0
1769868900000000,2610.78000000,2613.00000000,2513.58000000,2533.99000000,76623.17430000,1769869799999999,196682302.65308400,371157,32231.33920000,82717143.70615400,0
1769869800000000,2533.97000000,2542.46000000,2510.01000000,2522.42000000,41674.25360000,1769870699999999,105280502.32160700,331372,20543.94670000,51903060.44680900,0
1769870700000000,2522.42000000,2544.12000000,2513.33000000,2538.69000000,17731.24220000,1769871599999999,44874669.69971400,189686,9773.79800000,24736089.73307200,0
1769871600000000,2538.69000000,2554.89000000,2526.38000000,2546.50000000,15095.64720000,1769872499999999,38344425.33684800,161065,7812.09050000,19846682.26624900,0
1769872500000000,2546.50000000,2550.24000000,2537.20000000,2546.57000000,10228.42750000,1769873399999999,26010051.60526200,128694,5585.58580000,14201727.36641200,0
1769873400000000,2546.57000000,2549.79000000,2536.29000000,2543.55000000,7539.82000000,1769874299999999,19176374.07405600,95312,4389.77630000,11164820.77171200,0
1769874300000000,2543.55000000,2547.24000000,2527.27000000,2534.20000000,6957.72950000,1769875199999999,17661338.66941000,85526,3694.86560000,9380778.71015500,0
1769875200000000,2534.20000000,2535.64000000,2514.19000000,2522.53000000,12142.40470000,1769876099999999,30654655.49334500,132855,6193.18100000,15637934.06204700,0
1769876100000000,2522.52000000,2551.26000000,2505.00000000,2529.29000000,26184.52560000,1769876999999999,66278533.12803100,214582,13393.35460000,33907869.47225000,0
1769877000000000,2529.30000000,2532.83000000,2517.30000000,2521.61000000,9355.20050000,1769877899999999,23621685.78545400,102967,4662.95710000,11770795.52455800,0
1769877900000000,2521.62000000,2523.30000000,2468.06000000,2482.71000000,40894.29500000,1769878799999999,101957569.40462300,269494,15707.40590000,39157131.27977200,0
1769878800000000,2482.71000000,2495.43000000,2370.00000000,2408.98000000,88449.26570000,1769879699999999,215413669.69297600,392495,37951.61790000,92417985.72380400,0
1769879700000000,2408.98000000,2433.00000000,2407.28000000,2420.84000000,33702.32430000,1769880599999999,81585741.24069300,286992,15185.97780000,36770750.77138800,0
1769880600000000,2420.83000000,2431.32000000,2376.00000000,2410.92000000,38835.19550000,1769881499999999,93352668.65453300,315129,16971.94520000,40809522.04913100,0
1769881500000000,2410.92000000,2418.19000000,2394.14000000,2403.39000000,19529.71170000,1769882399999999,46974377.00771000,209164,7744.46680000,18626327.11656700,0
1769882400000000,2403.39000000,2417.42000000,2400.00000000,2402.86000000,13839.36000000,1769883299999999,33320584.73150200,168367,6775.80990000,16312268.56365800,0
1769883300000000,2402.87000000,2405.84000000,2376.35000000,2398.47000000,19883.22370000,1769884199999999,47588156.06490000,184563,9338.56910000,22358121.53905500,0
1769884200000000,2398.46000000,2406.88000000,2250.00000000,2352.96000000,108264.24950000,1769885099999999,251864158.26042100,364894,47784.97570000,111218532.47198000,0
1769885100000000,2352.18000000,2395.18000000,2327.40000000,2381.08000000,62403.98830000,1769885999999999,147789231.78069300,339133,31138.22850000,73749989.03306400,0
1769886000000000,2381.07000000,2426.90000000,2373.00000000,2416.25000000,36911.65160000,1769886899999999,88534331.08257900,262796,18922.32040000,45382640.34517200,0
1769886900000000,2416.25000000,2433.66000000,2403.26000000,2410.74000000,20744.18700000,1769887799999999,50163246.10388600,172228,10126.10530000,24492421.97313900,0
1769887800000000,2410.73000000,2414.37000000,2372.37000000,2388.59000000,19039.61550000,1769888699999999,45441114.18184500,173816,8122.56000000,19384813.24641800,0
1769888700000000,2388.59000000,2401.78000000,2382.76000000,2382.82000000,12433.18220000,1769889599999999,29736489.39842400,135117,6024.82200000,14413526.38405200,0
1769889600000000,2382.83000000,2390.00000000,2365.49000000,2366.96000000,9685.39270000,1769890499999999,23041250.92225600,106071,4196.02350000,9984000.62157500,0
1769890500000000,2366.96000000,2407.24000000,2366.31000000,2368.45000000,14129.78050000,1769891399999999,33708236.42949100,121142,6774.27930000,16161422.82462300,0
1769891400000000,2368.45000000,2378.31000000,2355.24000000,2376.73000000,11081.52310000,1769892299999999,26211578.43549900,125923,5068.04830000,11988918.82884100,0
1769892300000000,2376.72000000,2387.04000000,2364.79000000,2382.61000000,8100.85190000,1769893199999999,19245422.75844000,101786,4295.32430000,10207485.68669100,0
1769893200000000,2382.60000000,2395.60000000,2373.21000000,2387.90000000,10621.78730000,1769894099999999,25330930.71480700,154238,5415.16710000,12916894.41310500,0
1769894100000000,2387.89000000,2413.64000000,2381.77000000,2408.19000000,13599.63440000,1769894999999999,32604710.86193200,147343,7132.00300000,17099251.65786000,0
1769895000000000,2408.19000000,2421.60000000,2396.29000000,2409.62000000,11168.29010000,1769895899999999,26924614.81179100,130824,5560.10500000,13412342.13792500,0
1769895900000000,2409.61000000,2423.92000000,2405.64000000,2419.60000000,7490.07530000,1769896799999999,18092066.46880400,115609,3827.38580000,9245935.64485700,0
1769896800000000,2419.60000000,2424.98000000,2409.99000000,2413.58000000,5541.31410000,1769897699999999,13397047.15725600,71829,2477.23950000,5990309.05052700,0
1769897700000000,2413.57000000,2419.52000000,2406.34000000,2419.52000000,3064.67050000,1769898599999999,7394213.20039200,45805,1163.58850000,2808360.49224800,0
1769898600000000,2419.52000000,2421.90000000,2412.00000000,2413.41000000,4913.94350000,1769899499999999,11875914.47513400,48198,1882.09660000,4550004.35214900,0
1769899500000000,2413.41000000,2424.00000000,2410.96000000,2419.59000000,2448.56760000,1769900399999999,5916039.04213400,35700,1164.33170000,2813889.20116800,0
1769900400000000,2419.58000000,2431.90000000,2416.94000000,2421.68000000,6585.53400000,1769901299999999,15966253.59274200,59271,3064.45910000,7431186.05396900,0
1769901300000000,2421.68000000,2473.77000000,2419.00000000,2454.55000000,28123.96340000,1769902199999999,68986306.37364600,141571,13549.06120000,33222733.82455200,0
1769902200000000,2454.55000000,2462.36000000,2444.30000000,2447.26000000,8354.14430000,1769903099999999,20486035.50275100,77077,3083.44140000,7563141.40855200,0
1769903100000000,2447.27000000,2454.00000000,2434.45000000,2451.95000000,9329.84610000,1769903999999999,22798898.70882900,63337,4138.42510000,10113930.48099000,0
