1775001600000000,2105.43000000,2106.88000000,2100.57000000,2102.25000000,2720.42590000,1775002499999999,5724026.21357700,40177,1463.23860000,3079445.36782300,0
1775002500000000,2102.26000000,2107.85000000,2097.32000000,2101.25000000,2411.20150000,1775003399999999,5068221.84926400,36043,1033.03730000,2171727.52149700,0
1775003400000000,2101.26000000,2103.52000000,2096.89000000,2103.51000000,1566.03410000,1775004299999999,3288333.11439300,27814,614.06430000,1289503.63622000,0
1775004300000000,2103.51000000,2117.79000000,2100.57000000,2114.72000000,4622.81090000,1775005199999999,9760327.85212500,60205,3144.57390000,6638632.59910500,0
1775005200000000,2114.73000000,2115.83000000,2104.74000000,2107.41000000,2330.62540000,1775006099999999,4916585.72493600,44101,904.75860000,1908221.09122300,0
1775006100000000,2107.42000000,2107.42000000,2099.85000000,2099.87000000,2465.59600000,1775006999999999,5183859.79660700,27246,1111.67780000,2337227.53451800,0
1775007000000000,2099.88000000,2102.48000000,2091.40000000,2096.72000000,4150.02200000,1775007899999999,8698957.86634500,45442,1787.52140000,3747415.77930100,0
1775007900000000,2096.73000000,2097.25000000,2092.18000000,2092.95000000,1620.00980000,1775008799999999,3393436.77165600,27626,640.11350000,1340776.46969600,0
1775008800000000,2092.94000000,2096.38000000,2088.70000000,2092.56000000,1870.73340000,1775009699999999,3915725.93249100,30544,821.81810000,1720450.32501600,0
1775009700000000,2092.55000000,2096.00000000,2082.08000000,2085.52000000,3275.51540000,1775010599999999,6839017.78268500,40258,1405.95310000,2935943.95619900,0
1775010600000000,2085.53000000,2090.80000000,2082.80000000,2088.17000000,1829.59150000,1775011499999999,3818195.57719200,33307,807.87870000,1686004.00634100,0
1775011500000000,2088.17000000,2091.47000000,2086.35000000,2088.45000000,1526.83760000,1775012399999999,3189766.49074400,26252,723.91850000,1512115.22593600,0
1775012400000000,2088.46000000,2106.88000000,2088.46000000,2101.24000000,3568.63150000,1775013299999999,7490159.56479700,49281,2621.31780000,5500887.91243600,0
1775013300000000,2101.24000000,2102.64000000,2096.86000000,2098.46000000,1493.65570000,1775014199999999,3135758.54736700,25359,455.10870000,955458.80895700,0
1775014200000000,2098.47000000,2101.53000000,2095.63000000,2100.72000000,889.73830000,1775015099999999,1866604.25338300,20546,394.19350000,827034.96293100,0
1775015100000000,2100.72000000,2106.88000000,2100.72000000,2102.91000000,1634.56930000,1775015999999999,3438926.17034900,25992,1092.29540000,2297849.01719600,0
1775016000000000,2102.91000000,2105.13000000,2100.35000000,2101.83000000,1675.72010000,1775016899999999,3522979.68419700,24145,522.31390000,1098162.08742100,0
1775016900000000,2101.82000000,2110.65000000,2100.72000000,2110.29000000,2495.19580000,1775017799999999,5258027.22596100,32431,1426.74070000,3006332.66625000,0
1775017800000000,2110.28000000,2111.93000000,2107.94000000,2109.95000000,1469.61570000,1775018699999999,3101065.03588300,26085,879.46710000,1855772.10148100,0
1775018700000000,2109.95000000,2116.46000000,2109.06000000,2111.26000000,2069.23790000,1775019599999999,4371101.07482700,27799,1213.07500000,2562772.64403700,0
1775019600000000,2111.26000000,2115.29000000,2106.42000000,2113.65000000,1813.95710000,1775020499999999,3825733.04351900,25192,800.80120000,1689288.82958800,0
1775020500000000,2113.64000000,2137.35000000,2112.52000000,2127.49000000,12445.02370000,1775021399999999,26469217.49030000,92982,7487.78520000,15924370.26097900,0
1775021400000000,2127.50000000,2131.46000000,2123.50000000,2125.64000000,3438.30840000,1775022299999999,7312747.18696400,43682,1582.26190000,3365745.94336200,0
1775022300000000,2125.64000000,2128.25000000,2122.51000000,2122.67000000,2377.93380000,1775023199999999,5053314.60111000,28536,1086.47670000,2309071.34792400,0
1775023200000000,2122.67000000,2144.00000000,2122.57000000,2138.22000000,8990.62170000,1775024099999999,19195206.86753100,75106,5949.49420000,12699405.41963900,0
1775024100000000,2138.21000000,2144.93000000,2135.10000000,2143.87000000,6282.97870000,1775024999999999,13448020.59190800,68837,3640.71080000,7792437.15862000,0
1775025000000000,2143.87000000,2155.19000000,2141.60000000,2154.92000000,10388.35960000,1775025899999999,22316527.75305200,78577,6691.15900000,14374915.68041400,0
1775025900000000,2154.91000000,2156.23000000,2146.84000000,2151.23000000,4986.70700000,1775026799999999,10726612.57064100,48183,2033.52430000,4375045.41184300,0
1775026800000000,2151.24000000,2158.00000000,2146.91000000,2149.66000000,6360.18690000,1775027699999999,13687615.13523400,59766,2177.35620000,4688255.28298400,0
1775027700000000,2149.65000000,2149.88000000,2137.71000000,2139.34000000,5397.69230000,1775028599999999,11563406.23918900,45743,1532.53550000,3282854.79006600,0
1775028600000000,2139.34000000,2141.87000000,2137.50000000,2139.50000000,3014.27000000,1775029499999999,6448171.78851600,34685,1164.37870000,2490687.48007500,0
1775029500000000,2139.50000000,2140.25000000,2130.20000000,2131.00000000,4973.21310000,1775030399999999,10613204.39369600,27567,1581.32250000,3374308.59099400,0
1775030400000000,2131.00000000,2136.18000000,2125.00000000,2126.48000000,5869.94420000,1775031299999999,12501100.95382700,37752,2017.63870000,4296643.30034100,0
1775031300000000,2126.47000000,2137.33000000,2125.88000000,2136.30000000,3330.06690000,1775032199999999,7099144.62728300,36281,2262.58170000,4823068.51590100,0
1775032200000000,2136.30000000,2142.74000000,2135.00000000,2139.87000000,3916.60070000,1775033099999999,8377178.81661800,37182,2166.61160000,4634446.59406200,0
1775033100000000,2139.87000000,2142.93000000,2132.39000000,2136.96000000,5269.15650000,1775033999999999,11266710.88429500,46200,1846.51710000,3947900.66564000,0
1775034000000000,2136.95000000,2140.46000000,2131.50000000,2133.50000000,2576.64410000,1775034899999999,5501477.94119500,33686,1303.31940000,2782912.07274000,0
1775034900000000,2133.51000000,2135.26000000,2128.12000000,2133.71000000,2680.62790000,1775035799999999,5713472.60343900,36987,1161.88490000,2476863.69624400,0
1775035800000000,2133.70000000,2136.60000000,2128.47000000,2130.39000000,5707.26100000,1775036699999999,12173478.91600200,35466,1578.63250000,3367039.69527200,0
1775036700000000,2130.41000000,2138.34000000,2130.41000000,2136.39000000,2693.18620000,1775037599999999,5752358.07342600,33235,1191.07620000,2543860.51307400,0
1775037600000000,2136.40000000,2137.93000000,2131.08000000,2131.08000000,1623.36620000,1775038499999999,3463240.22936400,25297,611.59930000,1304765.62776100,0
1775038500000000,2131.08000000,2134.99000000,2130.26000000,2130.83000000,2246.32110000,1775039399999999,4789603.97748700,29663,999.26830000,2130444.46919000,0
1775039400000000,2130.84000000,2132.88000000,2126.28000000,2131.10000000,2064.96000000,1775040299999999,4398561.27309400,25196,747.56040000,1592376.34332200,0
1775040300000000,2131.10000000,2136.26000000,2128.19000000,2132.65000000,1775.37090000,1775041199999999,3786533.75439400,26432,946.36880000,2018757.82669100,0
1775041200000000,2132.64000000,2139.37000000,2130.71000000,2137.29000000,1757.01060000,1775042099999999,3750952.32334300,24656,912.46540000,1948414.21820100,0
1775042100000000,2137.29000000,2137.55000000,2131.96000000,2134.03000000,1857.33040000,1775042999999999,3966036.24538100,26627,932.02890000,1990116.93248700,0
1775043000000000,2134.03000000,2136.95000000,2132.26000000,2136.01000000,1489.29920000,1775043899999999,3179551.38857600,24836,727.92260000,1553990.83595100,0
1775043900000000,2136.00000000,2136.95000000,2133.81000000,2135.32000000,1377.10650000,1775044799999999,2940790.46674600,19658,879.16550000,1877425.16113300,0
1775044800000000,2135.32000000,2136.58000000,2129.22000000,2134.23000000,3712.09940000,1775045699999999,7921483.01636600,36199,2403.04000000,5128566.81834500,0
1775045700000000,2134.23000000,2136.61000000,2131.47000000,2132.85000000,1121.66290000,1775046599999999,2393598.37916200,21187,569.25220000,1214741.88396300,0
1775046600000000,2132.85000000,2152.00000000,2121.95000000,2142.15000000,7543.59860000,1775047499999999,16089555.06798000,65278,4201.66720000,8967042.35533600,0
1775047500000000,2142.15000000,2142.94000000,2127.55000000,2130.82000000,9040.10040000,1775048399999999,19301559.79070600,96461,3619.30580000,7729239.03426400,0
1775048400000000,2130.82000000,2131.61000000,2113.56000000,2127.57000000,9885.44290000,1775049299999999,20965735.60835700,83231,4445.65550000,9426750.88464900,0
1775049300000000,2127.58000000,2134.49000000,2127.50000000,2133.07000000,3256.15490000,1775050199999999,6938673.46786900,44600,2172.71240000,4629439.10162200,0
1775050200000000,2133.08000000,2135.31000000,2108.72000000,2116.33000000,8569.54490000,1775051099999999,18175340.77648800,132339,4038.31180000,8561743.63154100,0
1775051100000000,2116.33000000,2124.35000000,2111.50000000,2119.28000000,7046.18720000,1775051999999999,14914775.90284600,112915,4098.03690000,8672820.96108000,0
1775052000000000,2119.27000000,2123.72000000,2114.05000000,2121.58000000,5529.58160000,1775052899999999,11715449.61678900,88045,2798.42870000,5928706.26563700,0
1775052900000000,2121.59000000,2128.17000000,2120.58000000,2125.43000000,3778.10840000,1775053799999999,8023169.69707300,78327,1846.48740000,3921336.79296000,0
1775053800000000,2125.44000000,2129.92000000,2115.37000000,2121.38000000,4890.07100000,1775054699999999,10373772.83373300,87113,2242.77470000,4758345.05334400,0
1775054700000000,2121.39000000,2130.60000000,2119.15000000,2126.81000000,2464.89720000,1775055599999999,5240432.66118600,47355,1164.72870000,2476341.03414100,0
1775055600000000,2126.82000000,2131.33000000,2123.48000000,2124.79000000,2190.29020000,1775056499999999,4659336.99747800,47067,947.07580000,2014879.80439200,0
1775056500000000,2124.80000000,2137.72000000,2122.20000000,2131.50000000,3780.94360000,1775057399999999,8056090.01431500,53789,2010.49330000,4284791.52997000,0
1775057400000000,2131.50000000,2135.00000000,2129.26000000,2131.93000000,2540.95340000,1775058299999999,5416339.16537300,41903,1125.07280000,2398431.00926100,0
1775058300000000,2131.93000000,2137.58000000,2131.93000000,2135.04000000,1911.37640000,1775059199999999,4080498.38804500,36781,948.97380000,2025970.75944900,0
1775059200000000,2135.04000000,2135.66000000,2125.00000000,2127.13000000,3552.29790000,1775060099999999,7564537.56052700,42077,1168.75810000,2488861.25285600,0
1775060100000000,2127.12000000,2139.90000000,2126.00000000,2136.05000000,2864.73790000,1775060999999999,6108475.94216300,41105,1698.34360000,3621872.81952400,0
1775061000000000,2136.05000000,2152.51000000,2132.92000000,2150.12000000,8900.03030000,1775061899999999,19082549.32188300,83232,5742.42770000,12311341.05442100,0
1775061900000000,2150.11000000,2150.46000000,2144.40000000,2146.09000000,4335.06690000,1775062799999999,9307106.52138500,42990,2620.63180000,5626188.98843200,0
1775062800000000,2146.10000000,2167.85000000,2145.86000000,2152.55000000,14300.47460000,1775063699999999,30869776.15756400,107628,7936.85920000,17127683.66647700,0
1775063700000000,2152.56000000,2156.87000000,2140.24000000,2141.76000000,6891.47570000,1775064599999999,14795319.99897100,64694,2568.97220000,5519853.02950500,0
1775064600000000,2141.77000000,2145.22000000,2134.09000000,2140.39000000,4489.07280000,1775065499999999,9606678.68080900,56089,1617.00670000,3461042.14590800,0
1775065500000000,2140.40000000,2140.83000000,2133.96000000,2137.21000000,2933.92670000,1775066399999999,6270106.09231100,43029,1460.18190000,3120787.75126300,0
1775066400000000,2137.21000000,2137.87000000,2123.58000000,2131.29000000,6542.23750000,1775067299999999,13938510.26816500,72791,3433.16880000,7315574.83305700,0
1775067300000000,2131.29000000,2133.08000000,2125.43000000,2127.56000000,3240.74790000,1775068199999999,6897948.87947700,55917,1633.34000000,3476711.66892300,0
1775068200000000,2127.55000000,2135.03000000,2125.62000000,2132.31000000,2804.21720000,1775069099999999,5973151.17370900,45741,1871.42160000,3986762.64895900,0
1775069100000000,2132.31000000,2132.84000000,2125.85000000,2129.23000000,2317.19870000,1775069999999999,4933668.19887900,32884,1557.55440000,3316291.10784600,0
1775070000000000,2129.23000000,2134.39000000,2128.81000000,2130.85000000,1850.82080000,1775070899999999,3945003.15789500,28782,1074.22670000,2289466.59855100,0
1775070900000000,2130.85000000,2142.15000000,2128.00000000,2142.08000000,2585.38010000,1775071799999999,5519021.76034800,29148,1665.89990000,3558042.45765700,0
1775071800000000,2142.04000000,2142.96000000,2135.00000000,2138.89000000,2843.18300000,1775072699999999,6081354.61117500,35091,1651.33290000,3532720.32313300,0
1775072700000000,2138.89000000,2145.48000000,2138.68000000,2141.43000000,4188.19860000,1775073599999999,8975428.26329900,43223,2792.88190000,5985608.51765900,0
1775073600000000,2141.43000000,2143.44000000,2130.70000000,2136.73000000,2812.22780000,1775074499999999,6007209.27329700,31342,926.27090000,1978760.36593900,0
1775074500000000,2136.74000000,2139.84000000,2133.72000000,2133.89000000,1089.34290000,1775075399999999,2327861.63835800,22340,409.83140000,875605.65027100,0
1775075400000000,2133.90000000,2141.74000000,2131.42000000,2141.27000000,2814.59910000,1775076299999999,6013965.51347500,22953,1990.51890000,4253708.81219600,0
1775076300000000,2141.28000000,2147.67000000,2140.97000000,2143.92000000,1872.20070000,1775077199999999,4015333.98667800,22172,1038.17690000,2226731.19094100,0
1775077200000000,2143.92000000,2155.57000000,2143.32000000,2151.61000000,6363.00940000,1775078099999999,13695327.66774400,42089,4406.52990000,9485354.45545300,0
1775078100000000,2151.61000000,2160.51000000,2149.97000000,2155.80000000,3944.55030000,1775078999999999,8504348.09854700,37556,2286.27230000,4930143.36317500,0
1775079000000000,2155.80000000,2159.10000000,2155.58000000,2156.41000000,7907.28310000,1775079899999999,17056414.71991000,28724,3181.71180000,6863267.54422800,0
1775079900000000,2156.41000000,2165.42000000,2151.95000000,2156.89000000,15301.04220000,1775080799999999,32993160.15384500,48163,10759.50760000,23203660.09484600,0
1775080800000000,2156.89000000,2158.80000000,2147.50000000,2151.09000000,11518.88120000,1775081699999999,24800098.12647100,56932,5724.02100000,12323938.10545400,0
1775081700000000,2151.09000000,2151.10000000,2143.00000000,2147.51000000,10171.91130000,1775082599999999,21844353.57670900,44294,2830.02530000,6074617.85389700,0
1775082600000000,2147.51000000,2149.25000000,2143.26000000,2145.53000000,6794.48990000,1775083499999999,14581407.56128400,36011,3647.59500000,7828198.74695900,0
1775083500000000,2145.53000000,2146.67000000,2137.40000000,2139.95000000,7850.73480000,1775084399999999,16828118.83724100,31062,5161.84300000,11067948.21060300,0
1775084400000000,2139.96000000,2146.00000000,2139.08000000,2142.10000000,1940.96390000,1775085299999999,4158987.88746500,24128,894.00320000,1915784.09353600,0
1775085300000000,2142.09000000,2143.11000000,2138.83000000,2140.54000000,1448.29490000,1775086199999999,3101059.85047100,18977,827.61440000,1772242.46991800,0
1775086200000000,2140.53000000,2144.23000000,2135.50000000,2142.20000000,1879.95170000,1775087099999999,4024691.31571200,26777,940.14580000,2013293.77999200,0
1775087100000000,2142.20000000,2142.65000000,2137.39000000,2140.35000000,1228.54260000,1775087999999999,2629427.03432900,22339,496.50620000,1062485.81294400,0
1775088000000000,2140.35000000,2141.81000000,2136.09000000,2140.17000000,2505.89240000,1775088899999999,5360141.77147100,43452,1033.90710000,2211445.34963300,0
1775088900000000,2140.17000000,2143.15000000,2137.00000000,2138.32000000,1647.67700000,1775089799999999,3526084.82867900,34306,728.61700000,1559375.03908600,0
1775089800000000,2138.32000000,2157.21000000,2137.64000000,2153.93000000,4741.95330000,1775090699999999,10186901.65780000,52564,2891.04910000,6212178.37560900,0
1775090700000000,2153.92000000,2159.37000000,2150.00000000,2156.14000000,3346.84230000,1775091599999999,7210812.76627400,46337,1374.94340000,2963315.21068800,0
1775091600000000,2156.14000000,2156.15000000,2121.16000000,2140.74000000,18244.96200000,1775092499999999,38997667.88378400,217825,8653.80700000,18493826.70992600,0
1775092500000000,2140.73000000,2140.74000000,2105.88000000,2112.43000000,16398.31360000,1775093399999999,34739015.15585200,230964,6840.46200000,14486921.71188900,0
1775093400000000,2112.40000000,2112.40000000,2092.05000000,2092.18000000,9625.77740000,1775094299999999,20214514.35134300,162377,4051.69890000,8508611.17166000,0
1775094300000000,2092.19000000,2102.46000000,2090.00000000,2100.03000000,5837.90030000,1775095199999999,12243473.93160600,84155,2737.58740000,5742947.59063900,0
1775095200000000,2100.02000000,2100.02000000,2078.55000000,2079.06000000,8261.75220000,1775096099999999,17257414.37318100,100958,2816.62010000,5885676.58996500,0
1775096100000000,2079.06000000,2087.72000000,2078.32000000,2082.65000000,5329.05550000,1775096999999999,11101977.41398700,67448,3023.17150000,6297921.80045300,0
1775097000000000,2082.66000000,2088.89000000,2065.09000000,2066.34000000,8339.69800000,1775097899999999,17314030.85745800,79211,4005.40180000,8320583.94555600,0
1775097900000000,2066.34000000,2076.16000000,2065.00000000,2073.89000000,3401.32330000,1775098799999999,7047467.96555300,47444,2280.40950000,4725379.61470100,0
1775098800000000,2073.90000000,2076.67000000,2067.45000000,2069.66000000,2803.88450000,1775099699999999,5810496.69943700,39867,1340.00020000,2777171.09760800,0
1775099700000000,2069.66000000,2076.03000000,2064.92000000,2074.19000000,3097.16280000,1775100599999999,6413940.90966100,38383,1752.08160000,3628985.28976900,0
1775100600000000,2074.19000000,2075.36000000,2046.48000000,2054.47000000,12379.91030000,1775101499999999,25464537.72688700,72009,4195.17670000,8625332.67259700,0
1775101500000000,2054.47000000,2057.94000000,2052.18000000,2056.33000000,2822.41440000,1775102399999999,5801328.10406300,41382,1367.08460000,2809763.18264200,0
1775102400000000,2056.33000000,2058.45000000,2052.64000000,2053.83000000,2450.11290000,1775103299999999,5037075.32078200,39634,957.87420000,1969428.99028600,0
1775103300000000,2053.83000000,2057.59000000,2047.67000000,2051.21000000,3418.47320000,1775104199999999,7014028.74465900,46394,1500.13440000,3079090.11970500,0
1775104200000000,2051.21000000,2053.29000000,2042.50000000,2045.26000000,4879.62460000,1775105099999999,9982519.13457500,44223,1245.29590000,2548142.49667500,0
1775105100000000,2045.25000000,2047.51000000,2041.77000000,2044.56000000,2017.01020000,1775105999999999,4124052.46341800,29469,873.87250000,1786751.04269200,0
1775106000000000,2044.57000000,2049.20000000,2038.63000000,2043.17000000,3982.41380000,1775106899999999,8138301.13563800,40985,1504.78540000,3076175.01577800,0
1775106900000000,2043.18000000,2049.19000000,2043.00000000,2046.71000000,2854.91080000,1775107799999999,5841354.30009100,35327,1440.08800000,2946732.67954700,0
1775107800000000,2046.71000000,2050.01000000,2043.77000000,2049.37000000,2589.22270000,1775108699999999,5300100.20707900,38322,1419.11160000,2905238.80730300,0
1775108700000000,2049.37000000,2051.38000000,2046.30000000,2050.21000000,1995.34890000,1775109599999999,4087545.90503500,21951,1121.99200000,2298461.93928400,0
1775109600000000,2050.21000000,2051.32000000,2045.89000000,2046.67000000,2352.26830000,1775110499999999,4818474.50900400,26408,674.44130000,1381552.95549600,0
1775110500000000,2046.67000000,2053.71000000,2045.98000000,2050.48000000,5165.00610000,1775111399999999,10588633.98919000,41469,2126.95410000,4360670.10564800,0
1775111400000000,2050.47000000,2051.16000000,2045.56000000,2045.67000000,2554.87690000,1775112299999999,5232473.17785900,34315,876.48630000,1794987.63993900,0
1775112300000000,2045.68000000,2050.51000000,2045.67000000,2050.09000000,1296.81070000,1775113199999999,2656992.78836800,19801,631.56430000,1294003.55438300,0
1775113200000000,2050.09000000,2050.76000000,2044.29000000,2045.48000000,1752.84990000,1775114099999999,3589032.97795200,27940,749.67900000,1535043.99646600,0
1775114100000000,2045.48000000,2050.50000000,2045.47000000,2047.04000000,1387.36930000,1775114999999999,2840992.86440100,25918,729.69350000,1494206.30144100,0
1775115000000000,2047.04000000,2054.10000000,2046.92000000,2053.89000000,3165.42910000,1775115899999999,6494195.55956600,34751,2045.59090000,4196595.77309100,0
1775115900000000,2053.89000000,2056.76000000,2053.89000000,2056.09000000,4012.41840000,1775116799999999,8247429.44253300,25025,2015.28230000,4142559.26439900,0
1775116800000000,2056.09000000,2056.09000000,2050.10000000,2051.69000000,2488.96680000,1775117699999999,5107217.33858500,24857,1321.30580000,2710951.03907100,0
1775117700000000,2051.69000000,2052.43000000,2047.35000000,2050.33000000,2138.93540000,1775118599999999,4383682.10745100,21841,1224.01250000,2508502.54609200,0
1775118600000000,2050.34000000,2053.25000000,2046.17000000,2046.47000000,1351.52550000,1775119499999999,2769356.79317900,25143,495.51680000,1015535.21024500,0
1775119500000000,2046.47000000,2048.11000000,2045.36000000,2046.29000000,1608.29360000,1775120399999999,3292274.15494800,15905,625.21980000,1279833.41687900,0
1775120400000000,2046.30000000,2047.53000000,2039.27000000,2043.69000000,4129.89140000,1775121299999999,8441132.56076700,35938,2059.73060000,4211872.71911100,0
1775121300000000,2043.70000000,2048.14000000,2042.04000000,2046.63000000,2479.94250000,1775122199999999,5071870.31046100,34205,1401.40900000,2866267.37756200,0
1775122200000000,2046.63000000,2047.60000000,2043.16000000,2044.80000000,1991.53190000,1775123099999999,4074871.59388800,23444,1181.14370000,2416748.83704200,0
1775123100000000,2044.80000000,2044.98000000,2042.46000000,2044.00000000,737.65330000,1775123999999999,1507488.36153200,17523,307.33720000,628071.91995300,0
1775124000000000,2044.00000000,2045.05000000,2032.85000000,2034.58000000,4411.15120000,1775124899999999,8987967.01761400,39796,1545.66540000,3150530.60768400,0
1775124900000000,2034.59000000,2037.21000000,2032.54000000,2036.01000000,2002.37140000,1775125799999999,4075227.68062700,24923,938.89750000,1911051.30281500,0
1775125800000000,2036.01000000,2040.50000000,2035.23000000,2039.90000000,1811.12460000,1775126699999999,3691671.42305400,27100,993.49700000,2024945.94339500,0
1775126700000000,2039.89000000,2040.07000000,2037.65000000,2038.79000000,1212.62460000,1775127599999999,2472182.09026600,16933,418.53110000,853170.66408100,0
1775127600000000,2038.80000000,2040.28000000,2031.44000000,2032.18000000,1935.34630000,1775128499999999,3939737.42793700,29545,977.70270000,1990759.99685700,0
1775128500000000,2032.18000000,2038.00000000,2024.73000000,2037.60000000,4199.74800000,1775129399999999,8534040.23657100,43682,1974.56950000,4014327.69409700,0
1775129400000000,2037.59000000,2038.90000000,2032.20000000,2034.45000000,1147.59050000,1775130299999999,2335710.31249700,24491,467.21850000,950955.89877400,0
1775130300000000,2034.46000000,2036.04000000,2032.26000000,2033.01000000,1130.27470000,1775131199999999,2299001.44027400,19007,472.66890000,961437.46981100,0
1775131200000000,2033.02000000,2033.25000000,2026.54000000,2029.53000000,2500.47660000,1775132099999999,5075864.07011400,45822,1068.87860000,2170022.66652000,0
1775132100000000,2029.54000000,2034.03000000,2024.42000000,2031.12000000,4971.09990000,1775132999999999,10090531.69572700,50751,2784.01050000,5652473.49613700,0
1775133000000000,2031.12000000,2032.06000000,2028.00000000,2031.02000000,1946.55090000,1775133899999999,3951881.18077300,34744,1010.19900000,2050882.21606500,0
1775133900000000,2031.02000000,2032.74000000,2026.11000000,2026.98000000,1869.69350000,1775134799999999,3793477.05553400,28883,734.53950000,1490482.26231300,0
1775134800000000,2026.98000000,2030.50000000,2020.01000000,2022.26000000,3649.51540000,1775135699999999,7387206.55584900,57647,1661.24350000,3362801.74773900,0
1775135700000000,2022.26000000,2033.81000000,2020.46000000,2030.64000000,3525.29820000,1775136599999999,7140700.40927200,51804,2150.03340000,4355906.41865700,0
1775136600000000,2030.64000000,2033.63000000,2017.04000000,2020.33000000,6988.11770000,1775137499999999,14131512.42390000,125935,2967.56700000,6000459.00850600,0
1775137500000000,2020.32000000,2041.02000000,2018.87000000,2038.81000000,7688.12880000,1775138399999999,15612312.71831400,107034,4945.21760000,10045144.60173500,0
1775138400000000,2038.81000000,2042.57000000,2032.99000000,2039.32000000,9198.51400000,1775139299999999,18753874.29505100,85167,3219.93580000,6562790.15746800,0
1775139300000000,2039.33000000,2049.28000000,2037.20000000,2038.47000000,9477.87880000,1775140199999999,19360034.15743400,90827,4596.67270000,9388967.23459800,0
1775140200000000,2038.48000000,2071.56000000,2038.00000000,2070.83000000,14340.77430000,1775141099999999,29547991.22938000,212898,8605.40180000,17728576.66050400,0
1775141100000000,2070.83000000,2072.22000000,2056.66000000,2063.82000000,5666.19480000,1775141999999999,11693320.36736000,110676,2926.97140000,6040622.70964400,0
1775142000000000,2063.82000000,2067.89000000,2058.62000000,2063.70000000,5025.18110000,1775142899999999,10365728.44321100,84802,2420.43590000,4993132.89883100,0
1775142900000000,2063.70000000,2063.70000000,2048.60000000,2056.13000000,5497.91740000,1775143799999999,11293989.38922600,71039,2062.65400000,4235354.37935100,0
1775143800000000,2056.14000000,2065.28000000,2051.91000000,2064.70000000,4449.40550000,1775144699999999,9157837.92441000,55332,2171.55650000,4470594.61785100,0
1775144700000000,2064.70000000,2065.41000000,2054.98000000,2059.60000000,2026.80120000,1775145599999999,4174014.65680400,42901,805.46580000,1658591.79853900,0
1775145600000000,2059.59000000,2061.52000000,2055.83000000,2058.22000000,5937.50570000,1775146499999999,12223998.38845800,45622,1362.65940000,2805122.38829100,0
1775146500000000,2058.22000000,2059.34000000,2052.52000000,2058.11000000,5796.81660000,1775147399999999,11912282.15491000,53785,1893.54070000,3892054.75384700,0
1775147400000000,2058.11000000,2077.64000000,2057.71000000,2067.80000000,6307.33340000,1775148299999999,13034187.20662000,70151,4171.92850000,8619401.59543000,0
1775148300000000,2067.81000000,2071.04000000,2063.31000000,2063.31000000,1554.08250000,1775149199999999,3211961.60737100,31274,569.71930000,1177572.73515500,0
1775149200000000,2063.32000000,2066.44000000,2055.64000000,2064.93000000,2338.40890000,1775150099999999,4817599.49642500,41585,1250.79900000,2577223.05647100,0
1775150100000000,2064.93000000,2072.00000000,2064.58000000,2065.86000000,2578.21910000,1775150999999999,5335004.27755300,35402,1630.09270000,3373104.37619800,0
1775151000000000,2065.85000000,2066.15000000,2057.24000000,2059.18000000,2286.28010000,1775151899999999,4712078.51323600,35012,648.66080000,1336751.21693800,0
1775151900000000,2059.19000000,2059.50000000,2044.50000000,2047.23000000,3945.11100000,1775152799999999,8092476.74271200,40335,1417.37650000,2907442.10261500,0
1775152800000000,2047.22000000,2051.52000000,2043.65000000,2047.31000000,2934.60880000,1775153699999999,6008924.82215700,38513,1550.60960000,3175716.44446900,0
1775153700000000,2047.31000000,2051.00000000,2044.56000000,2044.67000000,1079.90930000,1775154599999999,2211155.94534200,25147,493.34430000,1010181.98249200,0
1775154600000000,2044.67000000,2050.66000000,2044.67000000,2049.82000000,756.69620000,1775155499999999,1549734.27205800,18616,439.14760000,899287.11929000,0
1775155500000000,2049.83000000,2063.00000000,2049.56000000,2058.32000000,3556.10520000,1775156399999999,7316601.54472400,32248,2097.45250000,4314737.07874000,0
1775156400000000,2058.33000000,2061.11000000,2056.79000000,2059.49000000,1514.13880000,1775157299999999,3117832.99122000,26576,969.68480000,1996878.13520600,0
1775157300000000,2059.49000000,2062.42000000,2056.38000000,2060.77000000,1151.36760000,1775158199999999,2371621.28682900,23741,635.29660000,1308650.58292700,0
1775158200000000,2060.78000000,2061.85000000,2054.97000000,2058.96000000,1434.91670000,1775159099999999,2954341.45195200,24689,688.59790000,1417818.12340000,0
1775159100000000,2058.96000000,2066.66000000,2057.77000000,2065.34000000,1753.45090000,1775159999999999,3618694.41842600,30176,1102.66200000,2275618.12281600,0
1775160000000000,2065.35000000,2070.69000000,2061.06000000,2065.72000000,2458.10780000,1775160899999999,5080798.04371000,29521,1401.02260000,2896429.26021500,0
1775160900000000,2065.71000000,2071.59000000,2065.71000000,2071.16000000,1803.24540000,1775161799999999,3730594.70858700,23544,1121.73180000,2320839.92410800,0
1775161800000000,2071.15000000,2074.16000000,2068.50000000,2071.37000000,1412.82880000,1775162699999999,2926552.43553700,20750,646.71880000,1339838.41073500,0
1775162700000000,2071.38000000,2071.61000000,2067.50000000,2068.19000000,1435.90250000,1775163599999999,2970936.36685300,12005,795.69490000,1646200.47124400,0
1775163600000000,2068.20000000,2070.46000000,2056.11000000,2059.51000000,2747.02980000,1775164499999999,5665568.33616300,28675,874.18270000,1802745.89117800,0
1775164500000000,2059.51000000,2063.50000000,2058.14000000,2059.48000000,1243.90400000,1775165399999999,2563518.83641000,16888,564.25000000,1162921.60740000,0
1775165400000000,2059.47000000,2062.24000000,2057.23000000,2057.97000000,1138.80050000,1775166299999999,2345550.85186600,16515,545.24000000,1122988.52876700,0
1775166300000000,2057.98000000,2063.41000000,2057.98000000,2062.98000000,1065.91030000,1775167199999999,2197131.48307200,14373,386.85260000,797273.61961700,0
1775167200000000,2062.99000000,2064.94000000,2060.53000000,2061.84000000,1404.42310000,1775168099999999,2897070.77021500,24638,598.61050000,1234885.72554400,0
1775168100000000,2061.84000000,2064.56000000,2053.54000000,2057.15000000,2043.05320000,1775168999999999,4206627.30474100,27810,675.43150000,1390816.42822300,0
1775169000000000,2057.15000000,2062.14000000,2057.15000000,2061.29000000,1172.79880000,1775169899999999,2415658.47787600,18281,656.48340000,1352140.66670200,0
1775169900000000,2061.29000000,2061.95000000,2058.60000000,2060.03000000,725.11190000,1775170799999999,1494185.54558400,13358,277.84470000,572531.10679800,0
1775170800000000,2060.04000000,2061.56000000,2056.00000000,2057.69000000,1632.07360000,1775171699999999,3360345.50194100,24685,766.07200000,1577308.73247500,0
1775171700000000,2057.68000000,2061.89000000,2054.75000000,2055.25000000,1623.55410000,1775172599999999,3341491.81988700,21708,620.45430000,1277123.36516300,0
1775172600000000,2055.25000000,2056.93000000,2054.00000000,2055.43000000,1229.64000000,1775173499999999,2527460.51584300,15940,543.66090000,1117487.28504200,0
1775173500000000,2055.43000000,2057.66000000,2054.35000000,2057.17000000,554.31280000,1775174399999999,1139822.20827000,10151,210.97470000,433803.19315500,0
1775174400000000,2057.18000000,2059.21000000,2053.04000000,2055.69000000,1427.24630000,1775175299999999,2934931.46622300,23555,378.53970000,778450.02299400,0
1775175300000000,2055.70000000,2059.63000000,2053.58000000,2055.05000000,696.75430000,1775176199999999,1432731.66913300,16414,321.05190000,660212.50469700,0
1775176200000000,2055.06000000,2057.87000000,2052.46000000,2053.41000000,779.42880000,1775177099999999,1601674.50105100,17971,287.10410000,590058.90787500,0
1775177100000000,2053.41000000,2053.42000000,2050.04000000,2053.01000000,755.12860000,1775177999999999,1549472.89563200,16086,282.19500000,579065.21036100,0
1775178000000000,2053.01000000,2055.51000000,2051.62000000,2054.39000000,889.03360000,1775178899999999,1825437.36511900,16033,456.21870000,936718.24191100,0
1775178900000000,2054.38000000,2060.04000000,2051.19000000,2059.27000000,1241.70870000,1775179799999999,2553127.41028400,19744,655.42450000,1348007.63931600,0
1775179800000000,2059.27000000,2062.49000000,2045.62000000,2048.27000000,3003.86140000,1775180699999999,6165018.76434000,41102,920.12570000,1890204.78974600,0
1775180700000000,2048.27000000,2050.94000000,2045.40000000,2050.61000000,823.07570000,1775181599999999,1685800.35910600,18340,466.84170000,956303.46006200,0
1775181600000000,2050.61000000,2050.61000000,2044.59000000,2049.61000000,3756.65880000,1775182499999999,7693788.58938900,27094,2096.05280000,4292959.79628700,0
1775182500000000,2049.61000000,2059.73000000,2048.57000000,2049.00000000,1882.83310000,1775183399999999,3868493.71400200,35153,906.04090000,1862190.62701900,0
1775183400000000,2049.01000000,2050.00000000,2040.66000000,2044.00000000,4725.77670000,1775184299999999,9665343.11445300,43594,2397.28870000,4903618.49826000,0
1775184300000000,2043.99000000,2054.54000000,2043.53000000,2052.48000000,3276.49610000,1775185199999999,6708367.17114000,29853,2133.65970000,4367960.57496600,0
1775185200000000,2052.47000000,2055.80000000,2050.08000000,2055.73000000,1854.98060000,1775186099999999,3808432.07338800,23220,859.68650000,1765343.52222000,0
1775186100000000,2055.72000000,2057.22000000,2051.39000000,2052.64000000,1422.83840000,1775186999999999,2924682.33417900,17758,422.26140000,867960.26742600,0
1775187000000000,2052.63000000,2056.41000000,2051.16000000,2053.23000000,716.03490000,1775187899999999,1470391.26539000,15370,272.49500000,559552.28760900,0
1775187900000000,2053.23000000,2055.24000000,2051.42000000,2054.23000000,610.72490000,1775188799999999,1254285.01263100,11767,316.41330000,649841.38148400,0
1775188800000000,2054.22000000,2056.15000000,2053.07000000,2055.60000000,772.86880000,1775189699999999,1588022.04927500,17113,407.19110000,836700.30306900,0
1775189700000000,2055.53000000,2057.80000000,2051.23000000,2051.23000000,924.13760000,1775190599999999,1897995.89073400,16911,404.26280000,830529.07286700,0
1775190600000000,2051.23000000,2052.93000000,2048.89000000,2051.78000000,1005.83780000,1775191499999999,2062743.00404800,18584,557.50890000,1143362.91279100,0
1775191500000000,2051.78000000,2056.21000000,2051.67000000,2054.53000000,832.26500000,1775192399999999,1710137.69641100,17652,508.95320000,1045703.20032500,0
1775192400000000,2054.52000000,2056.50000000,2053.40000000,2053.41000000,1015.94750000,1775193299999999,2087571.35229000,11838,395.28960000,812239.94459700,0
1775193300000000,2053.40000000,2054.14000000,2047.35000000,2053.82000000,1199.77170000,1775194199999999,2461647.95311800,19867,719.70630000,1476668.48650400,0
1775194200000000,2053.83000000,2064.58000000,2053.83000000,2060.85000000,3141.31090000,1775195099999999,6474156.24451900,34201,2099.99420000,4327881.19171100,0
1775195100000000,2060.84000000,2060.99000000,2055.97000000,2057.12000000,1589.42320000,1775195999999999,3271345.67969200,15676,525.47820000,1081553.13965400,0
1775196000000000,2057.12000000,2060.21000000,2054.98000000,2059.99000000,1863.72480000,1775196899999999,3833600.45656900,20741,971.03110000,1997482.27595000,0
1775196900000000,2059.98000000,2063.30000000,2058.41000000,2059.78000000,1186.00860000,1775197799999999,2444000.76877800,23333,692.59260000,1427216.43043200,0
1775197800000000,2059.79000000,2066.61000000,2057.00000000,2062.92000000,2594.41490000,1775198699999999,5352989.83983500,31877,1405.25280000,2899418.63012300,0
1775198700000000,2062.91000000,2064.40000000,2061.39000000,2063.66000000,1075.13740000,1775199599999999,2218173.61270300,16505,472.56440000,974984.37581400,0
1775199600000000,2063.66000000,2067.80000000,2062.20000000,2064.23000000,1553.35430000,1775200499999999,3206845.84450200,19016,854.48270000,1763941.21607000,0
1775200500000000,2064.23000000,2066.03000000,2062.99000000,2065.66000000,764.29280000,1775201399999999,1577859.10751600,18319,280.04270000,578145.87618000,0
1775201400000000,2065.66000000,2075.17000000,2064.41000000,2069.07000000,2983.28360000,1775202299999999,6176166.41293500,39037,1550.68500000,3211051.60374600,0
1775202300000000,2069.06000000,2069.07000000,2064.33000000,2065.85000000,1969.47860000,1775203199999999,4069847.98412800,13826,587.09670000,1213080.71889000,0
1775203200000000,2065.84000000,2072.00000000,2064.79000000,2068.25000000,1146.20500000,1775204099999999,2371599.80576900,14925,812.26190000,1680761.42099700,0
1775204100000000,2068.24000000,2069.01000000,2065.47000000,2066.00000000,1922.70980000,1775204999999999,3974926.64893400,15571,1126.15470000,2327995.39484600,0
1775205000000000,2066.00000000,2067.67000000,2059.00000000,2060.44000000,3505.47970000,1775205899999999,7234586.87835900,21794,810.53130000,1671551.59503300,0
1775205900000000,2060.45000000,2062.57000000,2058.89000000,2060.96000000,3074.99480000,1775206799999999,6335674.54649100,19288,1040.39640000,2144014.60306300,0
1775206800000000,2060.97000000,2063.05000000,2060.47000000,2061.89000000,1135.51030000,1775207699999999,2340866.32422400,14386,713.94830000,1471796.61205300,0
1775207700000000,2061.89000000,2064.06000000,2057.03000000,2059.29000000,2121.21370000,1775208599999999,4371989.51683100,19936,1482.16660000,3055557.03568400,0
1775208600000000,2059.29000000,2063.14000000,2058.46000000,2062.38000000,838.15080000,1775209499999999,1726769.44500400,11289,556.25960000,1146053.28618400,0
1775209500000000,2062.39000000,2062.52000000,2058.97000000,2061.35000000,726.68230000,1775210399999999,1497733.58568700,9761,349.41700000,720196.92603300,0
1775210400000000,2061.35000000,2061.35000000,2057.37000000,2058.60000000,921.25800000,1775211299999999,1897001.15271700,17065,306.83960000,631755.54531100,0
1775211300000000,2058.59000000,2059.90000000,2055.63000000,2055.81000000,1373.11650000,1775212199999999,2825991.33501900,15027,719.62200000,1481116.52072100,0
1775212200000000,2055.81000000,2057.50000000,2053.46000000,2056.80000000,893.76770000,1775213099999999,1836781.29713000,16877,420.57060000,864355.27505500,0
1775213100000000,2056.79000000,2060.66000000,2056.79000000,2059.90000000,863.84800000,1775213999999999,1779102.64376000,13602,424.16580000,873590.78206800,0
1775214000000000,2059.91000000,2061.24000000,2058.41000000,2059.10000000,629.26770000,1775214899999999,1296021.16774400,13946,307.72190000,633760.55508900,0
1775214900000000,2059.10000000,2061.73000000,2057.94000000,2060.73000000,634.17110000,1775215799999999,1306349.73228700,12254,292.59740000,602788.39767800,0
1775215800000000,2060.74000000,2064.76000000,2059.91000000,2063.17000000,958.28890000,1775216699999999,1976439.38770100,14268,579.77060000,1195675.92209300,0
1775216700000000,2063.17000000,2064.23000000,2061.94000000,2062.64000000,652.96390000,1775217599999999,1347053.47189700,11596,326.96250000,674530.06714000,0
1775217600000000,2062.64000000,2063.96000000,2059.10000000,2060.91000000,726.47250000,1775218499999999,1497909.82460000,15512,304.26700000,627325.92745200,0
1775218500000000,2060.90000000,2068.11000000,2058.75000000,2067.34000000,1233.28210000,1775219399999999,2545444.83456000,21436,631.93880000,1304118.10508200,0
1775219400000000,2067.34000000,2081.76000000,2056.60000000,2058.52000000,7858.42810000,1775220299999999,16256705.36059300,85689,4146.50270000,8583461.50032400,0
1775220300000000,2058.51000000,2060.39000000,2045.08000000,2049.84000000,5517.34700000,1775221199999999,11311128.67326300,49015,2837.07330000,5813913.89416100,0
1775221200000000,2049.85000000,2051.18000000,2042.00000000,2045.52000000,2827.94420000,1775222099999999,5786845.22497300,44117,990.13830000,2026313.74043300,0
1775222100000000,2045.51000000,2050.00000000,2044.29000000,2048.73000000,1737.82590000,1775222999999999,3557933.23808000,26711,978.52200000,2003491.80633600,0
1775223000000000,2048.73000000,2049.23000000,2045.00000000,2047.15000000,1850.08210000,1775223899999999,3787966.08167900,22231,887.70000000,1817382.36991400,0
1775223900000000,2047.15000000,2049.28000000,2041.65000000,2048.17000000,1534.48720000,1775224799999999,3138233.55808500,21873,459.74270000,940585.99015000,0
1775224800000000,2048.17000000,2053.14000000,2045.32000000,2049.85000000,1810.65080000,1775225699999999,3710303.49953100,30043,933.80020000,1913818.70414500,0
1775225700000000,2049.86000000,2057.12000000,2047.52000000,2053.46000000,1395.39640000,1775226599999999,2863139.33985100,26925,972.00320000,1994528.30393900,0
1775226600000000,2053.46000000,2054.06000000,2048.97000000,2050.50000000,1461.58650000,1775227499999999,2997915.46004200,18985,410.40400000,841781.98402600,0
1775227500000000,2050.50000000,2056.96000000,2050.49000000,2054.59000000,1370.50330000,1775228399999999,2815947.11830100,16318,786.23690000,1615461.90436600,0
1775228400000000,2054.59000000,2057.77000000,2053.82000000,2056.00000000,1359.53940000,1775229299999999,2794933.19446000,19759,824.29960000,1694696.04010200,0
1775229300000000,2056.01000000,2056.01000000,2051.24000000,2053.59000000,934.56960000,1775230199999999,1918416.07721400,14765,424.33600000,870935.66057900,0
1775230200000000,2053.60000000,2054.82000000,2049.34000000,2050.48000000,1658.81980000,1775231099999999,3403360.84367700,18316,925.41920000,1898475.47507200,0
1775231100000000,2050.47000000,2052.72000000,2049.95000000,2051.26000000,1455.04010000,1775231999999999,2984669.49636700,11808,884.54190000,1814407.02973100,0
1775232000000000,2051.26000000,2053.76000000,2049.84000000,2052.84000000,765.44580000,1775232899999999,1570372.45956100,16252,375.54530000,770393.16259600,0
1775232900000000,2052.85000000,2056.08000000,2052.08000000,2055.70000000,1086.13500000,1775233799999999,2231452.63542900,13771,476.24160000,978468.25114300,0
1775233800000000,2055.69000000,2055.69000000,2051.25000000,2052.48000000,1102.63850000,1775234699999999,2264699.18855600,16188,406.86110000,835579.30482500,0
1775234700000000,2052.49000000,2056.54000000,2051.71000000,2054.70000000,1109.74020000,1775235599999999,2280540.27355400,15230,828.03500000,1701597.48066500,0
1775235600000000,2054.70000000,2055.40000000,2052.19000000,2052.20000000,706.68000000,1775236499999999,1451461.80344400,9285,343.12310000,704757.08185000,0
1775236500000000,2052.19000000,2052.19000000,2043.78000000,2047.65000000,2321.96980000,1775237399999999,4754472.55926400,28039,772.59520000,1581925.14112500,0
1775237400000000,2047.65000000,2050.50000000,2047.64000000,2049.43000000,784.84290000,1775238299999999,1608334.53206600,10463,547.90840000,1122726.62908600,0
1775238300000000,2049.43000000,2051.30000000,2047.46000000,2050.36000000,398.76540000,1775239199999999,817200.61149300,9502,222.54140000,456087.32768800,0
1775239200000000,2050.36000000,2051.15000000,2048.06000000,2050.07000000,517.43100000,1775240099999999,1060512.59135300,9293,268.28710000,549855.37134400,0
1775240100000000,2050.08000000,2053.34000000,2049.86000000,2050.55000000,545.52070000,1775240999999999,1119286.88211300,11268,288.71640000,592433.42840200,0
1775241000000000,2050.56000000,2053.24000000,2050.00000000,2050.94000000,412.04410000,1775241899999999,845270.12825200,9614,243.80400000,500071.32708100,0
1775241900000000,2050.94000000,2051.12000000,2048.60000000,2049.26000000,401.58830000,1775242799999999,823051.93438500,8026,156.82760000,321398.78870100,0
1775242800000000,2049.26000000,2049.70000000,2045.21000000,2047.65000000,708.49290000,1775243699999999,1450753.39269800,11737,309.15100000,633141.42145300,0
1775243700000000,2047.64000000,2050.81000000,2047.64000000,2049.01000000,335.01960000,1775244599999999,686555.44937900,6161,139.91430000,286704.96255600,0
1775244600000000,2049.01000000,2050.94000000,2048.50000000,2050.66000000,549.81940000,1775245499999999,1126698.81942100,7802,249.06120000,510357.77556400,0
1775245500000000,2050.65000000,2054.11000000,2050.64000000,2052.68000000,955.70930000,1775246399999999,1961839.62362500,10358,549.65270000,1128268.30671400,0
1775246400000000,2052.69000000,2054.21000000,2052.09000000,2053.70000000,694.80770000,1775247299999999,1426665.93493000,8804,490.91590000,1008094.21811400,0
1775247300000000,2053.70000000,2055.00000000,2052.17000000,2052.78000000,565.73310000,1775248199999999,1161622.30831200,7609,311.20670000,638994.21667100,0
1775248200000000,2052.79000000,2054.36000000,2052.00000000,2053.90000000,851.53400000,1775249099999999,1748283.54131200,7435,279.55580000,573911.54875100,0
1775249100000000,2053.90000000,2054.65000000,2052.66000000,2052.75000000,756.20580000,1775249999999999,1552890.27079500,6296,219.86500000,451511.44721600,0
1775250000000000,2052.75000000,2060.92000000,2052.67000000,2058.78000000,2150.44410000,1775250899999999,4423184.94813500,11592,1328.88120000,2734424.68572300,0
1775250900000000,2058.78000000,2059.37000000,2056.22000000,2056.95000000,1164.62790000,1775251799999999,2396037.65768000,11097,415.21800000,854257.67363600,0
1775251800000000,2056.94000000,2059.65000000,2056.80000000,2058.18000000,915.90120000,1775252699999999,1884947.45949200,12186,305.52280000,628743.89173900,0
1775252700000000,2058.17000000,2059.34000000,2057.12000000,2058.42000000,657.71600000,1775253599999999,1353810.10982900,12015,228.85840000,471054.04597500,0
1775253600000000,2058.41000000,2059.72000000,2054.50000000,2054.90000000,915.77150000,1775254499999999,1883337.83306900,19964,283.38730000,582804.13619200,0
1775254500000000,2054.91000000,2056.75000000,2053.55000000,2054.88000000,751.25290000,1775255399999999,1543742.29433700,10041,175.91010000,361451.06581400,0
1775255400000000,2054.89000000,2055.49000000,2053.70000000,2054.31000000,622.26050000,1775256299999999,1278477.25214100,9511,199.36860000,409570.39518900,0
1775256300000000,2054.32000000,2054.41000000,2049.58000000,2051.79000000,1334.77210000,1775257199999999,2738160.66160100,11702,274.26090000,562549.21242200,0
1775257200000000,2051.80000000,2052.62000000,2050.00000000,2051.10000000,1144.18890000,1775258099999999,2347063.77322900,7393,191.17390000,392148.81100600,0
1775258100000000,2051.10000000,2051.54000000,2049.24000000,2050.08000000,605.30210000,1775258999999999,1241039.39017600,6068,136.35660000,279549.70320200,0
1775259000000000,2050.08000000,2052.16000000,2049.23000000,2050.88000000,1077.97200000,1775259899999999,2210715.78760800,7406,256.96170000,526977.02026800,0
1775259900000000,2050.89000000,2054.10000000,2050.88000000,2053.83000000,892.86500000,1775260799999999,1833259.63825900,6849,304.24940000,624625.93380300,0
1775260800000000,2053.83000000,2053.84000000,2051.50000000,2052.60000000,969.22300000,1775261699999999,1989185.89078600,14414,505.26280000,1036962.33719900,0
1775261700000000,2052.60000000,2053.79000000,2051.50000000,2052.25000000,214.54010000,1775262599999999,440394.55120900,9664,115.42740000,236943.06286000,0
1775262600000000,2052.24000000,2053.86000000,2051.93000000,2053.56000000,215.59710000,1775263499999999,442636.17346900,12132,151.60710000,311254.98739900,0
1775263500000000,2053.56000000,2053.56000000,2052.08000000,2052.26000000,275.83210000,1775264399999999,566206.15623800,7128,70.16210000,144016.49775700,0
1775264400000000,2052.26000000,2053.80000000,2050.85000000,2050.91000000,337.08980000,1775265299999999,691750.72506300,10374,174.97850000,359084.57598800,0
1775265300000000,2050.90000000,2051.22000000,2049.57000000,2050.29000000,524.23260000,1775266199999999,1074888.42749600,14408,324.91790000,666184.53706500,0
1775266200000000,2050.29000000,2051.82000000,2049.80000000,2050.83000000,307.15880000,1775267099999999,629953.89089800,8318,115.13050000,236094.22324900,0
1775267100000000,2050.83000000,2051.90000000,2050.66000000,2051.27000000,513.14290000,1775267999999999,1052606.85816900,6070,233.94760000,479904.04039600,0
1775268000000000,2051.27000000,2053.30000000,2048.27000000,2049.73000000,1064.43710000,1775268899999999,2182986.51511000,12664,703.78940000,1443466.64443000,0
1775268900000000,2049.72000000,2049.83000000,2047.92000000,2049.21000000,972.34740000,1775269799999999,1992262.63486600,7947,394.19890000,807643.57777400,0
1775269800000000,2049.20000000,2050.52000000,2049.14000000,2049.22000000,249.59490000,1775270699999999,511598.01110000,10068,126.43830000,259150.77043900,0
1775270700000000,2049.22000000,2050.13000000,2048.23000000,2050.13000000,298.14080000,1775271599999999,610895.49628700,11021,161.83740000,331605.04680800,0
1775271600000000,2050.13000000,2052.08000000,2050.12000000,2051.69000000,393.82660000,1775272499999999,807800.32718700,12570,204.01460000,418447.38153500,0
1775272500000000,2051.69000000,2051.78000000,2050.62000000,2050.99000000,190.91560000,1775273399999999,391617.88202800,8904,81.70870000,167600.61390700,0
1775273400000000,2050.99000000,2051.15000000,2049.77000000,2049.94000000,324.16880000,1775274299999999,664720.78137000,12063,127.40570000,261249.30948300,0
1775274300000000,2049.95000000,2050.95000000,2049.94000000,2050.05000000,182.54960000,1775275199999999,374274.46881500,5834,102.10410000,209342.85406100,0
1775275200000000,2050.05000000,2050.24000000,2048.60000000,2048.75000000,520.96990000,1775276099999999,1067702.59101300,10904,214.31190000,439239.36041900,0
1775276100000000,2048.75000000,2050.78000000,2048.41000000,2050.78000000,209.74160000,1775276999999999,429879.22871800,12594,118.27400000,242413.11265400,0
1775277000000000,2050.77000000,2051.62000000,2050.30000000,2051.35000000,253.32090000,1775277899999999,519542.22832200,7453,159.81030000,327768.23476400,0
1775277900000000,2051.34000000,2051.60000000,2050.43000000,2051.21000000,326.60320000,1775278799999999,669873.56897900,9406,211.49850000,433789.60986500,0
1775278800000000,2051.21000000,2052.06000000,2050.38000000,2051.16000000,397.63160000,1775279699999999,815670.99439500,11126,229.58260000,470943.67329500,0
1775279700000000,2051.16000000,2052.82000000,2051.16000000,2052.14000000,475.98900000,1775280599999999,976654.40428800,9455,324.31790000,665429.46443800,0
1775280600000000,2052.14000000,2054.89000000,2052.14000000,2052.85000000,660.97610000,1775281499999999,1357368.60025800,15178,358.73180000,736655.81990700,0
1775281500000000,2052.85000000,2054.16000000,2052.85000000,2053.79000000,283.53340000,1775282399999999,582280.28720900,6917,128.09080000,263042.65238300,0
1775282400000000,2053.79000000,2055.00000000,2053.44000000,2055.00000000,384.56090000,1775283299999999,789976.12256200,10412,222.40170000,456851.97737300,0
1775283300000000,2055.00000000,2056.10000000,2052.89000000,2054.20000000,667.12300000,1775284199999999,1370841.22292200,18373,330.32860000,678720.50577300,0
1775284200000000,2054.19000000,2054.58000000,2052.81000000,2054.57000000,384.42740000,1775285099999999,789457.92901000,6587,183.41730000,376659.01899300,0
1775285100000000,2054.58000000,2058.00000000,2054.57000000,2056.46000000,1768.55500000,1775285999999999,3635586.96626600,12656,1038.55730000,2134945.29260600,0
1775286000000000,2056.46000000,2057.37000000,2053.42000000,2054.12000000,886.00900000,1775286899999999,1820957.57441600,12720,381.60180000,784464.58489700,0
1775286900000000,2054.12000000,2054.18000000,2052.75000000,2053.14000000,375.13990000,1775287799999999,770315.98368600,9003,176.20950000,361837.95779500,0
1775287800000000,2053.14000000,2054.03000000,2052.95000000,2052.96000000,936.45280000,1775288699999999,1923124.01015000,9219,350.03290000,718816.73779800,0
1775288700000000,2052.96000000,2054.13000000,2051.60000000,2053.82000000,644.34650000,1775289599999999,1322609.10516100,8508,307.39100000,630978.23648100,0
1775289600000000,2053.82000000,2055.17000000,2053.51000000,2053.99000000,408.10140000,1775290499999999,838392.99636400,7904,206.33030000,423866.92662700,0
1775290500000000,2053.99000000,2055.44000000,2053.98000000,2055.04000000,474.44850000,1775291399999999,974822.43122600,8079,319.72860000,656928.40128400,0
1775291400000000,2055.04000000,2055.04000000,2051.80000000,2051.90000000,671.79260000,1775292299999999,1378958.41016300,11217,350.97490000,720303.89148700,0
1775292300000000,2051.91000000,2052.14000000,2049.84000000,2050.57000000,809.11140000,1775293199999999,1659377.39641000,13678,447.10840000,917049.15586800,0
1775293200000000,2050.57000000,2051.58000000,2049.95000000,2051.38000000,275.37580000,1775294099999999,564755.52692300,9105,136.45490000,279845.17128600,0
1775294100000000,2051.38000000,2051.90000000,2049.49000000,2050.33000000,975.46810000,1775294999999999,2000443.53084900,10743,297.13770000,609272.83561100,0
1775295000000000,2050.33000000,2050.57000000,2049.42000000,2049.43000000,581.96310000,1775295899999999,1193045.73464300,6924,229.45680000,470361.16052200,0
1775295900000000,2049.43000000,2050.72000000,2049.43000000,2050.43000000,1030.16310000,1775296799999999,2112101.22839000,6967,782.31670000,1604001.79154400,0
1775296800000000,2050.43000000,2051.35000000,2047.89000000,2047.90000000,1032.62380000,1775297699999999,2116760.86982300,11991,298.07880000,611195.09273300,0
1775297700000000,2047.90000000,2049.07000000,2047.89000000,2048.92000000,311.37010000,1775298599999999,637880.81071800,9402,163.04290000,334004.34179700,0
1775298600000000,2048.92000000,2054.69000000,2047.95000000,2052.56000000,1060.66340000,1775299499999999,2175312.19719200,15623,530.11770000,1087357.40668900,0
1775299500000000,2052.57000000,2054.92000000,2052.01000000,2054.32000000,1207.40070000,1775300399999999,2479692.87493800,17560,519.88560000,1067734.55348400,0
1775300400000000,2054.32000000,2055.03000000,2052.34000000,2052.95000000,960.50860000,1775301299999999,1972356.52038000,13445,385.54480000,791681.04168600,0
1775301300000000,2052.95000000,2053.06000000,2052.04000000,2052.15000000,698.66790000,1775302199999999,1434085.17123600,8315,210.36370000,431797.26357300,0
1775302200000000,2052.16000000,2052.45000000,2051.30000000,2051.50000000,594.01420000,1775303099999999,1218769.79429200,10104,168.63690000,346001.88661800,0
1775303100000000,2051.50000000,2051.84000000,2051.37000000,2051.84000000,530.07050000,1775303999999999,1087461.79213500,6232,158.05390000,324257.51874800,0
1775304000000000,2051.84000000,2053.17000000,2049.77000000,2050.34000000,697.58170000,1775304899999999,1431157.42469200,16784,334.84960000,686946.62332100,0
1775304900000000,2050.34000000,2052.49000000,2050.20000000,2051.45000000,321.89390000,1775305799999999,660352.91351200,14604,156.13920000,320299.80240000,0
1775305800000000,2051.45000000,2051.75000000,2048.26000000,2048.39000000,834.72420000,1775306699999999,1711365.01070600,9088,292.65280000,599923.40476300,0
1775306700000000,2048.40000000,2050.15000000,2048.40000000,2050.15000000,719.79140000,1775307599999999,1475066.68365400,14093,335.91660000,688459.72252600,0
1775307600000000,2050.15000000,2051.04000000,2050.02000000,2050.30000000,2839.00760000,1775308499999999,5821134.19847400,9366,1123.73250000,2304069.77883000,0
1775308500000000,2050.30000000,2051.29000000,2050.20000000,2050.29000000,1133.74100000,1775309399999999,2324799.20189100,8039,285.55550000,585508.50204100,0
1775309400000000,2050.30000000,2054.31000000,2050.00000000,2052.86000000,972.15780000,1775310299999999,1994716.72981600,19950,422.64120000,867328.59353600,0
1775310300000000,2052.86000000,2055.00000000,2051.28000000,2053.59000000,1508.90380000,1775311199999999,3097950.35397700,14087,551.88740000,1132987.67676600,0
1775311200000000,2053.58000000,2054.68000000,2053.40000000,2053.44000000,695.62540000,1775312099999999,1428743.22007700,8913,220.83760000,453587.79468800,0
1775312100000000,2053.44000000,2053.84000000,2052.01000000,2052.07000000,663.97990000,1775312999999999,1363148.59065800,7862,220.65050000,453015.62020600,0
1775313000000000,2052.07000000,2052.07000000,2044.63000000,2049.55000000,2194.85090000,1775313899999999,4495162.51299000,20709,842.73810000,1725737.53980300,0
1775313900000000,2049.55000000,2053.36000000,2049.36000000,2053.10000000,1195.54620000,1775314799999999,2452300.04944400,14071,411.30720000,843724.73944000,0
1775314800000000,2053.10000000,2062.02000000,2052.35000000,2056.46000000,4269.94710000,1775315699999999,8783882.71545900,43880,2711.91530000,5579283.76253900,0
1775315700000000,2056.46000000,2058.74000000,2053.34000000,2054.90000000,1785.07550000,1775316599999999,3671012.53313000,33225,653.04840000,1343041.90347100,0
1775316600000000,2054.90000000,2055.75000000,2053.50000000,2054.23000000,849.01710000,1775317499999999,1744474.59529000,15426,446.07420000,916577.64690700,0
1775317500000000,2054.23000000,2056.36000000,2052.95000000,2056.29000000,763.32100000,1775318399999999,1568264.69239100,11858,510.94570000,1049767.77875700,0
1775318400000000,2056.29000000,2056.54000000,2054.00000000,2054.18000000,657.81010000,1775319299999999,1351809.42342600,9627,276.95660000,569108.65649200,0
1775319300000000,2054.17000000,2062.10000000,2053.38000000,2059.91000000,1282.82400000,1775320199999999,2639522.10390400,17674,966.04760000,1987643.76256700,0
1775320200000000,2059.90000000,2061.03000000,2057.24000000,2059.91000000,1065.51920000,1775321099999999,2194352.99619300,19752,470.31120000,968524.58978500,0
1775321100000000,2059.91000000,2061.42000000,2055.07000000,2055.75000000,1183.66400000,1775321999999999,2436575.88550000,17427,429.26340000,883891.43682600,0
1775322000000000,2055.75000000,2056.43000000,2053.07000000,2056.42000000,1220.29670000,1775322899999999,2506815.36520000,14646,543.59900000,1116738.06846900,0
1775322900000000,2056.42000000,2058.29000000,2055.78000000,2057.65000000,865.62510000,1775323799999999,1780641.61844900,14325,507.92810000,1044773.90109700,0
1775323800000000,2057.64000000,2057.65000000,2055.21000000,2055.22000000,412.89550000,1775324699999999,848958.98958000,7117,162.53450000,334220.82584200,0
1775324700000000,2055.22000000,2057.37000000,2055.06000000,2056.98000000,435.25520000,1775325599999999,895083.99725800,8266,186.64150000,383788.21725300,0
1775325600000000,2056.98000000,2057.68000000,2055.94000000,2056.83000000,450.75410000,1775326499999999,927175.45884600,11271,204.53180000,420697.57420100,0
1775326500000000,2056.83000000,2058.34000000,2056.82000000,2056.98000000,787.37780000,1775327399999999,1620338.54317100,5850,473.64780000,974704.85014100,0
1775327400000000,2056.98000000,2056.98000000,2055.38000000,2055.51000000,178.83200000,1775328299999999,367696.19531500,7660,84.20180000,173124.01750800,0
1775328300000000,2055.51000000,2056.33000000,2055.01000000,2055.15000000,275.31150000,1775329199999999,565910.70401100,7185,100.44050000,206455.50309500,0
1775329200000000,2055.15000000,2079.64000000,2055.14000000,2079.24000000,8493.96650000,1775330099999999,17580068.89103200,61831,5685.18600000,11764396.29282100,0
1775330100000000,2079.23000000,2084.00000000,2068.13000000,2068.56000000,5355.48400000,1775330999999999,11116616.62089200,53641,2448.84930000,5084399.86051200,0
1775331000000000,2068.56000000,2069.97000000,2064.69000000,2065.18000000,1320.66650000,1775331899999999,2730147.87670800,21661,545.22620000,1127184.02279300,0
1775331900000000,2065.18000000,2067.60000000,2064.09000000,2064.71000000,1530.93570000,1775332799999999,3162680.79086700,14701,681.48230000,1407903.96897000,0
1775332800000000,2064.71000000,2064.89000000,2059.60000000,2061.50000000,2015.54530000,1775333699999999,4156955.79204100,17555,1161.61420000,2396013.07705300,0
1775333700000000,2061.50000000,2064.12000000,2061.50000000,2063.82000000,878.30300000,1775334599999999,1811947.66983200,11086,492.03350000,1015090.55554300,0
1775334600000000,2063.82000000,2063.94000000,2062.43000000,2063.38000000,340.40010000,1775335499999999,702387.26509800,8287,135.54430000,279661.52946400,0
1775335500000000,2063.38000000,2063.39000000,2061.90000000,2062.81000000,288.36040000,1775336399999999,594697.89107800,5536,154.38670000,318396.29911100,0
1775336400000000,2062.80000000,2064.29000000,2062.63000000,2063.07000000,408.97200000,1775337299999999,843888.33575100,9313,189.51380000,391037.40344000,0
1775337300000000,2063.07000000,2067.60000000,2063.06000000,2067.38000000,1087.64210000,1775338199999999,2246710.35503800,9709,776.45740000,1603908.92603700,0
1775338200000000,2067.38000000,2068.67000000,2066.11000000,2066.91000000,715.64350000,1775339099999999,1479570.33127800,7924,435.51060000,900390.02172500,0
1775339100000000,2066.91000000,2071.75000000,2066.91000000,2068.83000000,1211.43570000,1775339999999999,2507323.33287000,17183,641.46560000,1327703.01274700,0
1775340000000000,2068.84000000,2070.61000000,2067.99000000,2069.68000000,663.32600000,1775340899999999,1372676.24870500,22596,315.63020000,653144.31889500,0
1775340900000000,2069.67000000,2072.15000000,2069.53000000,2071.22000000,547.79780000,1775341799999999,1134417.41197800,16180,281.98570000,583897.77818100,0
1775341800000000,2071.21000000,2071.58000000,2069.40000000,2071.58000000,398.15050000,1775342699999999,824288.39906600,11491,206.47420000,427484.44874600,0
1775342700000000,2071.58000000,2071.58000000,2068.55000000,2069.14000000,558.92610000,1775343599999999,1156723.37778100,12591,149.43640000,309230.88655100,0
1775343600000000,2069.14000000,2069.24000000,2065.83000000,2066.24000000,637.33320000,1775344499999999,1317430.75196200,14762,288.67130000,596638.84495600,0
1775344500000000,2066.23000000,2066.24000000,2064.25000000,2064.26000000,471.39750000,1775345399999999,973448.64389700,6643,128.17850000,264726.13106000,0
1775345400000000,2064.26000000,2064.84000000,2062.84000000,2064.00000000,409.11760000,1775346299999999,844214.39209300,6640,210.80300000,434959.60370900,0
1775346300000000,2064.00000000,2066.88000000,2062.64000000,2065.52000000,1079.78680000,1775347199999999,2229890.01867500,12558,403.49100000,833166.39473000,0
1775347200000000,2065.51000000,2065.63000000,2063.12000000,2063.14000000,399.84840000,1775348099999999,825471.51661900,9910,223.49760000,461430.13564600,0
1775348100000000,2063.14000000,2065.30000000,2063.03000000,2064.80000000,474.29450000,1775348999999999,978820.16770800,7731,300.57280000,620343.97623500,0
1775349000000000,2064.80000000,2065.55000000,2063.69000000,2065.25000000,373.59830000,1775349899999999,771251.47933100,8274,209.36060000,432155.97582600,0
1775349900000000,2065.25000000,2065.34000000,2060.33000000,2062.10000000,693.61560000,1775350799999999,1430312.02589200,11421,249.49730000,514510.13652400,0
1775350800000000,2062.10000000,2062.46000000,2057.33000000,2060.70000000,889.59330000,1775351699999999,1832151.76105300,15015,262.33520000,540248.78698900,0
1775351700000000,2060.70000000,2060.71000000,2058.43000000,2059.32000000,477.73610000,1775352599999999,983926.48132700,9170,171.91140000,354053.04287700,0
1775352600000000,2059.32000000,2059.42000000,2057.50000000,2058.12000000,752.42120000,1775353499999999,1548898.94279200,9547,285.92690000,588604.37998000,0
1775353500000000,2058.12000000,2059.01000000,2057.17000000,2057.37000000,293.52520000,1775354399999999,604078.94160500,6626,131.44680000,270529.56697900,0
1775354400000000,2057.37000000,2057.37000000,2054.15000000,2054.58000000,1243.95070000,1775355299999999,2557256.09868500,19300,400.28480000,822846.18960000,0
1775355300000000,2054.58000000,2059.51000000,2054.58000000,2058.34000000,809.73310000,1775356199999999,1666188.91371000,11772,394.26760000,811224.08671000,0
1775356200000000,2058.34000000,2059.84000000,2058.01000000,2058.42000000,308.61150000,1775357099999999,635457.85914700,8169,145.82390000,300245.38129900,0
1775357100000000,2058.42000000,2059.91000000,2058.06000000,2059.86000000,323.88470000,1775357999999999,666935.81238500,6475,251.73060000,518371.49699000,0
1775358000000000,2059.86000000,2060.55000000,2059.26000000,2060.19000000,418.41360000,1775358899999999,861941.70257300,7242,291.57210000,600653.49014700,0
1775358900000000,2060.19000000,2060.19000000,2057.38000000,2058.35000000,288.14440000,1775359799999999,593157.60221700,7217,103.57810000,213163.36759400,0
1775359800000000,2058.36000000,2058.36000000,2055.37000000,2057.05000000,315.47960000,1775360699999999,648724.07080900,8307,117.78090000,242177.06286300,0
1775360700000000,2057.04000000,2057.56000000,2055.77000000,2056.64000000,304.40400000,1775361599999999,626017.16214300,7030,166.51710000,342442.42157600,0
1775361600000000,2056.64000000,2056.64000000,2054.11000000,2054.65000000,215.05700000,1775362499999999,442041.65076300,6601,87.28090000,179407.42671900,0
1775362500000000,2054.64000000,2058.09000000,2054.32000000,2057.94000000,370.40100000,1775363399999999,761468.71135900,8956,279.56900000,574704.90643400,0
1775363400000000,2057.95000000,2057.95000000,2054.86000000,2055.34000000,301.01340000,1775364299999999,619016.67665800,8457,139.26220000,286345.19049100,0
1775364300000000,2055.33000000,2056.60000000,2054.48000000,2055.16000000,270.66420000,1775365199999999,556310.73033200,7917,131.91040000,271109.92781000,0
1775365200000000,2055.16000000,2056.83000000,2054.22000000,2054.44000000,1060.85990000,1775366099999999,2180229.38049300,8372,155.35750000,319352.42164400,0
1775366100000000,2054.45000000,2054.67000000,2051.11000000,2052.84000000,1564.26670000,1775366999999999,3211748.64095500,14657,397.42980000,815810.52596300,0
1775367000000000,2052.84000000,2053.39000000,2051.63000000,2052.89000000,422.22160000,1775367899999999,866664.06309300,8797,152.89220000,313821.31271700,0
1775367900000000,2052.90000000,2053.44000000,2047.21000000,2048.60000000,1295.35130000,1775368799999999,2654963.39571200,21583,373.94380000,766325.86719600,0
1775368800000000,2048.60000000,2048.93000000,2031.44000000,2033.24000000,5595.17730000,1775369699999999,11408111.46626500,61078,1886.91660000,3846969.39002500,0
1775369700000000,2033.25000000,2036.62000000,2027.75000000,2035.39000000,3492.98640000,1775370599999999,7097454.55707200,50219,1777.06740000,3611360.98127800,0
1775370600000000,2035.38000000,2040.07000000,2034.81000000,2039.33000000,1398.45720000,1775371499999999,2849775.89346300,20249,936.34250000,1907942.73038700,0
1775371500000000,2039.33000000,2039.89000000,2038.32000000,2038.32000000,548.42530000,1775372399999999,1118257.10656600,10276,296.96480000,605516.38799100,0
1775372400000000,2038.32000000,2042.11000000,2038.32000000,2041.83000000,689.00700000,1775373299999999,1406066.11110200,15180,454.22340000,926913.80495700,0
1775373300000000,2041.83000000,2042.59000000,2038.92000000,2040.22000000,1045.66980000,1775374199999999,2133932.94192500,15835,479.18310000,977905.90468300,0
1775374200000000,2040.22000000,2040.22000000,2034.48000000,2036.30000000,1093.46190000,1775375099999999,2226837.12984000,23807,410.58720000,836050.09187800,0
1775375100000000,2036.30000000,2037.78000000,2034.84000000,2037.29000000,833.36020000,1775375999999999,1697188.58652100,15197,452.23680000,920924.32147500,0
1775376000000000,2037.29000000,2038.79000000,2035.91000000,2038.28000000,551.10320000,1775376899999999,1122908.67965700,12004,296.29980000,603744.01057700,0
1775376900000000,2038.28000000,2039.38000000,2037.30000000,2037.40000000,468.16720000,1775377799999999,954285.96562800,11093,190.21820000,387740.02647200,0
1775377800000000,2037.40000000,2039.28000000,2037.22000000,2037.64000000,475.49830000,1775378699999999,969148.85250900,10611,260.52120000,530972.84000900,0
1775378700000000,2037.64000000,2039.94000000,2037.64000000,2039.16000000,466.10830000,1775379599999999,950180.43200300,7459,218.08070000,444576.77483500,0
1775379600000000,2039.17000000,2042.43000000,2038.87000000,2040.09000000,670.41830000,1775380499999999,1367938.47000500,19733,343.30780000,700496.23233300,0
1775380500000000,2040.08000000,2044.51000000,2040.08000000,2043.85000000,624.17630000,1775381399999999,1275174.50447100,13452,354.24090000,723636.16916800,0
1775381400000000,2043.85000000,2045.69000000,2042.99000000,2045.50000000,526.23950000,1775382299999999,1075710.76376800,13037,303.25260000,619899.05935500,0
1775382300000000,2045.50000000,2046.00000000,2044.41000000,2044.42000000,538.20910000,1775383199999999,1100747.40503200,8382,192.75240000,394184.86111000,0
1775383200000000,2044.41000000,2045.67000000,2043.17000000,2043.41000000,509.16210000,1775384099999999,1040873.77339200,13010,290.63690000,594135.36150900,0
1775384100000000,2043.40000000,2045.10000000,2042.44000000,2045.10000000,396.31820000,1775384999999999,810024.50512900,7776,168.04620000,343439.23234600,0
1775385000000000,2045.09000000,2052.53000000,2044.51000000,2047.27000000,1718.04120000,1775385899999999,3520067.64521500,28681,1172.56100000,2402321.35716500,0
1775385900000000,2047.26000000,2047.27000000,2044.21000000,2044.74000000,380.06630000,1775386799999999,777263.24124600,10647,130.42260000,266747.12477600,0
1775386800000000,2044.74000000,2045.74000000,2043.05000000,2045.15000000,368.05920000,1775387699999999,752500.80609100,12408,166.48720000,340399.92463600,0
1775387700000000,2045.15000000,2045.83000000,2041.81000000,2042.75000000,509.51410000,1775388599999999,1041381.15588700,13352,183.26490000,374576.82583500,0
1775388600000000,2042.76000000,2043.11000000,2040.57000000,2041.35000000,453.45160000,1775389499999999,925858.66494000,14069,180.70490000,368951.44612100,0
1775389500000000,2041.35000000,2042.56000000,2040.52000000,2042.32000000,261.51780000,1775390399999999,533984.14099800,6642,111.26430000,227186.22894700,0
1775390400000000,2042.31000000,2042.31000000,2038.48000000,2038.94000000,963.54510000,1775391299999999,1965422.72556700,24072,348.38220000,710679.44280900,0
1775391300000000,2038.94000000,2040.12000000,2037.57000000,2037.59000000,473.83010000,1775392199999999,966008.92517000,11983,150.53720000,306936.43345800,0
1775392200000000,2037.59000000,2038.00000000,2021.50000000,2025.03000000,6593.51770000,1775393099999999,13375242.48429000,71908,2223.51130000,4508337.28873400,0
1775393100000000,2025.04000000,2029.65000000,2023.15000000,2028.36000000,1815.09020000,1775393999999999,3679194.28229100,32835,1035.75680000,2099286.35723600,0
1775394000000000,2028.37000000,2030.71000000,2026.43000000,2026.66000000,953.02480000,1775394899999999,1933844.23043000,17644,533.69850000,1083049.45572000,0
1775394900000000,2026.67000000,2033.13000000,2025.81000000,2026.01000000,1197.77510000,1775395799999999,2430607.77122600,27115,644.55950000,1308138.86741300,0
1775395800000000,2026.01000000,2031.30000000,2025.71000000,2029.93000000,1394.94490000,1775396699999999,2830390.53334100,28675,850.38380000,1725471.50639500,0
1775396700000000,2029.93000000,2037.75000000,2029.82000000,2036.63000000,1327.09450000,1775397599999999,2699904.11326400,30550,896.38540000,1823658.25837500,0
1775397600000000,2036.63000000,2041.97000000,2035.19000000,2036.78000000,1826.53460000,1775398499999999,3724804.53190500,35863,1142.34360000,2329627.33007100,0
1775398500000000,2036.78000000,2040.78000000,2035.67000000,2039.95000000,583.15210000,1775399399999999,1188610.14287100,16343,279.47140000,569806.19069800,0
1775399400000000,2039.94000000,2043.32000000,2038.64000000,2040.81000000,2361.13090000,1775400299999999,4819103.65209400,22792,1923.23860000,3925306.19647700,0
1775400300000000,2040.81000000,2040.84000000,2038.11000000,2038.49000000,619.96070000,1775401199999999,1264516.01202100,10373,225.15600000,459195.16181100,0
1775401200000000,2038.49000000,2041.65000000,2034.58000000,2040.84000000,1276.07590000,1775402099999999,2600562.39184500,33542,678.15590000,1382275.33378000,0
1775402100000000,2040.84000000,2063.80000000,2040.40000000,2060.66000000,7793.92510000,1775402999999999,16013940.64670200,84547,4925.30300000,10118346.84512100,0
1775403000000000,2060.66000000,2069.89000000,2053.33000000,2059.46000000,6513.45090000,1775403899999999,13419940.84880700,94660,2931.73500000,6042289.39812900,0
1775403900000000,2059.47000000,2059.63000000,2052.99000000,2053.85000000,1661.60210000,1775404799999999,3415929.84125100,33621,702.51690000,1444161.19129400,0
1775404800000000,2053.85000000,2057.96000000,2053.17000000,2055.54000000,1479.33290000,1775405699999999,3040899.66833900,34719,787.89120000,1619431.60557000,0
1775405700000000,2055.54000000,2057.42000000,2054.80000000,2054.80000000,550.83150000,1775406599999999,1132815.46603300,22921,305.73990000,628736.61633000,0
1775406600000000,2054.80000000,2059.30000000,2054.21000000,2056.21000000,905.12970000,1775407499999999,1861641.03146300,25072,420.86660000,865617.55943100,0
1775407500000000,2056.21000000,2056.21000000,2050.29000000,2052.15000000,1073.02180000,1775408399999999,2202138.54956800,26339,395.96890000,812651.00455600,0
1775408400000000,2052.15000000,2057.10000000,2048.69000000,2055.90000000,2013.93280000,1775409299999999,4133687.51754100,33393,941.26570000,1932754.33435800,0
1775409300000000,2055.89000000,2056.61000000,2051.87000000,2055.96000000,638.24280000,1775410199999999,1311214.63779800,22233,267.43050000,549288.59231300,0
1775410200000000,2055.96000000,2061.00000000,2055.00000000,2060.69000000,1015.06840000,1775411099999999,2089142.52545700,25058,656.91300000,1352107.09872400,0
1775411100000000,2060.70000000,2062.54000000,2058.43000000,2062.53000000,4203.99340000,1775411999999999,8666150.79674500,26942,1333.94100000,2749140.59699200,0
1775412000000000,2062.54000000,2062.93000000,2057.10000000,2058.85000000,1119.13720000,1775412899999999,2305696.58511200,20871,707.36440000,1457431.71849700,0
1775412900000000,2058.85000000,2059.68000000,2057.81000000,2057.81000000,432.56860000,1775413799999999,890462.20932100,11446,194.60050000,400582.41804900,0
1775413800000000,2057.82000000,2066.60000000,2057.82000000,2064.92000000,1672.61510000,1775414699999999,3451229.03043200,37267,1067.68440000,2203158.10911500,0
1775414700000000,2064.92000000,2066.45000000,2061.74000000,2062.99000000,990.03380000,1775415599999999,2044228.88070800,22066,751.82040000,1552521.46329900,0
1775415600000000,2062.99000000,2064.18000000,2061.85000000,2063.21000000,760.57520000,1775416499999999,1569211.24821900,14776,472.44530000,974811.51099200,0
1775416500000000,2063.20000000,2069.95000000,2062.82000000,2066.44000000,1936.95110000,1775417399999999,4004182.00578800,34788,1296.87160000,2680745.67063200,0
1775417400000000,2066.44000000,2066.74000000,2058.66000000,2059.22000000,1794.33420000,1775418299999999,3699629.34657400,26203,1036.05580000,2136113.00992800,0
1775418300000000,2059.22000000,2062.39000000,2058.25000000,2062.37000000,804.60290000,1775419199999999,1657612.28963900,17263,565.06180000,1164266.56729500,0
1775419200000000,2062.38000000,2064.37000000,2062.00000000,2062.96000000,1408.78030000,1775420099999999,2906462.17572900,19161,1013.49800000,2091003.28587000,0
1775420100000000,2062.97000000,2066.65000000,2062.97000000,2066.02000000,628.00390000,1775420999999999,1296917.99817500,13695,347.02520000,716627.43356800,0
1775421000000000,2066.01000000,2075.11000000,2065.51000000,2067.47000000,3443.67530000,1775421899999999,7133803.89145000,42627,2288.47980000,4741057.14214000,0
1775421900000000,2067.47000000,2070.70000000,2067.22000000,2068.91000000,688.62570000,1775422799999999,1424974.96103800,21180,424.66760000,878717.80089500,0
1775422800000000,2068.90000000,2069.12000000,2059.11000000,2061.02000000,2309.71810000,1775423699999999,4765681.08318800,23346,639.65810000,1320884.69003800,0
1775423700000000,2061.02000000,2062.23000000,2058.33000000,2060.55000000,654.89710000,1775424599999999,1349425.68023800,18269,237.64230000,489657.17652300,0
1775424600000000,2060.55000000,2061.22000000,2056.73000000,2060.00000000,1984.59430000,1775425499999999,4085882.36296300,15096,447.46730000,921403.76997900,0
1775425500000000,2060.00000000,2065.54000000,2059.32000000,2060.01000000,1500.69740000,1775426399999999,3095438.23397400,21978,446.72160000,921249.80677900,0
1775426400000000,2060.01000000,2067.45000000,2050.66000000,2055.03000000,4418.70370000,1775427299999999,9100596.41226600,92428,1554.60610000,3201517.42643000,0
1775427300000000,2055.02000000,2057.07000000,2050.00000000,2054.15000000,1456.87050000,1775428199999999,2991500.31393700,44553,693.21560000,1423601.08476500,0
1775428200000000,2054.15000000,2072.27000000,2053.04000000,2070.31000000,2887.39590000,1775429099999999,5960478.32065200,59231,2060.57060000,4253679.22740100,0
1775429100000000,2070.31000000,2088.00000000,2069.83000000,2085.79000000,7385.71810000,1775429999999999,15360732.66714000,105833,4714.94550000,9807192.15826700,0
1775430000000000,2085.78000000,2097.20000000,2082.35000000,2097.19000000,7384.66030000,1775430899999999,15435918.00819600,107524,4239.02110000,8863400.36445900,0
1775430900000000,2097.19000000,2118.10000000,2096.82000000,2108.21000000,12481.08520000,1775431799999999,26331022.63910700,151099,6834.90070000,14411437.94854700,0
1775431800000000,2108.20000000,2123.49000000,2107.83000000,2111.05000000,9234.46770000,1775432699999999,19535577.19056900,92916,3679.21990000,7788659.59446900,0
1775432700000000,2111.06000000,2116.14000000,2108.23000000,2110.17000000,3260.71520000,1775433599999999,6886340.86582600,45306,1369.46900000,2892335.33667000,0
1775433600000000,2110.17000000,2135.39000000,2110.17000000,2119.81000000,10841.19600000,1775434499999999,23018829.97743600,134616,6197.31160000,13157060.96161100,0
1775434500000000,2119.81000000,2125.50000000,2115.45000000,2123.13000000,4494.29820000,1775435399999999,9535050.75226000,72268,1974.76420000,4190221.31642000,0
1775435400000000,2123.13000000,2132.12000000,2120.20000000,2128.53000000,4614.20400000,1775436299999999,9808531.38438600,77188,2332.25790000,4958449.11893500,0
1775436300000000,2128.52000000,2129.68000000,2121.37000000,2121.99000000,1702.47980000,1775437199999999,3617902.98340100,47753,771.18840000,1638857.21319100,0
1775437200000000,2122.00000000,2124.53000000,2115.48000000,2115.66000000,3807.40930000,1775438099999999,8069893.01044100,60523,1457.02680000,3088073.63031600,0
1775438100000000,2115.67000000,2119.90000000,2112.48000000,2119.71000000,3196.22750000,1775438999999999,6762812.52597600,48625,1496.68810000,3166772.26328600,0
1775439000000000,2119.71000000,2120.50000000,2114.17000000,2115.71000000,4007.16860000,1775439899999999,8485347.43813000,49033,2061.56430000,4365171.87362400,0
1775439900000000,2115.72000000,2118.91000000,2114.41000000,2115.12000000,1491.76270000,1775440799999999,3157483.73133900,34834,687.07010000,1454361.56780000,0
1775440800000000,2115.11000000,2147.24000000,2114.59000000,2133.57000000,10860.66760000,1775441699999999,23165703.74949200,109553,6904.97180000,14724481.92918000,0
1775441700000000,2133.57000000,2140.80000000,2130.36000000,2134.88000000,4116.91840000,1775442599999999,8789343.11125200,86590,1998.86840000,4267674.93285500,0
1775442600000000,2134.88000000,2141.34000000,2131.81000000,2133.83000000,4540.95540000,1775443499999999,9704470.76591000,66602,2135.31300000,4564151.31947000,0
1775443500000000,2133.83000000,2137.30000000,2132.68000000,2133.59000000,2512.31990000,1775444399999999,5361866.97232300,35339,1540.64340000,3288022.78848300,0
1775444400000000,2133.59000000,2136.79000000,2130.69000000,2131.77000000,2822.94760000,1775445299999999,6023580.42445900,45612,1316.20420000,2808579.76373000,0
1775445300000000,2131.77000000,2137.27000000,2128.76000000,2135.83000000,3250.72750000,1775446199999999,6934693.00295300,63601,1746.60810000,3726679.39060300,0
1775446200000000,2135.83000000,2137.22000000,2130.61000000,2131.81000000,1489.58060000,1775447099999999,3178749.22509500,32408,821.59840000,1753333.47583800,0
1775447100000000,2131.81000000,2133.19000000,2126.59000000,2129.35000000,2113.55130000,1775447999999999,4500321.43043200,28557,968.40780000,2062001.85401700,0
1775448000000000,2129.35000000,2134.33000000,2125.76000000,2128.66000000,2582.97390000,1775448899999999,5501558.80219500,35054,1604.28880000,3418446.74201400,0
1775448900000000,2128.66000000,2128.66000000,2125.12000000,2127.31000000,2064.21270000,1775449799999999,4389929.94551900,23117,875.09900000,1860921.34741000,0
1775449800000000,2127.31000000,2134.77000000,2126.49000000,2132.75000000,2800.34280000,1775450699999999,5968743.52559000,40930,1717.12220000,3660127.08566900,0
1775450700000000,2132.75000000,2133.89000000,2129.94000000,2131.06000000,1644.82760000,1775451599999999,3505506.43064700,22693,702.78970000,1498006.15942200,0
1775451600000000,2131.06000000,2132.00000000,2129.71000000,2130.97000000,1477.06810000,1775452499999999,3147371.78082600,27295,734.93130000,1565990.67236000,0
1775452500000000,2130.97000000,2134.62000000,2129.00000000,2130.75000000,1438.26720000,1775453399999999,3066156.64717900,27992,647.26870000,1379680.39432500,0
1775453400000000,2130.75000000,2132.35000000,2129.68000000,2131.48000000,1084.44400000,1775454299999999,2310718.63586500,25459,565.88060000,1205819.23097200,0
1775454300000000,2131.48000000,2132.63000000,2128.42000000,2131.29000000,1375.13430000,1775455199999999,2929510.63758600,18966,648.06570000,1380662.11256200,0
1775455200000000,2131.29000000,2139.00000000,2127.69000000,2136.86000000,4150.74130000,1775456099999999,8859644.39981500,53920,2298.74290000,4908054.18934000,0
1775456100000000,2136.86000000,2136.86000000,2120.40000000,2121.53000000,3529.26130000,1775456999999999,7506472.37893100,59309,1453.17010000,3091391.63669000,0
1775457000000000,2121.53000000,2125.18000000,2120.04000000,2123.23000000,2557.19520000,1775457899999999,5427254.15654300,45198,1689.04640000,3584477.41324400,0
1775457900000000,2123.22000000,2130.44000000,2123.00000000,2127.53000000,3073.65470000,1775458799999999,6539379.08542500,44352,1894.01260000,4029454.05114700,0
1775458800000000,2127.53000000,2128.38000000,2122.83000000,2124.91000000,2318.68370000,1775459699999999,4926795.90985600,25989,1207.68510000,2566110.19215300,0
1775459700000000,2124.92000000,2136.78000000,2124.92000000,2134.66000000,3608.77820000,1775460599999999,7696201.41056600,46860,2497.10150000,5325195.71832200,0
1775460600000000,2134.66000000,2137.22000000,2130.81000000,2131.23000000,2904.02420000,1775461499999999,6196212.29438700,41453,1459.64240000,3114430.90402200,0
1775461500000000,2131.23000000,2141.00000000,2130.26000000,2134.90000000,3522.54910000,1775462399999999,7525264.24470100,29666,2090.48930000,4466625.26569400,0
1775462400000000,2134.91000000,2138.24000000,2133.42000000,2136.98000000,2496.05160000,1775463299999999,5332307.09418000,26335,1597.80030000,3413399.71608100,0
1775463300000000,2136.97000000,2140.50000000,2134.64000000,2136.80000000,2200.61350000,1775464199999999,4702629.55189300,48003,1424.33130000,3043812.89151300,0
1775464200000000,2136.80000000,2147.95000000,2136.00000000,2140.81000000,5120.75810000,1775465099999999,10969491.25834000,60535,3416.72570000,7319420.45487300,0
1775465100000000,2140.81000000,2141.37000000,2137.40000000,2138.48000000,1445.36240000,1775465999999999,3091964.34846600,25153,747.11250000,1598312.10032100,0
1775466000000000,2138.48000000,2154.82000000,2138.47000000,2148.57000000,7860.08940000,1775466899999999,16881906.61086500,77864,5499.55880000,11813399.02587800,0
1775466900000000,2148.56000000,2174.79000000,2148.41000000,2158.79000000,19299.48980000,1775467799999999,41733210.95478100,170936,11397.70130000,24644853.40859200,0
1775467800000000,2158.79000000,2162.92000000,2149.53000000,2152.12000000,6831.83410000,1775468699999999,14725876.52489300,63935,2205.38930000,4757363.89104500,0
1775468700000000,2152.12000000,2154.12000000,2148.38000000,2150.97000000,2276.73130000,1775469599999999,4898852.74332000,43376,806.17470000,1734555.26413800,0
1775469600000000,2150.97000000,2156.82000000,2150.62000000,2155.13000000,2312.25420000,1775470499999999,4980484.60590600,36965,863.92780000,1861063.24314400,0
1775470500000000,2155.12000000,2157.50000000,2152.21000000,2154.66000000,1561.40380000,1775471399999999,3364604.31809200,44327,517.00610000,1114102.59606200,0
1775471400000000,2154.66000000,2157.36000000,2153.46000000,2155.46000000,2203.28450000,1775472299999999,4748710.52551700,32916,1087.25290000,2343504.21491100,0
1775472300000000,2155.46000000,2155.46000000,2149.36000000,2153.27000000,3429.36720000,1775473199999999,7379007.19232000,53023,1405.98620000,3025056.20162600,0
1775473200000000,2153.27000000,2153.53000000,2146.98000000,2149.20000000,2872.06510000,1775474099999999,6175226.90411500,41121,1035.04810000,2225342.17070500,0
1775474100000000,2149.21000000,2151.00000000,2146.61000000,2150.99000000,1628.83480000,1775474999999999,3500471.42467400,32964,607.54600000,1305834.45343400,0
1775475000000000,2150.99000000,2153.21000000,2150.00000000,2151.05000000,1694.20440000,1775475899999999,3645318.67770800,27690,892.71560000,1920847.83594500,0
1775475900000000,2151.06000000,2153.70000000,2150.00000000,2151.53000000,1742.74460000,1775476799999999,3749703.06797300,22815,726.65800000,1563558.32158800,0
1775476800000000,2151.53000000,2152.49000000,2147.43000000,2148.66000000,1411.73400000,1775477699999999,3035510.97794100,29157,484.87960000,1042725.93536100,0
1775477700000000,2148.66000000,2150.43000000,2146.65000000,2148.46000000,1609.51050000,1775478599999999,3458785.53802300,28499,767.20470000,1648855.89590600,0
1775478600000000,2148.47000000,2153.46000000,2146.79000000,2151.63000000,2131.76190000,1775479499999999,4584567.00177600,31850,860.31820000,1850183.40291400,0
1775479500000000,2151.63000000,2154.52000000,2142.31000000,2143.59000000,4518.60350000,1775480399999999,9704645.07196900,48765,1739.01330000,3735173.42096000,0
1775480400000000,2143.59000000,2146.44000000,2142.00000000,2144.20000000,3585.68070000,1775481299999999,7689403.59682600,32507,1959.97030000,4203031.51841100,0
1775481300000000,2144.20000000,2144.80000000,2139.00000000,2143.76000000,2665.77110000,1775482199999999,5708746.60034800,42458,1062.74680000,2276229.21939400,0
1775482200000000,2143.77000000,2149.41000000,2137.91000000,2142.13000000,5606.30140000,1775483099999999,12018914.42958600,144757,2764.08720000,5926907.55996600,0
1775483100000000,2142.12000000,2149.07000000,2141.07000000,2145.99000000,3333.43790000,1775483999999999,7151178.73761100,97511,2043.61500000,4384405.31912700,0
1775484000000000,2146.00000000,2158.90000000,2137.76000000,2142.28000000,8032.38780000,1775484899999999,17239110.04271100,139519,3982.89280000,8550847.18246600,0
1775484900000000,2142.28000000,2165.74000000,2142.16000000,2155.02000000,11271.81890000,1775485799999999,24307578.06276300,123546,7739.34510000,16691559.04851600,0
1775485800000000,2155.02000000,2162.47000000,2142.72000000,2148.01000000,9321.69660000,1775486699999999,20054560.59862500,151564,4194.04230000,9025851.30532500,0
1775486700000000,2148.02000000,2158.92000000,2143.51000000,2156.71000000,4525.60810000,1775487599999999,9740068.60442100,86259,2862.33300000,6162869.12168800,0
1775487600000000,2156.72000000,2168.30000000,2155.50000000,2167.20000000,7040.08480000,1775488499999999,15215459.91761700,120082,4205.08050000,9090243.08804700,0
1775488500000000,2167.20000000,2168.50000000,2159.24000000,2165.97000000,4535.22410000,1775489399999999,9811889.07867700,95356,2145.91190000,4643502.52641900,0
1775489400000000,2165.98000000,2169.60000000,2160.71000000,2164.62000000,4094.12950000,1775490299999999,8862751.79928700,79976,1959.30670000,4242515.32711600,0
1775490300000000,2164.62000000,2166.77000000,2162.69000000,2164.65000000,2227.56240000,1775491199999999,4821522.77589200,56720,912.78310000,1975858.65237400,0
1775491200000000,2164.65000000,2168.72000000,2160.31000000,2166.58000000,3882.69680000,1775492099999999,8401154.90755300,70564,1720.35420000,3722302.87279400,0
1775492100000000,2166.58000000,2166.92000000,2158.31000000,2158.44000000,2487.12520000,1775492999999999,5376790.95295600,46305,463.79800000,1002778.69418500,0
1775493000000000,2158.44000000,2164.00000000,2156.83000000,2162.10000000,2510.61850000,1775493899999999,5423729.95780600,50971,1071.90070000,2316316.07557000,0
1775493900000000,2162.10000000,2168.40000000,2140.45000000,2140.62000000,7987.79440000,1775494799999999,17192488.19836300,106036,2752.37590000,5927170.41466400,0
1775494800000000,2140.62000000,2141.00000000,2125.60000000,2127.41000000,10915.76000000,1775495699999999,23291913.02528400,127528,4941.38690000,10545551.33917300,0
1775495700000000,2127.41000000,2136.36000000,2123.60000000,2134.62000000,5950.94700000,1775496599999999,12676995.63332000,86692,3478.57410000,7411369.08469900,0
1775496600000000,2134.63000000,2139.00000000,2131.69000000,2133.20000000,2962.79280000,1775497499999999,6325234.30355900,62343,1370.46680000,2925829.36559200,0
1775497500000000,2133.20000000,2136.24000000,2131.19000000,2134.95000000,2393.85540000,1775498399999999,5107821.00846900,41241,1237.12620000,2639717.76018500,0
1775498400000000,2134.96000000,2146.78000000,2131.60000000,2142.13000000,4447.06240000,1775499299999999,9514789.56295800,73068,2324.71120000,4974567.12246800,0
1775499300000000,2142.13000000,2148.51000000,2141.30000000,2146.30000000,2439.65000000,1775500199999999,5231531.61803700,56445,1262.03930000,2706622.65442700,0
1775500200000000,2146.29000000,2147.74000000,2141.50000000,2142.38000000,1296.36940000,1775501099999999,2779395.39536100,38306,506.03880000,1084921.39303900,0
1775501100000000,2142.39000000,2146.05000000,2140.04000000,2144.84000000,986.55790000,1775501999999999,2114683.25568600,26990,371.69740000,796694.01098400,0
1775502000000000,2144.84000000,2144.84000000,2135.94000000,2139.64000000,2292.96670000,1775502899999999,4905001.35232400,38608,604.89200000,1293930.63551000,0
1775502900000000,2139.63000000,2145.00000000,2139.42000000,2143.81000000,997.24420000,1775503799999999,2136572.10683900,28542,594.69020000,1274148.90920700,0
1775503800000000,2143.80000000,2145.61000000,2139.40000000,2141.75000000,1817.21790000,1775504699999999,3894586.32721100,28312,648.06110000,1388990.61839400,0
1775504700000000,2141.74000000,2145.94000000,2139.53000000,2144.25000000,3330.03890000,1775505599999999,7137768.05632500,36490,1431.93670000,3068662.20718800,0
1775505600000000,2144.25000000,2145.86000000,2140.45000000,2145.77000000,1303.89960000,1775506499999999,2794120.48780900,31852,452.37270000,969405.84796800,0
1775506500000000,2145.76000000,2155.06000000,2145.76000000,2152.75000000,3085.24330000,1775507399999999,6636366.44425000,40977,2087.44460000,4490153.76477700,0
1775507400000000,2152.74000000,2153.67000000,2150.10000000,2150.39000000,696.65110000,1775508299999999,1499043.13590200,19659,321.45280000,691679.96671500,0
1775508300000000,2150.39000000,2151.24000000,2147.75000000,2148.81000000,700.36080000,1775509199999999,1505380.65183000,18487,233.34160000,501567.73496100,0
1775509200000000,2148.80000000,2148.80000000,2145.03000000,2146.25000000,1049.91510000,1775510099999999,2254080.13982700,17988,485.39990000,1042015.07122300,0
1775510100000000,2146.24000000,2146.99000000,2145.08000000,2145.51000000,781.36480000,1775510999999999,1676801.45373800,11689,332.71580000,713996.55484800,0
1775511000000000,2145.51000000,2145.66000000,2139.03000000,2139.04000000,1679.79360000,1775511899999999,3598690.40107400,23713,511.78420000,1096254.90577700,0
1775511900000000,2139.04000000,2141.63000000,2137.73000000,2139.54000000,779.00270000,1775512799999999,1666588.76953200,20668,320.90150000,686528.89881500,0
1775512800000000,2139.54000000,2140.46000000,2136.13000000,2140.39000000,1662.38350000,1775513699999999,3554850.86140100,45372,612.26410000,1309279.46808800,0
1775513700000000,2140.40000000,2140.95000000,2130.76000000,2135.19000000,3620.59720000,1775514599999999,7731230.46131300,50301,2082.43110000,4447445.20379300,0
1775514600000000,2135.19000000,2135.19000000,2128.60000000,2129.30000000,1400.61300000,1775515499999999,2985134.00615500,27123,642.99510000,1370561.92129100,0
1775515500000000,2129.30000000,2129.30000000,2105.41000000,2105.41000000,9337.66610000,1775516399999999,19772079.59534600,83054,3271.14550000,6928313.36924500,0
1775516400000000,2105.41000000,2105.41000000,2087.50000000,2098.32000000,13071.96520000,1775517299999999,27404222.93904400,157611,6014.41850000,12607312.79691000,0
1775517300000000,2098.31000000,2099.95000000,2088.19000000,2091.47000000,6366.56370000,1775518199999999,13329694.04922800,77465,3689.48170000,7725071.05342700,0
1775518200000000,2091.46000000,2106.97000000,2089.00000000,2103.51000000,4747.41430000,1775519099999999,9958853.91829000,67505,2932.62540000,6150819.17208900,0
1775519100000000,2103.52000000,2110.39000000,2103.28000000,2107.16000000,2191.18320000,1775519999999999,4617885.28655100,40622,1233.39740000,2599212.51462500,0
1775520000000000,2107.16000000,2120.14000000,2105.63000000,2115.87000000,4639.47480000,1775520899999999,9803672.09158100,85112,2733.88740000,5777300.99389200,0
1775520900000000,2115.87000000,2119.52000000,2111.08000000,2114.63000000,3235.76880000,1775521799999999,6844838.06217500,56839,1503.05080000,3178738.34600500,0
1775521800000000,2114.63000000,2118.90000000,2107.50000000,2112.21000000,2938.20940000,1775522699999999,6205395.81045900,59491,1452.87930000,3068446.97860000,0
1775522700000000,2112.21000000,2117.38000000,2111.25000000,2112.66000000,1409.43960000,1775523599999999,2980339.46977900,38553,733.55740000,1551049.22219200,0
1775523600000000,2112.66000000,2112.66000000,2104.60000000,2107.37000000,2784.76560000,1775524499999999,5871633.05494900,64837,1015.42440000,2140562.02886100,0
1775524500000000,2107.37000000,2120.10000000,2107.37000000,2113.03000000,2876.72570000,1775525399999999,6081782.47298100,59867,1215.44350000,2569003.98747400,0
1775525400000000,2113.03000000,2114.70000000,2106.23000000,2110.12000000,2336.95050000,1775526299999999,4932601.85164100,53101,1158.23220000,2444337.64037300,0
1775526300000000,2110.13000000,2110.46000000,2097.30000000,2099.51000000,3346.77730000,1775527199999999,7035751.64576200,61514,941.33160000,1978544.02599900,0
1775527200000000,2099.51000000,2102.33000000,2093.64000000,2099.09000000,2934.71480000,1775528099999999,6157857.52380000,69703,1460.52530000,3064888.94220100,0
1775528100000000,2099.09000000,2106.37000000,2098.38000000,2106.16000000,1707.52650000,1775528999999999,3590772.69686200,36059,932.12420000,1960069.11278500,0
1775529000000000,2106.15000000,2111.63000000,2103.42000000,2106.03000000,1693.11390000,1775529899999999,3569036.59754700,36064,942.30950000,1986602.36311300,0
1775529900000000,2106.03000000,2107.43000000,2102.64000000,2106.84000000,1713.13900000,1775530799999999,3606169.33432200,35364,814.10000000,1713636.66748000,0
1775530800000000,2106.84000000,2109.89000000,2104.54000000,2106.64000000,854.90450000,1775531699999999,1801249.62039000,24284,444.93930000,937473.12704700,0
1775531700000000,2106.63000000,2109.77000000,2103.77000000,2109.06000000,1097.33960000,1775532599999999,2312196.38713800,27177,682.74330000,1438622.38838400,0
1775532600000000,2109.06000000,2109.65000000,2107.69000000,2109.01000000,572.37100000,1775533499999999,1206861.13531700,22745,246.15350000,519026.13986300,0
1775533500000000,2109.02000000,2109.53000000,2106.50000000,2108.37000000,667.01360000,1775534399999999,1405950.00786100,19759,340.42090000,717478.49191100,0
1775534400000000,2108.37000000,2109.00000000,2105.00000000,2106.06000000,1032.04450000,1775535299999999,2173945.28001600,21020,650.18170000,1369462.25763300,0
1775535300000000,2106.06000000,2107.76000000,2103.68000000,2105.93000000,723.19360000,1775536199999999,1522848.96543500,28297,327.35360000,689336.70468700,0
1775536200000000,2105.94000000,2113.64000000,2105.93000000,2113.30000000,1330.63930000,1775537099999999,2809848.70160700,36455,808.53140000,1707139.78462000,0
1775537100000000,2113.31000000,2119.21000000,2112.68000000,2114.22000000,1935.95500000,1775537999999999,4095853.10186800,32596,1442.90880000,3052601.62468800,0
1775538000000000,2114.23000000,2114.61000000,2110.34000000,2111.06000000,892.12130000,1775538899999999,1884029.17891900,22282,441.44170000,932306.91571500,0
1775538900000000,2111.05000000,2112.43000000,2106.74000000,2106.74000000,1264.63340000,1775539799999999,2668696.93467600,30017,506.27180000,1068253.50522400,0
1775539800000000,2106.73000000,2106.93000000,2103.98000000,2104.70000000,748.87410000,1775540699999999,1576697.61765300,13920,346.27560000,729090.90127000,0
1775540700000000,2104.69000000,2106.56000000,2103.73000000,2105.52000000,1618.54850000,1775541599999999,3406530.28347800,13431,700.11400000,1473652.37897500,0
1775541600000000,2105.53000000,2105.74000000,2099.10000000,2100.45000000,2058.94320000,1775542499999999,4329136.78956100,22643,333.44600000,700979.82449300,0
1775542500000000,2100.45000000,2102.32000000,2096.69000000,2101.45000000,2165.18890000,1775543399999999,4546382.01452800,23476,725.49520000,1523626.99147000,0
1775543400000000,2101.44000000,2101.98000000,2098.25000000,2101.71000000,1266.30220000,1775544299999999,2659593.84343500,18255,469.47180000,986082.26661000,0
1775544300000000,2101.70000000,2106.58000000,2100.54000000,2104.25000000,1750.94180000,1775545199999999,3683575.99223400,18767,978.22520000,2057512.23760100,0
1775545200000000,2104.26000000,2104.52000000,2099.00000000,2101.80000000,876.91160000,1775546099999999,1842330.68579600,21451,422.24420000,887025.63746900,0
1775546100000000,2101.81000000,2104.32000000,2098.90000000,2101.20000000,1186.20880000,1775546999999999,2492802.20360300,19008,410.41550000,862351.32010700,0
1775547000000000,2101.21000000,2106.29000000,2101.20000000,2103.61000000,2546.60020000,1775547899999999,5357582.43829800,17441,2111.80490000,4442852.46125000,0
1775547900000000,2103.61000000,2105.85000000,2100.00000000,2104.04000000,2676.27290000,1775548799999999,5626480.82054800,10056,849.86020000,1787621.21894300,0
1775548800000000,2104.03000000,2112.16000000,2103.29000000,2108.20000000,3097.52490000,1775549699999999,6531083.29739900,32290,1986.33120000,4188300.20017200,0
1775549700000000,2108.19000000,2113.15000000,2106.18000000,2109.28000000,2223.98510000,1775550599999999,4693051.45867000,31764,976.25300000,2060255.96313000,0
1775550600000000,2109.28000000,2115.64000000,2109.28000000,2115.42000000,1855.84330000,1775551499999999,3919230.24499500,24724,885.13220000,1869652.76023000,0
1775551500000000,2115.42000000,2117.37000000,2113.10000000,2114.84000000,1325.19470000,1775552399999999,2802795.55066900,17530,807.90330000,1708794.10120900,0
1775552400000000,2114.85000000,2133.83000000,2114.13000000,2126.61000000,6692.03350000,1775553299999999,14226581.48369600,60330,4089.56670000,8691236.93449700,0
1775553300000000,2126.62000000,2128.38000000,2122.90000000,2125.39000000,1943.04310000,1775554199999999,4130386.90243500,27447,814.79270000,1731991.44488500,0
1775554200000000,2125.39000000,2131.24000000,2124.76000000,2128.55000000,3067.73120000,1775555099999999,6531126.97804500,24511,1625.92000000,3461295.92654300,0
1775555100000000,2128.54000000,2129.19000000,2126.17000000,2128.26000000,776.49730000,1775555999999999,1651970.46766900,14726,427.13590000,908790.57554700,0
1775556000000000,2128.26000000,2131.38000000,2116.22000000,2117.37000000,3302.34020000,1775556899999999,7003155.42635400,54734,1624.74160000,3445498.61056500,0
1775556900000000,2117.37000000,2123.12000000,2104.59000000,2106.50000000,4991.36970000,1775557799999999,10551481.82630700,54359,1676.03140000,3542760.40144200,0
1775557800000000,2106.49000000,2108.65000000,2096.78000000,2099.11000000,3693.16360000,1775558699999999,7764547.29176800,54283,1546.91480000,3252054.12371600,0
1775558700000000,2099.11000000,2099.95000000,2085.79000000,2089.32000000,7012.95180000,1775559599999999,14675215.24315800,66671,3298.04470000,6903237.47182600,0
1775559600000000,2089.31000000,2092.01000000,2082.35000000,2089.02000000,6204.86290000,1775560499999999,12951912.77287600,60709,3450.45260000,7204289.57482700,0
1775560500000000,2089.03000000,2094.03000000,2086.46000000,2091.72000000,2940.98120000,1775561399999999,6146576.14333300,35117,2004.87790000,4190137.69685300,0
1775561400000000,2091.71000000,2092.62000000,2087.00000000,2090.13000000,1586.31520000,1775562299999999,3314196.33969900,24219,831.81900000,1738048.24202100,0
1775562300000000,2090.13000000,2090.79000000,2087.72000000,2089.58000000,1967.63950000,1775563199999999,4110711.83713700,15797,993.79700000,2076050.82917600,0
1775563200000000,2089.58000000,2093.17000000,2074.09000000,2083.93000000,7823.92290000,1775564099999999,16284297.85787100,72309,3484.97260000,7253495.57619800,0
1775564100000000,2083.93000000,2088.10000000,2078.89000000,2084.94000000,3369.26430000,1775564999999999,7019456.34408600,48052,1641.62470000,3420308.66515000,0
1775565000000000,2084.96000000,2086.43000000,2075.14000000,2077.07000000,2739.22750000,1775565899999999,5701883.36867000,29057,1166.98030000,2430247.75891100,0
1775565900000000,2077.06000000,2091.68000000,2074.50000000,2086.99000000,5621.41670000,1775566799999999,11711123.50655700,55580,3163.71060000,6591339.68436400,0
1775566800000000,2086.99000000,2093.17000000,2084.27000000,2090.14000000,2982.65920000,1775567699999999,6231886.68648700,37634,1889.44620000,3947986.82484700,0
1775567700000000,2090.13000000,2090.52000000,2083.54000000,2084.53000000,1667.65890000,1775568599999999,3478290.27927700,24655,609.50040000,1271057.67118400,0
1775568600000000,2084.54000000,2089.96000000,2076.08000000,2078.76000000,4733.93370000,1775569499999999,9855184.90737500,95265,1981.53390000,4124981.39308800,0
1775569500000000,2078.76000000,2083.57000000,2074.50000000,2074.97000000,4198.66560000,1775570399999999,8725188.06468700,76077,1784.90000000,3710340.95939700,0
1775570400000000,2074.98000000,2077.25000000,2060.24000000,2067.39000000,10334.60820000,1775571299999999,21371296.21846400,112732,4089.17580000,8455769.72902000,0
1775571300000000,2067.40000000,2078.18000000,2062.54000000,2076.88000000,8452.46400000,1775572199999999,17478424.00441200,74716,6043.70870000,12491399.36258800,0
1775572200000000,2076.87000000,2078.31000000,2070.35000000,2072.11000000,3469.52310000,1775573099999999,7195138.22175000,60495,1621.55620000,3363388.06630300,0
1775573100000000,2072.11000000,2081.46000000,2069.33000000,2069.44000000,3601.21270000,1775573999999999,7471044.61961600,51051,1536.98570000,3189559.11635100,0
1775574000000000,2069.44000000,2073.62000000,2064.76000000,2070.78000000,6107.31700000,1775574899999999,12635721.88913500,58621,2703.26390000,5594028.38224100,0
1775574900000000,2070.78000000,2081.15000000,2070.37000000,2080.58000000,5487.88780000,1775575799999999,11398408.94053400,62262,3668.72310000,7620298.13668600,0
1775575800000000,2080.58000000,2082.74000000,2075.92000000,2076.91000000,3889.20410000,1775576699999999,8089436.19697300,41051,2192.93660000,4562042.70746000,0
1775576700000000,2076.91000000,2083.75000000,2075.69000000,2080.06000000,2069.99670000,1775577599999999,4304690.46918800,34905,1250.07330000,2599804.11095900,0
1775577600000000,2080.07000000,2089.69000000,2077.89000000,2079.56000000,4070.05310000,1775578499999999,8480554.33342700,56417,2088.55310000,4354046.63230900,0
1775578500000000,2079.57000000,2085.27000000,2077.52000000,2084.71000000,2381.00480000,1775579399999999,4955659.00651600,47458,1185.01030000,2466450.09767700,0
1775579400000000,2084.70000000,2087.39000000,2082.49000000,2086.97000000,2177.15610000,1775580299999999,4538264.99439400,31059,1062.31800000,2214547.07919700,0
1775580300000000,2086.97000000,2090.14000000,2082.11000000,2083.76000000,1901.77540000,1775581199999999,3969815.83442700,24804,940.85970000,1964512.43082300,0
1775581200000000,2083.75000000,2087.77000000,2082.03000000,2082.49000000,1749.16390000,1775582099999999,3647373.52593000,30667,751.69030000,1567335.79711500,0
1775582100000000,2082.50000000,2086.14000000,2079.80000000,2085.26000000,1305.45080000,1775582999999999,2719030.85980500,20377,552.27140000,1150331.34959300,0
1775583000000000,2085.26000000,2115.17000000,2085.26000000,2097.23000000,10697.50290000,1775583899999999,22479541.77654500,91451,6046.53330000,12705784.58240100,0
1775583900000000,2097.22000000,2102.55000000,2096.84000000,2099.50000000,2544.59110000,1775584799999999,5343569.92307100,31500,1680.38850000,3528857.24520200,0
1775584800000000,2099.49000000,2101.39000000,2094.00000000,2096.93000000,1597.72340000,1775585699999999,3350447.45250700,24530,709.82150000,1488893.83023100,0
1775585700000000,2096.93000000,2096.93000000,2093.48000000,2094.80000000,1373.76840000,1775586599999999,2878546.17669200,24470,768.08620000,1609428.41678000,0
1775586600000000,2094.79000000,2098.14000000,2090.16000000,2090.91000000,1267.47330000,1775587499999999,2653489.70377500,27574,506.35310000,1060246.53054400,0
1775587500000000,2090.91000000,2091.42000000,2082.43000000,2086.30000000,3356.39340000,1775588399999999,7002616.36997900,33458,1236.59740000,2580279.01255000,0
1775588400000000,2086.29000000,2090.13000000,2084.04000000,2088.03000000,1392.20510000,1775589299999999,2905440.06532200,31749,757.79770000,1581444.29478900,0
1775589300000000,2088.04000000,2105.05000000,2088.04000000,2096.64000000,4901.51380000,1775590199999999,10275319.42833200,74844,2969.69150000,6225240.61463900,0
1775590200000000,2096.64000000,2096.64000000,2090.56000000,2094.65000000,1663.26740000,1775591099999999,3481488.60325300,39357,842.60190000,1763727.12007400,0
1775591100000000,2094.65000000,2116.65000000,2094.01000000,2113.39000000,12823.08940000,1775591999999999,27042342.99973800,132593,7384.39040000,15570194.59497700,0
1775592000000000,2113.39000000,2125.59000000,2112.94000000,2119.74000000,7431.66810000,1775592899999999,15762772.29051200,69817,3645.48540000,7730917.12688400,0
1775592900000000,2119.75000000,2121.89000000,2113.04000000,2115.78000000,3221.61890000,1775593799999999,6816085.61640600,38011,1141.70890000,2416081.26412000,0
1775593800000000,2115.77000000,2119.94000000,2112.32000000,2115.72000000,1763.82190000,1775594699999999,3731845.63672700,34239,629.22870000,1331542.29089300,0
1775594700000000,2115.72000000,2115.94000000,2110.68000000,2115.53000000,1973.64960000,1775595599999999,4172630.96127700,19257,832.25260000,1759449.59898800,0
1775595600000000,2115.52000000,2153.00000000,2115.52000000,2142.31000000,14686.34880000,1775596499999999,31431869.44934100,111979,10252.79980000,21944458.51386700,0
1775596500000000,2142.30000000,2144.32000000,2128.19000000,2130.84000000,5241.96890000,1775597399999999,11200692.34195300,49668,1699.70350000,3630267.30245300,0
1775597400000000,2130.84000000,2143.49000000,2130.84000000,2143.49000000,3794.75440000,1775598299999999,8116351.35961100,39942,2324.39020000,4971695.21491900,0
1775598300000000,2143.49000000,2150.97000000,2140.59000000,2145.04000000,6294.45440000,1775599199999999,13506364.01400500,56390,3616.40680000,7761149.36928800,0
1775599200000000,2145.05000000,2165.82000000,2145.05000000,2159.09000000,11256.89690000,1775600099999999,24276804.30497700,117227,6345.61730000,13684730.70715500,0
1775600100000000,2159.10000000,2161.35000000,2153.57000000,2159.74000000,6304.86110000,1775600999999999,13610452.97904600,52855,2242.08710000,4840349.66853300,0
1775601000000000,2159.74000000,2192.04000000,2159.74000000,2178.01000000,36334.01800000,1775601899999999,79189702.01001500,272113,20697.37160000,45118177.02680800,0
1775601900000000,2178.01000000,2219.88000000,2175.70000000,2219.77000000,26404.00660000,1775602799999999,58040856.47169800,179979,15939.70060000,35043562.69880900,0
1775602800000000,2219.78000000,2242.00000000,2215.73000000,2230.90000000,28171.33250000,1775603699999999,62783558.97380000,255214,15425.34090000,34396469.06659000,0
1775603700000000,2230.91000000,2270.61000000,2221.25000000,2270.38000000,28294.82900000,1775604599999999,63602597.29577100,235570,16632.34420000,37401659.76963900,0
1775604600000000,2270.36000000,2273.87000000,2241.49000000,2248.31000000,20583.37400000,1775605499999999,46413395.19893000,181151,7881.86360000,17784715.91668200,0
1775605500000000,2248.31000000,2260.50000000,2238.47000000,2240.01000000,15023.02040000,1775606399999999,33793789.36758200,120734,6453.74200000,14516850.88477500,0
1775606400000000,2240.01000000,2251.39000000,2237.36000000,2243.63000000,9829.11740000,1775607299999999,22052593.09376500,103397,5355.00270000,12017345.97260000,0
1775607300000000,2243.63000000,2249.10000000,2238.31000000,2240.10000000,6448.93930000,1775608199999999,14462388.20248200,63986,2470.91060000,5542002.31242000,0
1775608200000000,2240.11000000,2243.29000000,2232.84000000,2236.44000000,8238.81430000,1775609099999999,18429852.27601800,72380,4307.23720000,9634513.21347400,0
1775609100000000,2236.44000000,2238.16000000,2228.24000000,2236.08000000,5839.93300000,1775609999999999,13035947.04746800,54247,2844.73020000,6349633.03768300,0
1775610000000000,2236.09000000,2242.77000000,2231.89000000,2241.40000000,4743.02260000,1775610899999999,10615631.56047900,53173,2779.59200000,6221598.44325000,0
1775610900000000,2241.41000000,2241.41000000,2230.45000000,2232.69000000,3512.05600000,1775611799999999,7848245.75069300,41364,1275.91370000,2851559.09528000,0
1775611800000000,2232.70000000,2239.54000000,2231.95000000,2236.85000000,3159.74250000,1775612699999999,7066319.34551200,30158,1458.75260000,3261081.98992700,0
1775612700000000,2236.84000000,2239.82000000,2233.43000000,2234.06000000,2445.31700000,1775613599999999,5469230.83548900,23772,931.94970000,2084714.37289400,0
1775613600000000,2234.07000000,2247.42000000,2232.68000000,2245.43000000,7688.62640000,1775614499999999,17233822.20159000,53020,4531.66140000,10158513.96701200,0
1775614500000000,2245.44000000,2245.68000000,2230.76000000,2236.10000000,4646.80450000,1775615399999999,10390919.75052600,38244,1709.32560000,3821236.70312300,0
1775615400000000,2236.10000000,2237.08000000,2230.95000000,2233.00000000,3582.91750000,1775616299999999,8002925.09636900,33965,1548.36030000,3458286.81717300,0
1775616300000000,2232.99000000,2237.42000000,2231.36000000,2237.28000000,2569.55920000,1775617199999999,5741949.87284900,29830,1250.02100000,2793425.83790700,0
1775617200000000,2237.28000000,2238.05000000,2233.39000000,2233.39000000,1736.00780000,1775618099999999,3881850.42908300,18574,700.24830000,1565690.94141600,0
1775618100000000,2233.40000000,2239.46000000,2232.00000000,2239.23000000,3124.24240000,1775618999999999,6982195.92800100,22817,1683.20190000,3761326.86802800,0
1775619000000000,2239.22000000,2239.22000000,2235.42000000,2237.19000000,1771.77640000,1775619899999999,3963860.76586100,18242,847.75220000,1896473.96081800,0
1775619900000000,2237.19000000,2237.29000000,2233.68000000,2234.68000000,1946.45060000,1775620799999999,4350354.50706700,12540,943.33000000,2108285.95419700,0
1775620800000000,2234.68000000,2250.00000000,2234.68000000,2243.64000000,7851.28410000,1775621699999999,17614247.89783300,44545,3901.11060000,8750778.79428900,0
1775621700000000,2243.65000000,2247.55000000,2242.10000000,2244.98000000,2068.24200000,1775622599999999,4641124.79735200,25976,1055.43000000,2368452.05602700,0
1775622600000000,2244.98000000,2252.50000000,2243.60000000,2248.82000000,4692.93500000,1775623499999999,10554062.89634300,33171,2776.25430000,6244079.95451700,0
1775623500000000,2248.82000000,2250.46000000,2240.03000000,2240.77000000,2670.41440000,1775624399999999,5996815.73805800,26226,859.29990000,1930250.20904200,0
1775624400000000,2240.76000000,2244.66000000,2240.37000000,2241.72000000,2268.27300000,1775625299999999,5086408.83426100,30221,1027.80590000,2304986.43249000,0
1775625300000000,2241.72000000,2245.10000000,2240.56000000,2244.10000000,1518.06040000,1775626199999999,3404918.32333100,18978,639.09180000,1433526.55567400,0
1775626200000000,2244.09000000,2244.42000000,2239.50000000,2240.62000000,2618.69560000,1775627099999999,5869319.25411600,21816,1049.54750000,2352775.80028200,0
1775627100000000,2240.63000000,2245.00000000,2238.30000000,2240.70000000,1850.27190000,1775627999999999,4147040.11454200,24477,848.42720000,1902010.18592400,0
1775628000000000,2240.70000000,2242.40000000,2235.49000000,2241.52000000,2343.20240000,1775628899999999,5245919.80320100,26171,1051.02590000,2353789.99052500,0
1775628900000000,2241.53000000,2253.86000000,2240.49000000,2250.94000000,9025.72630000,1775629799999999,20305321.50421000,42610,4344.32440000,9772467.44822100,0
1775629800000000,2250.96000000,2250.96000000,2248.00000000,2249.18000000,2450.02480000,1775630699999999,5510806.27283800,21952,1078.43060000,2425618.78448300,0
1775630700000000,2249.19000000,2250.73000000,2245.32000000,2246.01000000,2122.36870000,1775631599999999,4770888.49113100,16854,754.42400000,1695671.92818400,0
1775631600000000,2246.01000000,2251.61000000,2244.63000000,2250.63000000,1926.58810000,1775632499999999,4329600.88361700,22503,985.41650000,2214799.65656500,0
1775632500000000,2250.62000000,2260.76000000,2249.10000000,2256.80000000,7674.11620000,1775633399999999,17318605.36728600,45649,4639.68070000,10472132.76691600,0
1775633400000000,2256.79000000,2256.79000000,2247.30000000,2250.72000000,4489.29880000,1775634299999999,10101033.17724700,33825,1426.76090000,3210015.00548600,0
1775634300000000,2250.71000000,2253.76000000,2249.43000000,2253.76000000,4186.50810000,1775635199999999,9425715.79203200,15226,1314.79840000,2960281.40765000,0
1775635200000000,2253.76000000,2259.51000000,2252.25000000,2254.01000000,5117.57810000,1775636099999999,11543716.67778300,27462,2978.11890000,6718171.44481100,0
1775636100000000,2254.01000000,2258.97000000,2252.86000000,2256.34000000,2117.70580000,1775636999999999,4778385.88773000,25071,1155.38820000,2607101.22272100,0
1775637000000000,2256.35000000,2259.31000000,2250.44000000,2253.23000000,4489.64750000,1775637899999999,10125250.53394100,50668,2158.86370000,4869084.41059200,0
1775637900000000,2253.22000000,2257.93000000,2252.47000000,2256.48000000,2267.32450000,1775638799999999,5114255.56241300,28001,1428.41860000,3222150.29584900,0
1775638800000000,2256.47000000,2263.35000000,2256.47000000,2257.64000000,3856.93010000,1775639699999999,8714314.83370800,32008,2072.60930000,4682970.68873700,0
1775639700000000,2257.64000000,2258.98000000,2250.45000000,2250.45000000,6415.09740000,1775640599999999,14467271.24989300,29276,2003.38720000,4519825.60452300,0
1775640600000000,2250.46000000,2253.07000000,2246.42000000,2246.43000000,4924.29290000,1775641499999999,11079124.60850000,26607,3131.22940000,7045344.75642700,0
1775641500000000,2246.43000000,2251.00000000,2245.99000000,2249.59000000,4169.07050000,1775642399999999,9370423.04036900,27217,2149.65950000,4830488.80790000,0
1775642400000000,2249.59000000,2253.86000000,2246.73000000,2248.09000000,2202.45700000,1775643299999999,4955559.53350400,30270,731.95820000,1647460.44107300,0
1775643300000000,2248.08000000,2251.98000000,2246.85000000,2250.02000000,1179.59190000,1775644199999999,2653197.82346600,21042,464.32500000,1044376.95414400,0
1775644200000000,2250.02000000,2250.38000000,2242.39000000,2244.94000000,2366.17050000,1775645099999999,5312456.31983800,29093,614.35150000,1379160.07782300,0
1775645100000000,2244.94000000,2248.38000000,2242.39000000,2242.67000000,1254.60680000,1775645999999999,2817148.00371800,17912,355.22500000,797704.67974700,0
1775646000000000,2242.66000000,2249.42000000,2241.22000000,2248.24000000,1453.45740000,1775646899999999,3262181.79395600,21873,624.57880000,1402156.96670700,0
1775646900000000,2248.24000000,2254.72000000,2245.00000000,2253.69000000,2378.65250000,1775647799999999,5352735.11032500,24110,1620.62950000,3647135.68331100,0
1775647800000000,2253.68000000,2253.69000000,2237.12000000,2241.69000000,3413.52450000,1775648699999999,7659057.20358400,32603,1145.05450000,2569309.94539600,0
1775648700000000,2241.69000000,2248.50000000,2239.06000000,2247.23000000,4720.50280000,1775649599999999,10588300.55617500,42164,2375.83950000,5330044.51677600,0
1775649600000000,2247.23000000,2254.00000000,2247.23000000,2253.99000000,6098.82620000,1775650499999999,13725568.35037600,35503,1491.76280000,3357500.96336200,0
1775650500000000,2253.99000000,2254.81000000,2242.67000000,2248.35000000,3824.29770000,1775651399999999,8596547.23879300,60308,1435.04450000,3226425.87160800,0
1775651400000000,2248.35000000,2256.48000000,2247.72000000,2254.80000000,2607.10710000,1775652299999999,5875097.05037400,34749,1327.48180000,2991304.34999800,0
1775652300000000,2254.79000000,2259.33000000,2253.52000000,2255.88000000,3126.81110000,1775653199999999,7053054.11774300,40544,1866.89460000,4211219.27298100,0
1775653200000000,2255.88000000,2270.55000000,2255.32000000,2261.88000000,10062.36680000,1775654099999999,22771479.63519900,89969,5448.95740000,12336434.76965000,0
1775654100000000,2261.89000000,2267.18000000,2253.52000000,2260.63000000,5007.53880000,1775654999999999,11316862.69517900,59094,2140.52120000,4839599.71290300,0
1775655000000000,2260.64000000,2266.08000000,2234.61000000,2235.35000000,12014.46620000,1775655899999999,26984611.50906000,169918,3940.77230000,8851218.24604000,0
1775655900000000,2235.35000000,2246.22000000,2231.58000000,2236.06000000,11161.24400000,1775656799999999,24983913.73693100,120966,5768.81120000,12917776.54095300,0
1775656800000000,2236.05000000,2240.94000000,2221.59000000,2231.43000000,11831.45170000,1775657699999999,26372156.38913300,121485,5983.15900000,13335093.41289200,0
1775657700000000,2231.43000000,2234.17000000,2224.75000000,2225.69000000,4309.46330000,1775658599999999,9604156.36316800,78496,1935.08010000,4312685.83257900,0
1775658600000000,2225.69000000,2227.90000000,2202.30000000,2206.96000000,18749.00110000,1775659499999999,41441172.62714500,162610,8608.04250000,19026703.81658200,0
1775659500000000,2206.96000000,2209.15000000,2186.61000000,2195.22000000,20575.78500000,1775660399999999,45201922.09907700,156279,10852.41110000,23846893.46367200,0
1775660400000000,2195.23000000,2204.95000000,2193.46000000,2204.94000000,6318.14240000,1775661299999999,13891007.97729900,83870,3635.30360000,7993042.67910600,0
1775661300000000,2204.95000000,2209.12000000,2200.74000000,2206.72000000,4749.65950000,1775662199999999,10475270.03959800,59059,2425.61810000,5350257.49795200,0
1775662200000000,2206.72000000,2218.35000000,2204.36000000,2211.62000000,6493.28230000,1775663099999999,14373371.89193700,85532,3348.26020000,7412256.19350800,0
1775663100000000,2211.63000000,2216.83000000,2211.35000000,2215.45000000,2553.58820000,1775663999999999,5654077.26771500,43765,1239.80190000,2745374.32736900,0
1775664000000000,2215.44000000,2218.18000000,2212.44000000,2215.70000000,2654.60080000,1775664899999999,5882428.52118900,53095,1279.37110000,2835332.83807500,0
1775664900000000,2215.69000000,2222.65000000,2213.08000000,2219.25000000,3574.09270000,1775665799999999,7931464.54180500,59768,1691.51710000,3753980.66448200,0
1775665800000000,2219.25000000,2219.58000000,2211.23000000,2217.02000000,3080.25780000,1775666699999999,6822332.70197900,48395,1247.09470000,2762453.53701100,0
1775666700000000,2217.02000000,2225.41000000,2215.63000000,2220.76000000,3779.36010000,1775667599999999,8394020.35578900,46635,2044.90950000,4541848.26156300,0
1775667600000000,2220.77000000,2227.09000000,2220.54000000,2225.52000000,2530.46950000,1775668499999999,5626069.46288500,46522,1564.80020000,3478974.30834500,0
1775668500000000,2225.51000000,2225.68000000,2213.03000000,2219.28000000,3623.71240000,1775669399999999,8045302.99984400,55875,1506.63020000,3346554.71391200,0
1775669400000000,2219.28000000,2239.50000000,2219.28000000,2233.93000000,6946.35610000,1775670299999999,15495810.19714000,83515,4189.35090000,9343814.82898000,0
1775670300000000,2233.93000000,2235.04000000,2230.29000000,2231.88000000,1575.16510000,1775671199999999,3516598.59631600,29299,747.73330000,1669608.21923100,0
1775671200000000,2231.87000000,2232.65000000,2224.58000000,2227.03000000,2211.06990000,1775672099999999,4928464.78245300,44886,855.40100000,1907032.94970300,0
1775672100000000,2227.04000000,2228.56000000,2211.85000000,2213.03000000,5103.56910000,1775672999999999,11315081.84595300,95476,1645.58880000,3647843.05976500,0
1775673000000000,2213.03000000,2219.88000000,2207.23000000,2207.76000000,2513.31900000,1775673899999999,5562918.84121500,60837,975.84450000,2160527.45792200,0
1775673900000000,2207.76000000,2210.49000000,2199.32000000,2201.41000000,5656.34470000,1775674799999999,12463261.78946100,60239,2914.45660000,6419842.82504300,0
1775674800000000,2201.40000000,2206.78000000,2197.70000000,2205.50000000,3430.27640000,1775675699999999,7552627.60145900,56507,1517.53160000,3341818.42493300,0
1775675700000000,2205.49000000,2206.18000000,2199.70000000,2199.70000000,1572.80260000,1775676599999999,3465091.51971800,36457,596.50240000,1314288.04248900,0
1775676600000000,2199.71000000,2209.24000000,2197.76000000,2206.40000000,3724.26970000,1775677499999999,8210369.43885100,51642,1706.86990000,3762483.70013300,0
1775677500000000,2206.40000000,2211.74000000,2205.70000000,2211.04000000,1560.64210000,1775678399999999,3446433.09583200,32470,780.61360000,1724133.84499100,0
1775678400000000,2211.03000000,2216.17000000,2210.61000000,2214.98000000,1609.20620000,1775679299999999,3562535.18383300,32810,973.19860000,2154333.18685600,0
1775679300000000,2214.97000000,2216.66000000,2212.64000000,2214.54000000,984.95090000,1775680199999999,2181386.76757000,15829,458.66950000,1015865.30824800,0
1775680200000000,2214.54000000,2214.69000000,2205.84000000,2207.17000000,1274.30700000,1775681099999999,2816151.14046700,22648,461.29480000,1019591.09736000,0
1775681100000000,2207.17000000,2210.08000000,2205.84000000,2209.81000000,1248.55300000,1775681999999999,2757382.72908300,17461,747.61590000,1651022.48927100,0
1775682000000000,2209.81000000,2219.26000000,2207.90000000,2214.59000000,3137.46270000,1775682899999999,6940548.27663400,24648,1214.87520000,2688084.99537100,0
1775682900000000,2214.59000000,2222.55000000,2214.32000000,2220.29000000,1518.69470000,1775683799999999,3370212.55370700,20042,1031.53470000,2289108.06492900,0
1775683800000000,2220.29000000,2221.12000000,2214.77000000,2215.62000000,1408.50910000,1775684699999999,3124611.21610900,24692,600.88370000,1332915.90136100,0
1775684700000000,2215.62000000,2217.58000000,2212.97000000,2214.53000000,1076.33510000,1775685599999999,2384348.22366400,17398,475.57280000,1053517.71324700,0
1775685600000000,2214.54000000,2215.15000000,2208.75000000,2209.96000000,1324.41260000,1775686499999999,2929343.91363400,25956,540.05860000,1194595.46977500,0
1775686500000000,2209.96000000,2210.99000000,2192.00000000,2193.51000000,4897.30570000,1775687399999999,10772407.27299400,44521,1157.44620000,2545909.81257700,0
1775687400000000,2193.52000000,2201.69000000,2186.97000000,2198.01000000,4151.19920000,1775688299999999,9108498.77090100,47546,2167.26180000,4757630.50622300,0
1775688300000000,2198.01000000,2199.78000000,2189.31000000,2189.87000000,2116.42810000,1775689199999999,4644430.49898500,30892,782.32650000,1717327.84177500,0
1775689200000000,2189.86000000,2193.70000000,2183.00000000,2193.47000000,5024.56270000,1775690099999999,10988993.01550000,57257,2457.24590000,5375736.14541400,0
1775690100000000,2193.47000000,2193.95000000,2179.78000000,2184.94000000,4376.47520000,1775690999999999,9562962.15490000,47519,1546.17170000,3378994.91272900,0
1775691000000000,2184.93000000,2189.80000000,2182.25000000,2187.77000000,2351.78200000,1775691899999999,5142895.22956000,35050,1386.52200000,3032362.18791000,0
1775691900000000,2187.78000000,2192.56000000,2187.56000000,2190.00000000,1832.16160000,1775692799999999,4012374.97220500,26665,871.05390000,1907881.00891000,0
1775692800000000,2190.00000000,2193.79000000,2188.50000000,2191.48000000,1623.43910000,1775693699999999,3556338.25954900,38997,706.40710000,1547680.57346700,0
1775693700000000,2191.49000000,2192.42000000,2184.60000000,2184.92000000,1854.09310000,1775694599999999,4056821.43925400,35394,510.97000000,1118310.63508200,0
1775694600000000,2184.92000000,2187.38000000,2179.30000000,2183.01000000,3243.93440000,1775695499999999,7080000.39818300,52140,981.52220000,2142516.42848500,0
1775695500000000,2183.00000000,2186.65000000,2180.15000000,2183.03000000,2904.74210000,1775696399999999,6339847.94811200,39889,1087.38830000,2373838.76558700,0
1775696400000000,2183.03000000,2185.27000000,2162.00000000,2171.71000000,8704.65740000,1775697299999999,18900105.39179000,82032,3244.88300000,7046306.46115700,0
1775697300000000,2171.70000000,2172.14000000,2165.32000000,2170.09000000,2207.32010000,1775698199999999,4787309.21128900,40930,812.90700000,1763399.46218100,0
1775698200000000,2170.09000000,2178.47000000,2168.91000000,2174.74000000,1716.79150000,1775699099999999,3734064.62315700,39969,936.62900000,2037185.22781300,0
1775699100000000,2174.74000000,2179.81000000,2171.58000000,2178.69000000,2499.14750000,1775699999999999,5439451.49146700,28045,1191.73980000,2593419.18299400,0
1775700000000000,2178.68000000,2182.34000000,2174.57000000,2174.96000000,1820.46390000,1775700899999999,3967183.72364300,31971,795.09200000,1733060.21180700,0
1775700900000000,2174.97000000,2183.97000000,2174.01000000,2182.01000000,1326.86470000,1775701799999999,2891559.11263200,23687,677.65170000,1476950.77653800,0
1775701800000000,2182.01000000,2183.84000000,2176.72000000,2179.66000000,1282.19660000,1775702699999999,2796425.10120300,27451,457.81600000,998477.06476400,0
1775702700000000,2179.66000000,2185.50000000,2178.90000000,2181.69000000,1553.05860000,1775703599999999,3390160.57947400,28253,868.99980000,1896984.63286500,0
1775703600000000,2181.69000000,2183.58000000,2179.65000000,2180.84000000,616.92790000,1775704499999999,1345611.16930400,15664,250.61520000,546681.84780600,0
1775704500000000,2180.84000000,2181.69000000,2176.55000000,2178.55000000,1467.17950000,1775705399999999,3197926.67714500,19452,660.44790000,1439738.66647600,0
1775705400000000,2178.55000000,2181.13000000,2177.16000000,2177.99000000,645.20510000,1775706299999999,1406103.65855500,14231,192.39570000,419276.73792700,0
1775706300000000,2177.99000000,2183.98000000,2175.60000000,2182.49000000,1442.95100000,1775707199999999,3146814.68055000,19211,694.30050000,1514166.98310800,0
1775707200000000,2182.49000000,2182.49000000,2178.79000000,2179.44000000,1085.55430000,1775708099999999,2367215.17212200,14233,295.09990000,643487.67323600,0
1775708100000000,2179.44000000,2179.44000000,2176.42000000,2178.19000000,927.86470000,1775708999999999,2020915.43570800,12594,322.21120000,701801.81930200,0
1775709000000000,2178.19000000,2180.99000000,2177.80000000,2179.76000000,847.01620000,1775709899999999,1846205.54508300,9652,268.52620000,585317.81609200,0
1775709900000000,2179.76000000,2180.82000000,2176.54000000,2177.64000000,1319.77210000,1775710799999999,2875148.98310700,14865,477.83910000,1040930.33736000,0
1775710800000000,2177.64000000,2179.19000000,2175.60000000,2178.02000000,722.57690000,1775711699999999,1573225.28364600,14915,224.01300000,487813.90620200,0
1775711700000000,2178.02000000,2181.86000000,2176.66000000,2181.60000000,1705.15030000,1775712599999999,3716052.40511800,21074,779.09320000,1698145.05759300,0
1775712600000000,2181.61000000,2188.99000000,2180.79000000,2187.77000000,3793.97530000,1775713499999999,8290751.09697100,26580,1638.91840000,3582158.50314000,0
1775713500000000,2187.78000000,2187.78000000,2180.01000000,2182.17000000,1481.15040000,1775714399999999,3232875.27332100,17439,297.63970000,649700.52241600,0
1775714400000000,2182.18000000,2186.13000000,2182.18000000,2183.27000000,791.74740000,1775715299999999,1729436.61071500,18479,338.25120000,738845.42197200,0
1775715300000000,2183.28000000,2183.28000000,2176.29000000,2177.57000000,1957.34830000,1775716199999999,4264825.56224600,19896,446.22940000,972183.09838800,0
1775716200000000,2177.58000000,2180.08000000,2175.60000000,2178.30000000,1001.12960000,1775717099999999,2180374.24096600,19472,358.84110000,781553.39798700,0
1775717100000000,2178.31000000,2181.52000000,2177.28000000,2181.51000000,523.62610000,1775717999999999,1141201.87112800,6754,225.89270000,492313.16488400,0
1775718000000000,2181.52000000,2185.78000000,2181.52000000,2184.65000000,1605.77870000,1775718899999999,3507710.95252800,17402,1030.47050000,2250822.01722100,0
1775718900000000,2184.65000000,2184.66000000,2180.41000000,2181.10000000,720.78950000,1775719799999999,1572731.59527900,11538,274.43250000,598711.09362600,0
1775719800000000,2181.11000000,2184.28000000,2180.42000000,2182.03000000,2931.89670000,1775720699999999,6398000.62292100,23618,1861.38950000,4061979.47731300,0
1775720700000000,2182.04000000,2182.98000000,2180.02000000,2181.14000000,2840.71400000,1775721599999999,6197520.44210000,14708,1972.44660000,4303062.97316200,0
1775721600000000,2181.14000000,2183.95000000,2177.16000000,2179.18000000,2876.14660000,1775722499999999,6272541.38993400,20984,1630.01240000,3554766.54263700,0
1775722500000000,2179.17000000,2180.89000000,2176.37000000,2180.13000000,1634.03610000,1775723399999999,3559305.31648400,17502,1019.65240000,2221080.67583300,0
1775723400000000,2180.13000000,2189.56000000,2180.13000000,2188.80000000,1727.63300000,1775724299999999,3775078.62055600,21330,1039.13520000,2271328.14579800,0
1775724300000000,2188.80000000,2190.72000000,2183.11000000,2186.37000000,2020.00990000,1775725199999999,4418043.12304400,23571,1134.49400000,2481575.52696500,0
1775725200000000,2186.36000000,2186.36000000,2179.72000000,2183.06000000,1569.73690000,1775726099999999,3425064.23381500,18331,727.38920000,1586903.84262700,0
1775726100000000,2183.07000000,2188.24000000,2182.75000000,2185.01000000,2029.19630000,1775726999999999,4433110.24612400,21635,1418.10300000,3097861.67811700,0
1775727000000000,2185.02000000,2188.67000000,2184.10000000,2185.74000000,1631.51120000,1775727899999999,3566352.43352800,12944,960.30650000,2098735.56741800,0
1775727900000000,2185.74000000,2197.70000000,2185.14000000,2194.14000000,3696.73160000,1775728799999999,8103036.96073200,30162,2455.92270000,5383943.80917700,0
1775728800000000,2194.13000000,2194.20000000,2188.08000000,2188.58000000,1669.19580000,1775729699999999,3657279.98205600,20594,762.36850000,1670471.24696000,0
1775729700000000,2188.59000000,2193.77000000,2188.34000000,2192.69000000,1337.02710000,1775730599999999,2930388.94240700,19227,859.62070000,1884177.21071900,0
1775730600000000,2192.68000000,2196.22000000,2190.63000000,2194.78000000,1257.68730000,1775731499999999,2758255.57223100,14785,671.75770000,1473328.52687000,0
1775731500000000,2194.78000000,2195.89000000,2189.51000000,2190.70000000,4681.85630000,1775732399999999,10268953.17942000,20613,1286.00280000,2820063.51585800,0
1775732400000000,2190.69000000,2193.13000000,2185.42000000,2185.75000000,2084.04040000,1775733299999999,4563902.41768800,25501,912.11450000,1997769.65895600,0
1775733300000000,2185.75000000,2185.75000000,2178.31000000,2180.50000000,2908.93310000,1775734199999999,6346064.58568400,33592,1254.35930000,2736495.80959000,0
1775734200000000,2180.50000000,2183.49000000,2178.50000000,2181.20000000,1277.77980000,1775735099999999,2786711.64204100,20154,613.61700000,1338208.24235600,0
1775735100000000,2181.21000000,2183.07000000,2179.65000000,2180.26000000,943.06150000,1775735999999999,2057317.43783800,14837,452.77410000,987610.35955200,0
1775736000000000,2180.26000000,2182.95000000,2180.00000000,2181.18000000,1019.96220000,1775736899999999,2224945.00844600,17950,676.74710000,1476218.82299300,0
1775736900000000,2181.18000000,2186.51000000,2174.27000000,2184.80000000,4610.66440000,1775737799999999,10055435.82222900,38780,2586.71060000,5641730.46724100,0
1775737800000000,2184.80000000,2186.98000000,2179.32000000,2183.71000000,2578.19960000,1775738699999999,5630034.51248100,46141,1434.94210000,3134230.10435400,0
1775738700000000,2183.71000000,2183.98000000,2177.63000000,2183.34000000,1431.24550000,1775739599999999,3122260.40123900,22603,718.26170000,1566981.19957200,0
1775739600000000,2183.33000000,2186.54000000,2177.63000000,2177.76000000,1420.14700000,1775740499999999,3096665.34707500,26635,616.79680000,1345002.13969000,0
1775740500000000,2177.77000000,2179.38000000,2174.55000000,2178.60000000,1957.71230000,1775741399999999,4262936.08479400,22124,986.51390000,2148086.20237100,0
1775741400000000,2178.61000000,2179.99000000,2164.55000000,2169.63000000,6821.48740000,1775742299999999,14808099.62483700,96331,2798.03890000,6075178.96547200,0
1775742300000000,2169.63000000,2170.35000000,2158.19000000,2165.22000000,5920.02050000,1775743199999999,12808298.13268000,85482,2848.59630000,6164253.40845400,0
1775743200000000,2165.23000000,2172.39000000,2162.23000000,2169.51000000,3024.17270000,1775744099999999,6553241.39656600,67131,1559.20840000,3378485.29773300,0
1775744100000000,2169.52000000,2170.75000000,2157.31000000,2163.11000000,2865.98210000,1775744999999999,6201133.67217100,57936,1188.88300000,2573076.34682200,0
1775745000000000,2163.11000000,2172.80000000,2161.01000000,2171.85000000,2926.15170000,1775745899999999,6337885.87581500,51744,1588.87380000,3441967.28879300,0
1775745900000000,2171.85000000,2182.19000000,2171.84000000,2177.63000000,4431.49050000,1775746799999999,9650513.95247400,67016,2749.89950000,5988866.90272000,0
1775746800000000,2177.64000000,2187.12000000,2169.51000000,2185.38000000,3991.92190000,1775747699999999,8691997.17530700,61048,2064.13790000,4498948.72699000,0
1775747700000000,2185.37000000,2194.35000000,2184.07000000,2184.60000000,6710.83970000,1775748599999999,14688589.24086900,83143,3360.45400000,7356796.48658200,0
1775748600000000,2184.61000000,2220.00000000,2181.70000000,2213.02000000,18287.19950000,1775749499999999,40354410.33903500,198559,10953.63040000,24157729.86477600,0
1775749500000000,2213.01000000,2225.00000000,2210.49000000,2217.99000000,8026.16360000,1775750399999999,17797999.57727200,111632,4744.87060000,10523080.87377100,0
1775750400000000,2218.00000000,2229.40000000,2215.40000000,2215.57000000,5856.97110000,1775751299999999,13013004.70691400,96444,3425.68130000,7612021.51254200,0
1775751300000000,2215.56000000,2221.73000000,2209.65000000,2209.71000000,4067.33000000,1775752199999999,9009793.92131700,57055,2095.08180000,4641190.08675800,0
1775752200000000,2209.71000000,2210.52000000,2194.76000000,2202.96000000,4955.61010000,1775753099999999,10912725.86247700,74392,1957.07310000,4310425.02250000,0
1775753100000000,2202.97000000,2208.48000000,2193.00000000,2208.33000000,4856.94190000,1775753999999999,10693207.30172900,57811,2102.66950000,4629784.47750700,0
1775754000000000,2208.33000000,2224.50000000,2207.36000000,2224.00000000,6629.29850000,1775754899999999,14705822.92957300,90029,4141.87040000,9186766.93217700,0
1775754900000000,2223.99000000,2225.47000000,2212.00000000,2215.21000000,4292.68780000,1775755799999999,9528188.70692500,62976,2274.40560000,5051068.99574100,0
1775755800000000,2215.20000000,2224.45000000,2206.43000000,2220.81000000,4238.44850000,1775756699999999,9396615.49478500,67800,2427.50660000,5385955.42408600,0
1775756700000000,2220.81000000,2224.00000000,2217.72000000,2222.75000000,1571.81480000,1775757599999999,3491479.06616600,40725,948.35000000,2106740.69197400,0
1775757600000000,2222.75000000,2223.69000000,2203.73000000,2207.36000000,4238.39100000,1775758499999999,9368689.61458300,89118,1711.97470000,3782678.60813100,0
1775758500000000,2207.37000000,2212.01000000,2201.74000000,2209.14000000,2082.21050000,1775759399999999,4593997.30978900,56341,891.44670000,1966999.61843800,0
1775759400000000,2209.13000000,2210.52000000,2202.35000000,2205.16000000,1669.64310000,1775760299999999,3683608.02516800,43752,814.67940000,1797245.61561900,0
1775760300000000,2205.16000000,2208.20000000,2200.64000000,2206.86000000,1476.69540000,1775761199999999,3256601.73711400,33913,656.81560000,1448824.82704900,0
1775761200000000,2206.86000000,2220.45000000,2204.62000000,2215.07000000,3879.83190000,1775762099999999,8588223.60997200,49780,2204.61760000,4880023.05531700,0
1775762100000000,2215.08000000,2216.10000000,2204.39000000,2207.41000000,2132.20350000,1775762999999999,4709993.28288700,38724,827.96310000,1829414.28850000,0
1775763000000000,2207.41000000,2219.74000000,2207.41000000,2217.46000000,2041.65720000,1775763899999999,4518867.88470100,34213,1131.62070000,2504634.18986600,0
1775763900000000,2217.46000000,2224.52000000,2214.34000000,2216.42000000,3209.30470000,1775764799999999,7123337.73295900,42829,1565.08670000,3474356.59420500,0
1775764800000000,2216.42000000,2219.94000000,2213.54000000,2219.47000000,1248.90580000,1775765699999999,2768878.03032000,30787,548.85010000,1216971.18134500,0
1775765700000000,2219.47000000,2222.00000000,2216.93000000,2217.88000000,1283.01220000,1775766599999999,2848100.72109300,24041,653.81250000,1451549.15550500,0
1775766600000000,2217.87000000,2220.82000000,2216.26000000,2217.78000000,1928.45990000,1775767499999999,4277132.63072600,19880,997.67240000,2212222.67517200,0
1775767500000000,2217.78000000,2217.92000000,2210.31000000,2213.08000000,4832.56730000,1775768399999999,10695708.82523400,19341,3224.56580000,7136989.49259900,0
1775768400000000,2213.08000000,2226.34000000,2208.65000000,2213.85000000,3551.57290000,1775769299999999,7871408.73759300,51947,1436.19720000,3184947.53699600,0
1775769300000000,2213.85000000,2214.32000000,2208.00000000,2209.86000000,1333.46490000,1775770199999999,2948465.97198300,21143,489.49130000,1082396.25407000,0
1775770200000000,2209.85000000,2216.12000000,2207.54000000,2215.85000000,1758.99690000,1775771099999999,3889756.74028200,26798,953.85720000,2109920.69121300,0
1775771100000000,2215.86000000,2217.17000000,2209.81000000,2210.78000000,1058.08960000,1775771999999999,2342796.70283900,22465,519.74650000,1150780.40649200,0
1775772000000000,2210.79000000,2219.33000000,2209.79000000,2218.79000000,1464.65790000,1775772899999999,3243936.82556900,29489,706.29460000,1564334.15589800,0
1775772900000000,2218.78000000,2246.00000000,2218.65000000,2221.69000000,10073.61980000,1775773799999999,22477899.62519400,90510,5535.07230000,12354190.05720800,0
1775773800000000,2221.68000000,2222.43000000,2211.50000000,2211.85000000,2906.24880000,1775774699999999,6440846.46080400,49039,1225.31810000,2715108.20203000,0
1775774700000000,2211.85000000,2214.80000000,2197.50000000,2197.69000000,6358.86520000,1775775599999999,14030870.28567000,53936,2321.37510000,5125991.05470600,0
1775775600000000,2197.69000000,2201.09000000,2186.61000000,2190.48000000,3770.60610000,1775776499999999,8273331.11536100,55543,1135.23870000,2491790.35511900,0
1775776500000000,2190.49000000,2196.44000000,2183.37000000,2191.85000000,3448.43570000,1775777399999999,7553252.33546600,53190,1510.40790000,3310040.62772700,0
1775777400000000,2191.84000000,2191.84000000,2183.33000000,2189.11000000,3156.24630000,1775778299999999,6904311.01407100,48148,1478.17790000,3233598.71079000,0
1775778300000000,2189.10000000,2191.43000000,2186.16000000,2190.20000000,1412.15450000,1775779199999999,3091682.65102700,33675,672.36650000,1471991.67267600,0
1775779200000000,2190.17000000,2191.46000000,2184.73000000,2188.55000000,1853.39210000,1775780099999999,4055769.90224500,49690,815.55490000,1784666.13177900,0
1775780100000000,2188.55000000,2189.84000000,2181.95000000,2189.84000000,3153.63180000,1775780999999999,6891384.71484900,43502,1236.23160000,2701567.40478100,0
1775781000000000,2189.83000000,2195.01000000,2187.67000000,2192.83000000,1774.37720000,1775781899999999,3889381.02359100,37341,1103.12430000,2418313.96704900,0
1775781900000000,2192.82000000,2197.39000000,2190.85000000,2195.17000000,1363.70470000,1775782799999999,2992584.72849600,26692,629.05680000,1380616.32345500,0
1775782800000000,2195.17000000,2197.03000000,2189.28000000,2194.23000000,1687.85720000,1775783699999999,3701332.76842800,32092,917.47650000,2012079.49848000,0
1775783700000000,2194.23000000,2195.88000000,2176.10000000,2186.31000000,4576.78890000,1775784599999999,9994747.75573200,48690,1759.97730000,3843038.37595500,0
1775784600000000,2186.31000000,2204.10000000,2184.79000000,2199.50000000,4812.62420000,1775785499999999,10580113.98336600,63783,3417.50200000,7511833.91777600,0
1775785500000000,2199.51000000,2202.36000000,2194.26000000,2194.70000000,1881.14190000,1775786399999999,4134900.64791300,25866,733.98580000,1613350.64186500,0
1775786400000000,2194.69000000,2198.62000000,2192.48000000,2195.72000000,1143.88200000,1775787299999999,2511172.03396300,27608,533.21160000,1170647.12969400,0
1775787300000000,2195.72000000,2197.30000000,2193.55000000,2196.20000000,807.87020000,1775788199999999,1773500.12186500,17669,336.28750000,738228.84850500,0
1775788200000000,2196.21000000,2197.47000000,2193.91000000,2195.73000000,1099.17130000,1775789099999999,2413455.93185000,15008,491.90740000,1080128.01782600,0
1775789100000000,2195.72000000,2195.72000000,2187.01000000,2189.12000000,2427.52020000,1775789999999999,5317116.26830700,25973,658.32230000,1442149.98003500,0
1775790000000000,2189.11000000,2192.38000000,2186.54000000,2186.96000000,2110.92010000,1775790899999999,4620887.90536900,15550,594.83930000,1302035.74815700,0
1775790900000000,2186.95000000,2189.76000000,2183.32000000,2183.32000000,1883.33360000,1775791799999999,4116737.83405400,21271,299.08070000,653748.72002400,0
1775791800000000,2183.32000000,2187.96000000,2182.68000000,2187.20000000,1453.26990000,1775792699999999,3176661.39186400,20040,537.69730000,1175280.77802600,0
1775792700000000,2187.19000000,2189.00000000,2185.18000000,2186.06000000,1143.80940000,1775793599999999,2501123.65148500,13855,362.04780000,791718.99039200,0
1775793600000000,2186.05000000,2188.94000000,2185.95000000,2187.44000000,1490.24150000,1775794499999999,3259761.55883200,14959,624.51410000,1366076.47274700,0
1775794500000000,2187.44000000,2192.40000000,2186.98000000,2190.48000000,3222.10350000,1775795399999999,7057110.90636300,19596,1944.24010000,4258366.69016200,0
1775795400000000,2190.49000000,2192.56000000,2188.61000000,2190.40000000,1310.42860000,1775796299999999,2870099.23930000,12843,372.03420000,814958.79346100,0
1775796300000000,2190.40000000,2199.34000000,2189.43000000,2195.71000000,2426.90680000,1775797199999999,5322781.62819400,20945,1083.73450000,2377451.95879700,0
1775797200000000,2195.71000000,2197.39000000,2192.49000000,2194.45000000,1354.94310000,1775798099999999,2973513.89837700,16140,532.33380000,1168369.13837200,0
1775798100000000,2194.45000000,2203.11000000,2193.42000000,2201.70000000,2414.85520000,1775798999999999,5312000.07577200,22347,1299.73550000,2859969.59353800,0
1775799000000000,2201.69000000,2202.35000000,2197.83000000,2198.04000000,1844.26960000,1775799899999999,4056913.32601100,18446,705.85480000,1552705.46297300,0
1775799900000000,2198.05000000,2200.43000000,2195.52000000,2196.90000000,1317.51910000,1775800799999999,2895909.22198700,14231,381.80810000,839362.73399200,0
1775800800000000,2196.91000000,2198.44000000,2195.14000000,2197.17000000,1113.23700000,1775801699999999,2444994.09412800,14567,382.82510000,840817.44823800,0
1775801700000000,2197.17000000,2197.17000000,2190.00000000,2190.71000000,1825.73570000,1775802599999999,4002668.32563800,15941,301.61370000,661101.79420000,0
1775802600000000,2190.71000000,2191.43000000,2187.02000000,2188.08000000,2681.24850000,1775803499999999,5869694.43963200,20642,846.35380000,1852770.89210300,0
1775803500000000,2188.08000000,2189.68000000,2184.00000000,2186.20000000,1874.22050000,1775804399999999,4096851.29331300,19686,673.05330000,1471348.86275500,0
1775804400000000,2186.21000000,2188.57000000,2184.15000000,2184.15000000,1353.42650000,1775805299999999,2959122.57005900,19951,620.36660000,1356374.92680500,0
1775805300000000,2184.16000000,2188.35000000,2183.99000000,2187.17000000,920.25350000,1775806199999999,2011951.82481900,13347,457.36130000,999908.33433800,0
1775806200000000,2187.17000000,2188.32000000,2182.35000000,2183.59000000,2354.57130000,1775807099999999,5145339.56729000,15468,1353.47220000,2957213.53087300,0
1775807100000000,2183.58000000,2184.38000000,2176.40000000,2179.28000000,4110.03710000,1775807999999999,8959478.66618100,17918,1341.54790000,2923411.00424000,0
1775808000000000,2179.27000000,2183.40000000,2177.13000000,2181.08000000,1898.63750000,1775808899999999,4139507.91789800,17212,1168.49370000,2547522.44999100,0
1775808900000000,2181.09000000,2185.27000000,2179.93000000,2183.89000000,1562.61500000,1775809799999999,3411631.66652300,14104,701.20340000,1530919.24557300,0
1775809800000000,2183.89000000,2190.11000000,2183.28000000,2186.85000000,2263.48730000,1775810699999999,4950067.20147500,18458,1191.24120000,2605164.33471200,0
1775810700000000,2186.84000000,2186.84000000,2181.59000000,2185.86000000,1780.71640000,1775811599999999,3889412.78847600,17447,1045.32680000,2283006.59634800,0
1775811600000000,2185.85000000,2189.58000000,2185.83000000,2188.09000000,999.87160000,1775812499999999,2187322.11980700,12854,496.45870000,1086044.39211100,0
1775812500000000,2188.09000000,2197.58000000,2188.09000000,2194.01000000,5151.53300000,1775813399999999,11302704.71204900,42959,2687.40960000,5895899.22095800,0
1775813400000000,2194.00000000,2195.19000000,2192.61000000,2193.49000000,874.61620000,1775814299999999,1918533.94211300,17627,426.19390000,934918.47372300,0
1775814300000000,2193.50000000,2196.86000000,2192.10000000,2196.03000000,871.31470000,1775815199999999,1912091.21490600,12645,409.63970000,898874.44985300,0
1775815200000000,2196.04000000,2196.15000000,2191.31000000,2193.48000000,983.43140000,1775816099999999,2157448.21664700,15382,493.12220000,1081993.12309100,0
1775816100000000,2193.49000000,2194.60000000,2191.52000000,2191.52000000,1246.25660000,1775816999999999,2733248.41052100,12302,503.26490000,1103771.05383800,0
1775817000000000,2191.52000000,2194.97000000,2190.66000000,2193.65000000,1023.48570000,1775817899999999,2244177.15008900,16647,534.88180000,1172822.60917200,0
1775817900000000,2193.65000000,2198.29000000,2192.91000000,2197.24000000,1776.91410000,1775818799999999,3902145.45357500,19008,955.35030000,2097877.62964700,0
1775818800000000,2197.25000000,2212.72000000,2197.22000000,2210.90000000,4716.10910000,1775819699999999,10403203.73306600,40426,2947.68090000,6499106.48023800,0
1775819700000000,2210.89000000,2217.99000000,2210.39000000,2217.16000000,5876.91540000,1775820599999999,13009316.33617400,40466,2415.54030000,5347118.12787400,0
1775820600000000,2217.16000000,2223.12000000,2214.24000000,2217.96000000,12181.11660000,1775821499999999,27043122.16348700,38606,5362.87420000,11903843.10221800,0
1775821500000000,2217.97000000,2224.28000000,2215.47000000,2215.65000000,4464.21280000,1775822399999999,9908595.15047500,27269,2091.59100000,4644008.83068200,0
1775822400000000,2215.66000000,2221.32000000,2215.63000000,2216.52000000,4781.95500000,1775823299999999,10605939.72319200,29661,1393.88340000,3091424.90053300,0
1775823300000000,2216.53000000,2221.40000000,2210.24000000,2217.33000000,5107.35160000,1775824199999999,11318901.42550700,41083,2185.37640000,4843173.06360700,0
1775824200000000,2217.05000000,2228.51000000,2208.18000000,2224.70000000,9065.97990000,1775825099999999,20135562.83297300,94281,4574.12400000,10159485.42399500,0
1775825100000000,2224.70000000,2226.07000000,2218.00000000,2218.90000000,2421.95680000,1775825999999999,5381044.78100300,31846,744.40100000,1654421.33726100,0
1775826000000000,2218.90000000,2220.54000000,2215.95000000,2218.81000000,2190.41740000,1775826899999999,4858342.99990500,25258,925.23650000,2052065.43351800,0
1775826900000000,2218.80000000,2221.36000000,2216.11000000,2219.79000000,1422.97320000,1775827799999999,3157547.31767900,23184,508.85880000,1129030.68860200,0
1775827800000000,2219.80000000,2222.77000000,2208.40000000,2215.56000000,4909.98080000,1775828699999999,10870890.01812300,89451,1988.71620000,4402636.53477400,0
1775828700000000,2215.57000000,2225.51000000,2213.49000000,2223.08000000,5182.34800000,1775829599999999,11510676.11324000,55050,3600.33280000,7997151.53560000,0
1775829600000000,2223.08000000,2235.12000000,2220.43000000,2234.34000000,9144.54950000,1775830499999999,20381532.73305200,84648,5064.63250000,11285874.31048700,0
1775830500000000,2234.35000000,2253.29000000,2234.35000000,2245.25000000,16388.29980000,1775831399999999,36776530.52271400,125631,9859.59680000,22125344.02399200,0
1775831400000000,2245.25000000,2254.27000000,2237.00000000,2239.56000000,9616.05830000,1775832299999999,21604388.70273300,85799,4826.33240000,10847854.78580300,0
1775832300000000,2239.56000000,2247.57000000,2236.83000000,2242.76000000,4056.61190000,1775833199999999,9093695.52946400,52432,1870.98960000,4194724.28500000,0
1775833200000000,2242.76000000,2249.31000000,2239.05000000,2244.74000000,3242.21560000,1775834099999999,7276523.49766100,49020,1457.36370000,3271368.69093700,0
1775834100000000,2244.75000000,2257.99000000,2237.03000000,2237.79000000,7129.98920000,1775834999999999,16026582.42302700,71061,3783.26900000,8512405.60988400,0
1775835000000000,2237.80000000,2240.34000000,2228.33000000,2232.82000000,6408.89500000,1775835899999999,14315848.95208300,77519,2433.79580000,5435290.45571300,0
1775835900000000,2232.81000000,2232.96000000,2220.36000000,2224.27000000,4681.16570000,1775836799999999,10421460.35227500,60797,1612.01690000,3588888.15827200,0
1775836800000000,2224.28000000,2232.57000000,2221.46000000,2231.31000000,3000.09220000,1775837699999999,6681504.95820000,54689,1773.22450000,3948976.55427500,0
1775837700000000,2231.30000000,2244.19000000,2230.47000000,2241.56000000,6776.57240000,1775838599999999,15168337.14178700,69070,4669.63090000,10451973.17105600,0
1775838600000000,2241.56000000,2242.33000000,2235.19000000,2236.99000000,1587.01050000,1775839499999999,3552438.94973200,35940,679.45910000,1521063.09837900,0
1775839500000000,2236.99000000,2247.42000000,2236.99000000,2245.36000000,3007.53020000,1775840399999999,6746833.36542000,45420,2137.00040000,4794115.60990300,0
1775840400000000,2245.37000000,2247.54000000,2240.32000000,2242.60000000,2363.61900000,1775841299999999,5303372.41840600,33782,1176.86750000,2640781.52852600,0
1775841300000000,2242.59000000,2247.35000000,2240.48000000,2244.35000000,2243.87430000,1775842199999999,5035856.93197700,28961,1088.17170000,2442015.58627200,0
1775842200000000,2244.35000000,2244.51000000,2239.29000000,2242.35000000,1805.95260000,1775843099999999,4048553.71010900,25841,917.65950000,2057041.81546500,0
1775843100000000,2242.35000000,2249.45000000,2241.99000000,2248.42000000,2313.11160000,1775843999999999,5196773.17988800,29257,1544.58060000,3470625.86171200,0
1775844000000000,2248.41000000,2249.15000000,2239.06000000,2248.32000000,2260.25950000,1775844899999999,5073656.42429600,29528,1118.86080000,2511665.83536800,0
1775844900000000,2248.31000000,2251.90000000,2243.61000000,2248.06000000,3281.16230000,1775845799999999,7375825.57395500,34590,1993.30430000,4481675.06603200,0
1775845800000000,2248.06000000,2249.64000000,2243.78000000,2245.68000000,1522.58920000,1775846699999999,3420902.29648800,22199,969.53120000,2178501.90392500,0
1775846700000000,2245.67000000,2250.38000000,2244.99000000,2249.33000000,1232.77930000,1775847599999999,2770812.07688100,17167,649.53230000,1459915.60953000,0
1775847600000000,2249.32000000,2256.00000000,2248.59000000,2254.27000000,2186.17960000,1775848499999999,4923356.41732500,25715,1148.64970000,2587133.28319600,0
1775848500000000,2254.27000000,2254.37000000,2247.93000000,2247.94000000,1265.44560000,1775849399999999,2848168.45809000,18181,386.90640000,870856.94206600,0
1775849400000000,2247.95000000,2247.95000000,2243.52000000,2244.85000000,1150.88750000,1775850299999999,2584174.40979200,15032,317.87050000,713719.96003700,0
1775850300000000,2244.85000000,2254.83000000,2244.12000000,2253.17000000,1705.35650000,1775851199999999,3838246.69826200,24814,1081.72980000,2434543.14992700,0
1775851200000000,2253.17000000,2255.36000000,2251.52000000,2253.64000000,2301.48200000,1775852099999999,5185882.82530400,23658,1242.18450000,2798733.40147400,0
1775852100000000,2253.61000000,2255.22000000,2251.15000000,2252.65000000,1401.74830000,1775852999999999,3158235.70743100,16429,864.93860000,1948749.55797500,0
1775853000000000,2252.64000000,2256.87000000,2243.03000000,2247.74000000,3609.68950000,1775853899999999,8117633.14882800,37026,1637.77940000,3684201.41413000,0
1775853900000000,2247.75000000,2257.14000000,2244.68000000,2255.33000000,2703.42740000,1775854799999999,6087471.58798300,27210,1787.64780000,4026365.97937900,0
1775854800000000,2255.33000000,2255.68000000,2244.91000000,2246.24000000,1935.43480000,1775855699999999,4353828.11547700,23028,682.26010000,1535047.23965200,0
1775855700000000,2246.24000000,2250.07000000,2245.14000000,2247.30000000,880.32850000,1775856599999999,1978524.43592700,13900,387.32780000,870499.11642900,0
1775856600000000,2247.29000000,2251.18000000,2242.34000000,2249.53000000,1741.01370000,1775857499999999,3911629.40916800,19735,762.30140000,1712793.59888500,0
1775857500000000,2249.52000000,2255.57000000,2247.37000000,2254.87000000,1673.17570000,1775858399999999,3767478.37925300,30182,970.83790000,2186079.11192500,0
1775858400000000,2254.88000000,2255.49000000,2251.16000000,2252.72000000,1540.68970000,1775859299999999,3472019.37153100,19115,972.13420000,2190832.82242200,0
1775859300000000,2252.72000000,2253.85000000,2247.30000000,2247.60000000,1398.30340000,1775860199999999,3146040.70157600,12305,473.55830000,1065365.24542200,0
1775860200000000,2247.59000000,2247.59000000,2235.41000000,2241.06000000,3800.40940000,1775861099999999,8513603.54250100,24778,1167.00940000,2613936.19388800,0
1775861100000000,2241.06000000,2243.09000000,2241.06000000,2242.24000000,828.86870000,1775861999999999,1858397.45602600,10907,349.71150000,784051.49567000,0
1775862000000000,2242.25000000,2242.63000000,2239.31000000,2241.96000000,949.00720000,1775862899999999,2126588.77172800,10840,454.30830000,1018077.02359700,0
1775862900000000,2241.95000000,2244.52000000,2240.16000000,2243.35000000,783.56950000,1775863799999999,1757204.17186500,11652,395.71430000,887504.55902300,0
1775863800000000,2243.36000000,2244.00000000,2241.33000000,2243.63000000,524.97560000,1775864699999999,1177498.65913100,7737,285.46130000,640288.55876800,0
1775864700000000,2243.63000000,2245.66000000,2243.19000000,2245.05000000,915.26680000,1775865599999999,2054393.38060400,8735,384.80770000,863735.26460600,0
1775865600000000,2245.06000000,2245.06000000,2239.51000000,2241.71000000,1126.93420000,1775866499999999,2526375.15160900,14786,383.01510000,858596.61331900,0
1775866500000000,2241.71000000,2242.17000000,2238.47000000,2239.64000000,868.14320000,1775867399999999,1944756.39624200,9151,288.87490000,647180.31963700,0
1775867400000000,2239.63000000,2240.00000000,2236.70000000,2237.41000000,2141.60680000,1775868299999999,4791694.39576100,11640,1463.40370000,3273815.43677000,0
1775868300000000,2237.42000000,2239.82000000,2235.92000000,2238.77000000,863.47760000,1775869199999999,1932263.33979300,7047,400.12480000,895495.54763300,0
1775869200000000,2238.77000000,2241.18000000,2236.32000000,2238.72000000,807.03870000,1775870099999999,1807043.47082000,11567,313.26140000,701444.01420300,0
1775870100000000,2238.71000000,2239.43000000,2234.81000000,2238.85000000,1291.46920000,1775870999999999,2888029.67160800,13993,347.97340000,778232.76986200,0
1775871000000000,2238.86000000,2243.55000000,2238.66000000,2241.47000000,1937.48260000,1775871899999999,4344280.15764600,13531,489.53660000,1097433.79046700,0
1775871900000000,2241.47000000,2246.50000000,2241.47000000,2244.20000000,1081.04740000,1775872799999999,2426526.10918900,12234,651.94810000,1463347.08252400,0
1775872800000000,2244.20000000,2247.21000000,2242.20000000,2244.57000000,1088.54810000,1775873699999999,2443512.51874900,12816,529.94580000,1189617.01527900,0
1775873700000000,2244.56000000,2249.49000000,2244.54000000,2249.18000000,833.01930000,1775874599999999,1872436.01672200,9959,467.02070000,1049814.76641300,0
1775874600000000,2249.18000000,2252.15000000,2246.72000000,2246.88000000,1618.31510000,1775875499999999,3639696.10515300,17959,687.91410000,1547434.89550900,0
1775875500000000,2246.88000000,2248.19000000,2245.56000000,2248.19000000,722.26820000,1775876399999999,1622602.34901100,6835,323.63630000,727049.76170500,0
1775876400000000,2248.19000000,2250.78000000,2246.78000000,2249.86000000,801.71120000,1775877299999999,1803068.01381900,11602,396.11540000,890849.51823900,0
1775877300000000,2249.85000000,2249.86000000,2247.48000000,2247.83000000,640.97330000,1775878199999999,1441483.45912100,7631,197.55870000,444263.26945800,0
1775878200000000,2247.83000000,2248.10000000,2244.50000000,2245.23000000,644.74220000,1775879099999999,1448211.42988500,10393,244.22780000,548526.81195700,0
1775879100000000,2245.22000000,2245.61000000,2235.77000000,2237.17000000,2888.32870000,1775879999999999,6470056.48899400,19535,920.11720000,2060473.71414900,0
1775880000000000,2237.18000000,2242.93000000,2235.45000000,2238.50000000,1974.80190000,1775880899999999,4421876.49971000,18368,1198.79970000,2684191.44527400,0
1775880900000000,2238.51000000,2239.98000000,2236.46000000,2239.19000000,1541.71510000,1775881799999999,3451603.06709600,14025,879.14990000,1968147.51505100,0
1775881800000000,2239.20000000,2241.89000000,2238.95000000,2240.30000000,1061.12290000,1775882699999999,2377162.11239200,12313,482.67720000,1081275.65568500,0
1775882700000000,2240.30000000,2241.70000000,2239.55000000,2240.97000000,442.46250000,1775883599999999,991410.93656200,6526,228.99860000,513072.04548700,0
1775883600000000,2240.98000000,2241.71000000,2230.03000000,2231.25000000,3423.93950000,1775884499999999,7655470.46424200,22215,691.69970000,1545983.36840500,0
1775884500000000,2231.26000000,2235.56000000,2229.00000000,2235.56000000,2044.38600000,1775885399999999,4565527.67446300,16019,1016.06620000,2269201.34826000,0
1775885400000000,2235.56000000,2237.42000000,2234.40000000,2235.03000000,1345.38960000,1775886299999999,3007949.01502800,11985,612.11330000,1368545.87544700,0
1775886300000000,2235.02000000,2235.51000000,2232.57000000,2232.79000000,1564.29400000,1775887199999999,3494662.80216300,9639,763.55010000,1705866.94162600,0
1775887200000000,2232.79000000,2234.23000000,2229.62000000,2231.65000000,2389.04130000,1775888099999999,5332127.47607000,16365,1487.56320000,3320078.22216200,0
1775888100000000,2231.65000000,2234.02000000,2229.83000000,2231.84000000,1117.48030000,1775888999999999,2494565.56953300,10586,536.65060000,1197947.92457000,0
1775889000000000,2231.83000000,2234.40000000,2231.73000000,2233.97000000,943.15840000,1775889899999999,2106022.57154500,7210,585.81460000,1308063.65316500,0
1775889900000000,2233.97000000,2236.73000000,2232.88000000,2235.66000000,1327.45980000,1775890799999999,2967292.80072000,9000,734.71160000,1642250.56973700,0
1775890800000000,2235.68000000,2235.82000000,2232.63000000,2234.23000000,1009.62560000,1775891699999999,2255604.30292800,8357,478.04950000,1068152.28834500,0
1775891700000000,2234.23000000,2236.51000000,2233.72000000,2235.31000000,661.93410000,1775892599999999,1479516.43972800,6774,377.52260000,843780.21334200,0
1775892600000000,2235.31000000,2235.31000000,2232.21000000,2232.26000000,790.64670000,1775893499999999,1766442.51991700,7853,313.77920000,701009.04681900,0
1775893500000000,2232.27000000,2232.60000000,2230.58000000,2232.60000000,839.88250000,1775894399999999,1874281.65166500,5245,266.82190000,595454.14972800,0
1775894400000000,2232.60000000,2235.26000000,2232.33000000,2234.23000000,732.54850000,1775895299999999,1636357.03695700,5259,458.44420000,1024158.26806400,0
1775895300000000,2234.22000000,2235.43000000,2233.88000000,2234.00000000,1533.26980000,1775896199999999,3425641.60456700,6304,428.72240000,957831.06605100,0
1775896200000000,2234.01000000,2235.22000000,2232.14000000,2234.10000000,1206.28440000,1775897099999999,2693882.68402700,8840,624.03700000,1393549.99185100,0
1775897100000000,2234.09000000,2235.27000000,2232.44000000,2232.90000000,1186.66020000,1775897999999999,2650842.14309200,7029,500.40180000,1117837.69459400,0
1775898000000000,2232.89000000,2235.21000000,2232.24000000,2235.20000000,1638.74060000,1775898899999999,3660007.66087000,7778,615.52390000,1374641.82440700,0
1775898900000000,2235.21000000,2249.31000000,2235.21000000,2245.76000000,6307.99990000,1775899799999999,14155379.57740000,36444,3921.62760000,8797732.74847200,0
1775899800000000,2245.76000000,2245.77000000,2240.72000000,2242.62000000,1387.64840000,1775900699999999,3113141.79715000,12861,696.76090000,1563064.75578700,0
1775900700000000,2242.63000000,2244.37000000,2242.32000000,2243.83000000,911.30850000,1775901599999999,2044056.42907100,7096,486.48580000,1091092.23275400,0
1775901600000000,2243.84000000,2245.12000000,2238.38000000,2239.97000000,1406.90400000,1775902499999999,3154264.77538500,13721,623.37990000,1397559.84491300,0
1775902500000000,2239.97000000,2242.14000000,2237.70000000,2241.49000000,910.02110000,1775903399999999,2038318.51649700,8580,392.27150000,878645.75505700,0
1775903400000000,2241.49000000,2242.13000000,2238.61000000,2238.91000000,826.66500000,1775904299999999,1852334.86918300,7741,428.90300000,961011.06930400,0
1775904300000000,2238.92000000,2240.76000000,2238.23000000,2240.46000000,503.56270000,1775905199999999,1127792.47651100,6973,238.24350000,533558.75024100,0
1775905200000000,2240.42000000,2242.31000000,2239.59000000,2240.63000000,1086.01140000,1775906099999999,2433269.17314300,5771,289.89600000,649563.53052000,0
1775906100000000,2240.64000000,2241.27000000,2238.67000000,2239.23000000,958.71120000,1775906999999999,2147687.03301600,9941,528.22950000,1183353.57672200,0
1775907000000000,2239.23000000,2243.38000000,2239.00000000,2242.82000000,437.30790000,1775907899999999,979846.14163000,7036,254.86690000,571125.94223400,0
1775907900000000,2242.82000000,2247.00000000,2242.13000000,2246.11000000,1628.18400000,1775908799999999,3654511.16513100,11063,915.95510000,2055839.16168000,0
1775908800000000,2246.12000000,2246.26000000,2243.58000000,2244.77000000,691.24670000,1775909699999999,1551795.05905500,8256,281.59390000,632175.01306600,0
1775909700000000,2244.76000000,2245.00000000,2241.16000000,2242.71000000,709.39670000,1775910599999999,1591302.12370000,7716,210.32320000,471866.70203600,0
1775910600000000,2242.71000000,2246.71000000,2242.27000000,2245.39000000,747.45410000,1775911499999999,1677965.92963500,8079,428.72640000,962497.40236000,0
1775911500000000,2245.38000000,2246.27000000,2244.89000000,2245.50000000,554.25840000,1775912399999999,1244651.63517500,6140,296.91830000,666727.94520800,0
1775912400000000,2245.49000000,2245.50000000,2233.72000000,2235.73000000,2782.52630000,1775913299999999,6227466.46505800,32740,1129.40150000,2527099.21861500,0
1775913300000000,2235.75000000,2242.14000000,2234.64000000,2237.65000000,2110.27300000,1775914199999999,4724261.43268300,20477,1020.78630000,2285687.87818900,0
1775914200000000,2237.66000000,2241.32000000,2236.89000000,2240.02000000,665.91140000,1775915099999999,1490862.82227800,11547,304.83700000,682471.01220000,0
1775915100000000,2240.01000000,2241.47000000,2239.50000000,2239.76000000,924.83330000,1775915999999999,2072322.47239300,7639,656.68310000,1471523.78441900,0
1775916000000000,2239.75000000,2244.10000000,2238.39000000,2242.10000000,861.04890000,1775916899999999,1929685.73973400,14139,502.33380000,1125978.04853100,0
1775916900000000,2242.11000000,2243.28000000,2240.66000000,2241.11000000,972.05040000,1775917799999999,2179399.33741800,9232,371.06680000,831933.73796100,0
1775917800000000,2241.11000000,2242.14000000,2238.42000000,2239.91000000,628.20170000,1775918699999999,1407152.04556800,10887,230.12550000,515499.46895800,0
1775918700000000,2239.92000000,2242.62000000,2239.50000000,2242.10000000,294.11180000,1775919599999999,659196.65275400,6194,156.37350000,350467.43267500,0
1775919600000000,2242.10000000,2243.77000000,2241.39000000,2243.77000000,497.50730000,1775920499999999,1115623.46283100,7528,250.16620000,561001.57664800,0
1775920500000000,2243.77000000,2256.11000000,2243.49000000,2248.44000000,3970.04780000,1775921399999999,8931662.41140000,38781,2320.21970000,5219952.02412300,0
1775921400000000,2248.45000000,2249.93000000,2246.25000000,2246.59000000,1299.63160000,1775922299999999,2921685.58514600,16931,386.77750000,869443.09535300,0
1775922300000000,2246.59000000,2250.23000000,2245.49000000,2249.54000000,1288.33940000,1775923199999999,2896985.81099200,14814,399.04330000,897197.65002000,0
1775923200000000,2249.54000000,2250.29000000,2246.81000000,2249.30000000,609.38720000,1775924099999999,1370256.50866800,14725,322.45510000,725120.96941000,0
1775924100000000,2249.30000000,2250.89000000,2246.53000000,2247.41000000,521.20660000,1775924999999999,1171916.95575200,11293,167.29060000,376136.84851400,0
1775925000000000,2247.42000000,2274.42000000,2246.61000000,2263.61000000,8743.63840000,1775925899999999,19792635.03201700,61252,5657.42280000,12803201.63432100,0
1775925900000000,2263.62000000,2265.41000000,2258.62000000,2258.68000000,2920.76770000,1775926799999999,6606033.26619800,36692,1495.55120000,3382949.08072200,0
1775926800000000,2258.68000000,2261.25000000,2256.12000000,2256.57000000,1473.72450000,1775927699999999,3327966.34882200,20733,738.28420000,1667335.72327500,0
1775927700000000,2256.56000000,2260.00000000,2253.87000000,2258.41000000,1797.83330000,1775928599999999,4056119.71910600,20562,1030.86470000,2326063.31041200,0
1775928600000000,2258.41000000,2265.49000000,2258.41000000,2262.17000000,2599.73860000,1775929499999999,5882537.01885700,23470,1849.61480000,4185141.50284400,0
1775929500000000,2262.17000000,2265.00000000,2259.00000000,2260.01000000,1421.64090000,1775930399999999,3215020.61946400,12658,823.59920000,1863071.08667800,0
1775930400000000,2260.01000000,2260.88000000,2257.34000000,2260.88000000,765.46000000,1775931299999999,1729245.64195900,11238,329.61010000,744655.09851200,0
1775931300000000,2260.87000000,2264.98000000,2260.87000000,2263.01000000,1067.80430000,1775932199999999,2416396.14351100,15692,520.67560000,1178181.73395800,0
1775932200000000,2263.02000000,2311.53000000,2263.01000000,2295.67000000,29907.82150000,1775933099999999,68540517.73475500,181927,17447.56320000,39954415.15399400,0
1775933100000000,2295.66000000,2309.54000000,2295.35000000,2305.44000000,6256.82240000,1775933999999999,14411004.18525200,70161,3664.88240000,8442431.77832000,0
1775934000000000,2305.43000000,2327.66000000,2305.31000000,2314.40000000,15249.20830000,1775934899999999,35337331.05853600,116054,8812.99190000,20426732.35265400,0
1775934900000000,2314.40000000,2322.70000000,2309.90000000,2321.00000000,6384.81210000,1775935799999999,14788230.60932800,53778,3427.00560000,7938029.58947400,0
1775935800000000,2321.00000000,2329.93000000,2317.62000000,2319.01000000,7013.74760000,1775936699999999,16294791.47600700,67280,3837.23350000,8916176.02558000,0
1775936700000000,2319.00000000,2319.01000000,2312.16000000,2315.96000000,2523.49520000,1775937599999999,5842076.47740500,29287,940.69140000,2177594.64505900,0
1775937600000000,2315.96000000,2317.14000000,2305.05000000,2306.81000000,4070.59120000,1775938499999999,9402009.25569300,48440,1382.25270000,3192698.91269600,0
1775938500000000,2306.81000000,2310.97000000,2301.79000000,2303.06000000,4559.14950000,1775939399999999,10505098.44809000,34998,1765.82180000,4069386.63437300,0
1775939400000000,2303.06000000,2303.08000000,2288.32000000,2296.03000000,6793.80680000,1775940299999999,15584906.85301200,58403,2606.09170000,5976603.82967200,0
1775940300000000,2296.04000000,2302.60000000,2294.54000000,2298.32000000,2848.34740000,1775941199999999,6547803.52042900,23962,1347.96590000,3099554.53254100,0
1775941200000000,2298.32000000,2304.13000000,2292.35000000,2303.09000000,3505.26820000,1775942099999999,8059356.35985700,29663,1435.74250000,3302236.97425300,0
1775942100000000,2303.09000000,2303.16000000,2297.71000000,2298.19000000,1546.51060000,1775942999999999,3557407.58329100,20375,511.00270000,1175491.69787300,0
1775943000000000,2298.19000000,2302.42000000,2296.37000000,2297.79000000,1325.56480000,1775943899999999,3047814.32854800,18061,532.09170000,1223613.82074000,0
1775943900000000,2297.79000000,2303.65000000,2297.77000000,2299.36000000,1094.35640000,1775944799999999,2518007.38051600,18606,647.13990000,1488870.79604200,0
1775944800000000,2299.35000000,2304.99000000,2296.83000000,2303.69000000,1105.36070000,1775945699999999,2543676.54701300,19911,529.71440000,1218897.17878200,0
1775945700000000,2303.68000000,2308.00000000,2301.95000000,2305.76000000,1802.39520000,1775946599999999,4155505.14852000,19758,1163.26950000,2681881.93982600,0
1775946600000000,2305.77000000,2306.29000000,2289.03000000,2296.81000000,3407.98950000,1775947499999999,7823903.97851800,33238,1032.05030000,2369399.35781400,0
1775947500000000,2296.80000000,2297.50000000,2292.14000000,2296.88000000,1241.05800000,1775948399999999,2848513.70154700,14615,701.16850000,1609352.36462000,0
1775948400000000,2296.89000000,2296.89000000,2276.47000000,2283.92000000,5805.11440000,1775949299999999,13258864.70992200,43608,2138.50040000,4884267.86278200,0
1775949300000000,2283.93000000,2289.45000000,2283.59000000,2287.44000000,1294.78880000,1775950199999999,2961191.72965600,16472,700.40030000,1601767.60894800,0
1775950200000000,2287.44000000,2289.49000000,2284.28000000,2284.46000000,751.20830000,1775951099999999,1717926.10392000,15067,277.36610000,634343.13827100,0
1775951100000000,2284.45000000,2287.34000000,2283.77000000,2284.99000000,885.67310000,1775951999999999,2024025.65541900,10976,294.90610000,673803.92879400,0
1775952000000000,2285.00000000,2288.24000000,2273.00000000,2283.98000000,5556.66540000,1775952899999999,12676520.01713600,31395,2276.00320000,5199313.06387900,0
1775952900000000,2283.98000000,2286.70000000,2282.51000000,2283.97000000,1495.29870000,1775953799999999,3416472.91540000,20599,746.91530000,1706340.31489100,0
1775953800000000,2283.96000000,2286.35000000,2279.29000000,2280.61000000,2869.65080000,1775954699999999,6548878.51334900,15705,1409.51860000,3216967.52795200,0
1775954700000000,2280.61000000,2285.81000000,2280.61000000,2285.72000000,2029.34830000,1775955599999999,4631534.62519100,14217,1155.08730000,2636107.72749900,0
1775955600000000,2285.72000000,2288.57000000,2279.63000000,2284.34000000,1728.76170000,1775956499999999,3948833.61102200,21463,944.32060000,2157371.16262400,0
1775956500000000,2284.34000000,2286.41000000,2282.65000000,2283.66000000,638.51360000,1775957399999999,1458791.13288500,12730,381.95570000,872623.38277400,0
1775957400000000,2283.67000000,2283.67000000,2219.25000000,2227.33000000,31787.01800000,1775958299999999,71457526.94377200,226055,13783.26900000,30995735.78781700,0
1775958300000000,2227.32000000,2227.83000000,2209.14000000,2219.05000000,13098.50020000,1775959199999999,29049188.02313100,177298,6854.51480000,15201873.97777000,0
1775959200000000,2219.05000000,2229.89000000,2207.06000000,2225.31000000,7556.27910000,1775960099999999,16769516.55167400,105257,4048.05140000,8984349.56424000,0
1775960100000000,2225.31000000,2234.35000000,2218.25000000,2224.10000000,5423.60680000,1775960999999999,12075815.94238700,65370,2538.11840000,5652908.78612400,0
1775961000000000,2224.11000000,2228.73000000,2224.09000000,2226.21000000,1525.43300000,1775961899999999,3396611.86747200,27313,869.48760000,1935960.41194600,0
1775961900000000,2226.20000000,2226.63000000,2222.99000000,2223.43000000,1871.80850000,1775962799999999,4164685.25306900,22659,731.92390000,1628441.01266500,0
1775962800000000,2223.42000000,2227.15000000,2217.73000000,2222.16000000,2397.00040000,1775963699999999,5324598.45443000,27587,925.55510000,2056489.44572700,0
1775963700000000,2222.14000000,2223.57000000,2218.25000000,2219.70000000,2199.43550000,1775964599999999,4882893.48670500,21072,803.43520000,1783650.01259300,0
1775964600000000,2219.69000000,2222.11000000,2212.86000000,2216.56000000,4483.21950000,1775965499999999,9938675.35075600,34594,2383.50340000,5283505.31620600,0
1775965500000000,2216.56000000,2217.71000000,2211.99000000,2213.71000000,6676.92170000,1775966399999999,14788105.93522800,23542,3550.24160000,7862199.64361000,0
1775966400000000,2213.70000000,2216.03000000,2211.71000000,2214.92000000,6648.82800000,1775967299999999,14714724.57237600,26462,4665.47720000,10323424.45094900,0
1775967300000000,2214.92000000,2216.50000000,2209.08000000,2212.47000000,2337.76580000,1775968199999999,5171817.15040400,25783,1131.66660000,2503674.41088100,0
1775968200000000,2212.46000000,2213.93000000,2211.11000000,2213.14000000,878.44320000,1775969099999999,1943761.72463100,14822,545.56440000,1207207.85945700,0
1775969100000000,2213.13000000,2213.90000000,2210.60000000,2212.16000000,1675.80220000,1775969999999999,3707584.41505700,14061,529.95950000,1172473.28893900,0
1775970000000000,2212.17000000,2213.82000000,2208.32000000,2211.76000000,2821.66810000,1775970899999999,6240430.16713800,18806,922.39490000,2040226.01650400,0
1775970900000000,2211.75000000,2219.01000000,2209.70000000,2219.00000000,1739.49220000,1775971799999999,3852236.55588900,19616,1053.57720000,2332928.91219000,0
1775971800000000,2219.01000000,2219.96000000,2214.47000000,2215.44000000,2514.30190000,1775972699999999,5576636.36399900,16905,899.66300000,1995320.09304700,0
1775972700000000,2215.45000000,2219.27000000,2215.25000000,2217.28000000,840.86110000,1775973599999999,1864649.28921100,12807,488.24460000,1082681.33588600,0
1775973600000000,2217.28000000,2220.87000000,2217.02000000,2220.50000000,1309.94150000,1775974499999999,2906904.83846900,14757,719.74650000,1597117.82497500,0
1775974500000000,2220.49000000,2220.68000000,2217.38000000,2219.52000000,741.24760000,1775975399999999,1644683.38014400,10221,321.13700000,712598.55552400,0
1775975400000000,2219.51000000,2219.51000000,2214.85000000,2215.28000000,1071.55510000,1775976299999999,2374789.14859300,11111,251.28270000,556840.05003000,0
1775976300000000,2215.27000000,2216.97000000,2214.71000000,2216.07000000,513.02200000,1775977199999999,1136854.04116700,8619,217.04960000,480935.04772800,0
1775977200000000,2216.08000000,2216.62000000,2212.20000000,2214.00000000,1553.90260000,1775978099999999,3440502.40811100,15945,481.77810000,1066832.47393300,0
1775978100000000,2214.00000000,2215.39000000,2213.00000000,2214.94000000,737.56630000,1775978999999999,1632921.02816800,9092,338.31250000,748970.97053100,0
1775979000000000,2214.93000000,2219.23000000,2214.62000000,2218.96000000,1103.43280000,1775979899999999,2446463.96243800,11568,857.78520000,1901660.66929400,0
1775979900000000,2218.96000000,2220.48000000,2218.00000000,2218.02000000,1156.21530000,1775980799999999,2566120.93779300,7518,554.61430000,1230982.34592200,0
1775980800000000,2218.02000000,2218.26000000,2215.32000000,2216.02000000,975.65590000,1775981699999999,2162790.60379300,6674,496.89150000,1101494.91427000,0
1775981700000000,2216.02000000,2218.70000000,2216.00000000,2218.70000000,722.38960000,1775982599999999,1601745.04267400,5204,509.98470000,1130815.55489600,0
1775982600000000,2218.69000000,2219.04000000,2216.87000000,2217.97000000,1373.00520000,1775983499999999,3045634.51990900,8061,797.47090000,1769092.44912700,0
1775983500000000,2217.97000000,2217.98000000,2211.92000000,2214.00000000,2093.42730000,1775984399999999,4635485.76263600,11253,508.15580000,1125024.43383600,0
1775984400000000,2214.00000000,2214.79000000,2211.44000000,2214.78000000,1906.27220000,1775985299999999,4217879.20150200,11248,764.69970000,1692234.45403200,0
1775985300000000,2214.77000000,2216.08000000,2214.31000000,2214.31000000,1449.54970000,1775986199999999,3210774.12681900,7003,1136.21570000,2516677.77954700,0
1775986200000000,2214.32000000,2215.56000000,2212.93000000,2213.70000000,986.46660000,1775987099999999,2184445.97066300,7493,263.93230000,584461.91548700,0
1775987100000000,2213.70000000,2215.00000000,2212.21000000,2214.19000000,872.03170000,1775987999999999,1930499.85599700,7397,422.88810000,936055.11425300,0
1775988000000000,2214.20000000,2217.24000000,2213.29000000,2214.88000000,801.03160000,1775988899999999,1774066.49806700,11562,417.67300000,925139.40690800,0
1775988900000000,2214.88000000,2216.28000000,2214.07000000,2214.87000000,1169.47960000,1775989799999999,2591089.46522300,6944,576.04730000,1276352.54849600,0
1775989800000000,2214.86000000,2215.16000000,2212.75000000,2213.16000000,752.27010000,1775990699999999,1665662.24287600,7881,489.97290000,1085009.89762100,0
1775990700000000,2213.16000000,2213.21000000,2194.32000000,2201.66000000,8067.08380000,1775991599999999,17757990.62978500,55043,2851.87800000,6275911.37335900,0
1775991600000000,2201.65000000,2207.41000000,2197.54000000,2205.62000000,2632.47110000,1775992499999999,5794926.63667000,24026,1620.15820000,3567106.52613500,0
1775992500000000,2205.61000000,2205.97000000,2203.20000000,2205.92000000,922.83890000,1775993399999999,2034667.71067900,11164,404.72600000,892300.43181900,0
1775993400000000,2205.92000000,2206.05000000,2202.99000000,2204.07000000,952.10600000,1775994299999999,2098742.96893900,10052,486.55800000,1072427.39109800,0
1775994300000000,2204.07000000,2205.40000000,2203.13000000,2204.62000000,1051.68400000,1775995199999999,2318430.93919700,6646,554.80310000,1223083.84615800,0
1775995200000000,2204.62000000,2204.62000000,2200.23000000,2202.81000000,2147.71050000,1775996099999999,4730243.44750600,20156,886.23610000,1951692.48905000,0
1775996100000000,2202.82000000,2204.98000000,2202.17000000,2204.85000000,940.11580000,1775996999999999,2071576.47154000,7185,637.60060000,1404922.37396400,0
1775997000000000,2204.85000000,2208.22000000,2200.00000000,2206.82000000,1590.81150000,1775997899999999,3505633.55022700,15893,735.49710000,1621485.55966200,0
1775997900000000,2206.82000000,2207.30000000,2188.00000000,2194.76000000,8203.36930000,1775998799999999,18017242.83327300,62594,4419.55310000,9706213.30169600,0
1775998800000000,2194.76000000,2199.17000000,2187.22000000,2191.86000000,7114.88260000,1775999699999999,15596427.15206500,69132,3071.88190000,6735666.57894500,0
1775999700000000,2191.86000000,2197.22000000,2191.86000000,2195.01000000,2695.33910000,1776000599999999,5916289.38825800,22833,1457.71810000,3199770.13891400,0
1776000600000000,2195.01000000,2196.14000000,2187.68000000,2190.57000000,2566.70680000,1776001499999999,5625054.48414100,31192,950.82290000,2083642.17753200,0
1776001500000000,2190.58000000,2191.07000000,2185.17000000,2186.98000000,2909.44120000,1776002399999999,6365909.74458300,35547,843.69240000,1845680.07398000,0
1776002400000000,2186.98000000,2191.89000000,2184.04000000,2189.04000000,6235.01590000,1776003299999999,13655592.07973300,32957,4284.30140000,9385323.13882900,0
1776003300000000,2189.05000000,2193.53000000,2189.05000000,2192.61000000,1859.14580000,1776004199999999,4074413.74053500,24042,1065.69610000,2335369.65654200,0
1776004200000000,2192.61000000,2192.64000000,2179.15000000,2183.61000000,6046.32770000,1776005099999999,13210533.55399000,49282,2156.42280000,4712404.82184200,0
1776005100000000,2183.62000000,2184.70000000,2178.69000000,2180.86000000,2659.52510000,1776005999999999,5801962.94382300,33612,1202.31960000,2623055.44278900,0
1776006000000000,2180.88000000,2184.33000000,2179.94000000,2184.28000000,2360.84960000,1776006899999999,5150348.81343300,20894,1303.54260000,2843989.10365600,0
1776006900000000,2184.28000000,2184.33000000,2179.00000000,2181.05000000,1488.68000000,1776007799999999,3247480.97322900,17850,453.04880000,988399.38480800,0
1776007800000000,2181.04000000,2184.44000000,2175.00000000,2182.99000000,3039.65850000,1776008699999999,6627010.45456300,29806,1391.83070000,3035633.35554500,0
1776008700000000,2182.99000000,2188.89000000,2182.14000000,2186.47000000,1733.10170000,1776009599999999,3787787.62964600,16775,1182.56610000,2584314.12811700,0
1776009600000000,2186.47000000,2190.43000000,2184.58000000,2188.12000000,1903.84400000,1776010499999999,4165279.48184400,20288,1124.20870000,2460261.52011400,0
1776010500000000,2188.11000000,2188.12000000,2183.09000000,2186.90000000,1073.52840000,1776011399999999,2346353.42877600,13046,372.11940000,813422.99343700,0
1776011400000000,2186.91000000,2187.32000000,2183.96000000,2185.71000000,842.23630000,1776012299999999,1840782.58900900,9598,443.60400000,969522.82697700,0
1776012300000000,2185.71000000,2187.43000000,2184.43000000,2187.09000000,854.78400000,1776013199999999,1868805.17733300,10784,271.40190000,593267.04140100,0
1776013200000000,2187.09000000,2191.53000000,2187.09000000,2187.79000000,1159.31740000,1776014099999999,2538244.59478600,15709,726.12180000,1589864.35231800,0
1776014100000000,2187.79000000,2193.28000000,2187.76000000,2193.03000000,1126.09200000,1776014999999999,2468098.65493300,13531,829.00640000,1817001.78885200,0
1776015000000000,2193.03000000,2197.50000000,2193.02000000,2195.44000000,1961.21530000,1776015899999999,4305439.09557700,19203,1294.53560000,2841906.51724500,0
1776015900000000,2195.41000000,2205.00000000,2192.17000000,2203.17000000,3298.89310000,1776016799999999,7260764.13456200,32183,2215.74090000,4876806.04647800,0
1776016800000000,2203.18000000,2206.15000000,2201.43000000,2204.56000000,1928.57830000,1776017699999999,4249732.70409100,21948,1120.12170000,2468288.67047200,0
1776017700000000,2204.56000000,2207.23000000,2200.35000000,2200.67000000,1266.73650000,1776018599999999,2790813.77858700,13645,554.24310000,1221515.53052000,0
1776018600000000,2200.67000000,2206.68000000,2200.66000000,2202.94000000,1272.64650000,1776019499999999,2804513.93874300,15407,745.43290000,1642488.40768900,0
1776019500000000,2202.94000000,2203.00000000,2199.56000000,2200.60000000,1120.74190000,1776020399999999,2467100.26746300,8534,426.68550000,939138.47625100,0
1776020400000000,2200.60000000,2205.20000000,2200.49000000,2202.58000000,769.18420000,1776021299999999,1694585.57867500,9653,421.00040000,927448.54958500,0
1776021300000000,2202.58000000,2204.73000000,2201.21000000,2204.72000000,1340.13990000,1776022199999999,2951863.39821600,8221,198.37770000,437046.92508900,0
1776022200000000,2204.72000000,2205.04000000,2200.56000000,2201.24000000,486.34390000,1776023099999999,1071461.22449600,6827,177.91820000,391982.08596900,0
1776023100000000,2201.23000000,2201.65000000,2197.40000000,2198.27000000,1012.22840000,1776023999999999,2225769.73890400,9394,385.97540000,848641.90167800,0
1776024000000000,2198.27000000,2199.62000000,2194.04000000,2195.57000000,1606.21510000,1776024899999999,3527651.88828900,17868,598.31430000,1314101.90663300,0
1776024900000000,2195.58000000,2198.01000000,2193.34000000,2197.73000000,622.59970000,1776025799999999,1367422.26033700,11985,311.64360000,684531.63467700,0
1776025800000000,2197.72000000,2218.13000000,2197.57000000,2212.55000000,3763.71020000,1776026699999999,8316067.16752000,32144,2490.63300000,5502590.18932500,0
1776026700000000,2212.56000000,2215.85000000,2207.28000000,2213.53000000,2801.79850000,1776027599999999,6194324.23840500,29426,1469.95180000,3250153.90139600,0
1776027600000000,2213.54000000,2217.71000000,2206.00000000,2207.89000000,1496.55980000,1776028499999999,3309639.85155300,22546,686.28480000,1517962.16059700,0
1776028500000000,2207.89000000,2211.97000000,2207.89000000,2208.90000000,1116.73800000,1776029399999999,2467735.01232400,13697,545.40440000,1205394.40706600,0
1776029400000000,2208.90000000,2212.39000000,2205.19000000,2210.37000000,1125.47080000,1776030299999999,2485394.39634100,15966,460.21800000,1016451.19802400,0
1776030300000000,2210.38000000,2211.91000000,2206.82000000,2211.24000000,1126.93840000,1776031199999999,2489417.13806500,20443,661.02100000,1460177.03461300,0
1776031200000000,2211.24000000,2211.26000000,2187.09000000,2196.55000000,8834.66190000,1776032099999999,19396582.51750300,142445,3962.27310000,8700280.56688400,0
1776032100000000,2196.55000000,2198.58000000,2184.52000000,2188.34000000,3835.63670000,1776032999999999,8403419.38654900,64631,1983.30780000,4346185.22258700,0
1776033000000000,2188.33000000,2201.54000000,2183.99000000,2196.78000000,3271.74050000,1776033899999999,7175783.33612500,53732,2162.14980000,4744038.01841500,0
1776033900000000,2196.78000000,2200.45000000,2193.77000000,2199.37000000,1047.22770000,1776034799999999,2300899.89679300,24120,645.34800000,1417880.72233500,0
1776034800000000,2199.36000000,2199.36000000,2188.42000000,2189.42000000,1977.02120000,1776035699999999,4334646.64409000,40512,726.66060000,1593199.98936000,0
1776035700000000,2189.42000000,2193.39000000,2187.26000000,2191.68000000,1358.44850000,1776036599999999,2975236.10192600,30715,565.25000000,1237997.30516200,0
1776036600000000,2191.67000000,2191.67000000,2186.35000000,2190.93000000,1726.50880000,1776037499999999,3778933.90902000,28147,805.17260000,1762269.93352100,0
1776037500000000,2190.93000000,2194.22000000,2186.51000000,2191.65000000,1729.14490000,1776038399999999,3790009.26788400,27110,553.17740000,1212298.07734300,0
1776038400000000,2191.64000000,2196.66000000,2187.20000000,2196.00000000,2217.03000000,1776039299999999,4859923.09969100,42481,1124.37930000,2464739.74478000,0
1776039300000000,2195.99000000,2204.78000000,2193.70000000,2200.26000000,2002.28040000,1776040199999999,4404508.30908100,34393,1142.36830000,2512400.68467100,0
1776040200000000,2200.26000000,2204.38000000,2197.11000000,2198.65000000,3441.34030000,1776041099999999,7577670.76748000,38716,1095.56920000,2411866.97876900,0
1776041100000000,2198.66000000,2208.32000000,2197.88000000,2205.18000000,2696.90650000,1776041999999999,5943655.42717900,32293,2059.23610000,4538113.79650900,0
1776042000000000,2205.18000000,2209.05000000,2203.17000000,2203.61000000,1663.94990000,1776042899999999,3670214.85597800,33866,905.44220000,1997025.20470200,0
1776042900000000,2203.61000000,2204.90000000,2201.33000000,2203.20000000,991.83140000,1776043799999999,2185045.69015200,16914,470.52840000,1036568.39527900,0
1776043800000000,2203.24000000,2207.36000000,2200.55000000,2204.19000000,1648.42380000,1776044699999999,3633707.91751100,24086,651.88740000,1436913.32730300,0
1776044700000000,2204.18000000,2205.09000000,2202.20000000,2203.69000000,1126.85780000,1776045599999999,2483047.95987100,15330,487.27970000,1073729.01695500,0
1776045600000000,2203.68000000,2205.84000000,2192.49000000,2194.36000000,1752.59690000,1776046499999999,3853212.53196900,24446,487.52580000,1071715.55654700,0
1776046500000000,2194.37000000,2203.76000000,2194.37000000,2201.56000000,939.74940000,1776047399999999,2066021.76141300,20983,536.90020000,1180391.40336100,0
1776047400000000,2201.56000000,2203.74000000,2193.56000000,2193.84000000,2258.86610000,1776048299999999,4963585.01765500,23180,556.23980000,1222413.53857300,0
1776048300000000,2193.84000000,2195.86000000,2192.57000000,2194.22000000,503.24830000,1776049199999999,1104193.23668300,14859,299.02720000,656115.74931100,0
1776049200000000,2194.23000000,2194.66000000,2190.10000000,2192.46000000,2103.53300000,1776050099999999,4611731.00901100,22296,929.29720000,2038137.54069900,0
1776050100000000,2192.46000000,2195.80000000,2191.16000000,2193.63000000,1457.85410000,1776050999999999,3197980.45012500,17100,892.21520000,1957220.58171900,0
1776051000000000,2193.62000000,2194.67000000,2190.24000000,2193.64000000,982.54080000,1776051899999999,2154886.14422400,16542,656.23620000,1439319.82679500,0
1776051900000000,2193.64000000,2194.85000000,2191.83000000,2194.36000000,668.46980000,1776052799999999,1466288.27699300,8191,419.94470000,921200.30975000,0
1776052800000000,2194.36000000,2195.67000000,2191.48000000,2193.07000000,849.74050000,1776053699999999,1863755.40311500,12533,539.11730000,1182455.97163700,0
1776053700000000,2193.08000000,2195.59000000,2191.76000000,2194.99000000,893.41110000,1776054599999999,1959876.96470000,11347,484.68540000,1063236.82333100,0
1776054600000000,2194.99000000,2199.14000000,2194.67000000,2196.27000000,1547.24010000,1776055499999999,3400025.66993500,14706,1099.86280000,2416833.06772500,0
1776055500000000,2196.27000000,2196.27000000,2187.58000000,2190.26000000,1658.50980000,1776056399999999,3633852.00705800,23170,482.53540000,1057338.81549700,0
1776056400000000,2190.25000000,2190.89000000,2186.06000000,2187.09000000,1355.53030000,1776057299999999,2966587.34756400,18254,634.63270000,1389154.23129600,0
1776057300000000,2187.08000000,2189.05000000,2184.38000000,2188.79000000,1183.03930000,1776058199999999,2587517.23240800,18069,560.56870000,1226208.46896900,0
1776058200000000,2188.79000000,2188.79000000,2182.22000000,2185.18000000,1726.25070000,1776059099999999,3773275.12094700,22761,589.70710000,1288951.39338500,0
1776059100000000,2185.17000000,2191.35000000,2185.17000000,2191.34000000,2890.26960000,1776059999999999,6327295.00130100,17119,1843.72550000,4035752.25651900,0
1776060000000000,2191.34000000,2196.15000000,2190.32000000,2195.27000000,3437.24230000,1776060899999999,7541465.58103800,25522,2317.57170000,5084462.28707900,0
1776060900000000,2195.28000000,2199.41000000,2194.44000000,2196.58000000,2987.03180000,1776061799999999,6563221.49029000,22981,2181.37870000,4793239.24998900,0
1776061800000000,2196.58000000,2200.34000000,2194.90000000,2199.48000000,2202.40960000,1776062699999999,4837974.45330700,16747,1501.49730000,3298674.32246100,0
1776062700000000,2199.48000000,2201.45000000,2196.74000000,2198.49000000,2742.96970000,1776063599999999,6030777.64638300,19653,1670.52700000,3672606.58707800,0
1776063600000000,2198.49000000,2199.76000000,2192.51000000,2192.88000000,1878.14620000,1776064499999999,4123128.34581400,19691,1086.38850000,2385130.00201300,0
1776064500000000,2192.88000000,2192.88000000,2183.11000000,2184.44000000,4627.86050000,1776065399999999,10120129.56122900,31789,2316.58780000,5065346.04445700,0
1776065400000000,2184.45000000,2188.22000000,2184.21000000,2186.67000000,2029.26000000,1776066299999999,4435609.38905000,21762,1174.45460000,2567231.98869900,0
1776066300000000,2186.66000000,2189.57000000,2186.00000000,2186.56000000,1182.85140000,1776067199999999,2587985.14410300,10854,806.46060000,1764448.97203700,0
1776067200000000,2186.57000000,2189.65000000,2183.60000000,2183.82000000,2418.75300000,1776068099999999,5287899.27682300,21590,1131.03050000,2473059.02282500,0
1776068100000000,2183.82000000,2187.01000000,2181.55000000,2185.69000000,1798.45940000,1776068999999999,3928180.13061300,23312,740.15750000,1616648.42493600,0
1776069000000000,2185.69000000,2185.69000000,2180.00000000,2181.59000000,2594.92600000,1776069899999999,5663439.19112200,27718,692.07400000,1511022.34106000,0
1776069900000000,2181.59000000,2185.84000000,2180.49000000,2185.28000000,1083.05150000,1776070799999999,2364419.93137300,16865,611.23850000,1334724.55381300,0
1776070800000000,2185.28000000,2195.34000000,2185.28000000,2189.21000000,1591.30880000,1776071699999999,3486375.36798800,34622,912.82030000,1999778.24074100,0
1776071700000000,2189.22000000,2191.76000000,2187.82000000,2190.24000000,853.37380000,1776072599999999,1868781.61956100,15888,463.93680000,1015942.50307600,0
1776072600000000,2190.24000000,2190.62000000,2188.23000000,2189.65000000,548.54360000,1776073499999999,1201002.52151700,11889,319.34750000,699176.39389900,0
1776073500000000,2189.65000000,2189.65000000,2187.23000000,2188.08000000,891.19640000,1776074399999999,1950438.99302400,10634,592.08520000,1295821.43509900,0
1776074400000000,2188.08000000,2188.78000000,2185.29000000,2187.21000000,884.53750000,1776075299999999,1934638.19475100,15667,477.95090000,1045338.77359100,0
1776075300000000,2187.21000000,2187.21000000,2182.12000000,2182.53000000,994.56160000,1776076199999999,2172304.82035500,19619,426.30950000,931053.36406500,0
1776076200000000,2182.53000000,2185.53000000,2179.00000000,2183.52000000,1636.35830000,1776077099999999,3571222.27453700,21703,750.96670000,1639405.34180400,0
1776077100000000,2183.52000000,2185.92000000,2181.15000000,2183.41000000,1032.71890000,1776077999999999,2255187.88698600,15640,577.70220000,1261547.58594900,0
1776078000000000,2183.41000000,2187.59000000,2182.45000000,2186.00000000,1289.27050000,1776078899999999,2818134.50719700,21639,689.60160000,1507238.41140400,0
1776078900000000,2185.99000000,2187.38000000,2184.56000000,2186.55000000,642.81840000,1776079799999999,1405302.64465000,14524,388.91680000,850229.91053600,0
1776079800000000,2186.56000000,2189.92000000,2185.00000000,2189.12000000,1389.88330000,1776080699999999,3039838.73480300,18923,703.43340000,1538498.34359400,0
1776080700000000,2189.13000000,2190.96000000,2187.01000000,2187.33000000,967.79440000,1776081599999999,2118663.13055900,18670,463.78760000,1015362.38794000,0
1776081600000000,2187.33000000,2188.96000000,2183.63000000,2186.56000000,2311.76170000,1776082499999999,5053967.91978000,29336,1314.25990000,2873306.25086100,0
1776082500000000,2186.56000000,2186.77000000,2180.34000000,2180.34000000,1254.28780000,1776083399999999,2739208.87154300,15752,550.72150000,1202678.41005300,0
1776083400000000,2180.34000000,2183.31000000,2175.68000000,2179.66000000,3176.08970000,1776084299999999,6920120.06916500,32187,1381.81840000,3010920.26750700,0
1776084300000000,2179.67000000,2200.00000000,2179.66000000,2192.25000000,10030.49450000,1776085199999999,21992736.41914300,61053,6600.24380000,14468605.96656200,0
1776085200000000,2192.30000000,2200.42000000,2192.30000000,2200.20000000,4221.98270000,1776086099999999,9275869.28022300,41006,3197.19780000,7024553.74093300,0
1776086100000000,2200.20000000,2202.10000000,2195.50000000,2196.81000000,3631.32050000,1776086999999999,7982651.42216100,38860,2168.69010000,4767399.66790900,0
1776087000000000,2196.81000000,2198.67000000,2181.40000000,2187.84000000,6402.45230000,1776087899999999,14015241.91524200,78502,3433.42530000,7516687.30631600,0
1776087900000000,2187.85000000,2215.62000000,2182.90000000,2215.47000000,16179.62440000,1776088799999999,35650841.05690900,150724,9199.21010000,20274328.32036500,0
1776088800000000,2215.46000000,2218.30000000,2203.45000000,2208.05000000,6073.36950000,1776089699999999,13420201.24139500,90909,2980.30280000,6585482.99240100,0
1776089700000000,2208.04000000,2213.00000000,2203.74000000,2211.31000000,4940.29990000,1776090599999999,10910740.35909000,74563,2723.18510000,6015663.85850200,0
1776090600000000,2211.31000000,2227.65000000,2210.74000000,2225.85000000,8066.62700000,1776091499999999,17901425.38327100,86813,5230.50020000,11607968.28514600,0
1776091500000000,2225.86000000,2235.03000000,2218.25000000,2234.18000000,11991.53600000,1776092399999999,26679175.93979000,93497,5954.94960000,13257417.42222300,0
1776092400000000,2234.18000000,2236.43000000,2215.77000000,2220.35000000,9568.25650000,1776093299999999,21303371.46699100,88815,3262.49550000,7260178.94267400,0
1776093300000000,2220.36000000,2220.93000000,2211.27000000,2214.00000000,7019.88430000,1776094199999999,15555002.06862200,58971,1905.47530000,4222397.48159700,0
1776094200000000,2214.00000000,2214.00000000,2199.52000000,2206.72000000,6532.20740000,1776095099999999,14410978.38374300,96411,2633.04870000,5806922.59008100,0
1776095100000000,2206.71000000,2210.00000000,2201.33000000,2209.28000000,2859.16830000,1776095999999999,6307813.54286900,44200,1895.73320000,4182341.85258000,0
1776096000000000,2209.28000000,2219.24000000,2200.00000000,2219.20000000,4151.97360000,1776096899999999,9173899.48723100,67661,2466.30530000,5450418.35083500,0
1776096900000000,2219.21000000,2227.62000000,2215.46000000,2226.16000000,3570.89820000,1776097799999999,7935391.97308600,68661,1538.58950000,3419598.98938200,0
1776097800000000,2226.17000000,2233.62000000,2223.86000000,2227.96000000,4962.06070000,1776098699999999,11056643.85912400,90208,2318.29180000,5166591.42115900,0
1776098700000000,2227.97000000,2234.62000000,2221.98000000,2225.86000000,3575.38280000,1776099599999999,7964406.12348800,63194,1376.90230000,3067686.08428400,0
1776099600000000,2225.85000000,2230.66000000,2222.76000000,2225.79000000,1875.54010000,1776100499999999,4175293.33915000,38237,765.50340000,1704704.00731900,0
1776100500000000,2225.79000000,2232.95000000,2224.51000000,2232.62000000,1713.53350000,1776101399999999,3819278.71631800,33906,741.88460000,1653950.54831400,0
1776101400000000,2232.62000000,2242.90000000,2232.52000000,2235.86000000,4787.86310000,1776102299999999,10714113.72304200,62880,2533.40760000,5669490.34764200,0
1776102300000000,2235.87000000,2237.63000000,2222.50000000,2225.13000000,3673.73880000,1776103199999999,8193191.44393000,42550,1662.66210000,3711966.84744000,0
1776103200000000,2225.12000000,2231.32000000,2223.99000000,2227.38000000,2075.73110000,1776104099999999,4623690.02576100,34478,987.53630000,2199584.65966100,0
1776104100000000,2227.37000000,2229.26000000,2218.53000000,2221.97000000,1921.15790000,1776104999999999,4270351.94913800,36867,614.85490000,1366768.89435400,0
1776105000000000,2221.96000000,2233.60000000,2221.96000000,2231.01000000,1841.81780000,1776105899999999,4106141.76146000,28170,1141.46330000,2544799.08087600,0
1776105900000000,2231.01000000,2233.63000000,2228.01000000,2232.23000000,819.08840000,1776106799999999,1827723.88742700,22614,347.56060000,775540.60236900,0
1776106800000000,2232.22000000,2235.42000000,2227.72000000,2228.24000000,1670.42520000,1776107699999999,3728008.66821500,23976,809.71390000,1807820.13105200,0
1776107700000000,2228.24000000,2244.95000000,2228.24000000,2242.08000000,7156.17170000,1776108599999999,16030706.52929400,69293,3922.39180000,8785220.88672900,0
1776108600000000,2242.09000000,2256.25000000,2240.87000000,2251.13000000,9302.73060000,1776109499999999,20931288.10226800,85123,6038.60020000,13587151.58796500,0
1776109500000000,2251.13000000,2268.88000000,2251.13000000,2262.33000000,11712.54530000,1776110399999999,26499311.68636900,112181,6894.97570000,15599051.33553700,0
1776110400000000,2262.33000000,2263.48000000,2249.26000000,2249.66000000,5981.56450000,1776111299999999,13495758.32241400,50839,1692.23770000,3819108.83075700,0
1776111300000000,2249.67000000,2254.05000000,2247.50000000,2254.05000000,2952.17110000,1776112199999999,6643771.43978200,32539,1235.49900000,2780651.17154900,0
1776112200000000,2254.05000000,2259.17000000,2251.93000000,2255.38000000,3010.10780000,1776113099999999,6789872.84553700,38462,1621.57890000,3658382.77500900,0
1776113100000000,2255.38000000,2257.26000000,2249.52000000,2252.49000000,2236.70860000,1776113999999999,5038928.29669100,23970,845.29730000,1904553.95570100,0
1776114000000000,2252.49000000,2259.50000000,2249.62000000,2256.03000000,2042.63430000,1776114899999999,4604785.86063400,24577,1232.74330000,2779271.91705000,0
1776114900000000,2256.03000000,2259.46000000,2251.99000000,2253.74000000,1365.81330000,1776115799999999,3079606.89325100,18016,609.53440000,1374379.75134700,0
1776115800000000,2253.75000000,2266.66000000,2253.54000000,2261.33000000,2568.70390000,1776116699999999,5806908.99198800,25974,1762.03860000,3983217.85540300,0
1776116700000000,2261.33000000,2264.42000000,2256.96000000,2260.07000000,2178.55190000,1776117599999999,4924565.93204200,33990,903.65690000,2042576.08807800,0
1776117600000000,2260.07000000,2305.11000000,2259.81000000,2295.42000000,17468.88600000,1776118499999999,39902043.05575300,113427,10403.80640000,23756003.35005800,0
1776118500000000,2295.42000000,2337.20000000,2294.82000000,2325.44000000,35469.08960000,1776119399999999,82345679.85088300,282845,17019.76890000,39509685.66660500,0
1776119400000000,2325.45000000,2347.00000000,2325.45000000,2344.17000000,21708.99920000,1776120299999999,50793506.29640700,170923,10511.39950000,24593180.99144800,0
1776120300000000,2344.17000000,2363.94000000,2341.20000000,2352.74000000,21227.82940000,1776121199999999,49920575.59818600,168158,13074.33330000,30751071.67422000,0
1776121200000000,2352.74000000,2359.55000000,2341.53000000,2353.76000000,13138.13110000,1776122099999999,30885143.91737700,136607,6208.34690000,14598651.53832500,0
1776122100000000,2353.76000000,2394.71000000,2347.61000000,2387.99000000,50071.58470000,1776122999999999,118934224.87793100,259257,26589.72560000,63127270.22676200,0
1776123000000000,2387.99000000,2390.96000000,2371.79000000,2373.01000000,13461.77010000,1776123899999999,32018876.06992000,106329,6273.63710000,14915232.62544500,0
1776123900000000,2373.02000000,2376.64000000,2368.61000000,2369.46000000,9653.46560000,1776124799999999,22906002.68310300,78509,4079.26310000,9679107.01112600,0
1776124800000000,2369.46000000,2375.90000000,2364.50000000,2367.56000000,7876.37950000,1776125699999999,18661818.93862400,79784,4032.08980000,9554811.14190100,0
1776125700000000,2367.57000000,2374.51000000,2364.65000000,2366.56000000,7746.98790000,1776126599999999,18353304.92368900,60746,3249.72330000,7700160.96707400,0
1776126600000000,2366.56000000,2371.50000000,2363.21000000,2369.86000000,5211.44110000,1776127499999999,12338208.09599800,51284,3223.85250000,7633679.28702500,0
1776127500000000,2369.87000000,2370.10000000,2359.55000000,2361.00000000,6243.29600000,1776128399999999,14755762.13627800,48727,2810.00190000,6641460.09582300,0
1776128400000000,2361.01000000,2365.42000000,2354.60000000,2365.37000000,8460.78390000,1776129299999999,19964608.66208500,52257,3310.21210000,7813733.84894200,0
1776129300000000,2365.37000000,2369.50000000,2362.13000000,2363.55000000,4383.34910000,1776130199999999,10369235.93796700,39784,2646.94170000,6261361.30215100,0
1776130200000000,2363.54000000,2369.53000000,2361.00000000,2367.29000000,4570.70720000,1776131099999999,10808154.50413300,33937,2681.08210000,6341709.80592400,0
1776131100000000,2367.29000000,2373.42000000,2366.30000000,2368.70000000,4434.98690000,1776131999999999,10509286.43683800,34811,2549.36530000,6040807.74505100,0
1776132000000000,2368.70000000,2375.57000000,2368.69000000,2374.57000000,4071.06120000,1776132899999999,9654596.08507000,38925,2061.48570000,4889893.99281100,0
1776132900000000,2374.56000000,2378.06000000,2370.50000000,2370.51000000,2762.01840000,1776133799999999,6558064.17107200,30708,1628.88080000,3867923.26688300,0
1776133800000000,2370.51000000,2375.00000000,2366.22000000,2372.55000000,3766.11510000,1776134699999999,8925751.81585000,30106,1846.63780000,4377095.10604400,0
1776134700000000,2372.55000000,2373.22000000,2367.05000000,2367.62000000,4325.79170000,1776135599999999,10252734.71042200,23301,2339.57490000,5545198.93274600,0
1776135600000000,2367.62000000,2370.53000000,2366.43000000,2366.75000000,2308.44390000,1776136499999999,5467214.73380600,23725,1176.96690000,2787392.51422300,0
1776136500000000,2366.76000000,2367.87000000,2361.55000000,2363.30000000,3201.60680000,1776137399999999,7572501.75680900,21879,1456.16530000,3444466.67834900,0
1776137400000000,2363.30000000,2369.53000000,2362.95000000,2368.48000000,2624.50980000,1776138299999999,6211584.62082900,24752,1638.38110000,3877673.43997400,0
1776138300000000,2368.48000000,2369.00000000,2365.00000000,2365.50000000,2445.37400000,1776139199999999,5788681.75545300,20613,1195.08930000,2828897.84021500,0
1776139200000000,2365.50000000,2368.38000000,2363.35000000,2365.97000000,1807.53510000,1776140099999999,4275853.49035700,21448,1084.20080000,2564781.84423800,0
1776140100000000,2365.98000000,2368.03000000,2364.24000000,2366.35000000,1685.94570000,1776140999999999,3988938.14698500,20528,972.80530000,2301673.66763700,0
1776141000000000,2366.35000000,2366.97000000,2363.75000000,2364.39000000,2139.47200000,1776141899999999,5061183.62913500,19627,1320.18830000,3123094.94767700,0
1776141900000000,2364.40000000,2365.65000000,2361.81000000,2364.33000000,2342.44070000,1776142799999999,5537025.52366400,23301,1121.33570000,2650872.40593300,0
1776142800000000,2364.34000000,2364.62000000,2361.84000000,2362.40000000,2426.23040000,1776143699999999,5732786.70511400,18010,1196.12420000,2826195.43027700,0
1776143700000000,2362.40000000,2369.55000000,2360.50000000,2367.00000000,4810.54770000,1776144599999999,11376122.06036200,32087,2442.18180000,5775748.45750600,0
1776144600000000,2367.00000000,2367.00000000,2361.70000000,2362.40000000,2971.47460000,1776145499999999,7025280.62696000,24652,1386.91050000,3278915.08632000,0
1776145500000000,2362.39000000,2362.40000000,2354.76000000,2355.49000000,5368.77030000,1776146399999999,12658007.63053500,22936,2063.69780000,4864902.11810300,0
1776146400000000,2355.49000000,2363.51000000,2355.49000000,2361.07000000,4113.95650000,1776147299999999,9711152.93439200,25366,2254.17880000,5321001.00122800,0
1776147300000000,2361.08000000,2367.45000000,2359.84000000,2366.36000000,2629.91470000,1776148199999999,6218979.73659000,21514,1805.32660000,4268772.11443600,0
1776148200000000,2366.36000000,2369.44000000,2365.01000000,2367.64000000,2422.91470000,1776149099999999,5735684.46519800,19762,1487.80080000,3521958.83546200,0
1776149100000000,2367.64000000,2376.68000000,2367.13000000,2373.08000000,4690.55900000,1776149999999999,11129900.14250200,33837,3163.58780000,7506178.76109300,0
1776150000000000,2373.08000000,2389.99000000,2371.23000000,2382.56000000,10497.50860000,1776150899999999,24983246.21898500,92252,6099.57640000,14517209.14167200,0
1776150900000000,2382.57000000,2384.00000000,2377.93000000,2380.34000000,4566.64020000,1776151799999999,10872958.85182100,34541,2007.38230000,4779643.64706700,0
1776151800000000,2380.33000000,2380.85000000,2371.32000000,2371.32000000,5182.11240000,1776152699999999,12305860.10248700,37772,2077.28090000,4931980.81445400,0
1776152700000000,2371.32000000,2377.92000000,2370.59000000,2377.91000000,6200.09840000,1776153599999999,14721779.57338000,22664,2417.94840000,5741352.13131700,0
1776153600000000,2377.92000000,2380.00000000,2374.04000000,2377.35000000,2651.76980000,1776154499999999,6304962.72536500,25067,1507.88670000,3585081.51186900,0
1776154500000000,2377.36000000,2380.35000000,2375.58000000,2380.16000000,3676.32670000,1776155399999999,8740883.65221600,29066,1483.58420000,3527516.11423100,0
1776155400000000,2380.15000000,2396.03000000,2378.48000000,2387.88000000,13972.99580000,1776156299999999,33375993.54138500,93977,8211.11230000,19612918.87855500,0
1776156300000000,2387.88000000,2390.12000000,2385.77000000,2387.61000000,4627.11780000,1776157199999999,11049178.82499200,43718,2303.72880000,5501025.03737900,0
1776157200000000,2387.62000000,2392.95000000,2385.56000000,2392.53000000,4066.82940000,1776158099999999,9720901.01287200,50607,2330.56940000,5570786.94867100,0
1776158100000000,2392.53000000,2394.73000000,2387.22000000,2389.81000000,3076.07330000,1776158999999999,7353300.45193000,39057,1696.83940000,4056657.57772000,0
1776159000000000,2389.80000000,2393.52000000,2385.95000000,2387.00000000,3517.67650000,1776159899999999,8404236.70756500,34367,1886.41060000,4507511.56144200,0
1776159900000000,2386.99000000,2388.62000000,2382.82000000,2387.14000000,2756.00410000,1776160799999999,6575495.64564900,25761,1496.19250000,3570034.02594300,0
1776160800000000,2387.14000000,2387.85000000,2382.48000000,2384.95000000,3151.77540000,1776161699999999,7517498.09239300,26399,1271.76860000,3033312.58419100,0
1776161700000000,2384.95000000,2386.07000000,2381.26000000,2383.40000000,3093.79890000,1776162599999999,7375027.39357100,25026,1791.33140000,4270692.39656600,0
1776162600000000,2383.41000000,2385.51000000,2375.06000000,2375.59000000,3115.90330000,1776163499999999,7415816.71004900,37974,1245.80860000,2965957.94229500,0
1776163500000000,2375.59000000,2377.89000000,2373.00000000,2375.08000000,3686.13650000,1776164399999999,8755727.10830100,21003,2361.55380000,5609461.06518400,0
1776164400000000,2375.08000000,2376.24000000,2373.08000000,2373.66000000,3963.82570000,1776165299999999,9411354.49797500,26693,2836.49010000,6734494.57865000,0
1776165300000000,2373.65000000,2376.24000000,2368.56000000,2369.45000000,3784.04640000,1776166199999999,8980228.82102800,23348,1952.80600000,4634835.04622300,0
1776166200000000,2369.46000000,2374.49000000,2367.61000000,2372.06000000,2172.83020000,1776167099999999,5151448.54670600,22992,1199.51730000,2844130.37497400,0
1776167100000000,2372.05000000,2377.91000000,2371.69000000,2374.53000000,4858.21650000,1776167999999999,11539978.18312400,39098,2724.16680000,6470003.11516300,0
1776168000000000,2374.54000000,2377.31000000,2368.56000000,2369.70000000,4197.74260000,1776168899999999,9959276.70684400,38552,1480.87400000,3514196.68250100,0
1776168900000000,2369.71000000,2373.73000000,2368.73000000,2372.64000000,2582.90390000,1776169799999999,6124291.50237500,32792,1522.15720000,3609066.16226100,0
1776169800000000,2372.63000000,2377.74000000,2370.21000000,2370.89000000,3835.07750000,1776170699999999,9104540.76215800,43776,1608.31530000,3818554.02672000,0
1776170700000000,2370.90000000,2375.38000000,2370.65000000,2373.94000000,1662.63550000,1776171599999999,3946340.40626100,15902,944.21880000,2241175.31979300,0
1776171600000000,2373.95000000,2381.91000000,2372.67000000,2381.00000000,2579.86620000,1776172499999999,6136734.10805400,25006,1732.69880000,4121669.29026900,0
1776172500000000,2381.00000000,2384.44000000,2373.96000000,2373.96000000,5183.09240000,1776173399999999,12344074.90257900,28500,1910.75590000,4551632.06096600,0
1776173400000000,2373.97000000,2395.97000000,2373.97000000,2390.01000000,18875.33510000,1776174299999999,45068666.62250000,97839,10154.79770000,24240884.87730100,0
1776174300000000,2390.01000000,2393.63000000,2384.49000000,2391.50000000,10417.90760000,1776175199999999,24903194.74902200,74580,4674.08970000,11173569.65907900,0
1776175200000000,2391.51000000,2394.07000000,2378.21000000,2383.14000000,8840.33620000,1776176099999999,21086188.73621700,71240,4124.00900000,9837299.99004000,0
1776176100000000,2383.14000000,2393.79000000,2380.11000000,2392.26000000,7302.59920000,1776176999999999,17432129.76390000,52418,4468.75560000,10667234.10478600,0
1776177000000000,2392.26000000,2415.50000000,2365.90000000,2371.35000000,31227.05920000,1776177899999999,74732171.01581800,161817,13625.24540000,32648104.22241000,0
1776177900000000,2371.35000000,2373.40000000,2352.59000000,2353.05000000,17111.53970000,1776178799999999,40418377.06851000,92057,9793.07860000,23126793.81416200,0
1776178800000000,2353.05000000,2357.81000000,2332.72000000,2342.19000000,18816.39050000,1776179699999999,44150837.45317200,123122,8553.45050000,20076326.91948500,0
1776179700000000,2342.19000000,2347.60000000,2338.93000000,2341.47000000,7894.55870000,1776180599999999,18498067.14697900,51272,4722.51790000,11066246.67375400,0
1776180600000000,2341.47000000,2367.02000000,2340.72000000,2366.35000000,8530.16260000,1776181499999999,20102282.03868100,56415,5782.79020000,13625736.11738100,0
1776181500000000,2366.35000000,2372.12000000,2361.80000000,2364.63000000,5950.19150000,1776182399999999,14086535.85079600,47864,3148.76210000,7455533.02763400,0
1776182400000000,2364.62000000,2371.48000000,2358.55000000,2361.16000000,5864.50210000,1776183299999999,13878459.51786600,47192,2549.44860000,6035399.70363700,0
1776183300000000,2361.16000000,2362.00000000,2347.70000000,2353.01000000,4661.12000000,1776184199999999,10974649.65072900,45968,1258.72210000,2963766.36712900,0
1776184200000000,2353.00000000,2354.53000000,2345.00000000,2350.81000000,3271.84340000,1776185099999999,7690135.84649200,36733,1040.87800000,2446571.59137000,0
1776185100000000,2350.80000000,2351.28000000,2329.56000000,2334.00000000,6918.38790000,1776185999999999,16185074.25259600,58270,2521.54420000,5899406.56918700,0
1776186000000000,2334.00000000,2340.17000000,2329.41000000,2338.58000000,4455.44570000,1776186899999999,10403375.80789000,47023,1876.53290000,4382081.47817600,0
1776186900000000,2338.58000000,2345.49000000,2334.80000000,2334.81000000,2471.18920000,1776187799999999,5782983.45210100,29273,896.37480000,2098112.59264900,0
1776187800000000,2334.80000000,2337.18000000,2323.66000000,2332.75000000,5723.86980000,1776188699999999,13330267.60339400,58579,2311.33940000,5382872.09513400,0
1776188700000000,2332.75000000,2338.39000000,2330.97000000,2338.37000000,1545.47920000,1776189599999999,3609227.07067000,24939,725.71470000,1694920.77352600,0
1776189600000000,2338.37000000,2344.69000000,2337.53000000,2339.27000000,6410.98570000,1776190499999999,15015362.37800000,33897,1753.25450000,4105820.54617700,0
1776190500000000,2339.27000000,2342.11000000,2329.56000000,2334.77000000,3108.12130000,1776191399999999,7258801.13586100,51046,1167.79020000,2727496.61301900,0
1776191400000000,2334.77000000,2337.84000000,2322.53000000,2326.45000000,3699.86070000,1776192299999999,8615931.99293300,45290,1279.50430000,2980382.04853700,0
1776192300000000,2326.45000000,2327.94000000,2309.28000000,2313.89000000,9436.06060000,1776193199999999,21850626.80843500,68598,3505.07210000,8116911.89237000,0
1776193200000000,2313.89000000,2322.73000000,2311.00000000,2317.68000000,3905.78370000,1776194099999999,9053906.60027800,32543,1929.25740000,4471365.64668400,0
1776194100000000,2317.67000000,2321.55000000,2302.90000000,2313.74000000,4716.79590000,1776194999999999,10899844.75836000,45131,1705.57800000,3941487.67524900,0
1776195000000000,2313.73000000,2317.89000000,2308.95000000,2310.65000000,4047.31730000,1776195899999999,9359162.46887600,36054,2214.41760000,5120772.26168400,0
1776195900000000,2310.64000000,2314.25000000,2308.63000000,2313.32000000,2934.12630000,1776196799999999,6782536.03860700,35551,1648.92010000,3811427.02002800,0
1776196800000000,2313.32000000,2322.73000000,2311.94000000,2320.87000000,2431.41000000,1776197699999999,5635603.09119500,28875,1280.36100000,2968276.95636800,0
1776197700000000,2320.86000000,2321.54000000,2308.72000000,2311.43000000,1897.80160000,1776198599999999,4392193.31313800,20060,596.74510000,1381090.94609500,0
1776198600000000,2311.43000000,2314.76000000,2308.53000000,2314.39000000,979.93950000,1776199499999999,2265833.96058200,12942,450.16980000,1040900.92188600,0
1776199500000000,2314.39000000,2317.50000000,2310.24000000,2315.10000000,1229.92240000,1776200399999999,2846008.40722500,16036,450.98400000,1043730.64774100,0
1776200400000000,2315.10000000,2326.00000000,2314.87000000,2320.16000000,2543.78530000,1776201299999999,5902860.34417900,23997,1538.18370000,3569101.55121500,0
1776201300000000,2320.16000000,2321.82000000,2315.43000000,2321.47000000,1359.46050000,1776202199999999,3151794.47779700,15294,717.47910000,1663404.35178300,0
1776202200000000,2321.46000000,2322.23000000,2316.31000000,2319.40000000,998.50140000,1776203099999999,2315263.48970000,14680,523.67630000,1214281.82377500,0
1776203100000000,2319.39000000,2326.21000000,2317.34000000,2323.72000000,1331.69130000,1776203999999999,3092276.27521900,19138,649.65010000,1508265.29700400,0
1776204000000000,2323.72000000,2332.35000000,2320.23000000,2328.21000000,5105.90050000,1776204899999999,11873314.22781100,38945,2099.18380000,4884570.90830500,0
1776204900000000,2328.21000000,2328.21000000,2313.70000000,2314.40000000,1848.64850000,1776205799999999,4288726.61409100,25011,561.77160000,1303121.52457400,0
1776205800000000,2314.40000000,2320.00000000,2311.75000000,2312.49000000,1714.21020000,1776206699999999,3968033.74122300,26566,770.21580000,1783005.31262900,0
1776206700000000,2312.48000000,2317.48000000,2312.02000000,2314.99000000,1062.29050000,1776207599999999,2458883.81258300,18326,510.04020000,1180690.54449300,0
1776207600000000,2314.99000000,2321.28000000,2314.32000000,2318.93000000,1025.59790000,1776208499999999,2377641.39289200,18487,538.82780000,1249111.92148800,0
1776208500000000,2318.92000000,2322.32000000,2317.31000000,2319.44000000,1099.08870000,1776209399999999,2550082.06903300,14239,618.06800000,1434179.82007300,0
1776209400000000,2319.45000000,2326.65000000,2319.42000000,2324.28000000,1236.05180000,1776210299999999,2871425.10768700,21851,665.98470000,1547221.54504400,0
1776210300000000,2324.29000000,2326.65000000,2319.37000000,2322.44000000,1604.49700000,1776211199999999,3727353.49430200,16090,499.52630000,1160200.26013200,0
1776211200000000,2322.44000000,2342.76000000,2321.63000000,2338.23000000,4968.75960000,1776212099999999,11606075.75404100,53679,2716.86330000,6346112.53373000,0
1776212100000000,2338.23000000,2341.20000000,2330.58000000,2337.97000000,2398.88760000,1776212999999999,5605158.71573700,28508,1031.09220000,2409229.79084900,0
1776213000000000,2337.98000000,2339.08000000,2331.50000000,2333.17000000,1921.98960000,1776213899999999,4487511.09057200,22738,935.07270000,2183124.19898000,0
1776213900000000,2333.17000000,2335.16000000,2328.59000000,2333.81000000,1631.66910000,1776214799999999,3804616.18483800,20852,705.60240000,1645217.42695800,0
1776214800000000,2333.80000000,2339.76000000,2331.24000000,2339.75000000,1760.21730000,1776215699999999,4113281.58517400,25316,947.47620000,2214107.60874600,0
1776215700000000,2339.75000000,2340.89000000,2333.01000000,2336.25000000,1498.43380000,1776216599999999,3500962.31235400,22913,591.35850000,1381747.48808400,0
1776216600000000,2336.25000000,2339.08000000,2331.18000000,2338.13000000,1791.59650000,1776217499999999,4183753.52039600,19951,937.22210000,2188918.32727800,0
1776217500000000,2338.12000000,2342.60000000,2333.05000000,2335.66000000,2404.59450000,1776218399999999,5619186.10614500,19032,939.09390000,2195357.01353800,0
1776218400000000,2335.66000000,2338.02000000,2332.15000000,2334.51000000,985.50080000,1776219299999999,2300806.05542200,13337,469.19120000,1095393.65284300,0
1776219300000000,2334.52000000,2335.50000000,2325.65000000,2325.80000000,2058.94750000,1776220199999999,4798098.45892900,17151,589.68810000,1373666.16325800,0
1776220200000000,2325.80000000,2326.00000000,2317.56000000,2322.03000000,2090.01720000,1776221099999999,4849500.68744900,23014,841.48010000,1952667.79439500,0
1776221100000000,2322.03000000,2325.32000000,2318.41000000,2324.77000000,1717.31460000,1776221999999999,3986915.33440000,14067,617.13200000,1432600.00436800,0
1776222000000000,2324.78000000,2325.20000000,2321.10000000,2322.94000000,1246.29570000,1776222899999999,2895013.00632300,12893,639.72030000,1485905.01213700,0
1776222900000000,2322.94000000,2329.08000000,2320.57000000,2327.15000000,1020.75490000,1776223799999999,2373266.40816200,14256,570.42410000,1326349.79687100,0
1776223800000000,2327.15000000,2329.39000000,2322.50000000,2324.19000000,702.61050000,1776224699999999,1633993.67489500,10092,347.33300000,807796.54640000,0
1776224700000000,2324.19000000,2329.38000000,2323.56000000,2328.81000000,703.95740000,1776225599999999,1637971.03315500,8246,321.43190000,747805.21971200,0
1776225600000000,2328.82000000,2334.32000000,2328.66000000,2331.34000000,1044.04420000,1776226499999999,2434565.96421400,10925,633.50750000,1477185.45969100,0
1776226500000000,2331.34000000,2334.20000000,2328.00000000,2329.77000000,1153.97910000,1776227399999999,2689425.25640500,10588,338.05860000,788059.31218000,0
1776227400000000,2329.77000000,2334.57000000,2328.14000000,2331.29000000,1265.36980000,1776228299999999,2950352.94639600,11901,631.08030000,1471511.11199000,0
1776228300000000,2331.29000000,2334.70000000,2328.48000000,2333.44000000,1456.92870000,1776229199999999,3397591.23504800,13979,1018.85070000,2376048.62716000,0
1776229200000000,2333.43000000,2338.23000000,2328.53000000,2330.18000000,2492.11860000,1776230099999999,5818066.14400200,23970,1154.34630000,2694781.24597500,0
1776230100000000,2330.18000000,2331.15000000,2320.56000000,2322.12000000,1756.02500000,1776230999999999,4082451.50682400,15208,619.85410000,1441520.94315600,0
1776231000000000,2322.13000000,2322.89000000,2314.00000000,2317.85000000,2838.98710000,1776231899999999,6581757.43149500,21787,1079.19330000,2501826.04896800,0
1776231900000000,2317.86000000,2320.77000000,2315.94000000,2319.45000000,1483.74500000,1776232799999999,3439804.00453500,12649,475.87830000,1103347.94489600,0
1776232800000000,2319.44000000,2321.02000000,2314.99000000,2317.75000000,3051.70190000,1776233699999999,7070680.70554200,13474,1611.06310000,3732083.94863100,0
1776233700000000,2317.76000000,2321.02000000,2317.53000000,2317.53000000,1238.35400000,1776234599999999,2872243.91597000,9656,474.31770000,1100119.47324000,0
1776234600000000,2317.54000000,2319.17000000,2315.52000000,2318.48000000,970.59880000,1776235499999999,2249169.57460500,10135,412.69300000,956267.62178500,0
1776235500000000,2318.49000000,2320.04000000,2315.75000000,2317.37000000,810.05120000,1776236399999999,1877871.07836800,8574,440.78000000,1021871.60686900,0
1776236400000000,2317.37000000,2323.53000000,2317.36000000,2320.20000000,1374.00950000,1776237299999999,3187785.28002400,15349,779.85230000,1809214.36866500,0
1776237300000000,2320.19000000,2320.31000000,2308.50000000,2314.57000000,3603.74060000,1776238199999999,8332844.40768900,27705,1133.52720000,2621491.84261400,0
1776238200000000,2314.57000000,2314.57000000,2310.01000000,2313.17000000,2835.83200000,1776239099999999,6558619.51709900,20214,1622.95460000,3753541.47436400,0
1776239100000000,2313.17000000,2318.75000000,2309.20000000,2316.62000000,4130.05840000,1776239999999999,9561628.71779000,27853,2425.69730000,5615913.46847500,0
1776240000000000,2316.62000000,2321.89000000,2314.07000000,2319.75000000,4334.67540000,1776240899999999,10044842.11903600,27797,2549.48160000,5908471.37430000,0
1776240900000000,2319.75000000,2324.47000000,2318.38000000,2324.01000000,2792.36170000,1776241799999999,6482618.23800200,23937,1800.48240000,4179766.08737200,0
1776241800000000,2324.00000000,2333.00000000,2324.00000000,2327.18000000,5842.96330000,1776242699999999,13602788.12192400,32066,4068.22960000,9470747.40162700,0
1776242700000000,2327.17000000,2330.00000000,2322.72000000,2327.40000000,3636.88970000,1776243599999999,8458649.29248300,25436,1124.24770000,2615390.51373500,0
1776243600000000,2327.40000000,2329.62000000,2320.82000000,2323.94000000,1498.62270000,1776244499999999,3484232.40932500,29967,451.62070000,1049861.89450100,0
1776244500000000,2323.93000000,2326.80000000,2319.19000000,2320.26000000,1041.65750000,1776245399999999,2420529.00890800,19900,298.61340000,693952.19047800,0
1776245400000000,2320.25000000,2322.97000000,2318.75000000,2320.77000000,1095.90340000,1776246299999999,2543197.97748700,17876,324.29840000,752593.80748300,0
1776246300000000,2320.77000000,2321.00000000,2318.47000000,2319.95000000,1183.66500000,1776247199999999,2745812.84977100,14594,797.85250000,1850812.57991300,0
1776247200000000,2319.95000000,2325.61000000,2317.20000000,2322.09000000,2403.02340000,1776248099999999,5577591.56817700,26321,1471.58860000,3415952.31418400,0
1776248100000000,2322.10000000,2322.20000000,2313.31000000,2314.31000000,1956.47100000,1776248999999999,4533027.89249100,40311,608.00000000,1408620.21641700,0
1776249000000000,2314.30000000,2322.35000000,2312.15000000,2322.35000000,1526.33760000,1776249899999999,3534554.39643000,30080,621.31760000,1439222.52875900,0
1776249900000000,2322.35000000,2328.52000000,2315.50000000,2316.64000000,2040.97460000,1776250799999999,4740562.37788700,36363,918.31040000,2133496.42844400,0
1776250800000000,2316.65000000,2331.25000000,2316.65000000,2326.42000000,2561.45630000,1776251699999999,5953701.12941100,28100,1214.71310000,2824883.52453900,0
1776251700000000,2326.42000000,2327.34000000,2323.40000000,2325.01000000,1305.63570000,1776252599999999,3035957.66540300,20145,642.39180000,1493643.32254700,0
1776252600000000,2325.00000000,2329.26000000,2324.12000000,2329.26000000,799.27440000,1776253499999999,1859928.11171100,18851,469.02450000,1091429.29445900,0
1776253500000000,2329.25000000,2339.42000000,2328.67000000,2337.43000000,5754.87180000,1776254399999999,13437639.81772700,57061,2763.04110000,6451025.27050000,0
1776254400000000,2337.42000000,2339.84000000,2331.96000000,2334.38000000,2853.75950000,1776255299999999,6665867.53596100,45823,1514.75320000,3538715.47466500,0
1776255300000000,2334.39000000,2334.44000000,2329.66000000,2331.79000000,1214.63330000,1776256199999999,2832753.55916800,24653,433.87670000,1011861.44701800,0
1776256200000000,2331.78000000,2340.00000000,2331.78000000,2336.63000000,2149.41000000,1776257099999999,5022019.28752000,31180,1398.16060000,3266779.74758200,0
1776257100000000,2336.62000000,2337.00000000,2332.97000000,2332.98000000,2537.86380000,1776257999999999,5927879.42526900,19468,1925.07820000,4496550.45113700,0
1776258000000000,2332.97000000,2334.00000000,2328.00000000,2331.68000000,1862.09600000,1776258899999999,4340173.73396600,28900,916.16640000,2135459.55408200,0
1776258900000000,2331.68000000,2334.76000000,2327.65000000,2332.39000000,1603.76310000,1776259799999999,3738277.42378100,26460,968.01200000,2256701.69481800,0
1776259800000000,2332.39000000,2333.95000000,2318.08000000,2318.77000000,4389.20650000,1776260699999999,10205863.51033500,92598,1825.67090000,4247052.39494800,0
1776260700000000,2318.76000000,2330.00000000,2317.54000000,2326.94000000,3973.95930000,1776261599999999,9230451.51377800,64374,1815.93330000,4219368.02173100,0
1776261600000000,2326.93000000,2333.22000000,2321.94000000,2333.04000000,3875.93790000,1776262499999999,9015549.57663900,56839,1590.05510000,3700797.65646300,0
1776262500000000,2333.05000000,2344.88000000,2331.27000000,2339.99000000,6899.57890000,1776263399999999,16144758.08480000,88104,4169.25430000,9756723.12719000,0
1776263400000000,2340.00000000,2342.00000000,2327.60000000,2328.84000000,3547.06010000,1776264299999999,8278966.10386900,58480,1129.98270000,2639022.97531000,0
1776264300000000,2328.85000000,2340.07000000,2328.85000000,2338.40000000,2265.07650000,1776265199999999,5292166.73554900,33281,1570.62770000,3669603.47933700,0
1776265200000000,2338.41000000,2349.46000000,2332.09000000,2347.42000000,4681.60700000,1776266099999999,10953072.01309000,65518,2419.15620000,5663140.26975800,0
1776266100000000,2347.41000000,2348.91000000,2334.73000000,2336.45000000,3698.08020000,1776266999999999,8659405.69310100,53759,1236.54700000,2895546.67903100,0
1776267000000000,2336.45000000,2336.46000000,2320.77000000,2332.73000000,6821.77850000,1776267899999999,15874095.59559400,76102,2880.22390000,6701767.76773500,0
1776267900000000,2332.73000000,2337.50000000,2328.62000000,2332.04000000,2983.02700000,1776268799999999,6961290.08176800,47372,1314.49500000,3067724.58672300,0
1776268800000000,2332.03000000,2341.93000000,2329.10000000,2341.63000000,2564.53790000,1776269699999999,5993226.85581700,47628,1242.40380000,2903366.82031800,0
1776269700000000,2341.63000000,2347.80000000,2339.99000000,2344.48000000,3266.77750000,1776270599999999,7660342.10912200,54410,1809.18200000,4242725.37548400,0
1776270600000000,2344.48000000,2349.87000000,2336.39000000,2338.17000000,2746.85740000,1776271499999999,6437104.40235800,61748,1206.30800000,2828266.21232600,0
1776271500000000,2338.18000000,2344.35000000,2335.15000000,2341.48000000,3044.79730000,1776272399999999,7118252.37106900,45351,1820.39990000,4254924.87203800,0
1776272400000000,2341.48000000,2347.91000000,2340.09000000,2345.72000000,3553.62440000,1776273299999999,8331745.22535900,48194,1986.11430000,4656552.44294700,0
1776273300000000,2345.71000000,2358.82000000,2340.85000000,2352.29000000,4038.86390000,1776274199999999,9494280.42746500,57109,2486.35510000,5846855.63812000,0
1776274200000000,2352.30000000,2355.76000000,2339.65000000,2342.63000000,6741.79030000,1776275099999999,15835734.35097200,60708,2619.51870000,6157828.01470900,0
1776275100000000,2342.63000000,2349.25000000,2341.85000000,2348.66000000,2481.53960000,1776275999999999,5821807.79061800,34229,968.14590000,2271631.58229800,0
1776276000000000,2348.66000000,2356.21000000,2346.34000000,2353.99000000,4535.22010000,1776276899999999,10665328.99830700,69951,2111.13750000,4965454.78488500,0
1776276900000000,2353.99000000,2355.73000000,2347.48000000,2349.11000000,1853.08450000,1776277799999999,4357440.26259500,35564,582.90410000,1370954.82599600,0
1776277800000000,2349.10000000,2355.00000000,2348.15000000,2353.88000000,1513.80040000,1776278699999999,3561267.76324900,30936,563.35610000,1325329.71782500,0
1776278700000000,2353.88000000,2359.96000000,2353.02000000,2358.66000000,2829.95980000,1776279599999999,6672203.84951900,33443,1161.62160000,2739026.62289100,0
1776279600000000,2358.66000000,2368.86000000,2357.37000000,2365.05000000,5233.08420000,1776280499999999,12371962.42697300,61681,2819.73990000,6665383.81272200,0
1776280500000000,2365.04000000,2366.42000000,2360.11000000,2365.29000000,2572.11910000,1776281399999999,6080005.98388400,34759,673.08360000,1590970.13024600,0
1776281400000000,2365.28000000,2385.61000000,2364.80000000,2375.43000000,9445.39380000,1776282299999999,22450344.40726900,100096,4930.27200000,11716981.83084700,0
1776282300000000,2375.43000000,2378.45000000,2370.55000000,2375.05000000,3617.15410000,1776283199999999,8589197.55327400,57228,1212.03000000,2878551.92879000,0
1776283200000000,2375.05000000,2376.31000000,2359.49000000,2363.15000000,4018.16480000,1776284099999999,9512590.20838200,49429,1235.61030000,2923251.77367300,0
1776284100000000,2363.15000000,2363.16000000,2353.72000000,2360.71000000,2806.06040000,1776284999999999,6616724.41775300,39317,1018.93380000,2402752.23185700,0
1776285000000000,2360.71000000,2367.11000000,2356.03000000,2358.06000000,2563.47840000,1776285899999999,6052301.60387300,39920,1113.07200000,2628906.99632400,0
1776285900000000,2358.07000000,2364.33000000,2358.06000000,2362.95000000,2001.63240000,1776286799999999,4725667.97635700,27457,1224.87460000,2891520.69591300,0
1776286800000000,2362.95000000,2363.33000000,2353.77000000,2353.78000000,3478.31310000,1776287699999999,8197766.41102200,28582,2208.24580000,5203621.47118600,0
1776287700000000,2353.78000000,2354.27000000,2348.58000000,2353.04000000,2722.39460000,1776288599999999,6401626.26718300,31161,1140.03200000,2680579.71188500,0
1776288600000000,2353.03000000,2360.51000000,2350.14000000,2358.26000000,2009.77380000,1776289499999999,4735438.96175700,30735,952.59290000,2244840.32558000,0
1776289500000000,2358.26000000,2363.50000000,2357.19000000,2361.30000000,1409.16660000,1776290399999999,3326832.10567900,23587,775.43830000,1830688.36363300,0
1776290400000000,2361.29000000,2380.45000000,2360.33000000,2373.69000000,7607.71220000,1776291299999999,18052341.13474900,65404,3415.56600000,8103170.88261200,0
1776291300000000,2373.70000000,2373.70000000,2364.63000000,2368.89000000,3019.60250000,1776292199999999,7155571.35790600,30326,1072.96890000,2543009.52306400,0
1776292200000000,2368.89000000,2380.35000000,2365.33000000,2369.36000000,4592.52370000,1776293099999999,10892129.55080900,45854,3193.09540000,7572680.64009500,0
1776293100000000,2369.35000000,2373.56000000,2362.85000000,2363.45000000,2732.39590000,1776293999999999,6470160.10384000,32560,993.75640000,2353837.17635300,0
1776294000000000,2363.46000000,2363.46000000,2355.73000000,2357.72000000,2660.84960000,1776294899999999,6278210.57783500,38872,947.69120000,2236223.70434900,0
1776294900000000,2357.72000000,2357.92000000,2349.60000000,2355.84000000,3584.73780000,1776295799999999,8435233.50450300,32121,1276.90650000,3004305.29645700,0
1776295800000000,2355.85000000,2356.92000000,2349.80000000,2353.41000000,3593.71100000,1776296699999999,8452872.26587800,19488,969.87010000,2280770.53676200,0
1776296700000000,2353.41000000,2361.43000000,2353.04000000,2359.95000000,3812.80500000,1776297599999999,8996442.78935400,23295,1428.44570000,3369978.75320600,0
1776297600000000,2359.94000000,2360.41000000,2351.79000000,2353.26000000,1551.17390000,1776298499999999,3654165.15109500,26412,396.28080000,933203.09567100,0
1776298500000000,2353.25000000,2355.88000000,2349.93000000,2354.53000000,1183.65660000,1776299399999999,2784635.30171600,25810,654.83850000,1540484.70659700,0
1776299400000000,2354.53000000,2363.54000000,2354.53000000,2358.92000000,1512.75800000,1776300299999999,3570477.05644700,34313,866.80200000,2045872.80569300,0
1776300300000000,2358.92000000,2363.03000000,2355.91000000,2360.58000000,842.01400000,1776301199999999,1987244.58728200,20340,395.16490000,932696.64815200,0
1776301200000000,2360.58000000,2360.58000000,2345.04000000,2350.42000000,2772.75020000,1776302099999999,6517038.82494400,43299,917.49780000,2156142.33053600,0
1776302100000000,2350.43000000,2356.54000000,2348.08000000,2351.41000000,895.42260000,1776302999999999,2105559.94841400,22135,420.08020000,987792.27226700,0
1776303000000000,2351.42000000,2355.64000000,2350.21000000,2354.86000000,1204.60000000,1776303899999999,2834745.75780300,21761,657.58910000,1547352.33112900,0
1776303900000000,2354.86000000,2356.01000000,2348.82000000,2352.06000000,905.96140000,1776304799999999,2131843.21421300,18928,332.48380000,782387.95711600,0
1776304800000000,2352.06000000,2356.96000000,2351.84000000,2352.60000000,923.76490000,1776305699999999,2174803.84826300,27009,535.74090000,1261273.84261000,0
1776305700000000,2352.59000000,2359.45000000,2350.01000000,2359.01000000,1393.71130000,1776306599999999,3280390.41857600,28774,850.86430000,2002845.06987100,0
1776306600000000,2359.02000000,2369.59000000,2359.02000000,2366.32000000,3720.68070000,1776307499999999,8794092.26913600,52645,2049.26230000,4844078.17589600,0
1776307500000000,2366.32000000,2368.46000000,2354.91000000,2356.68000000,2587.92060000,1776308399999999,6109978.81610700,35642,546.59590000,1289890.33494500,0
1776308400000000,2356.67000000,2362.92000000,2355.91000000,2358.00000000,1481.64970000,1776309299999999,3495268.29251700,26175,642.63600000,1516176.32109500,0
1776309300000000,2358.00000000,2365.88000000,2358.00000000,2361.21000000,1666.26990000,1776310199999999,3936521.14783500,25199,882.90250000,2086378.70891800,0
1776310200000000,2361.21000000,2362.05000000,2357.50000000,2360.58000000,797.36710000,1776311099999999,1881803.13031300,19485,332.11790000,783793.90351500,0
1776311100000000,2360.59000000,2361.40000000,2357.50000000,2357.86000000,933.01950000,1776311999999999,2201663.45971300,17984,504.75440000,1191026.19802100,0
1776312000000000,2357.85000000,2361.25000000,2355.12000000,2359.18000000,1149.73240000,1776312899999999,2711192.13493100,22949,482.38820000,1137649.35337200,0
1776312900000000,2359.18000000,2360.98000000,2357.01000000,2358.43000000,700.36360000,1776313799999999,1652165.76673400,16463,448.89020000,1058958.60596800,0
1776313800000000,2358.43000000,2364.00000000,2355.65000000,2361.80000000,1483.64520000,1776314699999999,3501595.21523000,18470,645.88320000,1524690.55925200,0
1776314700000000,2361.80000000,2361.80000000,2348.38000000,2354.13000000,3145.24190000,1776315599999999,7404359.10787000,37367,1085.83820000,2555632.02978900,0
1776315600000000,2354.14000000,2356.00000000,2349.59000000,2352.35000000,2000.48230000,1776316499999999,4706161.63100700,23441,1139.49930000,2680390.51214300,0
1776316500000000,2352.35000000,2359.50000000,2351.43000000,2357.36000000,1945.86250000,1776317399999999,4584162.86805400,16089,1165.72100000,2746396.99171400,0
1776317400000000,2357.36000000,2361.79000000,2356.52000000,2357.92000000,2580.30810000,1776318299999999,6087878.18339900,24367,1345.32970000,3174101.83991300,0
1776318300000000,2357.91000000,2358.27000000,2355.36000000,2356.86000000,1113.80820000,1776319199999999,2625129.55770600,13420,559.33850000,1318304.85388000,0
1776319200000000,2356.86000000,2360.57000000,2355.87000000,2356.62000000,1439.99000000,1776320099999999,3395271.74043300,18826,691.05470000,1629318.04348500,0
1776320100000000,2356.62000000,2358.84000000,2355.36000000,2355.56000000,1296.10460000,1776320999999999,3054604.25639400,16863,684.39570000,1612877.41114200,0
1776321000000000,2355.57000000,2356.16000000,2349.77000000,2353.09000000,2161.50760000,1776321899999999,5085336.06502500,21189,1015.96640000,2389994.65765000,0
1776321900000000,2353.09000000,2356.14000000,2351.55000000,2356.01000000,1185.96870000,1776322799999999,2792122.93800500,10951,754.43220000,1776244.38334600,0
1776322800000000,2356.02000000,2357.56000000,2351.06000000,2352.33000000,1586.07250000,1776323699999999,3733120.50432800,23128,689.43440000,1622748.69994800,0
1776323700000000,2352.33000000,2354.44000000,2350.29000000,2352.64000000,1184.25730000,1776324599999999,2785862.74008900,18179,636.73690000,1497760.72910300,0
1776324600000000,2352.64000000,2353.23000000,2349.38000000,2350.02000000,2987.87470000,1776325499999999,7024465.47363500,25967,1146.77100000,2696010.87165600,0
1776325500000000,2350.02000000,2350.24000000,2335.72000000,2341.52000000,7068.88600000,1776326399999999,16562742.62320700,34171,3001.41440000,7033225.04162700,0
1776326400000000,2341.52000000,2342.89000000,2334.65000000,2335.00000000,3842.07930000,1776327299999999,8981463.75618600,33044,1521.13100000,3555397.90470600,0
1776327300000000,2335.01000000,2341.83000000,2335.00000000,2341.16000000,1907.38200000,1776328199999999,4462009.86386900,28921,1064.00890000,2488925.76972500,0
1776328200000000,2341.15000000,2344.35000000,2340.18000000,2343.22000000,1515.92960000,1776329099999999,3551137.98691100,20564,763.86150000,1789435.06575200,0
1776329100000000,2343.22000000,2345.98000000,2338.25000000,2339.11000000,1834.72170000,1776329999999999,4297092.25923000,15342,796.34850000,1865624.79708800,0
1776330000000000,2339.12000000,2344.01000000,2338.00000000,2343.64000000,3701.80040000,1776330899999999,8661514.95512900,31448,2737.10840000,6404326.57484700,0
1776330900000000,2343.65000000,2348.40000000,2343.65000000,2346.31000000,3223.50340000,1776331799999999,7566478.35261300,24164,848.66700000,1991452.28079200,0
1776331800000000,2346.30000000,2346.97000000,2338.67000000,2339.58000000,1624.63120000,1776332699999999,3806071.77728000,20059,588.64330000,1379229.09106900,0
1776332700000000,2339.58000000,2340.92000000,2337.79000000,2338.09000000,2330.24320000,1776333599999999,5451732.19095100,19768,808.16690000,1890615.45137000,0
1776333600000000,2338.09000000,2340.21000000,2329.44000000,2330.67000000,5842.61780000,1776334499999999,13630191.27333300,46575,3081.37770000,7187825.21321000,0
1776334500000000,2330.66000000,2337.54000000,2329.01000000,2335.11000000,2739.76070000,1776335399999999,6392916.13006700,35107,1790.70980000,4178392.08620800,0
1776335400000000,2335.11000000,2337.53000000,2332.35000000,2332.86000000,2053.09600000,1776336299999999,4794185.47799300,25181,777.78690000,1816198.39089600,0
1776336300000000,2332.86000000,2334.96000000,2328.64000000,2332.42000000,1807.39810000,1776337199999999,4213745.27147100,23223,829.37960000,1933106.15124300,0
1776337200000000,2332.42000000,2333.87000000,2330.10000000,2331.04000000,1000.04610000,1776338099999999,2332231.85006400,17502,410.98670000,958435.52539800,0
1776338100000000,2331.05000000,2332.75000000,2329.80000000,2332.49000000,1161.89370000,1776338999999999,2708773.72770800,15792,599.92550000,1398700.12330400,0
1776339000000000,2332.49000000,2335.69000000,2331.67000000,2332.54000000,2311.32370000,1776339899999999,5392594.99381300,22910,1406.57360000,3281897.46254500,0
1776339900000000,2332.54000000,2336.26000000,2331.92000000,2335.67000000,1821.51830000,1776340799999999,4251826.60237300,17312,1249.37130000,2916230.40687700,0
1776340800000000,2335.68000000,2349.45000000,2334.99000000,2344.21000000,4689.98390000,1776341699999999,10983810.14987100,42711,2963.78550000,6942216.88212100,0
1776341700000000,2344.21000000,2346.31000000,2339.01000000,2340.78000000,1587.91660000,1776342599999999,3718570.13446000,21637,588.46900000,1378402.42144000,0
1776342600000000,2340.79000000,2341.99000000,2336.75000000,2339.41000000,1405.82340000,1776343499999999,3287788.70748400,18721,658.91460000,1541043.79708400,0
1776343500000000,2339.40000000,2341.62000000,2337.55000000,2340.44000000,1300.49560000,1776344399999999,3042127.94230900,14054,355.79430000,832280.32580500,0
1776344400000000,2340.44000000,2345.35000000,2337.80000000,2344.70000000,1901.99750000,1776345299999999,4453409.67524300,24395,746.40820000,1747932.83508300,0
1776345300000000,2344.71000000,2351.80000000,2344.16000000,2349.30000000,3846.38080000,1776346199999999,9029023.33511400,45653,2374.30970000,5574196.13783700,0
1776346200000000,2349.28000000,2350.44000000,2332.24000000,2336.96000000,7446.57630000,1776347099999999,17425898.15293700,116827,2776.50120000,6497268.45978300,0
1776347100000000,2336.96000000,2336.98000000,2290.57000000,2308.29000000,29712.18030000,1776347999999999,68707934.07564900,198974,15082.94910000,34897585.17045900,0
1776348000000000,2308.28000000,2312.68000000,2297.84000000,2306.09000000,11233.28200000,1776348899999999,25903428.77353400,116132,4631.36900000,10679244.96922300,0
1776348900000000,2306.09000000,2308.33000000,2285.10000000,2294.97000000,14326.81870000,1776349799999999,32853596.00978200,135136,5453.82960000,12504589.85877300,0
1776349800000000,2294.96000000,2306.67000000,2294.00000000,2304.92000000,6642.62550000,1776350699999999,15281081.08501600,83814,3525.02230000,8108689.07540500,0
1776350700000000,2304.92000000,2316.34000000,2303.77000000,2309.97000000,7701.40010000,1776351599999999,17797479.36500700,74252,3813.92360000,8813423.23983500,0
1776351600000000,2309.96000000,2330.45000000,2308.50000000,2325.08000000,7571.54460000,1776352499999999,17579980.06944900,86064,4512.42040000,10481421.79557600,0
1776352500000000,2325.09000000,2328.88000000,2318.94000000,2319.16000000,7061.15020000,1776353399999999,16412581.38259000,66316,3701.62120000,8605305.83196700,0
1776353400000000,2319.15000000,2349.84000000,2318.01000000,2338.70000000,11445.18780000,1776354299999999,26742446.11844600,113284,6864.39570000,16042111.74568900,0
1776354300000000,2338.70000000,2343.18000000,2331.50000000,2339.01000000,4242.32850000,1776355199999999,9921384.74582400,60707,2588.36940000,6053815.44683600,0
1776355200000000,2339.01000000,2348.69000000,2334.10000000,2336.02000000,6955.01060000,1776356099999999,16281838.15612900,73719,3811.12560000,8923361.31400400,0
1776356100000000,2336.01000000,2342.50000000,2331.81000000,2332.08000000,3762.69060000,1776356999999999,8794667.20914000,50767,1900.65580000,4443712.70131200,0
1776357000000000,2332.09000000,2335.00000000,2317.31000000,2321.65000000,6346.63630000,1776357899999999,14745508.26082000,98665,2184.39220000,5075349.98145800,0
1776357900000000,2321.65000000,2325.09000000,2309.96000000,2316.76000000,5310.93390000,1776358799999999,12312158.32668000,66570,2464.70870000,5713450.58311300,0
1776358800000000,2316.77000000,2321.06000000,2311.32000000,2311.45000000,3043.61680000,1776359699999999,7051289.79377500,63059,1152.53320000,2670067.02903600,0
1776359700000000,2311.44000000,2325.54000000,2310.00000000,2324.64000000,3361.76510000,1776360599999999,7795653.38255400,57799,1951.11320000,4525081.14851200,0
1776360600000000,2324.64000000,2329.47000000,2318.26000000,2328.31000000,2114.39540000,1776361499999999,4914586.65770900,43107,982.77250000,2284822.62501900,0
1776361500000000,2328.31000000,2329.48000000,2319.85000000,2325.79000000,2802.95700000,1776362399999999,6517570.51699000,43247,1605.79510000,3734215.93228500,0
1776362400000000,2325.80000000,2334.67000000,2320.40000000,2327.48000000,3947.22690000,1776363299999999,9188035.08117400,65763,2648.35250000,6165793.15930500,0
1776363300000000,2327.47000000,2330.78000000,2322.61000000,2325.90000000,3266.22370000,1776364199999999,7600954.21735000,48534,1662.73440000,3869908.58123600,0
1776364200000000,2325.90000000,2335.30000000,2324.71000000,2333.36000000,2836.93560000,1776365099999999,6613437.55797200,42960,1189.72200000,2773354.81027600,0
1776365100000000,2333.36000000,2346.66000000,2333.36000000,2343.10000000,9668.62950000,1776365999999999,22622749.14247900,83063,2798.21450000,6548504.98276200,0
1776366000000000,2343.11000000,2345.83000000,2334.66000000,2337.05000000,4786.71220000,1776366899999999,11205676.34539200,51959,1668.25030000,3904655.92972200,0
1776366900000000,2337.05000000,2347.50000000,2335.87000000,2345.19000000,3173.72880000,1776367799999999,7433979.17297200,38802,1297.03190000,3038577.86817300,0
1776367800000000,2345.18000000,2359.90000000,2343.12000000,2357.99000000,6720.70080000,1776368699999999,15805389.65386600,74478,3876.24440000,9117662.15540500,0
1776368700000000,2357.99000000,2361.96000000,2354.70000000,2359.70000000,4421.67990000,1776369599999999,10430037.75210800,49102,2578.52520000,6082720.88207000,0
1776369600000000,2359.69000000,2364.68000000,2354.11000000,2359.06000000,4440.68760000,1776370499999999,10474025.95643800,52807,2311.27200000,5452881.63186500,0
1776370500000000,2359.06000000,2361.25000000,2349.32000000,2351.30000000,8400.79690000,1776371399999999,19802286.59809600,37507,2693.15330000,6347880.72755200,0
1776371400000000,2351.30000000,2351.31000000,2341.51000000,2344.88000000,3117.12140000,1776372299999999,7312727.36454300,31146,1004.64700000,2356837.67352900,0
1776372300000000,2344.87000000,2350.66000000,2343.63000000,2350.23000000,1940.65390000,1776373199999999,4557393.41184200,27957,943.94150000,2216574.95689600,0
1776373200000000,2350.23000000,2356.53000000,2347.55000000,2351.04000000,1964.56070000,1776374099999999,4621740.49955600,26423,991.30550000,2332451.81265800,0
1776374100000000,2351.04000000,2352.00000000,2336.25000000,2340.80000000,2960.64230000,1776374999999999,6935948.39858700,33059,787.85850000,1845186.31754600,0
1776375000000000,2340.80000000,2343.57000000,2337.34000000,2339.84000000,1603.31380000,1776375899999999,3752558.19470000,21396,628.33010000,1470734.87137700,0
1776375900000000,2339.84000000,2341.41000000,2338.77000000,2341.17000000,1026.78420000,1776376799999999,2403259.35612300,13740,432.38660000,1011985.65617000,0
1776376800000000,2341.18000000,2350.56000000,2341.09000000,2343.70000000,2667.86290000,1776377699999999,6258931.34121700,43252,1430.11740000,3354704.13226600,0
1776377700000000,2343.70000000,2345.52000000,2339.30000000,2343.34000000,2516.89060000,1776378599999999,5893402.23111600,24083,768.11720000,1798713.67025500,0
1776378600000000,2343.34000000,2346.17000000,2341.59000000,2344.96000000,1393.69610000,1776379499999999,3266174.90283600,23014,712.55510000,1669882.27194000,0
1776379500000000,2344.95000000,2347.58000000,2341.23000000,2342.60000000,825.79670000,1776380399999999,1936036.49912300,18471,359.64750000,843256.01942500,0
1776380400000000,2342.59000000,2346.31000000,2341.61000000,2345.13000000,1233.15270000,1776381299999999,2890597.31717300,21005,565.98930000,1326811.47299300,0
1776381300000000,2345.13000000,2353.00000000,2342.21000000,2348.28000000,1674.43290000,1776382199999999,3931534.29277600,23008,1196.17990000,2808630.25318200,0
1776382200000000,2348.25000000,2355.00000000,2347.81000000,2352.72000000,1462.54450000,1776383099999999,3440165.65226500,24012,665.98030000,1566628.97967500,0
1776383100000000,2352.72000000,2352.89000000,2346.43000000,2348.17000000,975.69440000,1776383999999999,2291504.42763500,17396,267.75650000,628787.32624800,0
1776384000000000,2348.16000000,2350.90000000,2342.38000000,2343.01000000,2172.15470000,1776384899999999,5093396.60285800,31039,790.72970000,1854032.55238300,0
1776384900000000,2343.00000000,2346.33000000,2341.00000000,2345.81000000,970.65360000,1776385799999999,2275000.95596800,25657,478.76780000,1122074.49174200,0
1776385800000000,2345.81000000,2350.49000000,2345.55000000,2345.55000000,902.13740000,1776386699999999,2118220.42595600,22965,459.28730000,1078372.59239800,0
1776386700000000,2345.54000000,2346.76000000,2343.69000000,2344.40000000,1052.01280000,1776387599999999,2466869.38506200,18229,609.00270000,1428079.50704400,0
1776387600000000,2344.39000000,2349.00000000,2341.65000000,2344.03000000,1115.24440000,1776388499999999,2615597.23176800,19619,442.63810000,1038182.00922100,0
1776388500000000,2344.03000000,2345.19000000,2328.32000000,2333.64000000,3962.88700000,1776389399999999,9253361.74184000,33744,1444.01030000,3371364.47309800,0
1776389400000000,2333.63000000,2336.40000000,2328.12000000,2332.69000000,1162.91430000,1776390299999999,2712271.25722300,25688,501.11280000,1169113.62269600,0
1776390300000000,2332.69000000,2339.18000000,2327.34000000,2335.38000000,2824.58940000,1776391199999999,6589020.47315200,26397,1869.75280000,4361583.82941300,0
1776391200000000,2335.37000000,2338.74000000,2330.45000000,2332.86000000,765.22300000,1776392099999999,1786089.01674000,16337,337.33500000,787428.25731700,0
1776392100000000,2332.85000000,2333.24000000,2327.80000000,2327.81000000,1285.97670000,1776392999999999,2995495.98925800,16899,444.47450000,1035245.78890200,0
1776393000000000,2327.81000000,2333.38000000,2324.93000000,2330.48000000,1227.97500000,1776393899999999,2859445.20075000,19181,613.29680000,1428711.41331800,0
1776393900000000,2330.48000000,2332.21000000,2328.99000000,2331.75000000,684.63960000,1776394799999999,1595251.91309800,11156,287.93360000,670943.35809200,0
1776394800000000,2331.75000000,2331.77000000,2327.46000000,2328.82000000,705.82660000,1776395699999999,1644094.74360000,14123,215.29260000,501377.71747500,0
1776395700000000,2328.82000000,2331.18000000,2327.15000000,2328.47000000,830.51620000,1776396599999999,1934199.73888700,12290,372.39650000,867360.12978700,0
1776396600000000,2328.47000000,2331.02000000,2323.83000000,2328.83000000,1323.30430000,1776397499999999,3080900.11974600,20398,501.23230000,1166989.16117400,0
1776397500000000,2328.84000000,2330.73000000,2325.23000000,2325.52000000,1015.92640000,1776398399999999,2364767.94525800,15015,381.79540000,888723.28540300,0
1776398400000000,2325.53000000,2327.63000000,2324.21000000,2327.47000000,1188.63490000,1776399299999999,2765486.41857000,14517,314.01370000,730523.33587900,0
1776399300000000,2327.47000000,2332.21000000,2327.47000000,2329.97000000,930.96220000,1776400199999999,2168817.03959300,12271,360.82170000,840591.93000600,0
1776400200000000,2329.96000000,2333.08000000,2329.45000000,2332.38000000,826.99610000,1776401099999999,1928286.75027100,15505,376.94200000,878909.14063800,0
1776401100000000,2332.38000000,2333.73000000,2328.35000000,2328.96000000,974.56950000,1776401999999999,2271151.69923000,14354,396.24220000,923401.24027600,0
1776402000000000,2328.96000000,2329.36000000,2317.43000000,2320.86000000,3450.23480000,1776402899999999,8010889.40042400,30997,1256.00070000,2915984.37859400,0
1776402900000000,2320.88000000,2325.30000000,2320.29000000,2322.25000000,1383.47190000,1776403799999999,3213018.44196400,16544,502.14530000,1166175.37148900,0
1776403800000000,2322.25000000,2323.91000000,2320.14000000,2321.29000000,1312.50010000,1776404699999999,3047960.11460800,22803,390.75030000,907395.92473000,0
1776404700000000,2321.28000000,2322.29000000,2317.99000000,2319.29000000,4763.37310000,1776405599999999,11054944.21335400,13899,3018.95890000,7007097.76206500,0
1776405600000000,2319.29000000,2324.88000000,2317.49000000,2323.70000000,3302.43070000,1776406499999999,7669629.02110700,24357,1460.90900000,3392863.67984800,0
1776406500000000,2323.71000000,2326.00000000,2323.22000000,2325.73000000,2112.36890000,1776407399999999,4911104.84998700,17446,821.16900000,1909214.76383400,0
1776407400000000,2325.73000000,2329.67000000,2324.07000000,2329.22000000,1300.84810000,1776408299999999,3026208.17262600,16379,739.22520000,1719926.70621400,0
1776408300000000,2329.23000000,2332.40000000,2328.03000000,2331.09000000,2051.22540000,1776409199999999,4779955.91453800,17497,986.86960000,2299917.58067400,0
1776409200000000,2331.10000000,2342.02000000,2331.06000000,2339.87000000,3448.76330000,1776410099999999,8062434.75005700,35876,2296.79550000,5369091.15018500,0
1776410100000000,2339.87000000,2339.87000000,2334.52000000,2337.14000000,1676.88760000,1776410999999999,3918703.20135900,18446,715.00040000,1670578.70300800,0
1776411000000000,2337.13000000,2338.67000000,2333.40000000,2335.15000000,1209.19120000,1776411899999999,2824223.58593000,19333,445.56060000,1040664.47954300,0
1776411900000000,2335.15000000,2335.16000000,2330.09000000,2334.16000000,1546.30600000,1776412799999999,3606418.91792800,13822,684.85050000,1597238.50484600,0
1776412800000000,2334.15000000,2339.99000000,2332.98000000,2336.51000000,1635.95590000,1776413699999999,3822122.50583800,15162,848.23040000,1982182.39734800,0
1776413700000000,2336.52000000,2341.72000000,2335.48000000,2340.49000000,2687.97510000,1776414599999999,6287876.30938900,26447,837.90370000,1959611.14538600,0
1776414600000000,2340.48000000,2354.94000000,2339.97000000,2348.99000000,5852.75940000,1776415499999999,13748157.55324000,45596,3450.84840000,8105546.07754300,0
1776415500000000,2348.99000000,2359.27000000,2345.06000000,2354.87000000,4753.79600000,1776416399999999,11183150.59083800,51054,2206.18060000,5190669.71112000,0
1776416400000000,2354.87000000,2356.75000000,2348.28000000,2356.35000000,4191.76830000,1776417299999999,9860343.27869500,32832,1695.77460000,3989323.54593000,0
1776417300000000,2356.35000000,2377.00000000,2351.85000000,2371.69000000,8866.22740000,1776418199999999,20977869.39854900,71772,6392.18070000,15126238.73194600,0
1776418200000000,2371.68000000,2373.40000000,2350.01000000,2355.58000000,7046.90720000,1776419099999999,16610365.15980800,87303,2806.63000000,6613214.30085100,0
1776419100000000,2355.58000000,2361.87000000,2352.01000000,2359.10000000,2864.99160000,1776419999999999,6753290.93636900,33220,1814.35550000,4277030.41471400,0
1776420000000000,2359.10000000,2361.10000000,2352.23000000,2353.59000000,4556.96990000,1776420899999999,10739538.93344700,40325,1746.04400000,4115677.12202500,0
1776420900000000,2353.59000000,2357.39000000,2341.89000000,2342.34000000,4127.14400000,1776421799999999,9697782.93746000,37742,1465.17730000,3443684.36542700,0
1776421800000000,2342.40000000,2346.21000000,2336.45000000,2339.06000000,6800.46730000,1776422699999999,15922854.44683100,57680,3186.29190000,7463232.25421700,0
1776422700000000,2339.07000000,2345.09000000,2336.45000000,2344.01000000,2534.92060000,1776423599999999,5935651.07466700,24953,1693.27780000,3965145.34460600,0
1776423600000000,2344.01000000,2349.40000000,2343.08000000,2347.00000000,2102.55840000,1776424499999999,4935246.24317800,24415,1145.61630000,2688790.37621000,0
1776424500000000,2346.99000000,2354.19000000,2346.73000000,2352.14000000,2472.06130000,1776425399999999,5813953.49405300,24145,993.82570000,2336801.06668800,0
1776425400000000,2352.14000000,2355.12000000,2348.69000000,2350.00000000,3308.96200000,1776426299999999,7785390.12170500,23677,690.98980000,1625725.87253800,0
1776426300000000,2350.01000000,2356.96000000,2349.96000000,2354.99000000,2070.98310000,1776427199999999,4874675.43513900,19399,709.75860000,1670667.48863400,0
1776427200000000,2355.00000000,2358.00000000,2349.40000000,2356.95000000,2803.69550000,1776428099999999,6600453.80608700,32481,1161.00730000,2734030.08694200,0
1776428100000000,2356.94000000,2365.99000000,2353.79000000,2359.35000000,3203.50050000,1776428999999999,7555083.56959900,52272,1487.46290000,3509481.82398100,0
1776429000000000,2359.36000000,2364.34000000,2354.52000000,2356.59000000,3074.46780000,1776429899999999,7252060.59453200,43819,1170.12690000,2760677.30010500,0
1776429900000000,2356.59000000,2382.66000000,2355.83000000,2371.97000000,16471.07970000,1776430799999999,39068959.30639300,150476,9441.31330000,22400440.63973400,0
1776430800000000,2371.97000000,2409.29000000,2366.80000000,2406.88000000,22792.97510000,1776431699999999,54465452.41465900,191231,14505.34270000,34668976.08589700,0
1776431700000000,2406.84000000,2426.82000000,2396.96000000,2404.71000000,32988.78410000,1776432599999999,79697889.22636600,232438,15505.42770000,37456241.99697700,0
1776432600000000,2404.77000000,2420.50000000,2389.57000000,2418.34000000,24865.04110000,1776433499999999,59762826.74163900,214685,14550.37000000,34976403.52018800,0
1776433500000000,2418.35000000,2440.45000000,2408.35000000,2437.05000000,27485.65880000,1776434399999999,66774367.69196500,208916,15621.30300000,37961009.00957300,0
1776434400000000,2437.05000000,2447.56000000,2426.50000000,2430.22000000,14818.96030000,1776435299999999,36121521.38126700,137966,7186.41220000,17528473.24237700,0
1776435300000000,2430.21000000,2440.30000000,2426.31000000,2432.72000000,12831.13840000,1776436199999999,31206571.45869000,116835,5298.72410000,12892034.27996900,0
1776436200000000,2432.72000000,2456.93000000,2432.72000000,2447.93000000,19575.48640000,1776437099999999,47919680.98395500,129966,11562.88400000,28309587.52088000,0
1776437100000000,2447.92000000,2454.26000000,2440.69000000,2447.25000000,11653.31350000,1776437999999999,28515207.70771400,92884,5276.13170000,12914475.48145000,0
1776438000000000,2447.25000000,2449.22000000,2433.16000000,2441.98000000,10717.07740000,1776438899999999,26165483.58916100,107110,4210.30080000,10281193.21668300,0
1776438900000000,2441.98000000,2448.94000000,2439.08000000,2444.22000000,5083.46620000,1776439799999999,12424179.41464800,69566,1909.66080000,4668251.63545000,0
1776439800000000,2444.21000000,2449.99000000,2436.03000000,2439.41000000,6942.40980000,1776440699999999,16967544.31035500,65929,2868.12260000,7013043.05234100,0
1776440700000000,2439.41000000,2446.24000000,2435.47000000,2441.96000000,5528.83180000,1776441599999999,13495590.63620800,68418,2751.15760000,6716629.18264300,0
1776441600000000,2441.96000000,2452.69000000,2441.71000000,2444.89000000,5218.03280000,1776442499999999,12770970.70242100,52030,2381.03110000,5827759.90448700,0
1776442500000000,2444.89000000,2455.93000000,2441.49000000,2453.66000000,6539.94780000,1776443399999999,16022387.48213300,59984,3540.83740000,8680282.42059100,0
1776443400000000,2453.65000000,2464.91000000,2452.36000000,2459.36000000,10077.15020000,1776444299999999,24777502.08301600,68184,5586.67850000,13738335.51194200,0
1776444300000000,2459.36000000,2460.37000000,2448.49000000,2451.30000000,4074.18080000,1776445199999999,9992853.05736800,46748,1252.11950000,3071573.42573400,0
1776445200000000,2451.31000000,2452.50000000,2431.32000000,2437.30000000,6682.76550000,1776446099999999,16304711.45873200,80273,1879.12010000,4583515.59354400,0
1776446100000000,2437.30000000,2442.50000000,2422.08000000,2428.43000000,7816.55980000,1776446999999999,19001923.41666300,94360,2855.33390000,6944713.22043200,0
1776447000000000,2428.44000000,2438.40000000,2428.44000000,2435.33000000,3822.67640000,1776447899999999,9305912.39219500,58104,2003.73420000,4877402.98229900,0
1776447900000000,2435.33000000,2444.84000000,2434.98000000,2440.42000000,3138.12610000,1776448799999999,7659183.63823400,43776,1609.02810000,3927536.82580600,0
1776448800000000,2440.42000000,2442.68000000,2417.84000000,2419.46000000,8478.68620000,1776449699999999,20570686.21719200,71646,3410.08150000,8270914.44752000,0
1776449700000000,2419.47000000,2427.61000000,2415.41000000,2420.49000000,5390.53770000,1776450599999999,13054341.44938900,76888,2644.91710000,6405185.41291100,0
1776450600000000,2420.50000000,2430.29000000,2419.58000000,2429.86000000,1964.33050000,1776451499999999,4764461.83279900,42816,976.99880000,2369584.73303300,0
1776451500000000,2429.85000000,2430.00000000,2417.93000000,2419.99000000,2267.31990000,1776452399999999,5491922.79813200,43904,883.15650000,2138526.59775800,0
1776452400000000,2420.00000000,2426.38000000,2417.17000000,2423.68000000,2929.44820000,1776453299999999,7093092.52219100,47088,1675.01450000,4056003.77934100,0
1776453300000000,2423.69000000,2429.56000000,2423.50000000,2424.36000000,2244.29070000,1776454199999999,5446555.47854500,39897,1235.66510000,2998538.09213800,0
1776454200000000,2424.36000000,2432.92000000,2424.36000000,2430.96000000,2596.69030000,1776455099999999,6308592.95498700,34475,1388.74760000,3374236.84371100,0
1776455100000000,2430.96000000,2431.74000000,2424.38000000,2427.92000000,3557.62460000,1776455999999999,8642800.34222400,45651,1975.27710000,4799178.26181700,0
1776456000000000,2427.92000000,2435.29000000,2427.92000000,2432.92000000,2002.78040000,1776456899999999,4872230.36565100,34170,1127.54050000,2742994.20087000,0
1776456900000000,2432.92000000,2433.02000000,2427.73000000,2428.17000000,890.87310000,1776457799999999,2165417.17618900,18116,358.73430000,871985.70028100,0
1776457800000000,2428.17000000,2428.91000000,2417.01000000,2421.70000000,2967.00420000,1776458699999999,7184030.56711900,31477,848.05390000,2053165.18427600,0
1776458700000000,2421.70000000,2427.39000000,2420.29000000,2426.78000000,1571.41560000,1776459599999999,3810659.14084400,18440,693.12540000,1680893.63870100,0
1776459600000000,2426.76000000,2431.50000000,2426.49000000,2429.09000000,1780.13090000,1776460499999999,4325238.54584200,16007,876.93580000,2130451.10654000,0
1776460500000000,2429.08000000,2433.48000000,2425.95000000,2429.78000000,2217.10090000,1776461399999999,5387228.95794900,20289,932.51140000,2265955.66875000,0
1776461400000000,2429.78000000,2429.78000000,2418.71000000,2428.14000000,4239.88080000,1776462299999999,10279500.25532300,29859,1469.71910000,3563115.79283700,0
1776462300000000,2428.15000000,2431.00000000,2426.66000000,2429.49000000,2012.08650000,1776463199999999,4887045.12509500,17663,842.86160000,2047338.30303800,0
1776463200000000,2429.49000000,2431.31000000,2424.50000000,2425.65000000,1732.06030000,1776464099999999,4207581.23552900,21968,689.87830000,1675895.75614200,0
1776464100000000,2425.64000000,2432.90000000,2422.78000000,2432.00000000,10522.05940000,1776464999999999,25571904.67063000,41856,7719.50120000,18764408.11376100,0
1776465000000000,2432.00000000,2444.34000000,2429.15000000,2436.83000000,27751.58000000,1776465899999999,67648378.03967700,87322,21817.57870000,53182366.96002000,0
1776465900000000,2436.84000000,2439.43000000,2432.78000000,2433.52000000,1946.56500000,1776466799999999,4741628.96038100,20342,967.07430000,2355637.33977300,0
1776466800000000,2433.52000000,2433.52000000,2428.51000000,2429.32000000,2206.74520000,1776467699999999,5364179.68944700,22754,1020.88500000,2481240.86238700,0
1776467700000000,2429.32000000,2429.32000000,2415.47000000,2421.57000000,7854.86690000,1776468599999999,19011627.83130000,51482,4337.62960000,10496502.00541300,0
1776468600000000,2421.57000000,2424.90000000,2419.00000000,2420.70000000,3468.16690000,1776469499999999,8397230.43906400,22088,2209.42940000,5349643.57067400,0
1776469500000000,2420.69000000,2423.05000000,2417.65000000,2419.00000000,1578.59880000,1776470399999999,3821257.29469100,18500,651.62420000,1577431.41078500,0
1776470400000000,2419.00000000,2423.58000000,2417.00000000,2417.80000000,1249.14710000,1776471299999999,3022781.09621500,25323,487.77460000,1180473.66612500,0
1776471300000000,2417.80000000,2422.06000000,2417.57000000,2421.61000000,1174.06190000,1776472199999999,2841229.41409800,14207,583.88120000,1413067.08457800,0
1776472200000000,2421.60000000,2422.60000000,2410.06000000,2414.11000000,3390.48750000,1776473099999999,8187619.04487300,34807,1194.87740000,2885321.88170900,0
1776473100000000,2414.12000000,2423.27000000,2413.66000000,2420.99000000,3628.95500000,1776473999999999,8777568.66278500,22864,2052.20890000,4961846.93736600,0
1776474000000000,2420.99000000,2427.64000000,2416.80000000,2426.73000000,2146.47220000,1776474899999999,5198801.62994200,23484,915.13860000,2216988.01691900,0
1776474900000000,2426.73000000,2426.73000000,2423.16000000,2423.88000000,1160.40200000,1776475799999999,2813221.60574800,19446,575.98750000,1396362.49312200,0
1776475800000000,2423.87000000,2423.87000000,2418.74000000,2420.01000000,2174.22010000,1776476699999999,5264408.78352300,17907,617.95660000,1495951.33778500,0
1776476700000000,2420.00000000,2423.98000000,2418.36000000,2420.99000000,833.59360000,1776477599999999,2017752.33790900,15702,432.32960000,1046501.06248400,0
1776477600000000,2421.00000000,2421.44000000,2416.83000000,2421.04000000,1132.62190000,1776478499999999,2740703.82453600,15001,764.21850000,1849460.89888800,0
1776478500000000,2421.03000000,2424.85000000,2420.99000000,2421.99000000,1610.99840000,1776479399999999,3902157.58563900,14818,762.86250000,1847762.01572700,0
1776479400000000,2422.00000000,2423.08000000,2419.26000000,2420.57000000,1835.49170000,1776480299999999,4444488.05968000,14929,930.27950000,2252261.65308300,0
1776480300000000,2420.56000000,2420.77000000,2418.49000000,2419.20000000,628.74550000,1776481199999999,1521376.12252800,10614,326.89260000,790954.85194200,0
1776481200000000,2419.21000000,2419.21000000,2415.32000000,2416.81000000,690.47490000,1776482099999999,1669092.22158800,13875,249.71530000,603704.49696900,0
1776482100000000,2416.80000000,2419.38000000,2416.03000000,2416.57000000,634.63200000,1776482999999999,1534274.49818400,10606,339.68910000,821260.04458700,0
1776483000000000,2416.58000000,2417.85000000,2414.32000000,2415.59000000,539.94140000,1776483899999999,1304250.28528200,12423,300.34280000,725475.66986300,0
1776483900000000,2415.59000000,2419.83000000,2399.54000000,2405.04000000,6242.51500000,1776484799999999,15025246.38075400,41034,2016.77900000,4856129.55498100,0
1776484800000000,2405.03000000,2410.22000000,2400.92000000,2410.02000000,1317.31490000,1776485699999999,3169287.75684200,20362,657.73190000,1582500.18975400,0
1776485700000000,2410.02000000,2410.48000000,2400.63000000,2402.97000000,1117.63290000,1776486599999999,2688898.10127200,17475,391.66020000,942114.50409000,0
1776486600000000,2402.97000000,2407.80000000,2399.52000000,2404.74000000,1452.76200000,1776487499999999,3491298.21644500,16511,672.38410000,1616208.87455800,0
1776487500000000,2404.75000000,2409.55000000,2404.17000000,2407.48000000,1007.25040000,1776488399999999,2424904.40392000,10666,638.04730000,1536078.03006600,0
1776488400000000,2407.48000000,2413.54000000,2407.14000000,2411.75000000,760.43280000,1776489299999999,1833452.70403000,10621,451.19390000,1087802.70544100,0
1776489300000000,2411.75000000,2411.76000000,2408.77000000,2408.97000000,734.45230000,1776490199999999,1770208.87052000,10420,242.19310000,583698.97992800,0
1776490200000000,2408.97000000,2408.97000000,2405.83000000,2407.49000000,730.63470000,1776491099999999,1758803.07973800,9070,261.81160000,630225.66036800,0
1776491100000000,2407.49000000,2408.95000000,2407.04000000,2408.95000000,360.70800000,1776491999999999,868638.55189600,5958,205.88810000,495816.34991200,0
1776492000000000,2408.94000000,2410.86000000,2407.80000000,2409.41000000,1097.21700000,1776492899999999,2644040.07264900,9317,726.62100000,1750989.25883700,0
1776492900000000,2409.40000000,2409.41000000,2405.52000000,2408.64000000,482.03160000,1776493799999999,1160719.27064100,7533,184.23050000,443663.55221200,0
1776493800000000,2408.64000000,2411.56000000,2408.50000000,2411.13000000,864.17920000,1776494699999999,2082828.31240500,9120,533.70920000,1286228.12706900,0
1776494700000000,2411.12000000,2411.87000000,2409.15000000,2410.00000000,501.97050000,1776495599999999,1209991.73299600,6784,297.37780000,716834.76784400,0
1776495600000000,2410.00000000,2411.12000000,2408.47000000,2409.25000000,622.31690000,1776496499999999,1499453.49577600,8165,258.50570000,622860.01442100,0
1776496500000000,2409.25000000,2409.25000000,2406.20000000,2406.20000000,967.49960000,1776497399999999,2329258.73636400,8435,215.43140000,518621.39077200,0
1776497400000000,2406.21000000,2407.04000000,2403.15000000,2405.34000000,1212.34800000,1776498299999999,2916328.25234700,10649,288.37020000,693617.52564800,0
1776498300000000,2405.34000000,2405.43000000,2401.67000000,2403.71000000,1713.24460000,1776499199999999,4118302.74329300,9608,471.51970000,1133326.56932400,0
1776499200000000,2403.71000000,2404.85000000,2398.47000000,2398.49000000,2440.89080000,1776500099999999,5862745.86890900,16668,798.94250000,1919498.95320200,0
1776500100000000,2398.49000000,2398.56000000,2380.50000000,2387.32000000,11208.23150000,1776500999999999,26763006.67753100,85143,4248.26350000,10140767.72840900,0
1776501000000000,2387.31000000,2387.84000000,2367.39000000,2374.13000000,9276.61640000,1776501899999999,22037843.75791500,62736,4091.99930000,9717448.34719800,0
1776501900000000,2374.13000000,2382.14000000,2373.26000000,2380.57000000,2906.26800000,1776502799999999,6912699.91319800,27035,1724.26890000,4101519.03597100,0
1776502800000000,2380.57000000,2380.57000000,2370.00000000,2376.28000000,3480.39740000,1776503699999999,8270359.27823600,31067,1629.81000000,3873092.93808000,0
1776503700000000,2376.28000000,2378.29000000,2369.75000000,2378.12000000,2581.30200000,1776504599999999,6127851.02610400,25942,1366.84640000,3244964.09627800,0
1776504600000000,2378.12000000,2380.93000000,2375.97000000,2376.49000000,1794.50710000,1776505499999999,4268087.30908500,16188,874.01570000,2079016.82082900,0
1776505500000000,2376.50000000,2377.26000000,2372.94000000,2376.04000000,1715.67960000,1776506399999999,4074762.52829800,15277,898.62960000,2134150.95065800,0
1776506400000000,2376.03000000,2376.03000000,2353.88000000,2362.01000000,11253.54690000,1776507299999999,26573652.80167600,76600,5326.35410000,12572714.12956000,0
1776507300000000,2362.00000000,2364.86000000,2358.66000000,2361.30000000,3022.71950000,1776508199999999,7139500.15313900,23513,1399.26560000,3305498.11709200,0
1776508200000000,2361.30000000,2361.64000000,2356.78000000,2357.15000000,2185.92810000,1776509099999999,5159412.57111600,21569,1138.26820000,2686669.54138300,0
1776509100000000,2357.16000000,2361.95000000,2357.15000000,2359.34000000,1680.37110000,1776509999999999,3964529.89807900,19369,1056.58100000,2492715.27838700,0
1776510000000000,2359.34000000,2360.47000000,2350.00000000,2352.03000000,5033.17550000,1776510899999999,11851257.11902600,48098,2045.87580000,4818256.59478900,0
1776510900000000,2352.03000000,2358.74000000,2351.02000000,2356.38000000,1797.31010000,1776511799999999,4233466.52816600,24704,1025.31320000,2415109.81034300,0
1776511800000000,2356.38000000,2359.00000000,2343.44000000,2348.34000000,4365.73750000,1776512699999999,10259519.33782300,53020,2065.88280000,4856711.73408500,0
1776512700000000,2348.40000000,2354.66000000,2347.29000000,2352.96000000,3237.17630000,1776513599999999,7609394.72460900,34911,1856.41660000,4363630.68344600,0
1776513600000000,2352.96000000,2360.00000000,2351.15000000,2358.51000000,2888.41790000,1776514499999999,6807842.33497100,39453,1368.27170000,3225505.64708200,0
1776514500000000,2358.50000000,2362.50000000,2355.10000000,2355.10000000,2691.70030000,1776515399999999,6348886.22814700,28208,1489.42720000,3513334.92991900,0
1776515400000000,2355.10000000,2357.83000000,2352.00000000,2356.79000000,1104.31660000,1776516299999999,2600431.71704900,21637,553.68950000,1303864.01505500,0
1776516300000000,2356.79000000,2359.19000000,2355.71000000,2357.93000000,1436.83760000,1776517199999999,3387410.29335700,23012,892.31000000,2103595.28819900,0
1776517200000000,2357.92000000,2358.36000000,2355.60000000,2355.61000000,785.86790000,1776518099999999,1852015.55558700,13590,393.22590000,926681.62960600,0
1776518100000000,2355.60000000,2360.07000000,2351.50000000,2353.92000000,1773.39920000,1776518999999999,4177612.82065100,26716,918.13540000,2163079.00216000,0
1776519000000000,2353.92000000,2354.44000000,2345.25000000,2350.32000000,3141.01650000,1776519899999999,7380957.51498900,46102,1387.16230000,3259369.56277000,0
1776519900000000,2350.32000000,2357.59000000,2348.39000000,2355.13000000,4079.45290000,1776520799999999,9595993.26577300,27512,3041.85040000,7153309.60872800,0
1776520800000000,2355.13000000,2357.59000000,2352.68000000,2356.57000000,5710.97910000,1776521699999999,13454520.17569100,21831,1467.81600000,3457788.54123000,0
1776521700000000,2356.57000000,2357.62000000,2349.72000000,2356.16000000,10338.70960000,1776522599999999,24346702.71961500,35282,1808.35410000,4256387.42138200,0
1776522600000000,2356.16000000,2361.73000000,2356.16000000,2359.99000000,3651.82010000,1776523499999999,8616449.27539600,23251,1980.05030000,4671026.04164200,0
1776523500000000,2360.00000000,2366.00000000,2359.00000000,2365.23000000,6416.00990000,1776524399999999,15170025.03336500,23903,2329.27210000,5505807.30560500,0
1776524400000000,2365.23000000,2369.66000000,2359.21000000,2364.18000000,5038.03940000,1776525299999999,11909559.62672200,34522,2122.05010000,5016773.52875600,0
1776525300000000,2364.18000000,2365.78000000,2360.02000000,2364.40000000,1419.72540000,1776526199999999,3355191.67093400,19915,850.73960000,2010105.37516300,0
1776526200000000,2364.39000000,2367.22000000,2361.13000000,2361.51000000,1614.08910000,1776527099999999,3816197.91553200,14622,841.54020000,1989910.17030700,0
1776527100000000,2361.52000000,2364.80000000,2359.11000000,2363.64000000,5265.13130000,1776527999999999,12432448.84470100,18267,974.51120000,2301598.16058900,0
1776528000000000,2363.64000000,2366.46000000,2358.91000000,2366.07000000,2156.47430000,1776528899999999,5095500.01390600,24658,1229.41000000,2904171.55020500,0
1776528900000000,2366.06000000,2375.14000000,2357.57000000,2368.19000000,7101.88860000,1776529799999999,16776049.87555300,51270,2636.01970000,6237555.89324100,0
1776529800000000,2368.20000000,2369.31000000,2363.85000000,2364.60000000,915.33790000,1776530699999999,2165895.23427400,13732,514.45940000,1217181.07304800,0
1776530700000000,2364.60000000,2367.37000000,2358.00000000,2360.87000000,2112.05800000,1776531599999999,4987574.50800600,20107,1135.22080000,2681219.46448300,0
1776531600000000,2360.86000000,2362.83000000,2355.00000000,2357.95000000,6411.14520000,1776532499999999,15112570.17752200,27934,999.78920000,2357662.35041500,0
1776532500000000,2357.95000000,2363.27000000,2357.95000000,2361.85000000,1598.95080000,1776533399999999,3774279.31788100,17607,1288.21850000,3040913.18840700,0
1776533400000000,2361.85000000,2364.84000000,2361.75000000,2362.13000000,1108.96270000,1776534299999999,2620974.74722800,16207,632.37560000,1494498.04532600,0
1776534300000000,2362.14000000,2364.87000000,2361.46000000,2361.46000000,1622.05580000,1776535199999999,3834317.91187500,12270,1200.68900000,2838297.23645200,0
1776535200000000,2361.47000000,2363.64000000,2356.64000000,2361.21000000,2819.53550000,1776536099999999,6656139.47458900,21689,2379.33060000,5617252.69935700,0
1776536100000000,2361.21000000,2361.21000000,2354.41000000,2355.31000000,970.93760000,1776536999999999,2288391.02011400,24751,508.42210000,1198234.77590200,0
1776537000000000,2355.32000000,2355.84000000,2339.92000000,2345.79000000,4870.50780000,1776537899999999,11428986.78591400,54877,1756.57460000,4122019.15776000,0
1776537900000000,2345.80000000,2352.74000000,2344.08000000,2347.44000000,2417.96680000,1776538799999999,5678336.29749500,31732,1423.88300000,3344028.28695400,0
1776538800000000,2347.45000000,2356.02000000,2346.85000000,2354.01000000,1872.95940000,1776539699999999,4407042.75391100,21755,1242.73410000,2923894.19727600,0
1776539700000000,2354.01000000,2355.59000000,2348.39000000,2351.38000000,875.09020000,1776540599999999,2058606.94001600,14835,505.05100000,1188129.20712300,0
1776540600000000,2351.37000000,2352.38000000,2347.03000000,2347.43000000,996.93110000,1776541499999999,2341675.94646900,16742,485.86860000,1141143.87870600,0
1776541500000000,2347.42000000,2350.59000000,2346.49000000,2348.59000000,1331.70440000,1776542399999999,3127356.80050400,14651,699.77850000,1643530.01082700,0
1776542400000000,2348.59000000,2351.09000000,2344.96000000,2349.88000000,1224.25600000,1776543299999999,2874066.53830500,19358,731.73360000,1717796.94865000,0
1776543300000000,2349.87000000,2352.83000000,2348.01000000,2348.70000000,804.11570000,1776544199999999,1889964.56336000,13701,464.13480000,1090852.92313800,0
1776544200000000,2348.70000000,2352.63000000,2346.94000000,2352.22000000,841.06850000,1776545099999999,1975820.42378900,11488,582.19720000,1367778.22703600,0
1776545100000000,2352.21000000,2354.90000000,2351.19000000,2352.62000000,875.40440000,1776545999999999,2060215.10600200,10995,592.58010000,1394605.56961000,0
1776546000000000,2352.61000000,2355.12000000,2350.44000000,2352.58000000,1610.86000000,1776546899999999,3790883.08928500,12192,771.48780000,1815760.49088900,0
1776546900000000,2352.58000000,2353.17000000,2347.74000000,2352.53000000,649.26210000,1776547799999999,1526074.58424800,10496,343.98390000,808531.39460200,0
1776547800000000,2352.54000000,2352.91000000,2348.66000000,2352.91000000,985.05580000,1776548699999999,2315513.46220900,10531,399.23500000,938545.58945900,0
1776548700000000,2352.92000000,2355.33000000,2351.36000000,2355.33000000,909.45890000,1776549599999999,2140312.24614000,15962,563.98720000,1327266.10067700,0
1776549600000000,2355.32000000,2355.64000000,2348.63000000,2349.27000000,785.63940000,1776550499999999,1847281.99524400,18488,344.88000000,810922.61970900,0
1776550500000000,2349.27000000,2354.01000000,2348.97000000,2353.47000000,381.32530000,1776551399999999,896576.37048900,9043,183.24460000,430847.30238300,0
1776551400000000,2353.47000000,2357.07000000,2352.97000000,2354.22000000,752.59100000,1776552299999999,1772536.92757400,10730,491.71400000,1158117.17275000,0
1776552300000000,2354.22000000,2359.46000000,2353.73000000,2356.53000000,826.32810000,1776553199999999,1947727.65496400,12965,522.41930000,1231469.39504200,0
1776553200000000,2356.54000000,2359.50000000,2355.32000000,2355.33000000,1157.27820000,1776554099999999,2728517.81048100,8855,508.50630000,1198997.52572500,0
1776554100000000,2355.33000000,2356.57000000,2354.02000000,2354.73000000,378.80720000,1776554999999999,892204.01266100,6544,182.29140000,429300.25675300,0
1776555000000000,2354.73000000,2354.73000000,2351.65000000,2352.99000000,475.61340000,1776555899999999,1118941.97300100,6497,140.81860000,331297.75290700,0
1776555900000000,2352.98000000,2353.57000000,2349.68000000,2350.32000000,551.69250000,1776556799999999,1297311.87236600,5866,253.28230000,595639.17179700,0
1776556800000000,2350.33000000,2355.30000000,2350.10000000,2352.00000000,800.00970000,1776557699999999,1882076.47364700,11708,442.84190000,1041835.54399800,0
1776557700000000,2352.00000000,2352.00000000,2346.95000000,2347.93000000,1000.44610000,1776558599999999,2349519.23981900,17316,273.38270000,642106.63177500,0
1776558600000000,2347.93000000,2348.97000000,2344.35000000,2345.82000000,665.40260000,1776559499999999,1561064.83690900,11048,230.33990000,540475.58442000,0
1776559500000000,2345.81000000,2350.36000000,2345.70000000,2349.09000000,973.25470000,1776560399999999,2285601.47715200,10718,320.96320000,753669.47048800,0
1776560400000000,2349.09000000,2353.00000000,2345.65000000,2348.66000000,1161.38860000,1776561299999999,2729592.03315700,18698,536.64520000,1261207.70460900,0
1776561300000000,2348.66000000,2348.66000000,2344.35000000,2344.35000000,764.01740000,1776562199999999,1792698.55609400,11944,412.85840000,968764.03995400,0
1776562200000000,2344.34000000,2345.87000000,2341.66000000,2344.88000000,1476.76710000,1776563099999999,3461029.38641000,15651,945.64180000,2216274.98380300,0
1776563100000000,2344.87000000,2350.13000000,2344.87000000,2348.03000000,1883.01700000,1776563999999999,4421304.59349500,11635,1538.29640000,3611917.31307400,0
1776564000000000,2348.04000000,2348.19000000,2345.04000000,2346.31000000,1149.70420000,1776564899999999,2697363.41946400,11148,586.09170000,1375142.85964000,0
1776564900000000,2346.32000000,2349.20000000,2333.44000000,2337.87000000,2696.70880000,1776565799999999,6308097.96820200,35265,933.76240000,2183998.02072800,0
1776565800000000,2337.88000000,2347.66000000,2335.63000000,2344.54000000,1482.36020000,1776566699999999,3469478.35854500,28883,905.66170000,2120095.36156200,0
1776566700000000,2344.54000000,2346.83000000,2338.24000000,2338.25000000,2942.47310000,1776567599999999,6890005.54339000,17508,800.88390000,1875726.78290100,0
1776567600000000,2338.24000000,2341.80000000,2332.10000000,2341.47000000,1347.62130000,1776568499999999,3149642.93291700,23543,521.26390000,1218644.74178900,0
1776568500000000,2341.47000000,2343.35000000,2337.65000000,2343.35000000,583.71930000,1776569399999999,1366292.16686900,13362,269.74090000,631401.10004700,0
1776569400000000,2343.34000000,2343.85000000,2341.08000000,2342.79000000,595.24090000,1776570299999999,1394247.55995200,12830,239.18270000,560249.65135400,0
1776570300000000,2342.79000000,2344.09000000,2338.98000000,2339.77000000,769.24860000,1776571199999999,1801815.19843100,9813,388.70190000,910553.29126000,0
1776571200000000,2339.77000000,2346.11000000,2339.56000000,2344.26000000,871.83800000,1776572099999999,2043082.38251200,13846,500.68020000,1173337.81584300,0
1776572100000000,2344.25000000,2345.32000000,2341.26000000,2341.86000000,841.38670000,1776572999999999,1971728.20212500,10651,445.65680000,1044465.29928600,0
1776573000000000,2341.86000000,2341.87000000,2321.62000000,2328.48000000,6629.96640000,1776573899999999,15442897.91874900,39794,2661.41700000,6198775.92629400,0
1776573900000000,2328.48000000,2334.31000000,2327.37000000,2333.34000000,1214.66070000,1776574799999999,2831471.43866600,17337,810.31550000,1888917.80513600,0
1776574800000000,2333.34000000,2334.50000000,2329.00000000,2332.45000000,1801.24370000,1776575699999999,4198856.50790700,15707,444.05060000,1035266.85853900,0
1776575700000000,2332.44000000,2334.44000000,2329.63000000,2333.82000000,852.65140000,1776576599999999,1988819.95556700,11332,365.33910000,852183.16797800,0
1776576600000000,2333.83000000,2338.68000000,2333.83000000,2336.00000000,943.31350000,1776577499999999,2204230.96225600,16079,581.71520000,1359265.92702900,0
1776577500000000,2335.99000000,2336.00000000,2331.50000000,2332.76000000,1235.66140000,1776578399999999,2883107.88002300,11292,646.70720000,1508838.24719800,0
1776578400000000,2332.75000000,2333.12000000,2322.61000000,2323.66000000,2420.98350000,1776579299999999,5637443.35242600,26309,694.21110000,1616190.05563800,0
1776579300000000,2323.67000000,2331.46000000,2321.88000000,2328.38000000,8823.42080000,1776580199999999,20548388.85739400,32428,5362.71260000,12489133.23468100,0
1776580200000000,2328.38000000,2332.38000000,2328.38000000,2330.34000000,1277.43540000,1776581099999999,2977123.48406200,14452,882.21990000,2055998.06528100,0
1776581100000000,2330.35000000,2330.35000000,2325.06000000,2327.20000000,2195.74550000,1776581999999999,5109873.69684000,18630,974.73490000,2268457.14084400,0
1776582000000000,2327.20000000,2327.32000000,2319.21000000,2321.00000000,2692.13480000,1776582899999999,6252385.41592900,25753,1003.11970000,2329887.70492200,0
1776582900000000,2321.01000000,2322.57000000,2300.00000000,2303.27000000,15275.63640000,1776583799999999,35232293.50850500,86973,4629.10730000,10677606.67169600,0
1776583800000000,2303.28000000,2318.53000000,2302.80000000,2315.44000000,4730.67590000,1776584699999999,10928087.46939500,41731,2908.31120000,6719171.66956800,0
1776584700000000,2315.43000000,2319.47000000,2312.92000000,2316.03000000,2597.99770000,1776585599999999,6018602.93832800,20006,1333.31050000,3088691.21634300,0
1776585600000000,2316.03000000,2318.02000000,2312.57000000,2316.67000000,1627.09970000,1776586499999999,3766548.63243300,18479,811.55750000,1878625.30576400,0
1776586500000000,2316.67000000,2320.01000000,2315.29000000,2315.39000000,1231.44370000,1776587399999999,2854493.32626800,18189,516.90920000,1198226.03279800,0
1776587400000000,2315.38000000,2320.96000000,2311.20000000,2319.19000000,2360.42750000,1776588299999999,5464787.41527900,32082,1174.52460000,2719225.18545500,0
1776588300000000,2319.20000000,2320.68000000,2317.10000000,2318.69000000,1067.56730000,1776589199999999,2475488.29776300,20162,531.90850000,1233398.74582900,0
1776589200000000,2318.69000000,2319.36000000,2315.82000000,2317.56000000,1251.30790000,1776590099999999,2899727.46525300,16974,564.17340000,1307410.59539600,0
1776590100000000,2317.56000000,2317.93000000,2310.00000000,2315.21000000,1423.14590000,1776590999999999,3293661.86440000,22915,768.06090000,1777711.03247300,0
1776591000000000,2315.21000000,2316.57000000,2310.52000000,2311.87000000,702.07800000,1776591899999999,1624415.65979400,19282,335.48040000,776206.12385300,0
1776591900000000,2311.87000000,2312.19000000,2306.42000000,2310.24000000,1592.61340000,1776592799999999,3677810.94507800,21622,568.95280000,1313820.70391800,0
1776592800000000,2310.24000000,2312.74000000,2306.73000000,2309.78000000,831.96020000,1776593699999999,1921467.97064400,22091,427.36920000,987003.68168900,0
1776593700000000,2309.78000000,2312.43000000,2307.67000000,2311.85000000,1031.35770000,1776594599999999,2382585.71605600,16822,644.19740000,1488230.05762300,0
1776594600000000,2311.84000000,2314.72000000,2311.31000000,2314.71000000,825.84690000,1776595499999999,1910128.86625800,10338,422.12900000,976350.71295900,0
1776595500000000,2314.71000000,2320.15000000,2313.73000000,2318.01000000,1113.93530000,1776596399999999,2582067.69793900,13460,754.94310000,1749930.75038400,0
1776596400000000,2318.02000000,2328.63000000,2317.53000000,2327.57000000,2148.71400000,1776597299999999,4992594.19783400,23221,1285.28420000,2986088.28061300,0
1776597300000000,2327.58000000,2331.13000000,2322.83000000,2325.85000000,3753.58750000,1776598199999999,8739927.06121000,29070,1186.67220000,2761755.03876300,0
1776598200000000,2325.84000000,2329.44000000,2325.71000000,2327.78000000,1018.84030000,1776599099999999,2371331.27491500,13818,606.37480000,1411356.33114600,0
1776599100000000,2327.77000000,2330.98000000,2327.34000000,2329.38000000,1295.59870000,1776599999999999,3017361.01960200,17802,780.78300000,1818399.34595900,0
1776600000000000,2329.38000000,2335.92000000,2328.00000000,2333.77000000,5593.74360000,1776600899999999,13046378.65568900,34501,2544.44950000,5933181.28475100,0
1776600900000000,2333.78000000,2334.00000000,2327.87000000,2329.00000000,1386.70650000,1776601799999999,3232668.15753200,15034,702.74640000,1638397.06980200,0
1776601800000000,2328.99000000,2329.62000000,2325.00000000,2326.28000000,1444.37280000,1776602699999999,3361263.22668500,17752,805.28610000,1874205.81558000,0
1776602700000000,2326.29000000,2337.24000000,2325.00000000,2331.29000000,2222.63360000,1776603599999999,5182895.54305800,20095,1512.15480000,3526188.29471600,0
1776603600000000,2331.29000000,2339.69000000,2330.85000000,2336.33000000,2441.43250000,1776604499999999,5703510.38999500,28708,1574.94760000,3679345.18595400,0
1776604500000000,2336.33000000,2350.24000000,2335.43000000,2342.27000000,5402.88150000,1776605399999999,12666457.40230000,57799,2766.29460000,6484840.42524600,0
1776605400000000,2342.27000000,2345.26000000,2338.28000000,2342.18000000,2697.23010000,1776606299999999,6314325.71593600,25837,1326.75730000,3106403.95622700,0
1776606300000000,2342.18000000,2342.26000000,2335.94000000,2338.67000000,2282.03880000,1776607199999999,5337351.30847800,20578,1069.96750000,2502315.52081400,0
1776607200000000,2338.67000000,2341.00000000,2327.35000000,2331.63000000,2142.77830000,1776608099999999,4997430.38950900,36510,935.53160000,2182309.38915600,0
1776608100000000,2331.62000000,2342.05000000,2330.48000000,2338.99000000,1886.15050000,1776608999999999,4406338.24922200,26403,1275.22320000,2979376.54570600,0
1776609000000000,2338.99000000,2340.25000000,2334.50000000,2338.00000000,1424.79130000,1776609899999999,3329404.88699400,24684,624.24680000,1458796.73400700,0
1776609900000000,2338.00000000,2343.12000000,2336.89000000,2338.09000000,1299.86500000,1776610799999999,3042095.09010100,20005,808.52160000,1892146.70018400,0
1776610800000000,2338.09000000,2338.58000000,2332.96000000,2336.41000000,1269.85600000,1776611699999999,2965985.36574200,21612,744.92110000,1739830.97200500,0
1776611700000000,2336.42000000,2341.49000000,2332.80000000,2335.15000000,1598.97540000,1776612599999999,3735712.24046900,23729,617.10950000,1441838.56828200,0
1776612600000000,2335.15000000,2336.00000000,2315.29000000,2325.20000000,3462.38420000,1776613499999999,8047333.73849200,55587,1460.04810000,3393066.22438700,0
1776613500000000,2325.20000000,2331.70000000,2323.79000000,2330.80000000,1110.87910000,1776614399999999,2586756.91193600,25232,589.02060000,1371332.44751500,0
1776614400000000,2330.80000000,2331.34000000,2324.34000000,2325.84000000,1735.66310000,1776615299999999,4038724.29998900,33154,607.46870000,1413992.40588000,0
1776615300000000,2325.84000000,2327.99000000,2318.33000000,2320.19000000,1569.25260000,1776616199999999,3643719.28595500,32370,553.15820000,1284836.79474800,0
1776616200000000,2320.19000000,2325.67000000,2317.14000000,2319.10000000,1164.44930000,1776617099999999,2703084.36197300,25208,567.84200000,1318167.46103800,0
1776617100000000,2319.09000000,2322.36000000,2304.70000000,2311.68000000,5958.24940000,1776617999999999,13763435.85891700,55874,3320.55030000,7667518.95582700,0
1776618000000000,2311.68000000,2312.59000000,2296.00000000,2307.88000000,9003.04550000,1776618899999999,20734200.95469700,69451,3257.03880000,7506179.67473400,0
1776618900000000,2307.88000000,2317.81000000,2307.55000000,2312.48000000,3608.62630000,1776619799999999,8343142.85157900,38120,2347.52030000,5427928.29340300,0
1776619800000000,2312.49000000,2316.24000000,2304.26000000,2309.31000000,1591.95940000,1776620699999999,3677629.39193600,32024,851.97270000,1968347.71765800,0
1776620700000000,2309.32000000,2311.03000000,2294.50000000,2296.59000000,4930.24310000,1776621599999999,11340038.19322700,58542,2012.36060000,4629275.13685500,0
1776621600000000,2296.58000000,2300.63000000,2290.44000000,2297.39000000,5644.54440000,1776622499999999,12960647.79426400,63858,3151.78010000,7237403.25332400,0
1776622500000000,2297.40000000,2301.25000000,2290.22000000,2298.05000000,5384.21380000,1776623399999999,12364225.09878800,44615,2357.18580000,5412944.75444500,0
1776623400000000,2298.05000000,2298.94000000,2290.71000000,2291.75000000,3035.58610000,1776624299999999,6962098.75341800,28689,1453.48290000,3333297.81220800,0
1776624300000000,2291.74000000,2296.48000000,2287.62000000,2295.78000000,2604.40380000,1776625199999999,5968540.06110700,30254,945.58600000,2167875.44023600,0
1776625200000000,2295.78000000,2301.80000000,2295.78000000,2299.95000000,2642.53400000,1776626099999999,6077086.80730800,29197,1539.05410000,3539521.53640400,0
1776626100000000,2299.95000000,2304.78000000,2294.42000000,2299.32000000,2955.51200000,1776626999999999,6797948.64278300,32240,1352.86650000,3111066.44864800,0
1776627000000000,2299.32000000,2302.71000000,2295.87000000,2297.18000000,1178.66300000,1776627899999999,2709249.52883100,21417,768.70100000,1766914.42653200,0
1776627900000000,2297.17000000,2300.74000000,2297.00000000,2299.65000000,796.76290000,1776628799999999,1831823.17294900,13840,447.71630000,1029261.09822200,0
1776628800000000,2299.66000000,2300.00000000,2290.64000000,2294.85000000,2549.45210000,1776629699999999,5847580.00170000,32776,1366.23730000,3133502.20902800,0
1776629700000000,2294.85000000,2294.86000000,2288.62000000,2292.44000000,1763.89620000,1776630599999999,4040716.46294100,23995,660.50870000,1513013.37854600,0
1776630600000000,2292.44000000,2296.97000000,2279.03000000,2282.33000000,9233.38440000,1776631499999999,21076034.16598200,40698,1780.00120000,4066360.30682200,0
1776631500000000,2282.33000000,2285.95000000,2273.51000000,2280.61000000,5796.97270000,1776632399999999,13222584.79066600,57571,2880.95860000,6572040.14702400,0
1776632400000000,2280.61000000,2286.25000000,2279.21000000,2285.51000000,2084.58910000,1776633299999999,4758506.91116700,23273,1316.63670000,3005513.40741300,0
1776633300000000,2285.50000000,2287.50000000,2279.62000000,2286.39000000,1589.17100000,1776634199999999,3629474.15392000,20842,927.43670000,2118130.38840600,0
1776634200000000,2286.39000000,2290.11000000,2285.81000000,2287.78000000,1376.70750000,1776635099999999,3150250.88256300,17828,972.48460000,2225223.94379700,0
1776635100000000,2287.79000000,2290.34000000,2274.98000000,2276.09000000,2254.72060000,1776635999999999,5143436.41465000,37308,912.32780000,2081070.14267100,0
1776636000000000,2276.08000000,2276.08000000,2252.72000000,2260.38000000,13742.37640000,1776636899999999,31099708.72081300,160544,5731.84900000,12970727.32349900,0
1776636900000000,2260.39000000,2266.55000000,2252.89000000,2263.47000000,6279.41850000,1776637799999999,14183881.95290500,73233,3813.92020000,8615509.24363100,0
1776637800000000,2263.48000000,2273.50000000,2262.68000000,2273.36000000,3854.18970000,1776638699999999,8744792.08454800,39131,2169.17970000,4922241.62077700,0
1776638700000000,2273.37000000,2275.54000000,2269.60000000,2269.79000000,4643.87250000,1776639599999999,10556158.24312200,25620,1959.51010000,4454018.07322700,0
1776639600000000,2269.78000000,2269.78000000,2260.26000000,2265.00000000,4238.79830000,1776640499999999,9592879.86961600,52619,1859.23740000,4206876.74771400,0
1776640500000000,2264.99000000,2265.90000000,2256.33000000,2264.25000000,3471.72640000,1776641399999999,7855350.00189800,35068,1554.78910000,3518566.46496400,0
1776641400000000,2264.25000000,2268.75000000,2262.63000000,2267.46000000,2249.46180000,1776642299999999,5097111.34973800,26429,1172.60020000,2657118.37967400,0
1776642300000000,2267.47000000,2270.40000000,2262.52000000,2263.27000000,1516.00710000,1776643199999999,3435923.63109900,18689,862.52640000,1955000.95495800,0
1776643200000000,2263.28000000,2274.90000000,2259.67000000,2269.21000000,3463.63380000,1776644099999999,7856796.51861000,43682,2070.13190000,4696423.59129100,0
1776644100000000,2269.22000000,2277.73000000,2269.22000000,2276.51000000,3056.29120000,1776644999999999,6952967.50632400,33084,2064.98870000,4697903.42426200,0
1776645000000000,2276.50000000,2279.44000000,2273.70000000,2275.75000000,2064.49820000,1776645899999999,4699841.84585200,17815,908.24280000,2067768.74380200,0
1776645900000000,2275.74000000,2283.14000000,2274.35000000,2280.01000000,4058.84070000,1776646799999999,9257958.77465700,21722,2343.67510000,5345471.32421100,0
1776646800000000,2280.02000000,2284.95000000,2279.06000000,2284.93000000,1837.85820000,1776647699999999,4194353.18497700,23007,1173.57200000,2678432.16967000,0
1776647700000000,2284.93000000,2284.93000000,2278.20000000,2280.73000000,1992.83050000,1776648599999999,4544508.98519500,14954,759.06780000,1731085.68746700,0
1776648600000000,2280.72000000,2294.30000000,2280.72000000,2291.64000000,2555.58670000,1776649499999999,5851350.50732200,37994,1553.35560000,3555909.24110900,0
1776649500000000,2291.63000000,2292.75000000,2285.78000000,2286.17000000,1177.09510000,1776650399999999,2694807.44735500,15858,422.61170000,967588.33168400,0
1776650400000000,2286.16000000,2287.63000000,2273.05000000,2275.87000000,2217.91490000,1776651299999999,5061505.46048000,26663,1018.89070000,2326100.23361700,0
1776651300000000,2275.87000000,2279.02000000,2272.25000000,2277.64000000,1215.40270000,1776652199999999,2767284.64251400,20867,601.79240000,1370106.39758200,0
1776652200000000,2277.64000000,2279.44000000,2275.86000000,2278.65000000,1123.54400000,1776653099999999,2558877.75438000,15977,648.79650000,1477725.62605200,0
1776653100000000,2278.64000000,2281.75000000,2276.30000000,2277.43000000,1302.89590000,1776653999999999,2969811.72183900,12477,756.13080000,1723554.79968700,0
1776654000000000,2277.43000000,2282.26000000,2276.08000000,2282.25000000,1062.55890000,1776654899999999,2421077.29480600,14295,702.12410000,1599772.60997600,0
1776654900000000,2282.26000000,2283.74000000,2278.67000000,2280.32000000,1100.99330000,1776655799999999,2511472.90897200,13477,661.25640000,1508338.69955800,0
1776655800000000,2280.31000000,2281.58000000,2279.21000000,2281.56000000,540.32460000,1776656699999999,1232247.55697200,7832,318.17970000,725671.73776600,0
1776656700000000,2281.56000000,2288.58000000,2280.27000000,2286.56000000,1262.98020000,1776657599999999,2885348.63891000,14078,771.01310000,1761557.65361100,0
1776657600000000,2286.55000000,2286.55000000,2282.12000000,2283.38000000,1609.41710000,1776658499999999,3675576.85311400,14155,578.46650000,1321229.98498800,0
1776658500000000,2283.39000000,2284.71000000,2279.89000000,2281.79000000,1599.26280000,1776659399999999,3649733.84835100,8177,426.17290000,972547.61838500,0
1776659400000000,2281.79000000,2281.79000000,2278.84000000,2279.78000000,622.23860000,1776660299999999,1418731.10250300,7679,352.45720000,803649.81034300,0
1776660300000000,2279.78000000,2285.24000000,2279.77000000,2283.39000000,1496.15920000,1776661199999999,3416020.44927400,12314,800.10790000,1826779.45821000,0
1776661200000000,2283.39000000,2283.39000000,2269.40000000,2273.21000000,2167.39580000,1776662099999999,4929110.98936200,22395,929.64080000,2113317.27949000,0
1776662100000000,2273.20000000,2273.20000000,2264.50000000,2266.02000000,2753.83200000,1776662999999999,6247952.97305200,21152,1457.75670000,3308445.50846100,0
1776663000000000,2266.02000000,2269.53000000,2264.47000000,2264.55000000,1763.66550000,1776663899999999,3999114.91152900,18867,1186.07240000,2689551.71316800,0
1776663900000000,2264.55000000,2272.00000000,2263.18000000,2270.21000000,1731.50970000,1776664799999999,3929304.99509100,15016,1281.87990000,2909495.71822200,0
1776664800000000,2270.21000000,2276.36000000,2269.89000000,2270.56000000,1055.18280000,1776665699999999,2398904.26843200,18284,590.69690000,1343062.07812200,0
1776665700000000,2270.55000000,2275.28000000,2268.78000000,2274.36000000,1311.73020000,1776666599999999,2981652.36926400,12880,511.12670000,1161937.40692800,0
1776666600000000,2274.37000000,2289.00000000,2274.37000000,2284.72000000,2783.32260000,1776667499999999,6349572.89927700,29190,1563.23720000,3566734.99344300,0
1776667500000000,2284.70000000,2287.50000000,2280.67000000,2286.17000000,1877.50330000,1776668399999999,4288654.75787300,26120,1160.96960000,2651927.60489300,0
1776668400000000,2286.17000000,2288.70000000,2283.02000000,2287.15000000,1867.46030000,1776669299999999,4269298.55738500,24586,738.30570000,1688080.02049400,0
1776669300000000,2287.16000000,2332.88000000,2285.68000000,2314.81000000,16937.87390000,1776670199999999,39074766.71665100,128339,8782.87610000,20298569.30121700,0
1776670200000000,2314.81000000,2317.34000000,2295.48000000,2298.01000000,11262.99300000,1776671099999999,25993731.67431300,75248,4773.79900000,11003915.00663900,0
1776671100000000,2298.02000000,2302.72000000,2287.13000000,2298.80000000,8636.61580000,1776671999999999,19817516.59846800,44963,5516.90880000,12663200.26197200,0
1776672000000000,2298.81000000,2302.14000000,2291.61000000,2300.34000000,3920.25440000,1776672899999999,9000732.92779900,32369,2591.90850000,5950919.93583400,0
1776672900000000,2300.35000000,2308.65000000,2292.83000000,2299.66000000,5652.97640000,1776673799999999,13003949.87828000,49057,2299.60170000,5294936.46361800,0
1776673800000000,2299.67000000,2301.02000000,2292.91000000,2295.60000000,2336.61990000,1776674699999999,5366779.55563300,32044,1286.70390000,2956336.90622000,0
1776674700000000,2295.60000000,2296.66000000,2289.82000000,2294.09000000,2340.40350000,1776675599999999,5367611.03073100,38114,1266.40730000,2904448.06247300,0
1776675600000000,2294.08000000,2306.36000000,2293.30000000,2303.31000000,2039.22060000,1776676499999999,4690676.08058700,38944,1326.28740000,3050476.78366400,0
1776676500000000,2303.30000000,2307.12000000,2301.93000000,2304.60000000,1999.77880000,1776677399999999,4609110.90321100,30700,1367.70120000,3152440.44146600,0
1776677400000000,2304.61000000,2313.64000000,2303.73000000,2311.00000000,1944.25710000,1776678299999999,4488573.16809100,35000,1165.03250000,2690160.62677000,0
1776678300000000,2310.99000000,2313.34000000,2306.72000000,2309.06000000,2533.04600000,1776679199999999,5852434.42683900,35441,1214.66500000,2806679.02984600,0
1776679200000000,2309.06000000,2318.75000000,2308.20000000,2315.84000000,2631.37780000,1776680099999999,6089959.78675000,38331,1751.17650000,4052786.74365200,0
1776680100000000,2315.86000000,2320.00000000,2314.36000000,2315.56000000,1512.07920000,1776680999999999,3503126.62655800,29871,809.90920000,1876480.39558600,0
1776681000000000,2315.56000000,2315.56000000,2307.23000000,2308.95000000,2000.57240000,1776681899999999,4621890.33653900,26396,617.70590000,1426558.94186400,0
1776681900000000,2308.94000000,2309.63000000,2303.23000000,2303.39000000,1312.32070000,1776682799999999,3027439.39431100,26372,650.64780000,1501241.94423500,0
1776682800000000,2303.39000000,2309.15000000,2300.00000000,2309.15000000,2090.04400000,1776683699999999,4817682.71609100,33796,1091.15400000,2515763.35386400,0
1776683700000000,2309.16000000,2311.47000000,2303.71000000,2306.19000000,2072.79490000,1776684599999999,4785062.83275700,27274,1040.43920000,2402254.27531300,0
1776684600000000,2306.19000000,2309.41000000,2302.30000000,2308.17000000,1333.03300000,1776685499999999,3074731.64120200,28179,706.46290000,1629740.34535700,0
1776685500000000,2308.18000000,2312.33000000,2307.16000000,2308.42000000,1894.78680000,1776686399999999,4376433.36020400,26719,917.16530000,2118393.59811900,0
1776686400000000,2308.42000000,2314.20000000,2304.46000000,2312.31000000,1926.67710000,1776687299999999,4450316.57660800,43012,1103.57820000,2549564.43493000,0
1776687300000000,2312.31000000,2323.02000000,2309.78000000,2315.60000000,4357.97000000,1776688199999999,10100491.55492000,58264,2581.35700000,5983425.20508300,0
1776688200000000,2315.59000000,2317.70000000,2306.83000000,2311.29000000,2492.70990000,1776689099999999,5763156.47846900,43787,1090.06850000,2521383.65605700,0
1776689100000000,2311.29000000,2319.56000000,2311.29000000,2318.88000000,3222.09050000,1776689999999999,7460927.79836700,30590,1397.37410000,3235785.38118000,0
1776690000000000,2318.88000000,2326.36000000,2313.43000000,2319.29000000,5047.00970000,1776690899999999,11712621.12047600,62449,3185.64480000,7393733.87911100,0
1776690900000000,2319.30000000,2321.59000000,2310.09000000,2316.41000000,2554.40340000,1776691799999999,5912178.95115000,41423,1150.07070000,2661447.11981200,0
1776691800000000,2316.41000000,2319.06000000,2301.53000000,2312.58000000,5131.80850000,1776692699999999,11864093.26371400,118758,2234.46000000,5166663.14771300,0
1776692700000000,2312.58000000,2316.97000000,2302.14000000,2310.82000000,4304.91490000,1776693599999999,9938424.14594200,90070,1969.69860000,4548070.63259800,0
1776693600000000,2310.82000000,2310.82000000,2296.61000000,2299.93000000,5848.98370000,1776694499999999,13472565.74053600,89922,2019.39750000,4651448.21479700,0
1776694500000000,2299.94000000,2321.98000000,2298.24000000,2310.82000000,6598.75610000,1776695399999999,15248997.52900400,100542,3304.14910000,7636672.33206500,0
1776695400000000,2310.82000000,2314.51000000,2295.41000000,2302.61000000,4664.21320000,1776696299999999,10750199.94293300,88781,1806.59230000,4163661.67197100,0
1776696300000000,2302.60000000,2307.69000000,2283.00000000,2290.90000000,15990.95930000,1776697199999999,36628234.22558500,137280,4598.96970000,10546348.32285200,0
1776697200000000,2290.91000000,2294.00000000,2278.38000000,2292.61000000,6805.40660000,1776698099999999,15559930.18519500,115693,3279.32820000,7500267.15554900,0
1776698100000000,2292.62000000,2319.00000000,2292.14000000,2317.80000000,8128.27870000,1776698999999999,18747882.63858800,138976,4517.92600000,10424284.45451300,0
1776699000000000,2317.80000000,2317.80000000,2306.83000000,2307.57000000,3829.75900000,1776699899999999,8848403.83803300,70062,1760.41140000,4067507.18116900,0
1776699900000000,2307.58000000,2314.45000000,2305.69000000,2313.91000000,4530.59330000,1776700799999999,10471650.57096700,44608,2667.82030000,6166538.45658200,0
1776700800000000,2313.92000000,2315.01000000,2306.78000000,2308.06000000,3556.88020000,1776701699999999,8218400.54987900,38838,1706.73340000,3942206.79037300,0
1776701700000000,2308.06000000,2308.33000000,2300.00000000,2303.93000000,2238.84210000,1776702599999999,5159986.19375700,41581,888.76920000,2048259.02880100,0
1776702600000000,2303.93000000,2308.84000000,2300.29000000,2306.70000000,2065.51820000,1776703499999999,4759399.66646500,39661,991.81940000,2285677.50475300,0
1776703500000000,2306.70000000,2309.24000000,2298.76000000,2300.07000000,1740.14870000,1776704399999999,4006919.27141900,34134,801.68910000,1846050.41762700,0
1776704400000000,2300.07000000,2315.51000000,2297.97000000,2313.50000000,3251.29590000,1776705299999999,7503163.70685500,58536,1882.13870000,4344582.51557600,0
1776705300000000,2313.49000000,2322.40000000,2310.95000000,2314.40000000,3576.86410000,1776706199999999,8286778.62692300,53544,1589.34500000,3682651.06137000,0
1776706200000000,2314.40000000,2318.37000000,2307.94000000,2313.17000000,3007.08950000,1776707099999999,6953846.41917600,52740,1495.93110000,3459097.95403200,0
1776707100000000,2313.18000000,2321.81000000,2311.42000000,2317.06000000,2712.97910000,1776707999999999,6289076.62690600,41113,1573.24430000,3646855.35360700,0
1776708000000000,2317.06000000,2332.81000000,2317.06000000,2331.42000000,8296.33330000,1776708899999999,19304362.07664000,88511,4265.46510000,9924008.11638800,0
1776708900000000,2331.42000000,2335.79000000,2326.56000000,2328.46000000,3759.54010000,1776709799999999,8764754.43063100,51798,1740.02040000,4057958.14867500,0
1776709800000000,2328.45000000,2341.97000000,2324.71000000,2335.21000000,6161.21820000,1776710699999999,14377290.98996600,54256,3588.43400000,8373157.17000100,0
1776710700000000,2335.21000000,2344.19000000,2329.50000000,2334.23000000,5300.21890000,1776711599999999,12384962.55468800,42918,2803.53820000,6549283.13904200,0
1776711600000000,2334.24000000,2336.43000000,2330.20000000,2334.25000000,2674.15000000,1776712499999999,6241653.85598000,32538,1091.83430000,2548546.67744800,0
1776712500000000,2334.24000000,2334.25000000,2327.27000000,2329.62000000,1791.85790000,1776713399999999,4174538.38546900,27460,569.67250000,1327142.77909600,0
1776713400000000,2329.61000000,2330.71000000,2327.47000000,2328.55000000,1638.67190000,1776714299999999,3817072.05563300,24810,1027.82340000,2394316.39465200,0
1776714300000000,2328.56000000,2333.87000000,2327.65000000,2331.78000000,1660.89480000,1776715199999999,3869753.97116100,27911,575.48800000,1340937.54341600,0
1776715200000000,2331.78000000,2334.13000000,2328.72000000,2331.99000000,1492.48750000,1776716099999999,3480183.62577000,26357,610.36940000,1423259.73689200,0
1776716100000000,2331.98000000,2340.15000000,2330.65000000,2331.20000000,2863.29380000,1776716999999999,6685931.63388100,28838,1518.98750000,3546769.98680700,0
1776717000000000,2331.19000000,2331.67000000,2327.82000000,2328.14000000,1208.36800000,1776717899999999,2815213.77452100,19742,402.02970000,936664.45613500,0
1776717900000000,2328.14000000,2339.35000000,2325.33000000,2337.59000000,3357.08490000,1776718799999999,7834855.84193200,27082,2189.04430000,5109998.33224800,0
1776718800000000,2337.58000000,2346.78000000,2320.31000000,2325.21000000,8940.82150000,1776719699999999,20872505.23137800,67292,4194.01340000,9797418.89174500,0
1776719700000000,2325.22000000,2327.04000000,2315.99000000,2319.75000000,2976.10390000,1776720599999999,6907746.02476500,32069,1106.42630000,2568705.88271300,0
1776720600000000,2319.75000000,2322.14000000,2315.21000000,2317.51000000,1656.40170000,1776721499999999,3841081.84953000,23415,704.24740000,1633062.96263000,0
1776721500000000,2317.51000000,2322.69000000,2317.14000000,2321.65000000,924.83650000,1776722399999999,2145832.63680600,19474,527.80760000,1224506.94399300,0
1776722400000000,2321.64000000,2328.52000000,2321.64000000,2323.41000000,1877.45720000,1776723299999999,4364917.08301800,33087,1012.35600000,2353652.88840300,0
1776723300000000,2323.42000000,2324.81000000,2316.75000000,2318.94000000,1156.26930000,1776724199999999,2681897.87123500,21264,396.05960000,918578.39088300,0
1776724200000000,2318.95000000,2325.65000000,2317.71000000,2320.89000000,1160.74700000,1776725099999999,2694399.34896600,23889,532.37160000,1235856.47612300,0
1776725100000000,2320.90000000,2321.04000000,2318.27000000,2319.40000000,926.77360000,1776725999999999,2149791.87600300,16501,490.72400000,1138336.14299200,0
1776726000000000,2319.40000000,2319.40000000,2310.30000000,2311.77000000,2622.69150000,1776726899999999,6066713.65059200,35101,825.18270000,1908429.56235600,0
1776726900000000,2311.77000000,2312.99000000,2307.74000000,2309.83000000,1608.64930000,1776727799999999,3716512.75577800,20993,698.78470000,1614338.97562700,0
1776727800000000,2309.83000000,2314.84000000,2308.07000000,2313.19000000,890.14030000,1776728699999999,2058146.74082100,16144,537.29220000,1242221.61674900,0
1776728700000000,2313.19000000,2315.29000000,2311.02000000,2313.85000000,1347.92610000,1776729599999999,3118384.71297500,14053,495.86770000,1147227.61962500,0
1776729600000000,2313.84000000,2318.12000000,2311.66000000,2315.60000000,1807.75150000,1776730499999999,4184387.43762900,33988,742.98240000,1719932.03214900,0
1776730500000000,2315.59000000,2316.98000000,2313.00000000,2316.14000000,1037.82360000,1776731399999999,2402913.31453100,20487,576.38660000,1334548.41880500,0
1776731400000000,2316.15000000,2318.90000000,2314.68000000,2316.39000000,894.88510000,1776732299999999,2073541.83469400,15854,459.08980000,1063770.30055000,0
1776732300000000,2316.39000000,2324.70000000,2316.37000000,2321.94000000,1900.05010000,1776733199999999,4409098.47301700,31217,1105.55490000,2565241.13280900,0
1776733200000000,2321.94000000,2326.64000000,2319.39000000,2322.92000000,1122.83530000,1776734099999999,2607949.90256900,21483,612.88600000,1423573.23429400,0
1776734100000000,2322.92000000,2323.35000000,2318.54000000,2322.92000000,1332.92050000,1776734999999999,3092395.29774500,18774,770.18180000,1786746.32319300,0
1776735000000000,2322.93000000,2326.27000000,2320.00000000,2321.99000000,1086.22360000,1776735899999999,2523088.30314000,22103,605.72810000,1406825.27886700,0
1776735900000000,2321.99000000,2322.00000000,2312.66000000,2315.16000000,1724.93380000,1776736799999999,3995978.78094000,20687,744.78980000,1725060.26136900,0
1776736800000000,2315.16000000,2315.72000000,2308.53000000,2310.16000000,1741.95530000,1776737699999999,4025167.24228600,20895,710.89830000,1642671.33082100,0
1776737700000000,2310.16000000,2312.13000000,2306.45000000,2310.01000000,2007.92610000,1776738599999999,4638753.26709500,18898,681.66110000,1574792.24608400,0
1776738600000000,2310.01000000,2313.08000000,2308.00000000,2308.28000000,1071.26090000,1776739499999999,2475227.26100800,17800,356.97160000,824929.10833200,0
1776739500000000,2308.29000000,2309.85000000,2307.00000000,2308.34000000,707.01860000,1776740399999999,1632100.18776100,13867,369.96130000,853993.50016500,0
1776740400000000,2308.34000000,2308.35000000,2300.15000000,2303.92000000,2569.03440000,1776741299999999,5918614.10151500,22419,892.47060000,2055809.38883300,0
1776741300000000,2303.91000000,2308.49000000,2300.01000000,2306.25000000,1555.50890000,1776742199999999,3584245.36821000,17686,867.03800000,1998202.09842800,0
1776742200000000,2306.26000000,2309.69000000,2304.18000000,2306.74000000,940.00190000,1776743099999999,2168538.69444100,16537,497.28110000,1147109.41061600,0
1776743100000000,2306.73000000,2312.90000000,2306.73000000,2311.62000000,1281.06130000,1776743999999999,2959898.76705800,14780,898.53120000,2076007.61335700,0
1776744000000000,2311.62000000,2313.05000000,2306.12000000,2306.12000000,771.56160000,1776744899999999,1781932.63595300,15017,400.26820000,924528.56836200,0
1776744900000000,2306.12000000,2310.56000000,2304.06000000,2308.20000000,1042.61160000,1776745799999999,2405308.14401500,14782,501.62620000,1157298.74099500,0
1776745800000000,2308.19000000,2309.82000000,2305.06000000,2309.51000000,792.32100000,1776746699999999,1828652.93893800,12665,422.69740000,975459.16990100,0
1776746700000000,2309.51000000,2315.87000000,2309.46000000,2314.59000000,1227.60110000,1776747599999999,2839667.47964200,14680,753.27030000,1742471.07203600,0
1776747600000000,2314.59000000,2320.69000000,2314.33000000,2316.76000000,1692.91630000,1776748499999999,3922391.19628000,21582,820.49920000,1901017.89458700,0
1776748500000000,2316.76000000,2319.17000000,2314.70000000,2317.81000000,949.63540000,1776749399999999,2200332.89200200,17299,492.98240000,1142265.21305500,0
1776749400000000,2317.82000000,2317.82000000,2314.41000000,2314.77000000,751.23700000,1776750299999999,1739499.37288700,13171,250.30530000,579552.90581600,0
1776750300000000,2314.76000000,2315.10000000,2312.65000000,2314.07000000,347.86190000,1776751199999999,804911.04171800,11037,138.10040000,319526.53053700,0
1776751200000000,2314.07000000,2314.39000000,2310.09000000,2310.87000000,1009.85800000,1776752099999999,2333926.68102100,17466,329.69730000,761985.43082400,0
1776752100000000,2310.88000000,2311.11000000,2308.01000000,2309.99000000,1291.18250000,1776752999999999,2982127.94762500,13621,515.11280000,1189547.57017600,0
1776753000000000,2309.99000000,2327.05000000,2309.88000000,2319.71000000,2581.66580000,1776753899999999,5993682.81936100,33901,1617.82480000,3755539.18157400,0
1776753900000000,2319.71000000,2320.68000000,2317.13000000,2317.36000000,833.32250000,1776754799999999,1932414.05519100,15443,405.69800000,940719.46457200,0
1776754800000000,2317.37000000,2317.75000000,2311.56000000,2314.38000000,1230.66730000,1776755699999999,2848880.70917200,24797,813.35050000,1883024.30041700,0
1776755700000000,2314.38000000,2324.53000000,2312.97000000,2321.52000000,1512.71320000,1776756599999999,3508090.19416900,30778,1053.31200000,2442661.10859800,0
1776756600000000,2321.52000000,2324.01000000,2316.00000000,2321.82000000,3704.26770000,1776757499999999,8595331.87583900,33655,2583.42750000,5994785.27951100,0
1776757500000000,2321.81000000,2324.98000000,2318.46000000,2318.48000000,3205.95040000,1776758399999999,7440419.88997500,13731,2226.69830000,5167752.08305700,0
1776758400000000,2318.48000000,2321.84000000,2314.00000000,2316.24000000,1222.43350000,1776759299999999,2832916.44454100,15821,525.61900000,1218395.47014800,0
1776759300000000,2316.23000000,2324.00000000,2315.70000000,2323.00000000,1365.25570000,1776760199999999,3168115.63390300,23260,716.27760000,1662189.15420100,0
1776760200000000,2323.00000000,2328.78000000,2319.50000000,2326.72000000,1648.76040000,1776761099999999,3831005.20788100,26871,1002.45410000,2329806.58338100,0
1776761100000000,2326.72000000,2338.75000000,2320.99000000,2323.43000000,4683.37770000,1776761999999999,10912630.19722600,52095,2318.53750000,5403464.46687400,0
1776762000000000,2323.42000000,2325.05000000,2320.05000000,2324.23000000,1399.32270000,1776762899999999,3250292.00435400,27257,695.96270000,1616663.36733300,0
1776762900000000,2324.23000000,2327.65000000,2318.37000000,2319.76000000,1479.78860000,1776763799999999,3438413.05336700,26671,564.95350000,1313118.15252200,0
1776763800000000,2319.76000000,2325.00000000,2318.76000000,2324.99000000,1184.96010000,1776764699999999,2751666.27288700,21364,567.79680000,1318609.81305700,0
1776764700000000,2324.99000000,2326.03000000,2322.80000000,2325.69000000,1026.99810000,1776765599999999,2387313.26826800,23724,476.61400000,1107941.16580000,0
1776765600000000,2325.70000000,2330.70000000,2325.70000000,2328.15000000,1732.70190000,1776766499999999,4033921.43716500,22937,740.31610000,1723417.28271500,0
1776766500000000,2328.14000000,2331.00000000,2325.33000000,2328.06000000,1350.42510000,1776767399999999,3144402.31899700,22904,627.50670000,1461318.10960800,0
1776767400000000,2328.06000000,2333.97000000,2327.50000000,2333.47000000,1484.79480000,1776768299999999,3459144.98503800,13194,638.76520000,1488443.32527100,0
1776768300000000,2333.47000000,2337.27000000,2331.14000000,2331.15000000,2758.59150000,1776769199999999,6440222.22416600,29885,1466.95000000,3424844.57032600,0
1776769200000000,2331.15000000,2331.29000000,2316.14000000,2317.92000000,4907.08110000,1776770099999999,11399547.29595700,49487,1671.31750000,3882747.77151200,0
1776770100000000,2317.92000000,2330.07000000,2317.00000000,2326.72000000,1656.32220000,1776770999999999,3847897.39243700,25847,852.14130000,1979841.84038800,0
1776771000000000,2326.72000000,2328.33000000,2322.36000000,2322.64000000,1396.56400000,1776771899999999,3247864.32206700,22204,534.62190000,1243355.46402500,0
1776771900000000,2322.63000000,2322.80000000,2318.30000000,2320.45000000,1342.99090000,1776772799999999,3117548.22144400,17279,628.31120000,1458477.12983800,0
1776772800000000,2320.45000000,2324.68000000,2315.65000000,2316.76000000,2370.18800000,1776773699999999,5498943.80627700,29841,1160.66450000,2693345.65187600,0
1776773700000000,2316.77000000,2318.45000000,2315.00000000,2318.00000000,1633.59780000,1776774599999999,3784067.77889400,26835,948.14730000,2196237.04775800,0
1776774600000000,2318.00000000,2321.21000000,2294.51000000,2298.52000000,7220.84840000,1776775499999999,16649692.99126900,81030,2199.40810000,5076026.60544000,0
1776775500000000,2298.52000000,2311.87000000,2294.39000000,2308.54000000,5110.20870000,1776776399999999,11772940.11049900,60626,2946.07620000,6788533.45691100,0
1776776400000000,2308.54000000,2309.59000000,2303.63000000,2305.47000000,1832.28160000,1776777299999999,4226578.57014200,32289,894.96410000,2064422.00033200,0
1776777300000000,2305.46000000,2310.96000000,2304.69000000,2307.78000000,1430.79720000,1776778199999999,3301577.77029000,33002,774.45740000,1787100.89451300,0
1776778200000000,2307.78000000,2317.37000000,2301.00000000,2311.15000000,4052.12880000,1776779099999999,9350760.45845200,95649,2548.06430000,5880307.06540800,0
1776779100000000,2311.14000000,2314.71000000,2308.00000000,2312.77000000,1907.38970000,1776779999999999,4407847.05874600,59539,942.62220000,2178225.46350100,0
1776780000000000,2312.77000000,2313.91000000,2304.69000000,2306.22000000,1814.54330000,1776780899999999,4187909.88037800,54476,691.83480000,1596845.57964300,0
1776780900000000,2306.23000000,2323.40000000,2306.23000000,2314.22000000,3365.72220000,1776781799999999,7794487.17753300,65122,1772.64460000,4105622.83561000,0
1776781800000000,2314.21000000,2327.50000000,2313.81000000,2322.20000000,3150.61760000,1776782699999999,7312358.51618600,66097,1634.09570000,3793097.34083500,0
1776782700000000,2322.20000000,2322.45000000,2295.00000000,2299.35000000,5660.87070000,1776783599999999,13051365.41388000,83831,1989.36360000,4590048.93195300,0
1776783600000000,2299.35000000,2307.69000000,2290.35000000,2305.25000000,4742.35740000,1776784499999999,10901967.54426100,105794,2582.52780000,5939444.36542800,0
1776784500000000,2305.26000000,2310.72000000,2297.01000000,2301.99000000,2840.25970000,1776785399999999,6545423.44713700,63569,1387.80430000,3197168.53953600,0
1776785400000000,2301.99000000,2309.65000000,2295.52000000,2304.18000000,2996.81170000,1776786299999999,6900052.89142600,49477,953.21440000,2195228.72533500,0
1776786300000000,2304.18000000,2310.24000000,2302.76000000,2310.24000000,1989.42240000,1776787199999999,4589014.81128600,43145,847.38410000,1954572.13957900,0
1776787200000000,2310.25000000,2317.31000000,2308.15000000,2315.21000000,4017.18380000,1776788099999999,9292938.88571800,63266,1985.47180000,4594162.96045200,0
1776788100000000,2315.22000000,2317.30000000,2309.35000000,2312.33000000,3017.30360000,1776788999999999,6981695.59171800,44670,1189.84520000,2753261.93066800,0
1776789000000000,2312.33000000,2324.73000000,2311.53000000,2313.33000000,3084.69310000,1776789899999999,7153329.25946500,47482,1358.72100000,3150988.75345200,0
1776789900000000,2313.34000000,2316.88000000,2306.51000000,2307.45000000,2161.28860000,1776790799999999,4996948.17424900,33033,673.70590000,1558355.14222600,0
1776790800000000,2307.44000000,2308.99000000,2296.13000000,2300.81000000,3178.53110000,1776791699999999,7318455.06753700,63011,1490.83210000,3432527.66596100,0
1776791700000000,2300.80000000,2301.04000000,2284.19000000,2295.81000000,5715.55600000,1776792599999999,13104460.81406500,71155,2469.61400000,5663449.18419000,0
1776792600000000,2295.80000000,2319.61000000,2293.61000000,2314.61000000,6418.12290000,1776793499999999,14816107.28703900,84579,3056.36180000,7054548.65333800,0
1776793500000000,2314.60000000,2315.58000000,2303.10000000,2306.21000000,3346.37830000,1776794399999999,7729553.40462100,46756,719.20210000,1661100.19853400,0
1776794400000000,2306.20000000,2308.55000000,2301.75000000,2305.69000000,1586.51170000,1776795299999999,3658678.14121600,32253,576.55880000,1329532.05869400,0
1776795300000000,2305.70000000,2309.82000000,2300.29000000,2305.40000000,2571.72200000,1776796199999999,5927137.81459800,43788,1255.14900000,2892596.78422100,0
1776796200000000,2305.40000000,2310.32000000,2304.21000000,2305.84000000,1371.36540000,1776797099999999,3164042.28290200,24915,637.32620000,1470476.60707200,0
1776797100000000,2305.84000000,2313.33000000,2300.93000000,2312.72000000,2462.10850000,1776797999999999,5680336.43141000,54792,1269.27860000,2928120.61500100,0
1776798000000000,2312.72000000,2321.95000000,2312.65000000,2315.34000000,4003.52490000,1776798899999999,9280584.89180000,53749,2022.04350000,4686803.51253600,0
1776798900000000,2315.35000000,2332.00000000,2312.34000000,2324.55000000,5241.90520000,1776799799999999,12181111.99502800,61947,3163.79260000,7354368.05701300,0
1776799800000000,2324.56000000,2324.70000000,2287.30000000,2289.15000000,7729.54480000,1776800699999999,17799889.36494700,107211,2688.81060000,6189537.44426800,0
1776800700000000,2289.15000000,2299.61000000,2288.58000000,2298.41000000,6380.86890000,1776801599999999,14644249.74080200,78761,3490.09260000,8010096.18552900,0
1776801600000000,2298.42000000,2321.77000000,2296.04000000,2318.93000000,9577.73090000,1776802499999999,22140373.55022200,95113,4760.06330000,11000260.62066100,0
1776802500000000,2318.93000000,2324.85000000,2316.38000000,2318.07000000,4890.61160000,1776803399999999,11348434.11377700,54588,2745.95530000,6371028.86145700,0
1776803400000000,2318.06000000,2325.88000000,2316.03000000,2316.16000000,2756.26490000,1776804299999999,6397778.36934000,29731,1342.97620000,3118082.10303000,0
1776804300000000,2316.16000000,2320.71000000,2311.03000000,2314.56000000,2338.82160000,1776805199999999,5418415.11442300,24233,1236.27350000,2864951.77989600,0
1776805200000000,2314.55000000,2318.00000000,2309.41000000,2313.48000000,1742.55520000,1776806099999999,4030455.97865000,21150,772.88950000,1787511.50190600,0
1776806100000000,2313.48000000,2317.05000000,2311.85000000,2312.76000000,869.04010000,1776806999999999,2011327.83678100,12691,448.51640000,1038019.50256300,0
1776807000000000,2312.77000000,2315.34000000,2310.07000000,2310.08000000,837.74680000,1776807899999999,1937828.49318200,17096,377.54210000,873347.45170700,0
1776807900000000,2310.07000000,2313.81000000,2310.01000000,2312.56000000,773.19260000,1776808799999999,1787463.31826700,16535,406.61370000,939943.83599200,0
1776808800000000,2312.56000000,2316.76000000,2309.83000000,2315.60000000,1268.76120000,1776809699999999,2934184.41570500,35275,559.69730000,1294533.22854600,0
1776809700000000,2315.59000000,2315.59000000,2304.34000000,2306.87000000,1340.15100000,1776810599999999,3093980.55790300,27725,517.30790000,1193666.18925200,0
1776810600000000,2306.88000000,2311.75000000,2301.90000000,2311.54000000,1641.27280000,1776811499999999,3785308.24423000,24868,893.67060000,2061226.12682700,0
1776811500000000,2311.54000000,2312.34000000,2307.45000000,2311.35000000,998.57430000,1776812399999999,2306745.47946100,17476,448.12780000,1035237.41699700,0
1776812400000000,2311.35000000,2321.58000000,2310.92000000,2317.98000000,2420.14780000,1776813299999999,5609643.89950100,28589,1187.74790000,2752498.54564600,0
1776813300000000,2317.98000000,2320.62000000,2315.01000000,2316.16000000,768.82200000,1776814199999999,1782027.60276200,18724,278.77250000,646137.29712000,0
1776814200000000,2316.15000000,2326.02000000,2315.54000000,2323.80000000,1715.24070000,1776815099999999,3982168.66685100,27275,1080.21780000,2507802.28512500,0
1776815100000000,2323.79000000,2329.47000000,2323.48000000,2327.14000000,1935.45700000,1776815999999999,4503938.23762900,34275,999.57850000,2326124.84275200,0
1776816000000000,2327.15000000,2330.82000000,2325.01000000,2327.71000000,2519.50410000,1776816899999999,5866683.30254200,37310,1285.82080000,2994630.48747600,0
1776816900000000,2327.70000000,2329.61000000,2322.72000000,2324.57000000,1268.46470000,1776817799999999,2950193.51901500,25388,512.95720000,1193195.93509800,0
1776817800000000,2324.57000000,2328.74000000,2322.62000000,2326.53000000,1000.08110000,1776818699999999,2325419.91017300,20033,490.02180000,1139404.19512300,0
1776818700000000,2326.54000000,2327.49000000,2322.92000000,2325.58000000,788.58580000,1776819599999999,1833070.51706700,19931,461.71020000,1073235.29681300,0
1776819600000000,2325.57000000,2328.73000000,2322.50000000,2327.38000000,2275.60590000,1776820499999999,5292590.55275000,23156,1339.32750000,3115092.50852800,0
1776820500000000,2327.38000000,2327.38000000,2314.19000000,2314.24000000,1797.02450000,1776821399999999,4166843.69892600,32657,618.05640000,1433146.87167300,0
1776821400000000,2314.23000000,2321.71000000,2312.95000000,2319.73000000,991.08780000,1776822299999999,2297106.41420100,24266,534.74030000,1239268.65865500,0
1776822300000000,2319.73000000,2326.25000000,2317.76000000,2322.37000000,1542.41990000,1776823199999999,3583318.13583200,19695,1076.30510000,2500664.66917600,0
1776823200000000,2322.37000000,2341.80000000,2320.22000000,2334.90000000,6025.13950000,1776824099999999,14063565.62089600,59861,3544.37580000,8272965.70717500,0
1776824100000000,2334.90000000,2357.80000000,2334.90000000,2355.17000000,10717.61190000,1776824999999999,25145396.79136000,97335,6440.62520000,15117643.20168700,0
1776825000000000,2355.17000000,2366.11000000,2349.29000000,2363.82000000,11110.65270000,1776825899999999,26191899.78850300,86052,6242.39980000,14717036.40662900,0
1776825900000000,2363.81000000,2375.23000000,2357.86000000,2370.34000000,7581.75740000,1776826799999999,17953078.01820600,82295,3428.45150000,8119507.31409000,0
1776826800000000,2370.35000000,2379.66000000,2366.71000000,2371.07000000,7991.20580000,1776827699999999,18964114.34591200,81243,3934.49260000,9339224.06251900,0
1776827700000000,2371.06000000,2371.37000000,2362.47000000,2365.12000000,5748.28770000,1776828599999999,13597442.97881900,47708,3776.60110000,8932925.79295800,0
1776828600000000,2365.12000000,2365.78000000,2358.49000000,2364.11000000,3852.99560000,1776829499999999,9096751.35885400,41994,1737.66270000,4102559.40008300,0
1776829500000000,2364.10000000,2366.60000000,2360.75000000,2363.62000000,1563.95950000,1776830399999999,3698049.94441500,27161,703.82130000,1664254.95178400,0
1776830400000000,2363.63000000,2367.50000000,2362.48000000,2362.69000000,1796.81580000,1776831299999999,4250030.29725400,28206,931.79190000,2204001.18772300,0
1776831300000000,2362.69000000,2363.24000000,2358.41000000,2362.17000000,2136.54280000,1776832199999999,5044266.52931600,23751,572.90080000,1352683.40871000,0
1776832200000000,2362.17000000,2369.54000000,2359.43000000,2364.93000000,2985.19530000,1776833099999999,7057184.94305100,27804,1440.47800000,3405918.30990300,0
1776833100000000,2364.94000000,2364.94000000,2361.11000000,2363.81000000,1504.28160000,1776833999999999,3554828.15264500,20093,846.81020000,2001290.08459600,0
1776834000000000,2363.82000000,2368.21000000,2361.85000000,2366.49000000,2195.85840000,1776834899999999,5191964.80285700,22891,1535.13000000,3629550.65149800,0
1776834900000000,2366.49000000,2396.95000000,2366.34000000,2387.83000000,17617.34990000,1776835799999999,42026960.75679100,126056,9780.05290000,23324564.19810100,0
1776835800000000,2387.83000000,2403.10000000,2387.82000000,2397.41000000,19703.48210000,1776836699999999,47250981.34199000,98061,8202.43320000,19665114.87082200,0
1776836700000000,2397.41000000,2413.83000000,2395.00000000,2396.81000000,16214.71560000,1776837599999999,38977254.86758400,113546,7241.96870000,17406132.47303800,0
1776837600000000,2396.81000000,2397.06000000,2390.53000000,2392.34000000,3983.63520000,1776838499999999,9533399.10763400,35622,1417.44400000,3391982.02972900,0
1776838500000000,2392.35000000,2394.82000000,2389.44000000,2392.30000000,2844.08240000,1776839399999999,6803153.31072000,26498,1460.07180000,3492422.06227200,0
1776839400000000,2392.30000000,2394.41000000,2390.26000000,2391.50000000,2407.57210000,1776840299999999,5759835.99935500,26129,1235.15900000,2954953.60656200,0
1776840300000000,2391.50000000,2393.38000000,2389.98000000,2393.37000000,2775.64660000,1776841199999999,6638781.80052500,20008,934.65150000,2235703.01724100,0
1776841200000000,2393.38000000,2397.62000000,2392.00000000,2397.48000000,3136.01720000,1776842099999999,7509269.44708500,25961,1777.47020000,4256273.19617700,0
1776842100000000,2397.47000000,2397.47000000,2383.33000000,2387.40000000,4527.13480000,1776842999999999,10814568.30513100,32696,1573.21420000,3757515.19814900,0
1776843000000000,2387.41000000,2394.43000000,2386.25000000,2393.88000000,3036.89480000,1776843899999999,7257325.26704100,26558,1232.11870000,2944952.06282400,0
1776843900000000,2393.87000000,2394.42000000,2389.03000000,2389.97000000,2484.72130000,1776844799999999,5942644.22497700,14402,674.00780000,1611879.91238700,0
1776844800000000,2389.98000000,2393.91000000,2389.01000000,2390.71000000,2566.17250000,1776845699999999,6136433.12052400,17563,1298.84290000,3105840.88312500,0
1776845700000000,2390.71000000,2392.36000000,2385.70000000,2385.81000000,2679.27720000,1776846599999999,6399812.81035400,34018,1187.02810000,2835502.22638800,0
1776846600000000,2385.81000000,2387.93000000,2383.60000000,2383.85000000,4349.49150000,1776847499999999,10375423.95912800,30088,2306.29650000,5501932.45560400,0
1776847500000000,2383.85000000,2390.01000000,2383.00000000,2388.22000000,4194.91730000,1776848399999999,10017558.97902000,26559,2756.20630000,6582900.04486700,0
1776848400000000,2388.22000000,2394.27000000,2386.79000000,2391.78000000,2522.15250000,1776849299999999,6028736.23318900,41210,1569.23140000,3751167.23461900,0
1776849300000000,2391.78000000,2394.04000000,2389.16000000,2393.65000000,1382.58270000,1776850199999999,3306599.12012000,21694,869.46370000,2079440.08187900,0
1776850200000000,2393.65000000,2393.94000000,2389.51000000,2391.89000000,1530.80980000,1776851099999999,3662057.52497700,18405,675.24990000,1615281.73113000,0
1776851100000000,2391.89000000,2391.90000000,2385.00000000,2387.51000000,2056.74300000,1776851999999999,4911457.46678300,21800,928.15800000,2216390.99400600,0
1776852000000000,2387.52000000,2390.35000000,2385.15000000,2390.20000000,1873.43110000,1776852899999999,4474701.24451300,27451,856.50510000,2045689.92130300,0
1776852900000000,2390.19000000,2391.84000000,2387.88000000,2391.12000000,2880.69170000,1776853799999999,6885392.40397700,21794,984.81390000,2353752.62772700,0
1776853800000000,2391.10000000,2393.68000000,2389.76000000,2390.06000000,1457.13970000,1776854699999999,3484789.70485600,19694,615.19980000,1471287.14783400,0
1776854700000000,2390.06000000,2391.64000000,2388.98000000,2390.20000000,1432.85020000,1776855599999999,3424726.23154100,14832,723.56910000,1729434.82686200,0
1776855600000000,2390.21000000,2393.00000000,2386.51000000,2389.71000000,2340.42880000,1776856499999999,5595256.48083300,28065,1244.89930000,2976580.92359400,0
1776856500000000,2389.70000000,2393.03000000,2389.70000000,2392.39000000,2634.25830000,1776857399999999,6300221.39508900,22559,1654.99590000,3957873.09090500,0
1776857400000000,2392.39000000,2396.83000000,2388.80000000,2392.65000000,4038.23040000,1776858299999999,9660988.91501800,39191,2001.61270000,4789519.23855200,0
1776858300000000,2392.66000000,2400.78000000,2392.45000000,2398.44000000,3462.19570000,1776859199999999,8300491.26441500,41932,2014.66310000,4830916.99298900,0
1776859200000000,2398.44000000,2404.29000000,2396.47000000,2402.32000000,3418.71050000,1776860099999999,8205156.95109500,51786,1900.44290000,4561160.48572800,0
1776860100000000,2402.32000000,2406.00000000,2396.47000000,2398.12000000,4238.31390000,1776860999999999,10173685.01033400,56873,1972.37280000,4735501.53011600,0
1776861000000000,2398.11000000,2402.50000000,2396.16000000,2400.24000000,3422.81260000,1776861899999999,8213450.64023700,50681,1919.08880000,4605546.36844500,0
1776861900000000,2400.24000000,2407.03000000,2400.24000000,2404.92000000,3287.58990000,1776862799999999,7903568.81340600,43195,2154.58310000,5179320.55042900,0
1776862800000000,2404.91000000,2414.00000000,2402.21000000,2408.90000000,5890.60860000,1776863699999999,14186826.19622100,75865,3493.99550000,8415625.92075100,0
1776863700000000,2408.91000000,2415.50000000,2405.61000000,2409.45000000,5445.15030000,1776864599999999,13125975.48509000,73502,2719.44080000,6556670.49004200,0
1776864600000000,2409.48000000,2418.00000000,2401.27000000,2413.74000000,7454.12430000,1776865499999999,17957707.97901800,134309,4285.34460000,10324805.43367400,0
1776865500000000,2413.73000000,2423.00000000,2409.57000000,2417.40000000,9531.35840000,1776866399999999,23032889.99363500,108386,5343.92890000,12915454.56491500,0
1776866400000000,2417.40000000,2423.75000000,2411.87000000,2423.05000000,6051.27080000,1776867299999999,14630108.33944100,89289,3320.15740000,8029521.48725600,0
1776867300000000,2423.06000000,2423.29000000,2410.00000000,2411.34000000,4897.99020000,1776868199999999,11831838.88188600,86269,2249.77160000,5435024.95788400,0
1776868200000000,2411.34000000,2412.24000000,2391.50000000,2395.95000000,8671.10610000,1776869099999999,20817232.27188300,125267,4066.74260000,9762776.28475100,0
1776869100000000,2395.94000000,2405.80000000,2395.03000000,2403.17000000,7119.45560000,1776869999999999,17083452.06158100,78130,5026.99290000,12060441.48202300,0
1776870000000000,2403.17000000,2403.84000000,2394.75000000,2398.13000000,9086.50870000,1776870899999999,21791555.36089600,100119,5536.09330000,13274985.97137700,0
1776870900000000,2398.13000000,2400.64000000,2390.90000000,2399.00000000,8480.40230000,1776871799999999,20320386.94836100,76231,3022.18230000,7244202.71971300,0
1776871800000000,2399.00000000,2412.60000000,2394.84000000,2411.97000000,9359.21780000,1776872699999999,22513955.13089300,76919,6084.76680000,14634958.02946000,0
1776872700000000,2411.97000000,2413.89000000,2402.89000000,2403.83000000,2384.20580000,1776873599999999,5743049.80357700,44196,956.44020000,2304480.77558200,0
1776873600000000,2403.84000000,2413.75000000,2401.16000000,2404.58000000,3832.15410000,1776874499999999,9226619.02502000,59039,1800.84570000,4336285.39686400,0
1776874500000000,2404.58000000,2405.18000000,2392.67000000,2393.97000000,5474.75120000,1776875399999999,13131551.49550800,56883,1810.82210000,4342716.43696200,0
1776875400000000,2393.98000000,2396.22000000,2387.64000000,2390.52000000,6146.77290000,1776876299999999,14702213.87994400,72201,2003.64770000,4792840.78643600,0
1776876300000000,2390.52000000,2391.96000000,2384.17000000,2386.14000000,4480.52090000,1776877199999999,10697338.49922500,59848,1619.05420000,3866214.56513100,0
1776877200000000,2386.15000000,2397.76000000,2386.15000000,2393.74000000,3343.48270000,1776878099999999,8000058.28764600,60863,1876.75180000,4490138.81216400,0
1776878100000000,2393.75000000,2395.15000000,2386.60000000,2392.10000000,2349.01980000,1776878999999999,5615039.52030900,46015,1084.47510000,2592832.91826200,0
1776879000000000,2392.10000000,2400.00000000,2391.52000000,2397.35000000,2596.06370000,1776879899999999,6219292.36584200,34756,1471.90620000,3525856.84232900,0
1776879900000000,2397.35000000,2402.50000000,2391.82000000,2399.21000000,3570.73770000,1776880799999999,8565933.23008900,43329,2166.99390000,5198879.81122900,0
1776880800000000,2399.21000000,2404.69000000,2398.18000000,2401.75000000,2148.38570000,1776881699999999,5159341.45036500,39006,1188.18210000,2853279.89128300,0
1776881700000000,2401.75000000,2402.48000000,2396.79000000,2398.24000000,1522.43840000,1776882599999999,3653398.63060700,29933,800.40570000,1920832.20777200,0
1776882600000000,2398.24000000,2403.84000000,2395.09000000,2398.17000000,1798.12500000,1776883499999999,4314296.17835500,30233,1024.96050000,2459469.47450400,0
1776883500000000,2398.17000000,2404.56000000,2396.42000000,2396.91000000,1531.31200000,1776884399999999,3675670.78470300,24468,625.25870000,1500972.30377700,0
1776884400000000,2396.92000000,2397.46000000,2389.18000000,2394.96000000,2784.18020000,1776885299999999,6661803.40451900,51793,1445.77990000,3459474.54815800,0
1776885300000000,2394.96000000,2407.24000000,2393.96000000,2404.97000000,3571.02430000,1776886199999999,8580275.39792800,39895,2398.14710000,5761195.41439400,0
1776886200000000,2404.96000000,2405.56000000,2392.56000000,2395.61000000,2863.78390000,1776887099999999,6866123.24758400,35049,1090.00040000,2612922.96767800,0
1776887100000000,2395.62000000,2400.21000000,2394.04000000,2397.79000000,2308.45950000,1776887999999999,5532762.78299000,40567,1373.87840000,3292975.84556800,0
1776888000000000,2397.80000000,2402.34000000,2396.88000000,2399.58000000,2516.96310000,1776888899999999,6039774.87232800,36793,1305.19670000,3131996.00583400,0
1776888900000000,2399.57000000,2399.58000000,2391.57000000,2397.76000000,2427.22760000,1776889799999999,5814847.99541700,28159,1338.71480000,3207103.78256400,0
1776889800000000,2397.75000000,2399.12000000,2393.58000000,2393.88000000,1355.59580000,1776890699999999,3247513.56541900,19614,810.67450000,1942055.30944000,0
1776890700000000,2393.87000000,2395.37000000,2390.81000000,2391.92000000,2458.67590000,1776891599999999,5882997.42238300,19468,877.10870000,2098612.54395200,0
1776891600000000,2391.91000000,2396.00000000,2391.88000000,2394.05000000,1297.02190000,1776892499999999,3105335.27552600,15831,765.66110000,1833032.54957400,0
1776892500000000,2394.06000000,2398.35000000,2393.68000000,2397.01000000,2883.61220000,1776893399999999,6912594.23776000,13468,688.36780000,1649547.09595900,0
1776893400000000,2397.02000000,2406.11000000,2397.02000000,2406.05000000,1766.50470000,1776894299999999,4242906.23359100,17347,1082.36770000,2599325.73176700,0
1776894300000000,2406.05000000,2406.05000000,2401.39000000,2402.55000000,1079.59570000,1776895199999999,2594930.43011200,16806,580.86610000,1396141.67758200,0
1776895200000000,2402.55000000,2405.38000000,2400.00000000,2402.40000000,1706.81730000,1776896099999999,4102108.14020200,35286,1054.26530000,2533668.31609600,0
1776896100000000,2402.40000000,2403.39000000,2396.00000000,2397.05000000,1393.91110000,1776896999999999,3344414.33888300,25621,623.03190000,1494725.43705800,0
1776897000000000,2397.05000000,2399.52000000,2394.09000000,2395.93000000,1382.47320000,1776897899999999,3312957.35925400,25893,692.91410000,1660625.80575800,0
1776897900000000,2395.92000000,2400.69000000,2394.17000000,2400.09000000,1414.59700000,1776898799999999,3390630.35617600,22107,899.05340000,2155073.38366200,0
1776898800000000,2400.08000000,2400.48000000,2392.93000000,2397.53000000,1400.88870000,1776899699999999,3356928.16178100,22209,641.78040000,1537931.50674600,0
1776899700000000,2397.54000000,2398.17000000,2380.83000000,2386.30000000,3561.49840000,1776900599999999,8503307.33602700,39101,1425.54450000,3404017.41185900,0
1776900600000000,2386.30000000,2386.30000000,2375.67000000,2377.48000000,3464.63210000,1776901499999999,8241331.04609700,46469,1422.91910000,3384428.67592900,0
1776901500000000,2377.48000000,2380.50000000,2373.95000000,2374.07000000,3011.37120000,1776902399999999,7158173.47577900,29954,1046.53980000,2488070.83452000,0
1776902400000000,2374.08000000,2378.79000000,2359.75000000,2360.38000000,17551.66800000,1776903299999999,41585486.38050700,99946,11159.23440000,26449835.77760000,0
1776903300000000,2360.38000000,2374.97000000,2342.80000000,2373.69000000,12293.85360000,1776904199999999,28999025.07589800,170938,6147.25860000,14513931.88944600,0
1776904200000000,2373.70000000,2382.00000000,2368.61000000,2373.81000000,4625.38640000,1776905099999999,10987232.99830800,68683,2777.04350000,6597226.38075800,0
1776905100000000,2373.81000000,2376.48000000,2368.27000000,2372.96000000,2020.40400000,1776905999999999,4792045.05580900,38009,1079.19700000,2560748.09408300,0
1776906000000000,2372.96000000,2372.97000000,2364.59000000,2367.49000000,2147.88190000,1776906899999999,5087402.05981600,43096,952.79020000,2256653.51338500,0
1776906900000000,2367.49000000,2369.66000000,2360.72000000,2363.04000000,2102.46980000,1776907799999999,4971626.07323700,36259,1254.24480000,2965921.72017500,0
1776907800000000,2363.09000000,2369.87000000,2361.07000000,2367.03000000,1802.46530000,1776908699999999,4263070.82869000,35552,1142.22360000,2701557.57335600,0
1776908700000000,2367.03000000,2369.60000000,2364.48000000,2366.79000000,1918.54170000,1776909599999999,4541006.78340300,28041,1183.10110000,2799976.26662100,0
1776909600000000,2366.79000000,2366.86000000,2360.58000000,2360.58000000,2229.29420000,1776910499999999,5269139.33479900,33537,1162.90310000,2748824.00778800,0
1776910500000000,2360.58000000,2364.50000000,2347.94000000,2355.17000000,6572.40080000,1776911399999999,15480209.94577600,64266,2547.49650000,6003084.13168000,0
1776911400000000,2355.17000000,2357.74000000,2344.35000000,2349.03000000,5240.73580000,1776912299999999,12315018.03655600,58074,1698.36800000,3990398.77325300,0
1776912300000000,2349.03000000,2355.00000000,2346.67000000,2351.96000000,2519.97710000,1776913199999999,5924970.40838500,38439,1475.70150000,3469743.78951000,0
1776913200000000,2351.96000000,2353.44000000,2341.09000000,2341.09000000,3208.25270000,1776914099999999,7530489.78928500,48592,1139.58040000,2675442.46852800,0
1776914100000000,2341.10000000,2344.36000000,2337.00000000,2339.06000000,3346.24880000,1776914999999999,7828916.82489600,45592,1499.58580000,3507953.40713500,0
1776915000000000,2339.06000000,2340.61000000,2331.50000000,2338.37000000,4610.15450000,1776915899999999,10769442.35680300,47386,2268.27400000,5299616.77036000,0
1776915900000000,2338.38000000,2341.99000000,2335.06000000,2340.81000000,4016.38070000,1776916799999999,9392130.13922700,39619,2713.17720000,6344731.11278100,0
1776916800000000,2340.82000000,2344.59000000,2337.12000000,2343.50000000,2061.34930000,1776917699999999,4823927.83184500,35472,1087.97890000,2545989.49269900,0
1776917700000000,2343.51000000,2344.87000000,2341.00000000,2343.34000000,1579.62170000,1776918599999999,3701276.60948000,21749,763.51840000,1789175.32084000,0
1776918600000000,2343.34000000,2348.13000000,2343.30000000,2346.03000000,1305.28700000,1776919499999999,3062927.13555300,21447,820.93800000,1926261.39773600,0
1776919500000000,2346.03000000,2348.66000000,2345.02000000,2347.84000000,1929.81620000,1776920399999999,4528037.47117100,16071,1124.06400000,2637217.34708900,0
1776920400000000,2347.84000000,2352.61000000,2347.54000000,2351.09000000,2153.09440000,1776921299999999,5062309.22921200,25151,860.39780000,2022674.58294300,0
1776921300000000,2351.09000000,2351.49000000,2346.00000000,2346.74000000,1471.90130000,1776922199999999,3456989.54826500,19757,596.67760000,1401356.78442500,0
1776922200000000,2346.74000000,2346.78000000,2340.19000000,2344.92000000,2524.46840000,1776923099999999,5914912.00469000,34828,879.69240000,2061281.27619700,0
1776923100000000,2344.91000000,2351.92000000,2344.66000000,2348.77000000,3245.63460000,1776923999999999,7625588.64096400,27248,1129.65530000,2653810.45098000,0
1776924000000000,2348.77000000,2356.87000000,2348.77000000,2351.31000000,4125.98420000,1776924899999999,9710573.74601900,35359,1738.25200000,4092336.63963700,0
1776924900000000,2351.32000000,2358.93000000,2350.43000000,2356.44000000,3667.90090000,1776925799999999,8638080.44811300,34072,1724.48570000,4062088.14332500,0
1776925800000000,2356.43000000,2358.52000000,2352.60000000,2353.50000000,2483.96920000,1776926699999999,5851526.14637300,25073,935.17870000,2202837.45634500,0
1776926700000000,2353.49000000,2355.69000000,2349.02000000,2354.43000000,1599.58400000,1776927599999999,3763819.76024500,21857,483.28540000,1137168.22176300,0
1776927600000000,2354.44000000,2356.85000000,2352.77000000,2353.58000000,1864.04350000,1776928499999999,4390023.75800300,27004,632.86820000,1490613.88224300,0
1776928500000000,2353.58000000,2354.06000000,2348.67000000,2350.61000000,2504.79560000,1776929399999999,5888386.75496100,28587,810.51340000,1905354.34733600,0
1776929400000000,2350.62000000,2352.37000000,2347.61000000,2351.69000000,1707.74320000,1776930299999999,4014400.31244100,28419,681.36600000,1601752.81600700,0
1776930300000000,2351.69000000,2353.78000000,2340.00000000,2344.43000000,5118.46280000,1776931199999999,12004178.18170100,25726,2166.33820000,5078833.47697100,0
1776931200000000,2344.43000000,2344.43000000,2338.37000000,2343.41000000,6607.90930000,1776932099999999,15471522.48685600,32066,3465.30550000,8113355.21654300,0
1776932100000000,2343.40000000,2345.00000000,2337.56000000,2339.02000000,5723.13520000,1776932999999999,13401301.49428100,33081,3787.42820000,8869493.27895800,0
1776933000000000,2339.03000000,2339.27000000,2335.00000000,2335.59000000,3035.70960000,1776933899999999,7094439.63889300,34131,1135.42640000,2653617.21717300,0
1776933900000000,2335.60000000,2340.90000000,2335.57000000,2339.92000000,2170.62640000,1776934799999999,5075687.78763700,19371,1450.40250000,3391623.48955800,0
1776934800000000,2339.91000000,2339.91000000,2313.58000000,2322.22000000,14256.65170000,1776935699999999,33140288.47059800,81870,5694.09230000,13229139.16782000,0
1776935700000000,2322.22000000,2328.13000000,2319.36000000,2321.65000000,4760.64630000,1776936599999999,11056966.02347600,33637,2284.55970000,5305594.41069000,0
1776936600000000,2321.65000000,2326.81000000,2320.78000000,2325.21000000,2831.72410000,1776937499999999,6578711.81094700,19953,1246.34460000,2895124.61238800,0
1776937500000000,2325.21000000,2325.53000000,2314.07000000,2316.25000000,5577.23450000,1776938399999999,12926415.78700800,35660,2090.48810000,4843397.77356800,0
1776938400000000,2316.24000000,2319.17000000,2305.61000000,2307.91000000,10841.45500000,1776939299999999,25057355.19939400,77683,4459.41150000,10306845.92880800,0
1776939300000000,2307.91000000,2313.96000000,2307.39000000,2313.58000000,3814.89710000,1776940199999999,8817388.69691400,38680,2057.83550000,4756169.25985500,0
1776940200000000,2313.57000000,2315.67000000,2311.34000000,2312.55000000,2897.51520000,1776941099999999,6703437.92575600,31328,1232.68110000,2852009.06893600,0
1776941100000000,2312.55000000,2316.00000000,2311.32000000,2314.09000000,2110.11510000,1776941999999999,4881110.96619900,29579,949.18600000,2195614.45977800,0
1776942000000000,2314.09000000,2318.08000000,2314.09000000,2317.22000000,2676.35540000,1776942899999999,6199195.30993500,30178,1469.93630000,3404589.16812200,0
1776942900000000,2317.21000000,2321.44000000,2316.32000000,2319.98000000,2269.11270000,1776943799999999,5263357.09729000,26345,1105.43560000,2564025.89679500,0
1776943800000000,2319.99000000,2326.19000000,2316.78000000,2325.25000000,3554.83880000,1776944699999999,8254980.78952800,45922,1865.77190000,4333275.21074900,0
1776944700000000,2325.26000000,2331.99000000,2324.84000000,2328.97000000,5023.11130000,1776945599999999,11697027.25083200,43593,1781.43380000,4148804.41222500,0
1776945600000000,2328.96000000,2335.23000000,2328.55000000,2332.20000000,3259.42690000,1776946499999999,7599618.36829500,51613,1739.17450000,4054892.55654400,0
1776946500000000,2332.19000000,2332.38000000,2325.74000000,2330.34000000,2013.53240000,1776947399999999,4689394.90390100,28060,918.96220000,2139859.68034800,0
1776947400000000,2330.34000000,2332.79000000,2328.65000000,2329.17000000,1390.77270000,1776948299999999,3241055.51457300,25106,653.94260000,1524018.26185700,0
1776948300000000,2329.17000000,2331.58000000,2320.81000000,2328.87000000,5164.59110000,1776949199999999,12010081.02049200,54393,2476.53650000,5758933.40999400,0
1776949200000000,2328.88000000,2332.50000000,2322.96000000,2324.65000000,3121.93370000,1776950099999999,7268025.36434800,38675,1494.76140000,3480545.23718500,0
1776950100000000,2324.66000000,2326.10000000,2320.56000000,2323.20000000,2560.67720000,1776950999999999,5951589.21539800,31298,1410.73700000,3278943.44693300,0
1776951000000000,2323.19000000,2326.21000000,2320.00000000,2320.70000000,3258.99120000,1776951899999999,7569320.60129700,75557,1750.96620000,4066824.69234300,0
1776951900000000,2320.70000000,2323.90000000,2315.23000000,2319.82000000,3495.33780000,1776952799999999,8104719.74977800,64367,1781.96520000,4131774.08867600,0
1776952800000000,2319.81000000,2324.50000000,2316.07000000,2320.00000000,3657.97790000,1776953699999999,8487380.23689100,63538,2158.33520000,5008260.14581300,0
1776953700000000,2320.00000000,2334.48000000,2318.76000000,2327.02000000,3161.97560000,1776954599999999,7356871.11495000,60272,1515.45830000,3526058.92368700,0
1776954600000000,2327.03000000,2332.14000000,2325.93000000,2330.59000000,2837.82860000,1776955499999999,6609557.97457500,58191,1833.85440000,4271381.43145800,0
1776955500000000,2330.59000000,2335.12000000,2328.56000000,2334.24000000,4042.08230000,1776956399999999,9430345.30394600,57272,2334.87170000,5447445.41760800,0
1776956400000000,2334.24000000,2335.30000000,2324.15000000,2329.47000000,3026.34200000,1776957299999999,7048288.25324700,48099,1407.40190000,3278404.84240300,0
1776957300000000,2329.48000000,2343.58000000,2328.03000000,2332.27000000,5700.32060000,1776958199999999,13323798.11901000,69982,2917.07150000,6818248.75442800,0
1776958200000000,2332.26000000,2339.99000000,2328.68000000,2336.51000000,2919.70920000,1776959099999999,6818294.61633800,42131,1577.76520000,3684609.57823400,0
1776959100000000,2336.51000000,2336.52000000,2328.17000000,2333.26000000,3196.40090000,1776959999999999,7455971.73824300,47651,1334.02330000,3110885.92141800,0
1776960000000000,2333.26000000,2334.33000000,2328.56000000,2330.48000000,1902.94030000,1776960899999999,4438010.16220400,37570,962.55820000,2244636.83753000,0
1776960900000000,2330.48000000,2335.76000000,2328.66000000,2330.05000000,2003.20090000,1776961799999999,4670991.91643200,33491,1184.33530000,2761627.33795700,0
1776961800000000,2330.06000000,2334.40000000,2329.16000000,2331.33000000,1198.26890000,1776962699999999,2793457.95331300,24770,638.40400000,1488276.16417000,0
1776962700000000,2331.32000000,2332.45000000,2323.39000000,2326.38000000,2930.38620000,1776963599999999,6818386.83765700,34495,1819.44020000,4233198.30121700,0
1776963600000000,2326.39000000,2329.24000000,2312.21000000,2318.43000000,6754.00270000,1776964499999999,15667445.48777100,93550,2968.65620000,6885378.56769900,0
1776964500000000,2318.43000000,2318.43000000,2306.00000000,2309.44000000,7315.22670000,1776965399999999,16902316.61363900,86291,2872.64170000,6638462.94839200,0
1776965400000000,2309.44000000,2312.13000000,2288.36000000,2294.63000000,16692.69070000,1776966299999999,38357743.64682300,154016,6617.37190000,15208338.86484300,0
1776966300000000,2294.62000000,2312.49000000,2285.42000000,2310.42000000,14363.81730000,1776967199999999,33004219.72129300,169868,7516.82330000,17275525.32455800,0
1776967200000000,2310.42000000,2319.04000000,2308.24000000,2313.34000000,5829.73560000,1776968099999999,13491179.65015900,102425,3084.57100000,7138677.47945600,0
1776968100000000,2313.35000000,2317.03000000,2308.47000000,2310.27000000,3516.49050000,1776968999999999,8131413.92261000,43997,1840.22510000,4255992.36640400,0
1776969000000000,2310.27000000,2316.52000000,2310.27000000,2314.00000000,2623.85170000,1776969899999999,6071133.43557600,42538,1487.77130000,3442245.29875600,0
1776969900000000,2313.99000000,2314.18000000,2304.42000000,2305.31000000,2280.62480000,1776970799999999,5267317.93715200,37602,690.45230000,1594882.24210800,0
1776970800000000,2305.30000000,2310.00000000,2300.70000000,2308.15000000,3119.32220000,1776971699999999,7192594.37457500,41610,1185.63930000,2734033.93540000,0
1776971700000000,2308.14000000,2314.32000000,2308.14000000,2313.60000000,1591.98080000,1776972599999999,3681453.23407100,23207,525.12110000,1214124.14958200,0
1776972600000000,2313.61000000,2314.74000000,2307.85000000,2310.30000000,1964.88010000,1776973499999999,4540622.36742600,33263,568.76440000,1314369.91277500,0
1776973500000000,2310.30000000,2318.97000000,2309.47000000,2312.88000000,4936.36450000,1776974399999999,11423212.52206400,40381,1606.51290000,3718008.77633000,0
1776974400000000,2312.87000000,2325.00000000,2312.74000000,2320.87000000,3029.45950000,1776975299999999,7031544.99563400,35254,1418.39480000,3291536.48359900,0
1776975300000000,2320.87000000,2323.23000000,2317.57000000,2318.57000000,2645.73140000,1776976199999999,6139213.00382200,19732,937.18500000,2174909.52009800,0
1776976200000000,2318.58000000,2329.48000000,2317.09000000,2327.51000000,2724.35440000,1776977099999999,6332811.02810700,30103,1397.22970000,3248758.52258300,0
1776977100000000,2327.50000000,2328.73000000,2322.01000000,2325.37000000,2263.95550000,1776977999999999,5265276.61909100,15586,1037.64080000,2413263.78805500,0
1776978000000000,2325.36000000,2326.10000000,2320.73000000,2320.96000000,2563.04070000,1776978899999999,5956818.35297600,14304,799.56890000,1858068.68113700,0
1776978900000000,2320.95000000,2324.43000000,2320.75000000,2324.43000000,917.11420000,1776979799999999,2129687.98351100,11795,310.48590000,721068.04860300,0
1776979800000000,2324.42000000,2328.85000000,2324.42000000,2328.26000000,995.86230000,1776980699999999,2317792.25663500,12630,614.06940000,1429097.82323400,0
1776980700000000,2328.25000000,2328.45000000,2321.66000000,2321.66000000,1529.60760000,1776981599999999,3558313.79033700,17491,527.72940000,1227484.81778300,0
1776981600000000,2321.66000000,2332.10000000,2321.66000000,2329.93000000,2123.97050000,1776982499999999,4944977.91642900,33608,1373.78080000,3198147.74393000,0
1776982500000000,2329.93000000,2338.79000000,2328.73000000,2330.61000000,3702.23150000,1776983399999999,8642552.81532300,42070,2097.74050000,4896537.32848500,0
1776983400000000,2330.62000000,2335.81000000,2330.61000000,2335.81000000,1413.92290000,1776984299999999,3299014.34778900,17431,474.17900000,1106404.77167600,0
1776984300000000,2335.81000000,2337.04000000,2330.23000000,2331.97000000,1235.64470000,1776985199999999,2884119.65563700,15983,411.98990000,961732.70740100,0
1776985200000000,2331.97000000,2333.18000000,2326.97000000,2327.31000000,2280.62640000,1776986099999999,5314392.01447100,17390,891.54160000,2077740.55214500,0
1776986100000000,2327.31000000,2329.08000000,2323.71000000,2326.90000000,1949.14130000,1776986999999999,4535077.12656200,19521,994.68340000,2314311.35521900,0
1776987000000000,2326.90000000,2331.50000000,2326.90000000,2330.99000000,551.52170000,1776987899999999,1284570.50708200,11340,337.31320000,785686.22856300,0
1776987900000000,2331.00000000,2332.67000000,2329.68000000,2330.26000000,1187.01440000,1776988799999999,2767015.98379700,13136,428.12300000,998022.48002600,0
1776988800000000,2330.27000000,2332.67000000,2326.68000000,2331.65000000,1854.90120000,1776989699999999,4321272.90380400,23963,592.24170000,1380187.11373400,0
1776989700000000,2331.65000000,2337.50000000,2330.00000000,2333.77000000,1469.27290000,1776990599999999,3429228.23721100,30201,833.60590000,1945687.82552000,0
1776990600000000,2333.77000000,2336.91000000,2332.50000000,2332.51000000,852.52650000,1776991499999999,1990364.53847400,17996,531.64440000,1241316.99616600,0
1776991500000000,2332.50000000,2336.00000000,2330.33000000,2332.48000000,1399.13680000,1776992399999999,3263190.50456600,20248,653.37040000,1524140.21512900,0
1776992400000000,2332.47000000,2332.91000000,2323.75000000,2325.73000000,1427.30980000,1776993299999999,3321965.15339000,25025,517.71060000,1204752.29097800,0
1776993300000000,2325.73000000,2326.51000000,2321.50000000,2321.60000000,1210.18170000,1776994199999999,2811229.96497000,15750,436.13680000,1013181.94102800,0
1776994200000000,2321.60000000,2326.00000000,2318.69000000,2321.64000000,1629.61710000,1776995099999999,3783973.14939000,20956,557.44120000,1294559.95216700,0
1776995100000000,2321.64000000,2334.23000000,2321.63000000,2332.84000000,1772.18500000,1776995999999999,4126341.00845800,26954,993.41690000,2313575.56312300,0
1776996000000000,2332.83000000,2335.39000000,2326.96000000,2329.28000000,1323.45510000,1776996899999999,3085122.44148100,24158,595.33730000,1388292.78474000,0
1776996900000000,2329.27000000,2329.46000000,2324.53000000,2325.00000000,921.90850000,1776997799999999,2145093.10427000,12623,326.69460000,760185.45543400,0
1776997800000000,2325.01000000,2329.52000000,2325.01000000,2329.52000000,1175.99930000,1776998699999999,2737246.23419900,16749,533.44830000,1241603.71541200,0
1776998700000000,2329.51000000,2330.23000000,2315.05000000,2319.91000000,2607.36400000,1776999599999999,6055716.63977800,28506,893.54750000,2075761.99319200,0
1776999600000000,2319.90000000,2322.84000000,2316.92000000,2319.60000000,899.61140000,1777000499999999,2086789.22659100,18650,522.70250000,1212517.39368500,0
1777000500000000,2319.61000000,2319.61000000,2308.82000000,2310.85000000,2284.76440000,1777001399999999,5285124.88804600,34561,839.51850000,1942245.14699000,0
1777001400000000,2310.85000000,2310.97000000,2301.35000000,2305.15000000,4874.62960000,1777002299999999,11233938.28946000,45642,1957.54030000,4510353.78423100,0
1777002300000000,2305.16000000,2308.98000000,2305.14000000,2308.64000000,1302.02990000,1777003199999999,3004676.44871400,17901,726.39510000,1676233.69033700,0
1777003200000000,2308.63000000,2310.85000000,2306.67000000,2309.37000000,1260.74550000,1777004099999999,2910328.98707900,19155,740.28100000,1708908.53145600,0
1777004100000000,2309.37000000,2311.75000000,2304.60000000,2304.75000000,1228.48480000,1777004999999999,2835785.37932800,20533,631.06460000,1457076.45801700,0
1777005000000000,2304.74000000,2307.43000000,2300.50000000,2304.78000000,3615.94190000,1777005899999999,8327571.27774900,25122,1988.98840000,4579938.64944900,0
1777005900000000,2304.78000000,2308.57000000,2304.78000000,2306.16000000,777.03960000,1777006799999999,1792595.94413600,14261,437.24290000,1008707.60382700,0
1777006800000000,2306.16000000,2306.80000000,2302.74000000,2303.10000000,1610.48770000,1777007699999999,3711433.38374200,18085,479.12110000,1104267.97028900,0
1777007700000000,2303.09000000,2305.30000000,2300.22000000,2304.99000000,1218.76170000,1777008599999999,2806410.20128900,23529,705.90040000,1625545.98304100,0
1777008600000000,2304.99000000,2310.61000000,2304.99000000,2309.09000000,2954.47760000,1777009499999999,6823119.03802300,20201,838.60240000,1935454.38371100,0
1777009500000000,2309.09000000,2317.35000000,2309.08000000,2314.74000000,2738.20440000,1777010399999999,6336756.72709300,30025,1600.02210000,3702198.12561100,0
1777010400000000,2314.75000000,2315.32000000,2312.48000000,2315.31000000,1376.61130000,1777011299999999,3185128.65273100,21779,582.49550000,1347847.13726700,0
1777011300000000,2315.31000000,2316.87000000,2312.86000000,2313.31000000,1315.68280000,1777012199999999,3045560.45991400,18545,507.41440000,1174610.59695800,0
1777012200000000,2313.32000000,2314.17000000,2308.82000000,2309.65000000,1323.08810000,1777013099999999,3057658.56923100,15974,453.61290000,1048165.86789600,0
1777013100000000,2309.65000000,2312.87000000,2308.71000000,2309.20000000,1034.57160000,1777013999999999,2390066.22558300,13244,379.33020000,876361.64686300,0
1777014000000000,2309.21000000,2316.85000000,2308.56000000,2313.86000000,1224.97420000,1777014899999999,2833900.10566000,17233,871.62390000,2016333.02856600,0
1777014900000000,2313.85000000,2314.90000000,2311.32000000,2314.24000000,1040.54490000,1777015799999999,2406999.27791300,18161,434.82760000,1005888.45121000,0
1777015800000000,2314.23000000,2315.35000000,2311.77000000,2312.72000000,3278.83420000,1777016699999999,7584856.69121800,20619,2602.50970000,6020207.15224900,0
1777016700000000,2312.72000000,2314.82000000,2308.48000000,2311.63000000,2650.48990000,1777017599999999,6127969.05079600,12286,1885.04930000,4358458.72603600,0
1777017600000000,2311.63000000,2312.38000000,2307.49000000,2310.77000000,1567.58300000,1777018499999999,3620355.13350700,16689,763.27850000,1762877.42803100,0
1777018500000000,2310.77000000,2322.99000000,2310.77000000,2316.15000000,4859.06700000,1777019399999999,11264378.89899100,35417,3229.51610000,7485544.16207100,0
1777019400000000,2316.14000000,2316.42000000,2312.35000000,2313.18000000,1171.67780000,1777020299999999,2711587.54696400,15426,642.23540000,1486402.53486100,0
1777020300000000,2313.17000000,2318.02000000,2313.17000000,2315.24000000,4059.86930000,1777021199999999,9407447.13846600,16894,1021.68230000,2366341.49264400,0
1777021200000000,2315.24000000,2315.79000000,2303.74000000,2308.39000000,3047.07150000,1777022099999999,7032385.52149300,35980,1524.91290000,3519553.25449300,0
1777022100000000,2308.38000000,2310.40000000,2306.28000000,2308.41000000,1382.11770000,1777022999999999,3190802.81533400,25749,695.91220000,1606628.71621300,0
1777023000000000,2308.40000000,2311.59000000,2307.44000000,2311.28000000,767.31570000,1777023899999999,1772478.17419500,18130,358.99810000,829293.16952100,0
1777023900000000,2311.27000000,2311.30000000,2307.00000000,2310.18000000,1577.93470000,1777024799999999,3643899.07343400,17205,736.33460000,1700209.70442900,0
1777024800000000,2310.19000000,2310.29000000,2306.00000000,2308.82000000,1038.66840000,1777025699999999,2397301.12630100,20424,313.66440000,723952.08993500,0
1777025700000000,2308.82000000,2316.05000000,2308.55000000,2313.80000000,1292.33510000,1777026599999999,2988394.89507100,20033,746.65760000,1726530.21639500,0
1777026600000000,2313.79000000,2316.91000000,2312.92000000,2313.92000000,1006.98280000,1777027499999999,2330577.75205100,19135,426.32320000,986678.28951200,0
1777027500000000,2313.91000000,2319.06000000,2312.51000000,2316.02000000,1446.88000000,1777028399999999,3351759.45247100,17954,748.22740000,1733291.03230700,0
1777028400000000,2316.01000000,2331.48000000,2316.01000000,2328.43000000,5655.71750000,1777029299999999,13148299.51035700,73564,3586.77370000,8338817.52499500,0
1777029300000000,2328.43000000,2331.63000000,2324.83000000,2331.60000000,3437.56340000,1777030199999999,8005599.23025500,52923,1704.55100000,3969694.79898200,0
1777030200000000,2331.59000000,2332.26000000,2328.00000000,2330.92000000,2101.82570000,1777031099999999,4898128.25330200,31639,899.91430000,2097229.70298400,0
1777031100000000,2330.92000000,2331.09000000,2326.66000000,2328.10000000,1456.31050000,1777031999999999,3391762.45047900,23690,491.96750000,1145837.29169000,0
1777032000000000,2328.10000000,2331.85000000,2327.03000000,2331.27000000,2376.37030000,1777032899999999,5536649.02616200,32379,1271.18410000,2961776.56688300,0
1777032900000000,2331.26000000,2331.75000000,2325.17000000,2328.36000000,2649.74180000,1777033799999999,6170172.55024800,33559,1031.62110000,2402338.89019700,0
1777033800000000,2328.36000000,2328.47000000,2323.27000000,2323.88000000,3321.86830000,1777034699999999,7723802.98579700,31541,1127.87220000,2622715.61413700,0
1777034700000000,2323.88000000,2327.04000000,2318.53000000,2325.25000000,1507.03320000,1777035599999999,3498647.28116000,29020,482.19650000,1119426.43213300,0
1777035600000000,2325.26000000,2331.67000000,2325.26000000,2327.38000000,1730.11320000,1777036499999999,4028994.17554800,30025,758.25340000,1765824.80054300,0
1777036500000000,2327.37000000,2329.21000000,2322.60000000,2323.46000000,1458.58880000,1777037399999999,3391851.45588500,21702,570.72980000,1326997.58119000,0
1777037400000000,2323.46000000,2326.41000000,2319.50000000,2320.74000000,2415.49620000,1777038299999999,5609372.46599500,70227,1063.48170000,2469677.18979200,0
1777038300000000,2320.74000000,2321.95000000,2310.99000000,2317.32000000,3411.74140000,1777039199999999,7900231.97615100,75531,1458.10580000,3376286.38636200,0
1777039200000000,2317.32000000,2317.32000000,2308.00000000,2311.13000000,4109.81970000,1777040099999999,9501826.09653300,73018,1529.69650000,3536782.50146000,0
1777040100000000,2311.13000000,2316.05000000,2304.07000000,2306.75000000,5250.62720000,1777040999999999,12120467.89873200,57261,2779.77700000,6417603.22819400,0
1777041000000000,2306.76000000,2316.92000000,2305.69000000,2316.25000000,3023.82840000,1777041899999999,6991808.43378700,51854,1811.02570000,4188006.22893200,0
1777041900000000,2316.25000000,2318.40000000,2311.11000000,2313.41000000,1304.36240000,1777042799999999,3018556.58022700,29925,623.24050000,1442479.40558000,0
1777042800000000,2313.42000000,2313.55000000,2301.61000000,2308.38000000,3711.57990000,1777043699999999,8561402.18505900,43445,1260.40770000,2907265.81656600,0
1777043700000000,2308.39000000,2314.54000000,2306.77000000,2312.15000000,2452.85350000,1777044599999999,5667121.37733600,31800,1282.31450000,2962325.04297600,0
1777044600000000,2312.15000000,2326.03000000,2312.14000000,2325.01000000,3527.63580000,1777045499999999,8178098.62005400,43526,1949.98350000,4522095.98960500,0
1777045500000000,2325.02000000,2329.73000000,2319.23000000,2323.81000000,4560.07030000,1777046399999999,10596485.31879700,60506,2030.02190000,4716906.80467300,0
1777046400000000,2323.81000000,2324.23000000,2316.91000000,2316.92000000,1606.28890000,1777047299999999,3727753.50874000,31782,586.91700000,1362077.27368600,0
1777047300000000,2316.91000000,2317.22000000,2312.00000000,2315.46000000,1793.41610000,1777048199999999,4150825.73873400,26623,700.51080000,1621372.29905000,0
1777048200000000,2315.47000000,2321.66000000,2310.00000000,2313.64000000,1873.71530000,1777049099999999,4340023.47700500,32953,748.46140000,1733925.72185800,0
1777049100000000,2313.64000000,2316.92000000,2311.51000000,2316.67000000,1017.36240000,1777049999999999,2354107.11797400,26677,583.59440000,1350404.82363000,0
1777050000000000,2316.66000000,2319.37000000,2312.86000000,2319.36000000,1629.62700000,1777050899999999,3773657.81812200,27290,695.94290000,1611594.19122100,0
1777050900000000,2319.36000000,2319.36000000,2313.88000000,2315.34000000,1009.85640000,1777051799999999,2338388.00478400,18144,351.34920000,813482.07526300,0
1777051800000000,2315.34000000,2316.01000000,2308.82000000,2314.48000000,1912.99480000,1777052699999999,4424106.97492700,28691,893.16590000,2065485.28806900,0
1777052700000000,2314.47000000,2322.00000000,2312.67000000,2319.60000000,3009.57550000,1777053599999999,6977160.68048400,30024,1532.19320000,3551176.26100000,0
1777053600000000,2319.59000000,2321.41000000,2314.56000000,2314.57000000,1367.88300000,1777054499999999,3171168.11267600,21435,453.33140000,1051128.26563300,0
1777054500000000,2314.56000000,2317.06000000,2310.01000000,2314.68000000,1790.36690000,1777055399999999,4140868.85953500,28107,929.32970000,2149315.28102500,0
1777055400000000,2314.69000000,2320.13000000,2314.46000000,2318.28000000,1354.28900000,1777056299999999,3138584.73842600,22053,733.89290000,1700647.73435400,0
1777056300000000,2318.28000000,2320.31000000,2317.15000000,2319.92000000,685.22820000,1777057199999999,1589212.32130800,16725,274.87120000,637493.00324200,0
1777057200000000,2319.93000000,2325.00000000,2319.50000000,2321.77000000,1729.28800000,1777058099999999,4015766.08864000,22222,728.93380000,1692606.35545100,0
1777058100000000,2321.77000000,2323.57000000,2319.22000000,2320.80000000,946.55660000,1777058999999999,2197653.94815700,13011,404.57910000,939441.97274800,0
1777059000000000,2320.81000000,2322.99000000,2319.51000000,2321.43000000,1795.59660000,1777059899999999,4168105.92270600,24618,898.54340000,2085685.90226000,0
1777059900000000,2321.43000000,2322.50000000,2319.96000000,2321.60000000,1144.20700000,1777060799999999,2655964.71514200,17327,628.11880000,1457904.92107800,0
1777060800000000,2321.59000000,2322.01000000,2317.68000000,2320.22000000,1096.63260000,1777061699999999,2544585.89768800,14567,560.22410000,1300070.18839400,0
1777061700000000,2320.22000000,2320.22000000,2315.38000000,2316.94000000,1483.64460000,1777062599999999,3437869.29006500,15636,644.09710000,1492667.22106100,0
1777062600000000,2316.94000000,2325.95000000,2316.94000000,2324.41000000,1656.27270000,1777063499999999,3847950.46776400,13946,959.85410000,2229431.80105800,0
1777063500000000,2324.40000000,2328.16000000,2324.40000000,2326.47000000,2125.05590000,1777064399999999,4942834.26780400,12408,1248.33300000,2903583.24402900,0
1777064400000000,2326.47000000,2327.52000000,2315.60000000,2315.60000000,3283.81700000,1777065299999999,7626519.28031900,16006,1263.98600000,2936680.16375700,0
1777065300000000,2315.60000000,2319.84000000,2315.11000000,2317.26000000,1192.25260000,1777066199999999,2762262.72139700,10408,685.56630000,1588320.11506900,0
1777066200000000,2317.26000000,2318.52000000,2312.60000000,2315.12000000,1651.47120000,1777067099999999,3824678.76840700,14125,922.06270000,2135809.36643800,0
1777067100000000,2315.13000000,2317.88000000,2314.21000000,2315.18000000,911.76860000,1777067999999999,2111944.35747600,10591,598.37620000,1386028.85374300,0
1777068000000000,2315.19000000,2316.17000000,2313.69000000,2315.06000000,1078.06970000,1777068899999999,2495465.13692200,18538,662.25360000,1533017.39251400,0
1777068900000000,2315.07000000,2315.50000000,2313.07000000,2313.07000000,2312.58400000,1777069799999999,5351525.05229400,7892,1980.13170000,4582117.51220400,0
1777069800000000,2313.08000000,2313.08000000,2307.20000000,2310.07000000,2063.94220000,1777070699999999,4768049.57988100,15410,747.27180000,1726233.37018900,0
1777070700000000,2310.08000000,2312.82000000,2310.08000000,2311.92000000,579.62450000,1777071599999999,1339833.41088800,9315,393.09470000,908594.49950100,0
1777071600000000,2311.93000000,2314.90000000,2311.93000000,2314.74000000,449.27570000,1777072499999999,1039366.52972900,7922,227.91160000,527235.43059800,0
1777072500000000,2314.73000000,2315.14000000,2312.48000000,2314.80000000,329.86280000,1777073399999999,763245.53684400,5895,184.96320000,427959.34337400,0
1777073400000000,2314.80000000,2316.05000000,2314.78000000,2314.97000000,440.82350000,1777074299999999,1020735.09818600,4708,286.37010000,663076.85858000,0
1777074300000000,2314.97000000,2315.55000000,2314.08000000,2314.99000000,231.78490000,1777075199999999,536554.69036600,3969,106.90730000,247470.09109000,0
1777075200000000,2314.98000000,2315.45000000,2312.72000000,2312.86000000,493.40460000,1777076099999999,1141777.71044000,6414,222.63760000,515185.45285600,0
1777076100000000,2312.87000000,2313.73000000,2311.68000000,2312.04000000,367.01120000,1777076999999999,848782.32116500,6004,203.07030000,469633.24196100,0
1777077000000000,2312.04000000,2314.64000000,2311.27000000,2313.60000000,409.63440000,1777077899999999,947372.86156100,6027,223.24180000,516272.71907300,0
1777077900000000,2313.60000000,2316.05000000,2313.60000000,2316.04000000,306.40550000,1777078799999999,709369.81958600,4464,169.96200000,393477.35358100,0
1777078800000000,2316.04000000,2318.42000000,2315.46000000,2318.05000000,454.70140000,1777079699999999,1053406.63863600,5512,372.32100000,862539.36107500,0
1777079700000000,2318.05000000,2320.24000000,2317.45000000,2317.76000000,702.42170000,1777080599999999,1628717.72379400,6557,385.41010000,893705.58388200,0
1777080600000000,2317.76000000,2319.58000000,2317.57000000,2319.57000000,444.32920000,1777081499999999,1030347.32205400,6859,277.26760000,642962.42937100,0
1777081500000000,2319.58000000,2321.36000000,2318.00000000,2318.00000000,613.98810000,1777082399999999,1424145.64954900,7825,355.80310000,825294.34773200,0
1777082400000000,2318.01000000,2319.27000000,2314.78000000,2317.17000000,820.25870000,1777083299999999,1900485.52552900,8560,396.04170000,917635.06691300,0
1777083300000000,2317.18000000,2318.57000000,2316.39000000,2318.10000000,354.64720000,1777084199999999,821877.00920500,5741,155.65610000,360715.56724200,0
1777084200000000,2318.10000000,2318.66000000,2316.71000000,2317.31000000,373.02220000,1777085099999999,864581.25483600,5219,230.08620000,533286.90458200,0
1777085100000000,2317.31000000,2317.73000000,2316.67000000,2317.40000000,533.69450000,1777085999999999,1236560.17978800,3935,173.58580000,402200.81486500,0
1777086000000000,2317.41000000,2320.43000000,2317.41000000,2317.54000000,504.29330000,1777086899999999,1169190.29926100,5720,288.83600000,669724.53324000,0
1777086900000000,2317.54000000,2318.77000000,2315.12000000,2316.36000000,517.95630000,1777087799999999,1200189.97661100,6713,182.27410000,422325.78910600,0
1777087800000000,2316.36000000,2318.11000000,2316.14000000,2318.11000000,420.44990000,1777088699999999,974119.31024800,4285,210.88520000,488639.67341100,0
1777088700000000,2318.11000000,2319.32000000,2317.95000000,2318.43000000,322.84060000,1777089599999999,748477.70141400,4172,180.12770000,417616.88677200,0
1777089600000000,2318.44000000,2319.01000000,2317.15000000,2318.77000000,345.82350000,1777090499999999,801652.03405400,4378,194.68580000,451289.79337900,0
1777090500000000,2318.76000000,2318.90000000,2317.53000000,2317.61000000,251.53390000,1777091399999999,583095.11826400,4291,103.02070000,238823.89252400,0
1777091400000000,2317.61000000,2317.62000000,2316.15000000,2316.95000000,457.95120000,1777092299999999,1061030.98152700,4360,162.73760000,377052.50307000,0
1777092300000000,2316.94000000,2317.19000000,2316.63000000,2316.79000000,390.25990000,1777093199999999,904231.00159500,3393,174.45790000,404213.21617000,0
1777093200000000,2316.80000000,2316.80000000,2313.30000000,2314.12000000,589.14460000,1777094099999999,1363652.41144400,8035,145.32400000,336336.02928200,0
1777094100000000,2314.12000000,2315.06000000,2313.32000000,2314.45000000,303.04010000,1777094999999999,701347.54195300,4326,152.47970000,352891.97555400,0
1777095000000000,2314.46000000,2316.23000000,2314.45000000,2315.32000000,362.55230000,1777095899999999,839557.61907500,5503,233.01960000,539590.38152700,0
1777095900000000,2315.32000000,2316.01000000,2315.01000000,2316.01000000,218.71920000,1777096799999999,506441.48952500,3338,143.00640000,331129.34548000,0
1777096800000000,2316.01000000,2317.53000000,2316.01000000,2316.69000000,467.37180000,1777097699999999,1082877.00368500,4114,228.58300000,529589.73557200,0
1777097700000000,2316.68000000,2316.72000000,2314.89000000,2315.22000000,397.11250000,1777098599999999,919555.50201200,3816,270.22920000,625733.12307600,0
1777098600000000,2315.22000000,2316.92000000,2315.21000000,2316.07000000,373.20970000,1777099499999999,864468.26070600,5465,143.19460000,331671.65811900,0
1777099500000000,2316.07000000,2317.64000000,2315.14000000,2316.01000000,353.52800000,1777100399999999,818876.88879600,4898,189.54730000,439005.14636100,0
1777100400000000,2316.00000000,2316.01000000,2314.26000000,2314.62000000,369.53520000,1777101299999999,855365.84959000,4463,121.93750000,282243.12070000,0
1777101300000000,2314.62000000,2315.95000000,2314.39000000,2315.90000000,549.77270000,1777102199999999,1272851.00002000,5168,321.66620000,744752.58912100,0
1777102200000000,2315.91000000,2317.15000000,2315.55000000,2316.63000000,396.32920000,1777103099999999,918037.16149900,4760,251.19530000,581855.78823600,0
1777103100000000,2316.62000000,2318.81000000,2315.62000000,2316.48000000,502.27080000,1777103999999999,1163619.50011500,4338,227.69050000,527548.76830900,0
1777104000000000,2316.48000000,2318.34000000,2315.92000000,2318.03000000,353.06890000,1777104899999999,818188.10449100,4204,151.23730000,350475.72681100,0
1777104900000000,2318.02000000,2318.85000000,2317.52000000,2318.57000000,343.89390000,1777105799999999,797207.15181400,5380,150.92760000,349870.44949500,0
1777105800000000,2318.57000000,2320.92000000,2318.56000000,2319.50000000,573.15300000,1777106699999999,1329713.17509600,7799,343.88380000,797761.39042300,0
1777106700000000,2319.50000000,2319.50000000,2318.92000000,2319.44000000,370.92160000,1777107599999999,860262.39643600,3744,215.74290000,500360.28127400,0
1777107600000000,2319.43000000,2319.73000000,2318.31000000,2319.58000000,509.10900000,1777108499999999,1180507.82996200,4696,317.70740000,736673.58872000,0
1777108500000000,2319.58000000,2320.00000000,2317.27000000,2317.37000000,688.89130000,1777109399999999,1597114.35939500,5879,425.20610000,985775.25656800,0
1777109400000000,2317.37000000,2322.80000000,2317.17000000,2321.66000000,829.36150000,1777110299999999,1923744.94379000,10004,533.79450000,1238224.48525200,0
1777110300000000,2321.66000000,2323.21000000,2319.00000000,2319.12000000,2637.77860000,1777111199999999,6124741.20209900,10256,558.05250000,1295765.03415900,0
1777111200000000,2319.11000000,2321.56000000,2318.93000000,2319.94000000,800.88420000,1777112099999999,1857895.74502400,6434,402.80810000,934424.40522200,0
1777112100000000,2319.94000000,2322.05000000,2319.94000000,2320.97000000,322.43560000,1777112999999999,748281.11917200,5180,163.78820000,380098.23907400,0
1777113000000000,2320.96000000,2322.74000000,2319.93000000,2320.47000000,538.31020000,1777113899999999,1249713.09058900,6175,296.40820000,688166.84125300,0
1777113900000000,2320.47000000,2320.60000000,2319.34000000,2320.56000000,419.57430000,1777114799999999,973371.72403000,3685,229.30660000,531964.35529300,0
1777114800000000,2320.57000000,2320.57000000,2317.13000000,2317.27000000,464.91450000,1777115699999999,1077751.32561000,6074,189.60320000,439523.39500800,0
1777115700000000,2317.28000000,2317.93000000,2313.39000000,2315.14000000,857.39630000,1777116599999999,1985380.94417600,8845,303.23650000,702030.92042300,0
1777116600000000,2315.13000000,2315.46000000,2313.00000000,2313.01000000,643.40410000,1777117499999999,1489229.84357400,7562,176.26860000,408012.66575900,0
1777117500000000,2313.01000000,2314.37000000,2311.20000000,2313.64000000,1117.70020000,1777118399999999,2585209.44513000,10531,413.52620000,956533.51060400,0
1777118400000000,2313.65000000,2316.92000000,2311.93000000,2315.55000000,1034.36380000,1777119299999999,2394011.59763600,9633,641.39320000,1484285.20336500,0
1777119300000000,2315.56000000,2317.02000000,2313.99000000,2313.99000000,414.50260000,1777120199999999,959933.20663800,5589,219.43590000,508257.56120200,0
1777120200000000,2313.99000000,2314.90000000,2311.88000000,2313.31000000,1050.65290000,1777121099999999,2430788.65397200,9620,614.34360000,1421430.73277000,0
1777121100000000,2313.32000000,2314.90000000,2313.31000000,2313.55000000,979.61980000,1777121999999999,2266784.62038900,5086,693.69260000,1605093.07034100,0
1777122000000000,2313.56000000,2316.93000000,2313.56000000,2316.92000000,649.90070000,1777122899999999,1504865.41502600,6244,334.13310000,773736.12853800,0
1777122900000000,2316.92000000,2317.31000000,2316.00000000,2316.47000000,503.42950000,1777123799999999,1166321.62201200,4258,339.25630000,785980.54593700,0
1777123800000000,2316.48000000,2317.35000000,2315.66000000,2317.34000000,629.93660000,1777124699999999,1459190.99143200,5981,208.72830000,483489.21826600,0
1777124700000000,2317.34000000,2317.88000000,2316.25000000,2316.25000000,559.52500000,1777125599999999,1296472.29146100,6158,259.15650000,600470.00639700,0
1777125600000000,2316.25000000,2318.94000000,2315.27000000,2318.21000000,872.53470000,1777126499999999,2021671.19193300,11464,454.83390000,1053873.95319600,0
1777126500000000,2318.22000000,2318.22000000,2315.29000000,2317.48000000,782.89460000,1777127399999999,1813787.86513800,7186,295.60860000,684802.08714600,0
1777127400000000,2317.49000000,2317.99000000,2316.64000000,2317.36000000,585.48870000,1777128299999999,1356817.18666600,5288,239.62990000,555282.22845300,0
1777128300000000,2317.37000000,2318.39000000,2316.02000000,2316.02000000,881.10600000,1777129199999999,2041559.58608800,7189,583.62650000,1352267.44563200,0
1777129200000000,2316.03000000,2316.92000000,2315.19000000,2316.44000000,556.93530000,1777130099999999,1289907.68093000,5955,335.47850000,776991.36862200,0
1777130100000000,2316.44000000,2318.16000000,2316.03000000,2317.82000000,1037.54320000,1777130999999999,2403797.58554600,5569,698.13950000,1617346.34676800,0
1777131000000000,2317.82000000,2318.68000000,2316.78000000,2316.83000000,638.49510000,1777131899999999,1479716.95536400,5289,351.31320000,814110.91099400,0
1777131900000000,2316.83000000,2316.83000000,2303.00000000,2308.09000000,4464.54930000,1777132799999999,10306853.88122200,32612,1433.40630000,3309459.60878700,0
1777132800000000,2308.08000000,2310.26000000,2305.34000000,2310.23000000,4976.57910000,1777133699999999,11483802.70519800,22756,3473.56180000,8014440.80434500,0
1777133700000000,2310.22000000,2310.77000000,2305.86000000,2308.69000000,1170.19790000,1777134599999999,2701810.68264400,10004,396.34880000,915069.75664100,0
1777134600000000,2308.68000000,2309.08000000,2300.55000000,2308.44000000,3316.61280000,1777135499999999,7644734.88920000,19662,1429.76460000,3296343.37658900,0
1777135500000000,2308.44000000,2311.03000000,2308.20000000,2309.53000000,947.18640000,1777136399999999,2187549.95314500,7004,333.81980000,770951.94786500,0
1777136400000000,2309.54000000,2309.54000000,2307.95000000,2308.37000000,635.06300000,1777137299999999,1466144.31634400,4786,253.22020000,584586.26577900,0
1777137300000000,2308.38000000,2313.62000000,2307.34000000,2309.11000000,1459.05470000,1777138199999999,3371206.83930000,11015,912.05330000,2107280.14356000,0
1777138200000000,2309.11000000,2312.15000000,2307.86000000,2311.24000000,1458.27000000,1777139099999999,3369943.21897900,10156,456.41260000,1054508.05248600,0
1777139100000000,2311.24000000,2311.24000000,2308.97000000,2309.36000000,810.08540000,1777139999999999,1871626.84014700,6341,233.75170000,540003.84831700,0
1777140000000000,2309.36000000,2312.39000000,2308.28000000,2310.44000000,843.94350000,1777140899999999,1949940.76796100,8134,392.31900000,906461.55285900,0
1777140900000000,2310.44000000,2312.33000000,2308.96000000,2312.03000000,1098.09520000,1777141799999999,2537232.71972600,6598,692.39790000,1599893.92639600,0
1777141800000000,2312.03000000,2313.98000000,2311.75000000,2311.76000000,431.27180000,1777142699999999,997494.19839800,6752,227.05890000,525175.44801100,0
1777142700000000,2311.75000000,2313.24000000,2311.43000000,2311.55000000,446.65260000,1777143599999999,1032731.43188300,6009,201.02340000,464805.30674700,0
1777143600000000,2311.55000000,2312.00000000,2310.21000000,2312.00000000,658.26040000,1777144499999999,1521287.04224200,7538,353.22850000,816340.87583800,0
1777144500000000,2312.00000000,2312.31000000,2309.02000000,2309.02000000,507.82520000,1777145399999999,1173667.07529300,5694,177.00040000,409124.78089600,0
1777145400000000,2309.02000000,2309.33000000,2307.31000000,2307.31000000,487.82000000,1777146299999999,1126244.69832200,5436,150.44070000,347317.38132900,0
1777146300000000,2307.30000000,2310.68000000,2307.12000000,2310.06000000,429.76860000,1777147199999999,992278.20411600,5481,236.28610000,545593.71866200,0
1777147200000000,2310.06000000,2311.51000000,2308.85000000,2310.44000000,530.24360000,1777148099999999,1225043.73837100,6330,248.47520000,573971.32337100,0
1777148100000000,2310.43000000,2312.00000000,2309.55000000,2311.42000000,403.78010000,1777148999999999,933117.36563700,5986,253.62630000,586102.69910500,0
1777149000000000,2311.43000000,2312.00000000,2311.21000000,2311.21000000,255.18890000,1777149899999999,589900.31138100,3079,82.32530000,190304.20841300,0
1777149900000000,2311.22000000,2313.21000000,2310.70000000,2313.20000000,172.40010000,1777150799999999,398555.03403800,3157,86.38270000,199717.31061100,0
1777150800000000,2313.21000000,2317.35000000,2313.20000000,2316.35000000,978.31920000,1777151699999999,2265425.09694900,10311,588.09140000,1361856.73722600,0
1777151700000000,2316.36000000,2317.18000000,2315.35000000,2315.94000000,508.95640000,1777152599999999,1178736.51636600,4960,275.82950000,638783.27754500,0
1777152600000000,2315.93000000,2315.93000000,2312.86000000,2314.49000000,624.16960000,1777153499999999,1444644.91060000,6440,279.98640000,648001.28933000,0
1777153500000000,2314.50000000,2316.26000000,2314.49000000,2315.80000000,321.08220000,1777154399999999,743397.76783400,7503,189.10140000,437785.89799800,0
1777154400000000,2315.79000000,2317.35000000,2315.09000000,2315.81000000,316.05150000,1777155299999999,732007.70071300,11244,137.59490000,318691.59889700,0
1777155300000000,2315.81000000,2317.26000000,2315.56000000,2316.51000000,252.50030000,1777156199999999,584932.62131100,4442,117.16310000,271402.55286100,0
1777156200000000,2316.51000000,2320.42000000,2316.51000000,2318.94000000,766.42800000,1777157099999999,1777292.79627500,11780,498.18830000,1155130.13142900,0
1777157100000000,2318.93000000,2318.93000000,2317.49000000,2317.75000000,559.68480000,1777157999999999,1297411.51746900,7663,267.06940000,619031.48207100,0
1777158000000000,2317.76000000,2319.58000000,2316.92000000,2318.96000000,650.71970000,1777158899999999,1508846.91198000,6874,469.65260000,1089046.37751400,0
1777158900000000,2318.96000000,2319.37000000,2317.87000000,2319.36000000,322.82480000,1777159799999999,748454.14323000,7764,116.27650000,269567.94024700,0
1777159800000000,2319.36000000,2319.86000000,2318.11000000,2318.89000000,462.27650000,1777160699999999,1072089.54205200,4877,238.91970000,554097.91066800,0
1777160700000000,2318.88000000,2319.50000000,2318.00000000,2319.50000000,258.41840000,1777161599999999,599182.58206100,4759,158.82730000,368263.31655500,0
1777161600000000,2319.49000000,2320.06000000,2315.90000000,2316.72000000,775.14030000,1777162499999999,1797032.77589400,8982,422.68970000,980040.25098300,0
1777162500000000,2316.72000000,2316.72000000,2314.67000000,2315.22000000,305.06080000,1777163399999999,706303.50541600,5861,124.30450000,287804.10890300,0
1777163400000000,2315.22000000,2317.24000000,2314.49000000,2317.24000000,405.35900000,1777164299999999,938837.15679800,6659,314.65020000,728765.13926500,0
1777164300000000,2317.24000000,2318.16000000,2312.00000000,2315.37000000,854.01580000,1777165199999999,1976524.69944100,8634,384.78140000,890696.37972900,0
1777165200000000,2315.37000000,2315.64000000,2313.66000000,2315.26000000,344.86390000,1777166099999999,798263.44423400,6708,142.76930000,330446.30480800,0
1777166100000000,2315.26000000,2316.91000000,2315.13000000,2315.88000000,305.96680000,1777166999999999,708616.79625300,7085,189.03360000,437779.25848500,0
1777167000000000,2315.88000000,2317.88000000,2315.29000000,2315.90000000,1119.64650000,1777167899999999,2593968.74520900,6491,397.71650000,921303.42150000,0
1777167900000000,2315.89000000,2316.61000000,2313.48000000,2313.85000000,859.01170000,1777168799999999,1988447.04035600,6964,111.74220000,258641.84509500,0
1777168800000000,2313.84000000,2318.12000000,2313.58000000,2317.87000000,235.25790000,1777169699999999,544873.68447800,6486,125.94750000,291705.07346300,0
1777169700000000,2317.87000000,2318.11000000,2316.52000000,2317.48000000,253.92710000,1777170599999999,588450.12631600,4908,136.72150000,316824.54849500,0
1777170600000000,2317.48000000,2318.40000000,2315.31000000,2315.46000000,834.10170000,1777171499999999,1932098.88476200,5226,112.59720000,260890.48799800,0
1777171500000000,2315.46000000,2315.97000000,2314.28000000,2315.15000000,339.44010000,1777172399999999,785855.77994200,4923,159.84690000,370075.58595700,0
1777172400000000,2315.15000000,2316.18000000,2313.21000000,2316.18000000,1098.79890000,1777173299999999,2542801.58086500,4966,161.94270000,374809.99262300,0
1777173300000000,2316.17000000,2316.35000000,2312.27000000,2312.28000000,270.94650000,1777174199999999,627226.82188700,3962,47.54910000,110108.34573700,0
1777174200000000,2312.28000000,2312.50000000,2306.72000000,2309.17000000,1457.41200000,1777175099999999,3365321.21341200,13464,381.20230000,880147.99141000,0
1777175100000000,2309.18000000,2310.46000000,2308.30000000,2310.00000000,553.77620000,1777175999999999,1278932.63371600,7035,195.60160000,451721.25820200,0
1777176000000000,2309.99000000,2312.65000000,2308.97000000,2311.16000000,536.33680000,1777176899999999,1239369.31199500,6482,228.93180000,529011.22802700,0
1777176900000000,2311.16000000,2311.88000000,2310.49000000,2310.85000000,364.40790000,1777177799999999,842201.58659300,3849,139.92720000,323391.18426400,0
1777177800000000,2310.84000000,2313.48000000,2310.31000000,2312.82000000,276.31200000,1777178699999999,638764.85301100,4352,137.41740000,317661.63939900,0
1777178700000000,2312.83000000,2319.76000000,2312.82000000,2317.74000000,1442.09900000,1777179599999999,3342107.29789900,21436,864.08350000,2002427.92089300,0
1777179600000000,2317.73000000,2331.78000000,2317.57000000,2328.35000000,5142.30890000,1777180499999999,11964533.72882800,33900,2901.76170000,6749781.46203600,0
1777180500000000,2328.33000000,2336.48000000,2326.46000000,2330.90000000,6621.84970000,1777181399999999,15442727.36129900,35755,3782.50370000,8821446.71638100,0
1777181400000000,2330.91000000,2334.57000000,2328.32000000,2329.06000000,2649.15700000,1777182299999999,6174391.39866700,23556,961.14270000,2240546.66996300,0
1777182300000000,2329.07000000,2330.00000000,2327.31000000,2327.84000000,1303.51310000,1777183199999999,3035550.91356500,12856,586.20440000,1365113.37631700,0
1777183200000000,2327.85000000,2331.76000000,2327.85000000,2330.35000000,1576.14580000,1777184099999999,3673343.31222400,11986,1014.10170000,2363355.22070300,0
1777184100000000,2330.35000000,2330.80000000,2328.01000000,2329.45000000,385.44520000,1777184999999999,897769.46797500,8286,168.45570000,392387.07295800,0
1777185000000000,2329.45000000,2333.27000000,2329.02000000,2331.85000000,777.00390000,1777185899999999,1811710.63360100,8236,520.94360000,1214708.66058100,0
1777185900000000,2331.85000000,2331.99000000,2327.46000000,2329.99000000,1593.96930000,1777186799999999,3712889.56821600,9415,495.76430000,1154732.06250200,0
1777186800000000,2330.00000000,2330.58000000,2328.58000000,2329.44000000,646.49920000,1777187699999999,1505997.63831600,6827,253.87310000,591384.85572900,0
1777187700000000,2329.43000000,2330.92000000,2329.33000000,2330.07000000,563.07670000,1777188599999999,1312010.86132600,7332,304.97920000,710606.97184400,0
1777188600000000,2330.07000000,2330.07000000,2328.60000000,2328.60000000,370.49070000,1777189499999999,862910.83597900,4148,174.14320000,405605.26917900,0
1777189500000000,2328.60000000,2332.25000000,2328.60000000,2331.24000000,732.71820000,1777190399999999,1707440.58677100,5084,305.46470000,711870.24721700,0
1777190400000000,2331.25000000,2334.71000000,2331.25000000,2332.96000000,1692.72800000,1777191299999999,3948807.57101800,8391,1138.92920000,2656994.08368900,0
1777191300000000,2332.96000000,2333.28000000,2330.49000000,2331.41000000,815.25890000,1777192199999999,1900967.37068700,8317,274.31070000,639615.12061400,0
1777192200000000,2331.41000000,2337.68000000,2331.37000000,2331.98000000,1606.38180000,1777193099999999,3750782.00735800,14228,929.91050000,2171274.33144000,0
1777193100000000,2331.97000000,2333.50000000,2331.74000000,2332.38000000,571.09210000,1777193999999999,1332019.83847900,7805,343.10860000,800257.04184600,0
1777194000000000,2332.37000000,2332.37000000,2329.66000000,2331.11000000,590.62510000,1777194899999999,1376574.06539100,7262,184.60360000,430258.49240600,0
1777194900000000,2331.10000000,2333.80000000,2330.75000000,2332.06000000,605.14140000,1777195799999999,1411216.85564800,8770,326.20550000,760720.13496700,0
1777195800000000,2332.07000000,2333.70000000,2331.36000000,2333.52000000,635.46880000,1777196699999999,1482159.54016300,5161,414.41070000,966511.60867900,0
1777196700000000,2333.51000000,2335.59000000,2332.53000000,2334.69000000,648.95640000,1777197599999999,1514717.02771600,6667,327.27460000,763927.01814300,0
1777197600000000,2334.68000000,2336.32000000,2332.44000000,2334.91000000,1102.61300000,1777198499999999,2574194.14209200,9228,522.48620000,1220063.74001800,0
1777198500000000,2334.91000000,2335.48000000,2333.09000000,2333.26000000,509.67130000,1777199399999999,1189875.67380100,6543,137.65620000,321355.61889200,0
1777199400000000,2333.26000000,2333.31000000,2332.24000000,2332.27000000,917.60140000,1777200299999999,2140536.59341500,4656,496.08930000,1157176.98860000,0
1777200300000000,2332.27000000,2332.96000000,2331.70000000,2332.95000000,368.55040000,1777201199999999,859542.76101900,3848,119.01770000,277583.94827400,0
1777201200000000,2332.95000000,2335.47000000,2332.75000000,2333.98000000,457.78890000,1777202099999999,1068434.50927500,8376,214.03720000,499546.48849200,0
1777202100000000,2333.98000000,2337.50000000,2333.29000000,2336.34000000,658.55650000,1777202999999999,1537955.74699100,8522,272.51840000,636554.20817700,0
1777203000000000,2336.34000000,2337.50000000,2335.06000000,2335.06000000,489.10480000,1777203899999999,1142704.19302000,7982,234.09670000,546917.73879200,0
1777203900000000,2335.07000000,2336.85000000,2333.96000000,2335.95000000,441.69770000,1777204799999999,1031339.73014300,6196,165.86100000,387283.24445600,0
1777204800000000,2335.96000000,2336.40000000,2330.00000000,2330.62000000,748.47750000,1777205699999999,1745619.00107700,10010,304.14450000,709266.01717600,0
1777205700000000,2330.62000000,2335.46000000,2329.92000000,2331.30000000,1182.45290000,1777206599999999,2757209.44074400,8923,468.58140000,1092844.53855500,0
1777206600000000,2331.29000000,2333.00000000,2330.63000000,2330.63000000,589.04290000,1777207499999999,1373654.71619600,5860,421.68560000,983465.75013300,0
1777207500000000,2330.64000000,2330.64000000,2324.19000000,2328.89000000,1929.06330000,1777208399999999,4490363.30157400,17926,679.90780000,1582771.52598000,0
1777208400000000,2328.90000000,2332.59000000,2328.11000000,2331.24000000,1041.47710000,1777209299999999,2427181.15852900,10954,678.35660000,1581066.03903600,0
1777209300000000,2331.24000000,2332.21000000,2329.16000000,2330.61000000,832.26900000,1777210199999999,1939641.56712400,7698,574.01520000,1337740.80785600,0
1777210200000000,2330.61000000,2335.00000000,2330.42000000,2335.00000000,1120.28670000,1777211099999999,2613645.87465900,10993,728.19510000,1698779.67330000,0
1777211100000000,2334.99000000,2336.00000000,2333.63000000,2335.22000000,745.83370000,1777211999999999,1741402.67368800,8675,324.66750000,758043.83904200,0
1777212000000000,2335.21000000,2336.19000000,2333.64000000,2335.58000000,716.65540000,1777212899999999,1673419.82723700,8506,208.60150000,487103.64740400,0
1777212900000000,2335.59000000,2352.44000000,2334.79000000,2349.99000000,8243.11040000,1777213799999999,19338350.22844700,57829,4743.67640000,11126933.45408800,0
1777213800000000,2349.99000000,2351.10000000,2345.26000000,2347.02000000,2300.44350000,1777214699999999,5401878.86012800,26595,946.70210000,2223169.41297400,0
1777214700000000,2347.03000000,2350.12000000,2344.50000000,2346.20000000,1716.46440000,1777215599999999,4028808.49941100,22874,886.67680000,2081270.78587400,0
1777215600000000,2346.20000000,2348.00000000,2344.79000000,2346.13000000,854.45400000,1777216499999999,2004988.53050500,12861,442.13680000,1037492.08109800,0
1777216500000000,2346.12000000,2348.36000000,2344.62000000,2348.35000000,929.69580000,1777217399999999,2181672.80131600,12856,387.09370000,908364.40656700,0
1777217400000000,2348.36000000,2348.93000000,2345.00000000,2345.56000000,805.25480000,1777218299999999,1889638.81907700,12013,400.30600000,939333.72548500,0
1777218300000000,2345.56000000,2348.05000000,2344.23000000,2348.05000000,752.89920000,1777219199999999,1766181.00862700,10493,377.90700000,886585.62015100,0
1777219200000000,2348.06000000,2349.43000000,2344.01000000,2345.14000000,1385.28620000,1777220099999999,3249963.85535800,10716,500.02860000,1173066.08110000,0
1777220100000000,2345.14000000,2348.00000000,2345.14000000,2346.88000000,890.11890000,1777220999999999,2088700.36822000,8712,353.36310000,829131.47538800,0
1777221000000000,2346.89000000,2347.82000000,2344.84000000,2344.87000000,823.93160000,1777221899999999,1933575.75039100,9369,397.86580000,933759.97532500,0
1777221900000000,2344.87000000,2347.00000000,2342.91000000,2342.92000000,817.44210000,1777222799999999,1916808.54466600,9609,327.92800000,769126.45594100,0
1777222800000000,2342.92000000,2345.60000000,2340.56000000,2345.38000000,1430.11280000,1777223699999999,3351147.36456000,12538,596.33380000,1397543.57741100,0
1777223700000000,2345.38000000,2347.41000000,2345.23000000,2346.33000000,402.42790000,1777224599999999,944235.96731100,6190,234.63950000,550545.48069800,0
1777224600000000,2346.34000000,2347.36000000,2344.09000000,2347.08000000,353.93240000,1777225499999999,830161.84927400,5922,169.25070000,397005.78282400,0
1777225500000000,2347.09000000,2349.99000000,2346.58000000,2349.43000000,930.08620000,1777226399999999,2184339.44163600,9261,534.01570000,1254210.35769700,0
1777226400000000,2349.42000000,2368.42000000,2347.42000000,2363.38000000,8579.16050000,1777227299999999,20233823.97959200,53399,5441.17020000,12829663.68125200,0
1777227300000000,2363.38000000,2369.01000000,2360.37000000,2361.16000000,3614.18650000,1777228199999999,8547218.27060100,38172,1819.86520000,4303959.35280000,0
1777228200000000,2361.17000000,2362.20000000,2358.01000000,2360.48000000,1530.47710000,1777229099999999,3611347.33795300,14293,599.72080000,1415156.47034200,0
1777229100000000,2360.47000000,2362.54000000,2359.21000000,2361.99000000,2450.20470000,1777229999999999,5785731.04596800,12981,1639.50800000,3871405.82301800,0
1777230000000000,2361.99000000,2367.07000000,2359.55000000,2365.64000000,2402.03780000,1777230899999999,5677838.30459200,20039,1163.83440000,2750762.55740600,0
1777230900000000,2365.65000000,2376.35000000,2363.41000000,2365.83000000,6667.30850000,1777231799999999,15809950.00631300,49524,3386.57010000,8030949.17976600,0
1777231800000000,2365.84000000,2366.36000000,2363.36000000,2365.85000000,1435.89430000,1777232699999999,3396351.28909700,17963,603.57580000,1427435.28443600,0
1777232700000000,2365.84000000,2371.00000000,2365.55000000,2367.40000000,1344.14630000,1777233599999999,3183052.44044900,14466,719.52880000,1703895.66518100,0
1777233600000000,2367.40000000,2369.20000000,2365.33000000,2365.33000000,1202.58890000,1777234499999999,2847373.53225000,12439,759.75550000,1798980.99325200,0
1777234500000000,2365.34000000,2367.50000000,2364.48000000,2366.62000000,1007.04740000,1777235399999999,2382774.47600100,8892,479.48250000,1134539.19944800,0
1777235400000000,2366.63000000,2372.68000000,2365.36000000,2366.37000000,2001.90470000,1777236299999999,4743217.62785600,21574,1013.48310000,2401448.08730200,0
1777236300000000,2366.38000000,2367.17000000,2362.50000000,2362.50000000,1022.42450000,1777237199999999,2417623.49972100,9948,249.15460000,589206.68466700,0
1777237200000000,2362.51000000,2369.12000000,2362.35000000,2366.35000000,986.21820000,1777238099999999,2333208.80607200,11949,566.82500000,1340662.12606900,0
1777238100000000,2366.36000000,2368.29000000,2365.40000000,2365.41000000,665.72900000,1777238999999999,1575720.93596300,10666,286.44760000,677951.69205400,0
1777239000000000,2365.41000000,2365.41000000,2351.13000000,2357.31000000,4611.56330000,1777239899999999,10869944.92535500,34394,1813.25710000,4273011.09319300,0
1777239900000000,2357.31000000,2370.33000000,2348.47000000,2364.34000000,5649.20060000,1777240799999999,13331210.96285400,86479,2917.61990000,6886384.71512300,0
1777240800000000,2364.34000000,2371.47000000,2362.81000000,2370.54000000,3330.64240000,1777241699999999,7886506.25138500,58942,1364.82050000,3231888.75250300,0
1777241700000000,2370.55000000,2380.00000000,2367.31000000,2367.97000000,5147.28150000,1777242599999999,12227517.72519400,58578,2466.75650000,5860655.69729000,0
1777242600000000,2367.96000000,2367.96000000,2353.53000000,2360.61000000,6010.45750000,1777243499999999,14171711.80143900,59538,3911.87290000,9220774.04998200,0
1777243500000000,2360.61000000,2366.56000000,2360.21000000,2361.89000000,2526.18240000,1777244399999999,5969186.21755200,23177,653.90470000,1545093.15468700,0
1777244400000000,2361.88000000,2362.25000000,2356.73000000,2361.22000000,3273.50300000,1777245299999999,7723187.94001300,23888,2297.41870000,5419731.45632200,0
1777245300000000,2361.21000000,2368.58000000,2359.19000000,2361.53000000,1688.60580000,1777246199999999,3992860.35457600,29325,736.93280000,1742583.97978900,0
1777246200000000,2361.53000000,2373.14000000,2358.87000000,2372.85000000,4477.11810000,1777247099999999,10594134.99758700,41473,1741.21000000,4120278.49330300,0
1777247100000000,2372.85000000,2378.61000000,2368.29000000,2369.44000000,4321.22510000,1777247999999999,10256033.89109500,45282,2208.06760000,5242458.29649600,0
1777248000000000,2369.45000000,2375.82000000,2365.43000000,2366.55000000,1667.34600000,1777248899999999,3953400.77995000,32913,845.06000000,2004130.62795800,0
1777248900000000,2366.55000000,2368.19000000,2359.46000000,2363.05000000,1812.65750000,1777249799999999,4283868.37098500,29366,620.07060000,1465627.83612600,0
1777249800000000,2363.05000000,2374.70000000,2360.64000000,2372.45000000,1872.93320000,1777250699999999,4436911.85726600,34965,1177.59000000,2788945.22026300,0
1777250700000000,2372.46000000,2392.00000000,2371.04000000,2390.76000000,8253.11250000,1777251599999999,19672657.02173000,73986,5135.11940000,12239196.96598200,0
1777251600000000,2390.56000000,2404.37000000,2386.00000000,2387.10000000,12501.67160000,1777252499999999,29953850.47144700,116197,7050.37910000,16898894.69930100,0
1777252500000000,2387.11000000,2387.11000000,2377.56000000,2382.88000000,2533.77310000,1777253399999999,6038026.24089700,56798,1122.93750000,2676126.06597200,0
1777253400000000,2382.88000000,2389.25000000,2379.88000000,2386.81000000,1918.98930000,1777254299999999,4576498.90356500,37714,1279.69410000,3052442.12032800,0
1777254300000000,2386.80000000,2397.00000000,2386.80000000,2394.61000000,3754.95620000,1777255199999999,8983847.85486700,47637,2512.59400000,6011407.33119500,0
1777255200000000,2394.60000000,2395.48000000,2387.29000000,2390.08000000,1641.39930000,1777256099999999,3923090.84967000,23940,922.70100000,2205440.98718200,0
1777256100000000,2390.09000000,2394.24000000,2388.00000000,2393.01000000,2117.56300000,1777256999999999,5063711.90968500,25861,1525.03990000,3646933.10439400,0
1777257000000000,2393.01000000,2397.00000000,2390.74000000,2392.00000000,1518.46280000,1777257899999999,3634907.59195600,26183,752.36390000,1800760.60979400,0
1777257900000000,2391.99000000,2396.02000000,2391.64000000,2392.16000000,1360.71110000,1777258799999999,3257121.60150100,20723,809.69530000,1938090.34125800,0
1777258800000000,2392.16000000,2397.88000000,2390.57000000,2395.77000000,1639.43900000,1777259699999999,3924610.82240800,22747,1139.65280000,2728419.32205900,0
1777259700000000,2395.77000000,2398.72000000,2393.30000000,2397.78000000,1699.97340000,1777260599999999,4074235.15654600,24912,1042.87020000,2499471.75406000,0
1777260600000000,2397.78000000,2400.43000000,2395.04000000,2399.94000000,2587.25500000,1777261499999999,6203793.80026000,28134,1749.81280000,4195797.04054900,0
1777261500000000,2399.93000000,2400.27000000,2394.17000000,2394.85000000,1760.39220000,1777262399999999,4219698.45792500,17452,582.56710000,1396503.33501100,0
1777262400000000,2394.85000000,2396.05000000,2390.02000000,2391.00000000,2334.69520000,1777263299999999,5586221.42097400,22195,759.66500000,1817688.18533400,0
1777263300000000,2391.01000000,2392.13000000,2388.53000000,2391.34000000,2247.85990000,1777264199999999,5372604.40703600,21049,939.09350000,2244430.51763200,0
1777264200000000,2391.33000000,2392.30000000,2387.00000000,2387.75000000,1423.22190000,1777265099999999,3399329.01047000,20783,739.04600000,1765161.13098400,0
1777265100000000,2387.75000000,2388.62000000,2380.45000000,2382.84000000,2729.02810000,1777265999999999,6505918.32075800,29492,1150.34150000,2742337.78179000,0
1777266000000000,2382.84000000,2383.46000000,2362.43000000,2363.01000000,7127.21400000,1777266899999999,16902737.28819500,73749,2535.95610000,6013412.04264000,0
1777266900000000,2363.01000000,2363.07000000,2328.96000000,2334.39000000,18748.54810000,1777267799999999,43903018.37623800,164983,7886.77850000,18456964.28341500,0
1777267800000000,2334.38000000,2335.92000000,2320.00000000,2325.71000000,8888.29470000,1777268699999999,20689335.90286900,95188,3789.63940000,8822514.29772300,0
1777268700000000,2325.71000000,2327.31000000,2319.31000000,2323.18000000,5304.34540000,1777269599999999,12320292.97933800,42194,2986.74450000,6937168.87174500,0
1777269600000000,2323.17000000,2323.82000000,2317.29000000,2323.22000000,3083.96230000,1777270499999999,7156147.33512900,41935,1401.46710000,3252431.84710200,0
1777270500000000,2323.22000000,2329.13000000,2321.61000000,2325.98000000,3182.37670000,1777271399999999,7403648.92337800,24930,2003.74230000,4661482.69733300,0
1777271400000000,2325.97000000,2325.98000000,2312.71000000,2319.10000000,5149.34490000,1777272299999999,11932180.60930100,48291,2184.75450000,5063457.66118200,0
1777272300000000,2319.10000000,2324.41000000,2318.71000000,2321.00000000,2250.24800000,1777273199999999,5225014.12968600,23055,1564.91780000,3633767.86258600,0
1777273200000000,2321.01000000,2323.82000000,2316.98000000,2318.29000000,2879.47470000,1777274099999999,6678591.96424600,28617,1523.01600000,3531757.92425900,0
1777274100000000,2318.29000000,2321.51000000,2315.00000000,2319.97000000,2358.29060000,1777274999999999,5468026.47525500,25335,1410.98570000,3271384.94762000,0
1777275000000000,2319.97000000,2320.96000000,2315.85000000,2320.60000000,1846.11060000,1777275899999999,4279452.01803400,23228,1184.74490000,2746328.76974600,0
1777275900000000,2320.61000000,2321.36000000,2316.00000000,2316.01000000,2126.72240000,1777276799999999,4932877.38335100,18976,954.99320000,2214989.50034400,0
1777276800000000,2316.00000000,2319.58000000,2314.13000000,2316.28000000,4278.34010000,1777277699999999,9911138.54533300,35980,1721.02840000,3987222.00848400,0
1777277700000000,2316.28000000,2317.57000000,2310.67000000,2310.78000000,2990.17230000,1777278599999999,6918784.87501000,32619,1348.97740000,3121397.31279200,0
1777278600000000,2310.77000000,2314.34000000,2309.13000000,2312.43000000,3389.50360000,1777279499999999,7834058.72331200,33219,1491.41410000,3447638.11026400,0
1777279500000000,2312.44000000,2319.68000000,2312.44000000,2319.68000000,1485.70630000,1777280399999999,3442059.53586100,19710,1006.43160000,2331727.41844500,0
1777280400000000,2319.68000000,2321.50000000,2319.00000000,2321.50000000,1348.56350000,1777281299999999,3128570.20356300,12274,839.31020000,1947118.40817100,0
1777281300000000,2321.49000000,2321.99000000,2315.59000000,2319.18000000,1580.90150000,1777282199999999,3664583.66867800,21448,848.81320000,1967520.00921800,0
1777282200000000,2319.18000000,2325.21000000,2318.39000000,2323.78000000,3995.07560000,1777283099999999,9280505.31410900,21157,1748.66960000,4061916.45791400,0
1777283100000000,2323.77000000,2325.52000000,2321.71000000,2322.19000000,2605.85540000,1777283999999999,6054503.29300900,15105,938.55750000,2180532.80058700,0
1777284000000000,2322.19000000,2323.97000000,2320.23000000,2321.53000000,831.07730000,1777284899999999,1929813.35724800,13758,449.11200000,1042816.84283000,0
1777284900000000,2321.53000000,2322.23000000,2318.87000000,2320.04000000,1143.01420000,1777285799999999,2652214.77026700,12501,499.04160000,1158031.61376500,0
1777285800000000,2320.05000000,2321.36000000,2319.32000000,2319.50000000,882.49650000,1777286699999999,2047738.61327000,10583,476.88600000,1106547.13018000,0
1777286700000000,2319.50000000,2322.90000000,2319.50000000,2320.14000000,1108.90250000,1777287599999999,2573795.91097600,11438,516.36700000,1198535.74256700,0
1777287600000000,2320.14000000,2321.85000000,2316.84000000,2318.48000000,1358.50790000,1777288499999999,3150254.21038700,16987,505.93250000,1173231.44405600,0
1777288500000000,2318.48000000,2322.49000000,2317.85000000,2321.56000000,1028.03420000,1777289399999999,2385528.04349700,13580,633.07840000,1468943.09340200,0
1777289400000000,2321.57000000,2322.84000000,2318.52000000,2319.63000000,1004.45970000,1777290299999999,2331035.34726200,13083,390.89960000,907277.63814300,0
1777290300000000,2319.64000000,2320.86000000,2318.44000000,2320.39000000,574.89600000,1777291199999999,1333595.73379000,9502,324.83200000,753513.89264200,0
1777291200000000,2320.39000000,2320.96000000,2316.66000000,2319.87000000,1273.80670000,1777292099999999,2953270.23009900,17439,503.67690000,1167726.58821800,0
1777292100000000,2319.86000000,2320.82000000,2315.16000000,2316.39000000,1542.19660000,1777292999999999,3574153.35409700,17187,580.04010000,1344343.96989600,0
1777293000000000,2316.38000000,2317.65000000,2313.00000000,2315.64000000,2034.95140000,1777293899999999,4710849.08335900,24414,612.27230000,1417414.99166200,0
1777293900000000,2315.64000000,2317.36000000,2312.59000000,2314.11000000,1724.83160000,1777294799999999,3993157.48316000,19650,615.44140000,1424999.78935400,0
1777294800000000,2314.10000000,2317.14000000,2313.42000000,2314.42000000,2082.39960000,1777295699999999,4820362.08746100,22680,841.12950000,1947035.40657500,0
1777295700000000,2314.41000000,2316.93000000,2313.39000000,2314.89000000,1016.06950000,1777296599999999,2352657.82999900,13899,478.82480000,1108750.62602800,0
1777296600000000,2314.89000000,2320.76000000,2311.43000000,2316.05000000,5507.43490000,1777297499999999,12752029.65432000,70996,2592.74290000,6003799.91593300,0
1777297500000000,2316.04000000,2316.52000000,2303.50000000,2312.28000000,8747.26580000,1777298399999999,20187713.78627100,84728,3728.80980000,8605837.26265900,0
1777298400000000,2312.28000000,2316.97000000,2308.69000000,2314.28000000,3096.88390000,1777299299999999,7162081.67947900,50483,1615.86190000,3737206.30737500,0
1777299300000000,2314.29000000,2315.70000000,2310.95000000,2313.43000000,2482.24870000,1777300199999999,5742954.58165800,41581,971.73640000,2248250.54708300,0
1777300200000000,2313.42000000,2327.27000000,2311.51000000,2326.30000000,4602.75880000,1777301099999999,10687149.93811700,67372,2775.79640000,6444571.03343000,0
1777301100000000,2326.30000000,2329.82000000,2312.82000000,2314.75000000,4809.30520000,1777301999999999,11168612.75564500,57262,1903.20850000,4419920.90542800,0
1777302000000000,2314.75000000,2315.16000000,2293.57000000,2294.54000000,15825.13140000,1777302899999999,36407214.72597200,119750,6425.69250000,14779296.98166600,0
1777302900000000,2294.56000000,2294.73000000,2266.09000000,2276.25000000,20777.59690000,1777303799999999,47329618.45835000,171295,9531.49420000,21698879.64378400,0
1777303800000000,2276.25000000,2284.23000000,2275.71000000,2282.45000000,5569.54670000,1777304699999999,12705869.15533800,65833,3362.01210000,7669453.42680200,0
1777304700000000,2282.44000000,2282.44000000,2272.80000000,2275.07000000,4778.98290000,1777305599999999,10878854.12647400,51446,2333.29200000,5310775.65903700,0
1777305600000000,2275.07000000,2278.31000000,2270.04000000,2278.05000000,4334.83200000,1777306499999999,9858507.36446800,50395,1811.79300000,4120299.31846900,0
1777306500000000,2278.04000000,2280.60000000,2276.00000000,2276.25000000,2486.90130000,1777307399999999,5665712.49011600,27956,893.83450000,2036563.18622500,0
1777307400000000,2276.26000000,2279.33000000,2273.78000000,2275.18000000,2791.47830000,1777308299999999,6352988.53031400,31163,1441.03580000,3279770.01751700,0
1777308300000000,2275.17000000,2279.52000000,2274.38000000,2278.12000000,2508.42240000,1777309199999999,5712469.49932000,28942,1126.41920000,2565206.79406900,0
1777309200000000,2278.13000000,2283.55000000,2278.12000000,2281.66000000,4275.82780000,1777310099999999,9753238.61156600,30670,1830.68310000,4175754.86460000,0
1777310100000000,2281.66000000,2290.16000000,2279.61000000,2288.02000000,4892.26390000,1777310999999999,11179343.66481500,41918,2607.66070000,5958563.13299200,0
1777311000000000,2288.01000000,2292.91000000,2287.12000000,2291.03000000,7337.76620000,1777311899999999,16809685.28295300,29521,2538.31840000,5814532.26017000,0
1777311900000000,2291.03000000,2291.76000000,2287.02000000,2287.08000000,2091.74480000,1777312799999999,4788036.76706100,23261,1088.09620000,2490565.05150100,0
1777312800000000,2287.09000000,2290.06000000,2285.76000000,2288.28000000,2654.09730000,1777313699999999,6070888.59298600,26712,1568.15020000,3586833.27487300,0
1777313700000000,2288.28000000,2292.09000000,2284.50000000,2285.90000000,1783.88270000,1777314599999999,4080713.96504500,23710,806.60780000,1845056.39101000,0
1777314600000000,2285.89000000,2289.84000000,2285.04000000,2289.36000000,1542.26750000,1777315499999999,3529387.28699000,18036,1016.63470000,2326497.63102000,0
1777315500000000,2289.36000000,2291.13000000,2288.34000000,2288.75000000,1505.40170000,1777316399999999,3446937.86786800,16259,758.14940000,1735934.56905300,0
1777316400000000,2288.75000000,2291.08000000,2285.49000000,2290.39000000,1437.52090000,1777317299999999,3288958.24889600,16872,676.65940000,1548222.62182000,0
1777317300000000,2290.38000000,2290.91000000,2280.27000000,2280.46000000,2079.28330000,1777318199999999,4750522.85185300,24685,615.46600000,1405829.40718400,0
1777318200000000,2280.45000000,2288.01000000,2274.98000000,2287.17000000,3468.93170000,1777319099999999,7910667.03586600,38749,1683.11370000,3839083.24483000,0
1777319100000000,2287.16000000,2289.19000000,2286.67000000,2289.14000000,1126.67100000,1777319999999999,2577408.38120800,19940,629.91660000,1441032.78314700,0
1777320000000000,2289.15000000,2296.36000000,2289.08000000,2291.04000000,2651.36750000,1777320899999999,6078744.01176100,28041,1176.32520000,2696612.76794600,0
1777320900000000,2291.04000000,2293.21000000,2291.04000000,2293.08000000,635.41260000,1777321799999999,1456589.86778200,11702,397.11290000,910332.17999300,0
1777321800000000,2293.07000000,2295.45000000,2292.00000000,2292.30000000,1462.40500000,1777322699999999,3353874.71192000,13266,479.11160000,1098960.55275400,0
1777322700000000,2292.31000000,2292.70000000,2291.06000000,2291.70000000,1220.69610000,1777323599999999,2797766.35963100,8465,418.95220000,960168.69066600,0
1777323600000000,2291.69000000,2291.69000000,2287.00000000,2289.18000000,935.57370000,1777324499999999,2141731.23998500,11062,356.12850000,815218.41612600,0
1777324500000000,2289.17000000,2290.71000000,2287.80000000,2289.65000000,592.26770000,1777325399999999,1355753.16235900,9761,276.51010000,632908.89978500,0
1777325400000000,2289.65000000,2292.40000000,2289.64000000,2291.06000000,594.63450000,1777326299999999,1362359.94876000,9081,263.10420000,602735.75996700,0
1777326300000000,2291.05000000,2291.06000000,2287.32000000,2287.33000000,943.31330000,1777327199999999,2159681.69990400,12503,237.49570000,543702.63803900,0
1777327200000000,2287.34000000,2290.05000000,2284.66000000,2289.31000000,1701.16290000,1777328099999999,3891439.26907300,27857,694.17710000,1587851.01628700,0
1777328100000000,2289.32000000,2291.98000000,2288.88000000,2291.98000000,685.36510000,1777328999999999,1569377.66125000,8905,451.32040000,1033478.56431600,0
1777329000000000,2291.99000000,2294.67000000,2291.05000000,2293.63000000,984.57350000,1777329899999999,2257543.39307800,14332,621.03530000,1423971.34184500,0
1777329900000000,2293.62000000,2295.70000000,2293.62000000,2294.36000000,843.72870000,1777330799999999,1936346.73401900,10824,399.72630000,917295.50285900,0
1777330800000000,2294.36000000,2294.85000000,2291.16000000,2291.52000000,550.50630000,1777331699999999,1262289.28072100,10297,211.09640000,484007.43180300,0
1777331700000000,2291.52000000,2296.34000000,2291.52000000,2293.58000000,644.11260000,1777332599999999,1477715.40712700,11006,338.85630000,777368.48890400,0
1777332600000000,2293.59000000,2300.00000000,2293.58000000,2299.61000000,1236.41950000,1777333499999999,2840277.78219800,17618,767.73360000,1763733.20098000,0
1777333500000000,2299.60000000,2308.61000000,2298.08000000,2303.67000000,2567.73690000,1777334399999999,5916228.81957400,26286,1721.65650000,3966953.36639000,0
1777334400000000,2303.66000000,2306.82000000,2300.66000000,2303.94000000,1887.65640000,1777335299999999,4348161.45656700,26707,729.35230000,1679969.28245400,0
1777335300000000,2303.94000000,2306.31000000,2299.55000000,2300.14000000,1043.62590000,1777336199999999,2403264.44402100,23725,466.11310000,1073375.74448500,0
1777336200000000,2300.15000000,2308.02000000,2299.47000000,2307.10000000,1076.43110000,1777337099999999,2479765.06982400,23689,705.82690000,1626023.06558500,0
1777337100000000,2307.10000000,2310.88000000,2306.16000000,2306.77000000,1357.07530000,1777337999999999,3133151.06205900,23951,798.50520000,1843665.38693900,0
1777338000000000,2306.76000000,2308.76000000,2305.75000000,2307.53000000,1147.80700000,1777338899999999,2648364.89106100,20828,419.30130000,967499.29248700,0
1777338900000000,2307.52000000,2308.11000000,2304.12000000,2305.18000000,986.22450000,1777339799999999,2274465.19979200,20292,303.47020000,699830.80761300,0
1777339800000000,2305.18000000,2305.18000000,2298.00000000,2299.21000000,1346.46520000,1777340699999999,3098471.43087300,23446,455.89640000,1049241.41592700,0
1777340700000000,2299.22000000,2301.73000000,2297.78000000,2298.61000000,704.09010000,1777341599999999,1619105.03656700,19584,365.30210000,840072.70117800,0
1777341600000000,2298.61000000,2301.01000000,2296.90000000,2298.62000000,923.40940000,1777342499999999,2122916.82110300,20373,566.09750000,1301484.29729100,0
1777342500000000,2298.61000000,2300.59000000,2293.21000000,2293.22000000,1784.09330000,1777343399999999,4097206.86938400,23304,659.31010000,1514110.01595200,0
1777343400000000,2293.21000000,2294.84000000,2281.89000000,2281.89000000,3584.60390000,1777344299999999,8198893.65686200,36170,937.81520000,2144502.32769300,0
1777344300000000,2281.89000000,2289.53000000,2280.99000000,2289.11000000,1616.34620000,1777345199999999,3693946.55392100,29737,961.87750000,2198640.06255300,0
1777345200000000,2289.10000000,2289.53000000,2282.39000000,2284.99000000,1542.86050000,1777346099999999,3525551.58516200,22239,547.98940000,1252517.40354500,0
1777346100000000,2284.99000000,2286.21000000,2283.12000000,2284.99000000,673.11760000,1777346999999999,1538033.12053700,14107,325.00350000,742567.33641200,0
1777347000000000,2284.99000000,2289.03000000,2284.53000000,2286.49000000,876.08930000,1777347899999999,2003367.27202900,13768,539.91010000,1234456.31287000,0
1777347900000000,2286.50000000,2291.00000000,2285.77000000,2290.94000000,619.38940000,1777348799999999,1417479.58323100,13445,396.16130000,906601.01794200,0
1777348800000000,2290.93000000,2292.36000000,2288.64000000,2292.36000000,708.53390000,1777349699999999,1622634.08636100,13371,464.36480000,1063452.41327800,0
1777349700000000,2292.35000000,2294.60000000,2283.32000000,2286.45000000,2863.60710000,1777350599999999,6553604.67181500,23589,935.62430000,2141323.06636400,0
1777350600000000,2286.45000000,2291.69000000,2283.34000000,2288.61000000,1786.25130000,1777351499999999,4085492.83216700,17557,1016.35650000,2325043.19815600,0
1777351500000000,2288.62000000,2291.03000000,2288.44000000,2288.57000000,504.65250000,1777352399999999,1155461.97456100,8501,255.47890000,584946.58958200,0
1777352400000000,2288.58000000,2294.20000000,2288.58000000,2289.71000000,4448.52750000,1777353299999999,10194256.24190900,27350,2234.89300000,5121431.18027600,0
1777353300000000,2289.72000000,2296.91000000,2287.57000000,2294.47000000,3496.72390000,1777354199999999,8015491.41094900,22184,1739.27880000,3986706.91903300,0
1777354200000000,2294.47000000,2294.84000000,2286.71000000,2288.38000000,1744.86260000,1777355099999999,3998379.31764700,22676,835.92740000,1915424.29943500,0
1777355100000000,2288.38000000,2290.71000000,2288.12000000,2288.13000000,806.00940000,1777355999999999,1845203.62442700,11489,333.73100000,763957.17178200,0
1777356000000000,2288.13000000,2291.00000000,2287.93000000,2289.89000000,966.98780000,1777356899999999,2214201.17052500,16392,534.17650000,1223111.86929100,0
1777356900000000,2289.90000000,2290.17000000,2283.90000000,2286.05000000,1357.69300000,1777357799999999,3104139.35831200,13310,594.80740000,1359556.76097400,0
1777357800000000,2286.05000000,2286.90000000,2270.61000000,2272.06000000,6941.21270000,1777358699999999,15807046.19405600,37202,2941.81630000,6691415.58614900,0
1777358700000000,2272.06000000,2279.46000000,2270.53000000,2277.63000000,1473.84460000,1777359599999999,3352512.90419200,26122,729.09090000,1658958.36444400,0
1777359600000000,2277.63000000,2278.95000000,2273.77000000,2274.47000000,1504.96630000,1777360499999999,3425788.91204500,21168,517.78340000,1178708.37304200,0
1777360500000000,2274.47000000,2278.21000000,2270.65000000,2277.96000000,2826.65020000,1777361399999999,6429485.47324300,30514,1290.15840000,2934674.11993400,0
1777361400000000,2277.96000000,2284.50000000,2277.38000000,2282.96000000,1745.90200000,1777362299999999,3983158.34565200,25612,1193.71370000,2723278.75343300,0
1777362300000000,2282.96000000,2288.65000000,2282.13000000,2287.99000000,3840.04240000,1777363199999999,8775889.81871500,18534,1735.75550000,3967182.69916100,0
1777363200000000,2288.00000000,2288.17000000,2284.09000000,2286.97000000,950.94950000,1777364099999999,2173719.62520200,15515,551.51840000,1260638.97880000,0
1777364100000000,2286.96000000,2290.71000000,2285.30000000,2290.71000000,1579.42600000,1777364999999999,3613950.15810200,22662,982.25020000,2247588.89652600,0
1777365000000000,2290.71000000,2291.64000000,2284.00000000,2285.69000000,2019.82810000,1777365899999999,4621051.55650300,22818,842.51380000,1928103.61343600,0
1777365900000000,2285.70000000,2287.51000000,2283.86000000,2287.07000000,1515.50860000,1777366799999999,3463712.08908400,15993,621.85210000,1421258.88971400,0
1777366800000000,2287.07000000,2287.50000000,2284.77000000,2287.17000000,748.88360000,1777367699999999,1712002.68256200,15011,275.35680000,629498.21683800,0
1777367700000000,2287.16000000,2288.51000000,2285.72000000,2288.33000000,1673.13820000,1777368599999999,3826691.71632600,15998,908.35930000,2077558.35034200,0
1777368600000000,2288.33000000,2288.34000000,2282.83000000,2282.84000000,1117.36870000,1777369499999999,2552668.13864300,16746,401.15290000,916346.96110600,0
1777369500000000,2282.83000000,2283.53000000,2276.67000000,2282.27000000,4115.24310000,1777370399999999,9383504.38701700,23971,2316.68910000,5282040.38853500,0
1777370400000000,2282.26000000,2286.04000000,2282.02000000,2282.02000000,1430.82580000,1777371299999999,3268351.73531500,19057,729.18830000,1665733.16854000,0
1777371300000000,2282.03000000,2283.84000000,2280.84000000,2282.66000000,852.12370000,1777372199999999,1944767.78530100,14370,393.95270000,899082.14946600,0
1777372200000000,2282.65000000,2286.23000000,2282.65000000,2285.94000000,3082.36570000,1777373099999999,7043284.09595900,15283,1042.27210000,2381450.97075000,0
1777373100000000,2285.95000000,2287.63000000,2283.51000000,2284.51000000,1211.76210000,1777373999999999,2769914.88445000,13244,781.84400000,1787160.66940300,0
1777374000000000,2284.51000000,2285.36000000,2276.97000000,2277.77000000,1713.87390000,1777374899999999,3907165.20667400,23719,538.66120000,1227955.61555200,0
1777374900000000,2277.77000000,2279.10000000,2273.05000000,2276.59000000,4456.12100000,1777375799999999,10142307.97446100,32351,2801.41240000,6376361.75018700,0
1777375800000000,2276.59000000,2276.84000000,2271.50000000,2275.17000000,4071.90360000,1777376699999999,9257993.23215100,35010,2565.05680000,5832170.34772200,0
1777376700000000,2275.16000000,2275.75000000,2270.36000000,2275.32000000,2190.27050000,1777377599999999,4977549.87080800,35177,1000.73740000,2274473.74489400,0
1777377600000000,2275.32000000,2279.27000000,2273.80000000,2277.69000000,1339.43660000,1777378499999999,3048830.01633400,39299,765.53340000,1742543.07252800,0
1777378500000000,2277.68000000,2281.29000000,2272.93000000,2273.54000000,2237.14790000,1777379399999999,5094316.17521100,40894,1111.13860000,2530864.91115300,0
1777379400000000,2273.54000000,2278.31000000,2271.59000000,2277.50000000,1491.05520000,1777380299999999,3392038.23332900,26651,836.87870000,1904020.14744200,0
1777380300000000,2277.50000000,2279.70000000,2276.45000000,2278.23000000,1146.88610000,1777381199999999,2612609.64666000,20346,731.38660000,1666055.72822700,0
1777381200000000,2278.23000000,2278.23000000,2258.24000000,2267.54000000,9143.53270000,1777382099999999,20715388.08945200,65750,3366.45970000,7624965.18906700,0
1777382100000000,2267.53000000,2274.98000000,2264.42000000,2272.00000000,2537.41260000,1777382999999999,5758600.40427900,40495,1554.28400000,3527792.88059200,0
1777383000000000,2272.00000000,2278.69000000,2265.51000000,2277.04000000,3961.82860000,1777383899999999,9000468.79895200,85068,2146.86670000,4877879.78244200,0
1777383900000000,2277.04000000,2286.20000000,2270.73000000,2276.36000000,4226.25540000,1777384799999999,9631966.23677000,62865,2325.38930000,5301601.49402200,0
1777384800000000,2276.37000000,2276.63000000,2269.24000000,2272.81000000,1629.10870000,1777385699999999,3703348.24305900,45302,788.95080000,1793594.30681100,0
1777385700000000,2272.82000000,2273.11000000,2263.73000000,2266.98000000,2771.66230000,1777386599999999,6287243.52110300,53585,1411.26490000,3201360.38539600,0
1777386600000000,2266.98000000,2271.96000000,2261.00000000,2271.66000000,4504.91330000,1777387499999999,10205008.19429000,63798,2360.95730000,5349333.46871200,0
1777387500000000,2271.65000000,2273.44000000,2264.21000000,2273.44000000,5473.00400000,1777388399999999,12416062.34044300,69011,1920.65650000,4358543.98923500,0
1777388400000000,2273.44000000,2277.39000000,2269.22000000,2274.02000000,2472.84130000,1777389299999999,5624856.56948000,49617,1340.69190000,3050081.31183500,0
1777389300000000,2274.02000000,2276.21000000,2272.10000000,2273.35000000,1511.77880000,1777390199999999,3438210.88452500,26585,679.88170000,1546291.89289200,0
1777390200000000,2273.35000000,2276.58000000,2270.20000000,2273.66000000,1976.49070000,1777391099999999,4493472.72651200,30885,1317.60970000,2995930.04751200,0
1777391100000000,2273.66000000,2280.61000000,2272.65000000,2279.76000000,3344.09110000,1777391999999999,7618588.24856100,35782,2557.38330000,5826600.27297400,0
1777392000000000,2279.76000000,2281.68000000,2276.23000000,2278.66000000,1832.58440000,1777392899999999,4176277.47433500,33406,950.12110000,2165534.58294900,0
1777392900000000,2278.66000000,2280.76000000,2276.00000000,2277.56000000,1624.33260000,1777393799999999,3701633.50835400,25560,1088.93700000,2481763.57531600,0
1777393800000000,2277.56000000,2279.15000000,2274.38000000,2275.19000000,1136.94690000,1777394699999999,2588170.61349700,23612,725.29430000,1651099.66642700,0
1777394700000000,2275.20000000,2288.38000000,2275.00000000,2286.18000000,4565.30560000,1777395599999999,10427475.65724900,38994,2711.40260000,6192542.93692300,0
1777395600000000,2286.18000000,2288.57000000,2281.09000000,2282.22000000,2152.81350000,1777396499999999,4918109.81752300,29265,1267.08740000,2894823.93974700,0
1777396500000000,2282.21000000,2286.58000000,2278.99000000,2285.28000000,1223.33310000,1777397399999999,2792043.04193200,17752,707.16740000,1614375.56140800,0
1777397400000000,2285.28000000,2293.38000000,2285.27000000,2291.24000000,3652.73460000,1777398299999999,8367981.90909400,31531,2378.89700000,5449578.84343500,0
1777398300000000,2291.24000000,2292.77000000,2287.90000000,2290.73000000,1065.27090000,1777399199999999,2440148.87789500,18042,495.61040000,1135222.31264300,0
1777399200000000,2290.73000000,2294.36000000,2287.90000000,2288.80000000,1394.58010000,1777400099999999,3194596.60777100,22226,715.74970000,1639494.37297500,0
1777400100000000,2288.80000000,2295.59000000,2288.79000000,2294.41000000,1811.16790000,1777400999999999,4153929.35113400,19550,1231.61340000,2824385.75867700,0
1777401000000000,2294.40000000,2295.36000000,2290.87000000,2290.87000000,1112.38890000,1777401899999999,2551027.70729100,14400,467.12510000,1071270.80916400,0
1777401900000000,2290.87000000,2298.31000000,2288.63000000,2296.96000000,2931.04930000,1777402799999999,6723328.07747600,21893,1666.20700000,3822600.29069000,0
1777402800000000,2296.96000000,2297.17000000,2291.83000000,2292.20000000,1369.27060000,1777403699999999,3141647.37093300,17035,665.46590000,1526799.81629100,0
1777403700000000,2292.21000000,2293.29000000,2290.26000000,2292.10000000,924.05160000,1777404599999999,2117479.82698300,14394,389.70130000,892965.75796400,0
1777404600000000,2292.10000000,2299.35000000,2291.24000000,2299.10000000,1270.79270000,1777405499999999,2917538.03169800,14209,950.78080000,2182977.62264200,0
1777405500000000,2299.10000000,2305.55000000,2297.92000000,2301.96000000,5366.29580000,1777406399999999,12353744.43087200,34508,2662.95730000,6130717.05692500,0
1777406400000000,2301.96000000,2305.95000000,2299.46000000,2300.43000000,1422.10880000,1777407299999999,3274140.56068600,20143,755.31790000,1738976.56388600,0
1777407300000000,2300.43000000,2300.54000000,2297.22000000,2297.48000000,567.76660000,1777408199999999,1305346.65711100,9007,234.13400000,538322.43349300,0
1777408200000000,2297.48000000,2298.98000000,2295.95000000,2296.19000000,754.61650000,1777409099999999,1733613.94047400,10800,390.07730000,896177.79447700,0
1777409100000000,2296.19000000,2298.98000000,2295.52000000,2295.55000000,809.85270000,1777409999999999,1860127.20252200,9367,474.58170000,1090029.35413700,0
1777410000000000,2295.55000000,2297.20000000,2290.27000000,2291.34000000,1228.18410000,1777410899999999,2816418.56755100,12879,462.64460000,1060759.76317500,0
1777410900000000,2291.35000000,2292.19000000,2287.67000000,2287.83000000,982.84570000,1777411799999999,2250163.42576700,10245,459.33310000,1051647.50198200,0
1777411800000000,2287.83000000,2290.71000000,2287.01000000,2287.36000000,929.66040000,1777412699999999,2128196.98364500,14418,527.90570000,1208378.35600200,0
1777412700000000,2287.36000000,2292.08000000,2285.75000000,2290.12000000,2127.76630000,1777413599999999,4868292.85893400,20259,1272.90010000,2912190.98500300,0
1777413600000000,2290.12000000,2294.50000000,2289.63000000,2290.29000000,1050.40810000,1777414499999999,2407683.18589400,19321,535.39350000,1227242.56839100,0
1777414500000000,2290.28000000,2290.96000000,2288.85000000,2289.27000000,463.02800000,1777415399999999,1060258.22496700,9312,209.20460000,479049.92792500,0
1777415400000000,2289.28000000,2290.08000000,2286.90000000,2287.17000000,533.13900000,1777416299999999,1220128.02459300,8273,213.01310000,487513.97427400,0
1777416300000000,2287.17000000,2287.17000000,2285.48000000,2286.18000000,390.18420000,1777417199999999,892148.66998100,5622,136.17890000,311344.87711300,0
1777417200000000,2286.17000000,2288.65000000,2284.15000000,2288.18000000,751.82810000,1777418099999999,1718805.30647300,11517,365.76960000,836277.80514900,0
1777418100000000,2288.19000000,2289.06000000,2285.05000000,2286.04000000,478.56360000,1777418999999999,1094542.93481300,8270,187.91320000,429752.45781200,0
1777419000000000,2286.04000000,2287.34000000,2285.20000000,2287.07000000,474.33850000,1777419899999999,1084485.38758400,7541,243.68270000,557125.95612500,0
1777419900000000,2287.07000000,2290.18000000,2286.91000000,2289.42000000,852.22130000,1777420799999999,1950612.41685600,9847,536.87250000,1228803.09377500,0
1777420800000000,2289.42000000,2291.00000000,2287.43000000,2288.67000000,1005.50260000,1777421699999999,2301981.35313000,15722,616.22230000,1410817.68501200,0
1777421700000000,2288.67000000,2289.13000000,2286.57000000,2286.97000000,715.15490000,1777422599999999,1635938.58500100,10056,385.68250000,882308.95399500,0
1777422600000000,2286.96000000,2290.02000000,2285.38000000,2289.20000000,741.13780000,1777423499999999,1695056.90519300,11324,449.69660000,1028504.62999600,0
1777423500000000,2289.20000000,2294.24000000,2288.34000000,2292.40000000,1591.55520000,1777424399999999,3646845.00262800,21193,1110.45100000,2544554.04072000,0
1777424400000000,2292.41000000,2292.43000000,2282.09000000,2284.35000000,3298.43970000,1777425299999999,7541902.19956200,26633,1755.36970000,4014548.51931000,0
1777425300000000,2284.35000000,2285.87000000,2280.28000000,2281.93000000,2582.02200000,1777426199999999,5894674.23658400,26789,1077.86740000,2460664.71469600,0
1777426200000000,2281.93000000,2287.19000000,2278.84000000,2287.03000000,1488.71760000,1777427099999999,3398357.98036300,24235,750.20650000,1713112.26419800,0
1777427100000000,2287.03000000,2297.30000000,2286.00000000,2292.45000000,2882.27030000,1777427999999999,6608144.91995000,37317,1669.15520000,3826620.34515700,0
1777428000000000,2292.45000000,2295.61000000,2290.50000000,2292.68000000,2493.08400000,1777428899999999,5716250.31620800,28753,907.69870000,2081632.64955600,0
1777428900000000,2292.69000000,2293.99000000,2289.43000000,2289.49000000,1332.60160000,1777429799999999,3053865.20886700,17374,574.07510000,1315667.98622900,0
1777429800000000,2289.49000000,2289.81000000,2284.68000000,2286.73000000,2070.05610000,1777430699999999,4733304.50186500,12639,576.06090000,1317073.93260100,0
1777430700000000,2286.73000000,2289.01000000,2286.32000000,2288.88000000,1263.12210000,1777431599999999,2889721.53984800,10245,562.14800000,1286089.04561500,0
1777431600000000,2288.87000000,2292.06000000,2287.61000000,2291.70000000,1366.82240000,1777432499999999,3130450.51597600,13973,548.59460000,1256577.33354100,0
1777432500000000,2291.70000000,2302.31000000,2291.70000000,2300.63000000,4422.83660000,1777433399999999,10169345.89103100,45471,2658.66970000,6112853.91257800,0
1777433400000000,2300.64000000,2316.36000000,2298.40000000,2314.14000000,7748.84050000,1777434299999999,17894146.55695800,58449,5102.09850000,11785453.06537400,0
1777434300000000,2314.13000000,2315.88000000,2308.83000000,2311.52000000,4933.48240000,1777435199999999,11404228.86804000,33912,2549.08610000,5893274.60786100,0
1777435200000000,2311.53000000,2312.40000000,2309.33000000,2309.80000000,1954.05160000,1777436099999999,4514538.41697000,22157,938.43870000,2168079.44938500,0
1777436100000000,2309.80000000,2315.86000000,2309.80000000,2314.54000000,1921.69620000,1777436999999999,4446428.90671200,20408,643.41250000,1488432.73002600,0
1777437000000000,2314.54000000,2342.50000000,2313.85000000,2334.59000000,16598.50750000,1777437899999999,38685685.81374200,113172,9532.08530000,22214427.14838500,0
1777437900000000,2334.59000000,2336.43000000,2326.89000000,2327.32000000,5839.64580000,1777438799999999,13621362.99014600,37411,1834.72110000,4280584.60781300,0
1777438800000000,2327.32000000,2329.89000000,2322.83000000,2325.57000000,3910.17700000,1777439699999999,9096216.23470700,31034,1450.72220000,3374953.73177300,0
1777439700000000,2325.57000000,2327.10000000,2323.08000000,2327.10000000,2563.57540000,1777440599999999,5961376.29132700,18446,757.67080000,1762071.89532100,0
1777440600000000,2327.09000000,2327.29000000,2324.59000000,2326.62000000,1171.41240000,1777441499999999,2724743.62202200,14756,504.20990000,1172552.06410100,0
1777441500000000,2326.62000000,2333.22000000,2326.62000000,2329.19000000,5219.78620000,1777442399999999,12168190.72766200,32943,3865.23310000,9011382.97179500,0
1777442400000000,2329.19000000,2336.64000000,2328.52000000,2331.26000000,3462.01000000,1777443299999999,8077725.07648200,39768,2339.32240000,5458202.62945700,0
1777443300000000,2331.26000000,2331.96000000,2327.57000000,2328.99000000,1216.68670000,1777444199999999,2833910.96330900,16171,592.47270000,1379889.07463100,0
1777444200000000,2328.99000000,2329.64000000,2324.50000000,2326.24000000,2139.04890000,1777445099999999,4977587.81329000,18104,1139.95910000,2652818.42653300,0
1777445100000000,2326.25000000,2327.61000000,2320.24000000,2324.58000000,2662.71350000,1777445999999999,6188325.64074600,22274,1334.58430000,3101711.36223500,0
1777446000000000,2324.59000000,2326.65000000,2323.01000000,2326.65000000,1048.74820000,1777446899999999,2438075.10162400,16114,641.50340000,1491278.55419000,0
1777446900000000,2326.65000000,2326.76000000,2322.55000000,2323.26000000,927.05900000,1777447799999999,2154746.66254100,15500,359.65410000,835913.68438900,0
1777447800000000,2323.25000000,2330.31000000,2323.25000000,2327.14000000,2142.07910000,1777448699999999,4986461.61653400,24161,977.48650000,2275522.92314700,0
1777448700000000,2327.13000000,2327.19000000,2321.70000000,2323.73000000,2361.09820000,1777449599999999,5486452.34163200,14767,575.44780000,1337039.63000700,0
1777449600000000,2323.74000000,2325.47000000,2321.11000000,2324.29000000,1531.56340000,1777450499999999,3558167.84569400,19251,703.26880000,1633841.71456600,0
1777450500000000,2324.29000000,2329.03000000,2323.70000000,2326.04000000,896.14460000,1777451399999999,2085183.22033000,19713,468.56660000,1090277.22244900,0
1777451400000000,2326.03000000,2326.03000000,2321.58000000,2325.58000000,1067.37580000,1777452299999999,2480262.38526000,21260,370.63110000,861378.67009900,0
1777452300000000,2325.58000000,2325.90000000,2323.51000000,2325.33000000,641.18030000,1777453199999999,1490540.89762500,12911,271.73070000,631701.71812700,0
1777453200000000,2325.33000000,2328.00000000,2322.74000000,2327.29000000,1464.10490000,1777454099999999,3403871.91190400,19708,809.25740000,1881534.82502800,0
1777454100000000,2327.28000000,2330.82000000,2326.41000000,2327.73000000,1086.17020000,1777454999999999,2529195.09361900,16457,610.69090000,1422205.85979200,0
1777455000000000,2327.72000000,2333.19000000,2327.48000000,2330.79000000,1351.44100000,1777455899999999,3149505.18202900,26092,749.64850000,1747051.56947900,0
1777455900000000,2330.80000000,2346.66000000,2330.44000000,2339.72000000,8906.70850000,1777456799999999,20851296.78786100,89601,5295.22250000,12394206.97596700,0
1777456800000000,2339.71000000,2344.10000000,2339.34000000,2343.99000000,2559.14990000,1777457699999999,5993230.91841800,36053,1331.91210000,3118777.74747700,0
1777457700000000,2344.00000000,2346.95000000,2341.39000000,2345.80000000,2522.93560000,1777458599999999,5913546.66322700,37269,1417.58550000,3322865.73357600,0
1777458600000000,2345.80000000,2346.30000000,2330.01000000,2332.01000000,2895.39180000,1777459499999999,6767585.36446400,39848,977.94790000,2285451.42111300,0
1777459500000000,2332.01000000,2336.60000000,2331.90000000,2333.68000000,1475.94970000,1777460399999999,3445478.87175700,22141,890.39880000,2078541.32394100,0
1777460400000000,2333.67000000,2335.25000000,2328.79000000,2333.49000000,2567.17740000,1777461299999999,5984838.73698200,31399,1129.17450000,2632594.85370500,0
1777461300000000,2333.49000000,2335.11000000,2329.06000000,2330.02000000,1622.71000000,1777462199999999,3783583.59948800,22492,740.30370000,1726116.33516500,0
1777462200000000,2330.02000000,2336.00000000,2329.46000000,2330.81000000,2442.75970000,1777463099999999,5697575.16075400,22876,1022.60900000,2384517.55762700,0
1777463100000000,2330.82000000,2333.55000000,2330.35000000,2331.74000000,1642.55000000,1777463999999999,3830598.14104200,14081,858.14790000,2001325.45816800,0
1777464000000000,2331.74000000,2331.94000000,2320.53000000,2320.54000000,2529.33210000,1777464899999999,5882601.07974500,31670,795.00580000,1849370.00594900,0
1777464900000000,2320.54000000,2325.37000000,2307.40000000,2314.80000000,9318.93310000,1777465799999999,21583917.78636700,63449,5384.46450000,12471856.98524800,0
1777465800000000,2314.79000000,2315.06000000,2308.47000000,2314.04000000,2831.21990000,1777466699999999,6544251.37499600,43627,1679.42240000,3882298.47003600,0
1777466700000000,2314.03000000,2317.10000000,2312.66000000,2316.13000000,1806.94390000,1777467599999999,4183203.62686900,21250,1413.87760000,3273101.08422500,0
1777467600000000,2316.13000000,2318.15000000,2312.45000000,2314.83000000,2014.46060000,1777468499999999,4663591.08259600,26104,1089.88680000,2523151.44035200,0
1777468500000000,2314.83000000,2316.62000000,2305.45000000,2307.06000000,3510.95310000,1777469399999999,8107658.50574300,53164,1666.71300000,3848503.52475300,0
1777469400000000,2307.06000000,2307.40000000,2293.86000000,2294.60000000,7455.84400000,1777470299999999,17145138.39935300,114852,3148.03240000,7238004.65884700,0
1777470300000000,2294.60000000,2305.15000000,2289.94000000,2303.03000000,5391.30180000,1777471199999999,12388544.93391400,70663,3307.18650000,7601962.45810200,0
1777471200000000,2303.02000000,2303.02000000,2293.86000000,2297.13000000,3652.73210000,1777472099999999,8390508.78001200,57287,2198.37950000,5049213.36887500,0
1777472100000000,2297.13000000,2306.60000000,2294.61000000,2304.56000000,5689.05940000,1777472999999999,13106438.99374700,43647,2557.50920000,5888443.24965000,0
1777473000000000,2304.57000000,2308.29000000,2299.84000000,2300.96000000,3925.84790000,1777473899999999,9045012.97812100,43457,2715.97400000,6258530.43871100,0
1777473900000000,2300.97000000,2303.80000000,2297.50000000,2299.39000000,1216.13100000,1777474799999999,2797488.18178700,30837,536.74280000,1234845.78944200,0
1777474800000000,2299.40000000,2301.24000000,2283.14000000,2285.60000000,5881.87360000,1777475699999999,13472022.53045500,75357,2432.60990000,5570225.84727600,0
1777475700000000,2285.59000000,2291.70000000,2282.34000000,2290.59000000,8601.39010000,1777476599999999,19671698.43100200,67505,4460.75110000,10204177.77224300,0
1777476600000000,2290.60000000,2293.67000000,2273.68000000,2273.69000000,7407.63980000,1777477499999999,16894791.88108000,83806,3210.19530000,7321100.00085700,0
1777477500000000,2273.69000000,2275.95000000,2263.10000000,2272.51000000,9836.50650000,1777478399999999,22325916.49361800,91551,5001.36880000,11351229.84313300,0
1777478400000000,2272.50000000,2279.27000000,2269.62000000,2276.16000000,4091.21910000,1777479299999999,9309776.02155200,45182,2374.38700000,5403392.20616600,0
1777479300000000,2276.15000000,2278.62000000,2270.66000000,2273.79000000,5368.64620000,1777480199999999,12211022.18439200,45257,1965.26860000,4470314.57059000,0
1777480200000000,2273.78000000,2274.83000000,2263.35000000,2267.63000000,6558.89370000,1777481099999999,14879563.25570700,43520,2902.04390000,6584443.42692500,0
1777481100000000,2267.63000000,2269.00000000,2265.38000000,2267.47000000,3679.53050000,1777481999999999,8341725.28015200,28602,2580.53480000,5850495.76913600,0
1777482000000000,2267.48000000,2272.50000000,2266.30000000,2268.74000000,2316.94940000,1777482899999999,5258816.24684800,29664,1235.90620000,2805053.09968900,0
1777482900000000,2268.74000000,2276.16000000,2266.81000000,2270.66000000,4140.75490000,1777483799999999,9407280.72142700,39102,2418.58670000,5494521.13886600,0
1777483800000000,2270.66000000,2275.72000000,2270.00000000,2275.71000000,1870.35270000,1777484699999999,4252523.46401600,24637,1339.12550000,3044779.24370200,0
1777484700000000,2275.71000000,2283.33000000,2272.49000000,2283.12000000,3287.49970000,1777485599999999,7485459.28277500,29090,2363.85580000,5383224.87198600,0
1777485600000000,2283.12000000,2285.92000000,2227.57000000,2241.46000000,26552.22020000,1777486499999999,59717347.64490800,191812,10553.19030000,23717744.26897800,0
1777486500000000,2241.46000000,2249.00000000,2226.34000000,2232.35000000,12374.54680000,1777487399999999,27689132.22335100,120651,6559.70940000,14684806.39154200,0
1777487400000000,2232.36000000,2232.36000000,2220.36000000,2224.22000000,11909.36390000,1777488299999999,26510867.08552900,125181,5384.37490000,11986046.37754700,0
1777488300000000,2224.22000000,2241.27000000,2222.55000000,2239.41000000,5630.55350000,1777489199999999,12561986.97937600,58575,3579.16980000,7986354.38737400,0
1777489200000000,2239.41000000,2242.44000000,2226.77000000,2238.36000000,9973.70800000,1777490099999999,22257109.87297800,57801,6047.95480000,13495450.07699300,0
1777490100000000,2238.36000000,2240.00000000,2231.14000000,2234.49000000,2628.99140000,1777490999999999,5876778.16460700,33951,814.51690000,1820894.86326500,0
1777491000000000,2234.49000000,2234.49000000,2225.00000000,2227.81000000,2791.85830000,1777491899999999,6220575.89344200,40879,893.69900000,1990989.68286900,0
1777491900000000,2227.81000000,2234.99000000,2226.80000000,2233.70000000,2157.42810000,1777492799999999,4814937.88723700,35606,1207.83370000,2695626.22190100,0
1777492800000000,2233.69000000,2241.99000000,2230.49000000,2231.32000000,4234.18310000,1777493699999999,9469243.19615600,74241,1807.92720000,4043711.27343200,0
1777493700000000,2231.33000000,2240.42000000,2230.51000000,2240.09000000,2159.69950000,1777494599999999,4830840.36053100,37016,1226.63000000,2743452.20337100,0
1777494600000000,2240.10000000,2246.82000000,2238.07000000,2245.69000000,2825.38290000,1777495499999999,6336105.77111500,40417,1457.08390000,3268023.24250500,0
1777495500000000,2245.69000000,2248.73000000,2240.06000000,2240.42000000,3368.94740000,1777496399999999,7563454.36357000,30061,1283.79680000,2882516.12894200,0
1777496400000000,2240.42000000,2248.97000000,2238.59000000,2247.14000000,3822.03060000,1777497299999999,8571636.12692200,28073,1786.90300000,4008973.39839400,0
1777497300000000,2247.15000000,2250.00000000,2246.94000000,2247.62000000,3626.45560000,1777498199999999,8153271.21020700,18228,937.61130000,2108203.18597000,0
1777498200000000,2247.61000000,2252.33000000,2245.70000000,2251.69000000,3584.29080000,1777499099999999,8063958.56243700,20121,1812.60500000,4078014.47103400,0
1777499100000000,2251.68000000,2264.80000000,2251.68000000,2253.13000000,4399.68360000,1777499999999999,9929890.21000900,37935,2381.86000000,5375511.24949900,0
1777500000000000,2253.14000000,2255.82000000,2250.19000000,2255.82000000,1652.43370000,1777500899999999,3722156.86830000,23720,1011.03090000,2277432.32277100,0
1777500900000000,2255.81000000,2257.39000000,2251.80000000,2252.56000000,1752.60140000,1777501799999999,3952577.43695800,18569,849.24810000,1915259.00221700,0
1777501800000000,2252.57000000,2259.01000000,2252.56000000,2258.24000000,899.10270000,1777502699999999,2029355.81882400,11356,570.97130000,1288665.37326200,0
1777502700000000,2258.24000000,2258.57000000,2255.42000000,2257.78000000,1158.58180000,1777503599999999,2615365.37933800,10429,453.07830000,1022713.95772800,0
1777503600000000,2257.77000000,2260.30000000,2253.10000000,2259.70000000,1610.72900000,1777504499999999,3635921.64633500,14911,1117.05950000,2521681.39960400,0
1777504500000000,2259.70000000,2259.70000000,2250.35000000,2253.27000000,1794.88170000,1777505399999999,4044109.55278200,20757,874.25750000,1969213.79720300,0
1777505400000000,2253.28000000,2257.24000000,2253.28000000,2256.50000000,952.78500000,1777506299999999,2149143.59789000,17585,580.35110000,1309020.97645800,0
1777506300000000,2256.51000000,2257.61000000,2252.82000000,2252.90000000,1086.37310000,1777507199999999,2450022.57745300,14714,604.00930000,1362197.26924900,0
1777507200000000,2252.90000000,2257.06000000,2252.80000000,2253.27000000,1029.73010000,1777508099999999,2321605.57822300,26109,395.96210000,892730.25165000,0
1777508100000000,2253.28000000,2255.61000000,2249.47000000,2254.64000000,1508.02570000,1777508999999999,3396242.90730500,26183,593.06860000,1335691.88990900,0
1777509000000000,2254.65000000,2268.95000000,2254.65000000,2264.60000000,3797.61770000,1777509899999999,8598346.77943700,50941,2602.99220000,5892795.99740600,0
1777509900000000,2264.61000000,2275.00000000,2264.61000000,2272.46000000,3444.44390000,1777510799999999,7825460.24198300,41412,2610.99400000,5931909.45578300,0
1777510800000000,2272.45000000,2276.65000000,2267.56000000,2268.74000000,1933.03470000,1777511699999999,4390439.52632400,36603,936.77650000,2128326.82762000,0
1777511700000000,2268.73000000,2277.00000000,2267.06000000,2275.44000000,1828.91490000,1777512599999999,4154725.95354800,28975,1014.62160000,2304939.29709100,0
1777512600000000,2275.45000000,2279.00000000,2270.42000000,2273.23000000,1898.51210000,1777513499999999,4318500.59678700,37238,892.19880000,2029837.61983200,0
1777513500000000,2273.24000000,2276.73000000,2267.89000000,2269.35000000,2629.91210000,1777514399999999,5973314.71463800,27284,464.97340000,1056728.83868700,0
1777514400000000,2269.36000000,2273.14000000,2269.36000000,2270.48000000,999.17730000,1777515299999999,2269536.12153400,25883,293.65320000,666979.76038000,0
1777515300000000,2270.47000000,2272.94000000,2262.50000000,2263.01000000,1712.12190000,1777516199999999,3880385.50551600,31654,716.68840000,1624583.31330800,0
1777516200000000,2263.02000000,2263.02000000,2236.36000000,2241.72000000,7204.37600000,1777517099999999,16193203.43488700,123101,2858.80310000,6425426.79178200,0
1777517100000000,2241.72000000,2247.05000000,2237.34000000,2245.13000000,2755.98400000,1777517999999999,6181493.14869400,57584,1846.74590000,4142988.91377300,0
1777518000000000,2245.12000000,2249.20000000,2243.89000000,2246.85000000,1841.94660000,1777518899999999,4138264.29390300,32951,1042.72650000,2342469.62420200,0
1777518900000000,2246.85000000,2250.98000000,2245.00000000,2250.46000000,949.36770000,1777519799999999,2132734.38448400,25649,490.54720000,1102070.32588200,0
1777519800000000,2250.45000000,2255.67000000,2247.25000000,2254.29000000,1692.59690000,1777520699999999,3811954.26848900,32215,930.06410000,2095084.48865200,0
1777520700000000,2254.29000000,2256.82000000,2253.23000000,2253.24000000,834.45690000,1777521599999999,1881748.55656300,19538,520.03250000,1172739.88684000,0
1777521600000000,2253.24000000,2254.27000000,2245.00000000,2250.71000000,1620.90360000,1777522499999999,3646455.43072400,44150,700.48620000,1575664.62859000,0
1777522500000000,2250.71000000,2251.16000000,2243.17000000,2246.31000000,1564.65570000,1777523399999999,3514313.25869300,30224,537.31260000,1207035.63125400,0
1777523400000000,2246.31000000,2246.48000000,2236.89000000,2237.51000000,2863.48940000,1777524299999999,6414283.79107900,37017,1301.52100000,2915314.81083700,0
1777524300000000,2237.51000000,2241.04000000,2237.30000000,2238.97000000,1709.43840000,1777525199999999,3828857.05174100,19198,1015.68280000,2274920.81450100,0
1777525200000000,2238.98000000,2244.77000000,2238.67000000,2243.91000000,1287.54940000,1777526099999999,2887570.62597200,18951,725.41840000,1626797.37435700,0
1777526100000000,2243.91000000,2244.45000000,2231.64000000,2236.68000000,2426.04770000,1777526999999999,5430160.98388700,30338,594.37250000,1329577.78015600,0
1777527000000000,2236.69000000,2248.31000000,2236.61000000,2245.05000000,1642.09640000,1777527899999999,3684761.67591900,26073,1042.46840000,2339129.53238000,0
1777527900000000,2245.06000000,2247.62000000,2240.98000000,2242.76000000,2964.20460000,1777528799999999,6650345.22527900,19586,545.21570000,1223908.02008700,0
1777528800000000,2242.76000000,2245.69000000,2241.86000000,2244.00000000,928.02990000,1777529699999999,2082239.51873000,23225,307.56420000,690069.93770100,0
1777529700000000,2244.00000000,2247.12000000,2243.89000000,2246.65000000,1584.01950000,1777530599999999,3556951.56140500,19967,696.91680000,1564883.04072500,0
1777530600000000,2246.66000000,2252.49000000,2245.38000000,2245.81000000,2386.69370000,1777531499999999,5367423.65679100,26369,985.35590000,2216374.27578600,0
1777531500000000,2245.80000000,2248.99000000,2244.60000000,2248.03000000,1165.50550000,1777532399999999,2619161.43838500,17312,575.61730000,1293458.78185200,0
1777532400000000,2248.03000000,2251.68000000,2243.71000000,2249.70000000,3292.66120000,1777533299999999,7403463.34077900,27753,1736.05460000,3904489.01703400,0
1777533300000000,2249.70000000,2253.61000000,2249.30000000,2253.26000000,1135.95040000,1777534199999999,2557535.25861200,16208,631.52880000,1421878.73292200,0
1777534200000000,2253.27000000,2259.49000000,2252.64000000,2258.48000000,3489.15890000,1777535099999999,7872800.46142700,35335,2128.95980000,4803569.10345000,0
1777535100000000,2258.48000000,2262.23000000,2256.57000000,2260.31000000,3318.46710000,1777535999999999,7497195.91570600,19584,1970.95470000,4453151.80389800,0
1777536000000000,2260.31000000,2262.21000000,2256.01000000,2259.96000000,3352.87960000,1777536899999999,7576667.35716500,22404,2087.92720000,4718623.93204800,0
1777536900000000,2259.95000000,2260.29000000,2255.27000000,2258.03000000,1756.67580000,1777537799999999,3966092.23774200,23924,755.44770000,1705797.09228100,0
1777537800000000,2258.02000000,2260.63000000,2256.66000000,2260.50000000,1431.76780000,1777538699999999,3233904.35854000,15076,938.40680000,2119483.19482700,0
1777538700000000,2260.51000000,2263.21000000,2256.34000000,2256.65000000,3462.05580000,1777539599999999,7825360.00434100,18171,2456.48820000,5553477.56889600,0
1777539600000000,2256.65000000,2259.00000000,2256.00000000,2258.98000000,913.82590000,1777540499999999,2062867.74096100,22344,468.67860000,1057956.45950200,0
1777540500000000,2258.98000000,2265.48000000,2256.06000000,2265.48000000,1331.51910000,1777541399999999,3010422.63238900,22472,904.04240000,2044417.74907300,0
1777541400000000,2265.49000000,2271.11000000,2262.66000000,2262.66000000,2993.05340000,1777542299999999,6787169.84748200,46904,1550.08970000,3516109.07975400,0
1777542300000000,2262.66000000,2265.44000000,2261.75000000,2261.86000000,906.92110000,1777543199999999,2053011.97989600,18857,324.69440000,735054.43758000,0
1777543200000000,2261.86000000,2265.74000000,2260.82000000,2261.38000000,1017.53740000,1777544099999999,2303184.14100100,19001,555.11780000,1256537.47846400,0
1777544100000000,2261.38000000,2262.00000000,2256.78000000,2257.12000000,1756.61160000,1777544999999999,3970246.18974500,16675,744.66620000,1683130.54935800,0
1777545000000000,2257.12000000,2263.48000000,2257.11000000,2261.19000000,1211.91180000,1777545899999999,2739605.76177900,30114,729.48550000,1648893.11435800,0
1777545900000000,2261.20000000,2263.19000000,2259.12000000,2262.01000000,1297.33150000,1777546799999999,2933523.98163400,20376,786.80230000,1779203.00901000,0
1777546800000000,2262.00000000,2273.70000000,2262.00000000,2267.84000000,3367.37710000,1777547699999999,7631760.57255200,38499,2219.88070000,5030383.85035100,0
1777547700000000,2267.84000000,2269.92000000,2265.39000000,2267.07000000,1264.02130000,1777548599999999,2865866.40082600,18070,600.36390000,1361148.01873300,0
1777548600000000,2267.07000000,2267.18000000,2257.50000000,2258.46000000,1661.10330000,1777549499999999,3758150.31818600,26455,488.64640000,1105403.08812000,0
1777549500000000,2258.45000000,2260.39000000,2252.07000000,2258.18000000,3011.33160000,1777550399999999,6793225.24215300,37400,1128.15300000,2545024.16489100,0
1777550400000000,2258.18000000,2262.01000000,2257.74000000,2260.58000000,850.84490000,1777551299999999,1922882.04175400,22338,386.90240000,874380.57129800,0
1777551300000000,2260.57000000,2271.07000000,2260.17000000,2267.12000000,2286.53330000,1777552199999999,5181617.61425300,38705,1247.51920000,2826718.13768500,0
1777552200000000,2267.13000000,2268.84000000,2263.91000000,2264.18000000,1361.41870000,1777553099999999,3085229.25643200,21446,644.68800000,1461005.71674200,0
1777553100000000,2264.17000000,2268.71000000,2264.16000000,2265.45000000,1656.18460000,1777553999999999,3752633.49722700,16218,827.55480000,1875262.02080700,0
1777554000000000,2265.46000000,2268.12000000,2262.99000000,2263.68000000,1127.64240000,1777554899999999,2554955.09044000,25624,465.19000000,1054107.69026100,0
1777554900000000,2263.69000000,2264.83000000,2257.38000000,2259.15000000,1569.81220000,1777555799999999,3549631.12819200,24945,759.24530000,1716417.25732200,0
1777555800000000,2259.14000000,2271.99000000,2254.74000000,2271.60000000,4293.20150000,1777556699999999,9719884.00289500,85326,2856.41370000,6467960.83383200,0
1777556700000000,2271.59000000,2272.56000000,2261.27000000,2263.90000000,3752.27070000,1777557599999999,8506596.26935000,66566,1974.53380000,4476661.48739500,0
1777557600000000,2263.90000000,2271.07000000,2258.33000000,2261.82000000,3365.74450000,1777558499999999,7626343.23647900,58692,1849.64480000,4191811.43928100,0
1777558500000000,2261.83000000,2261.99000000,2245.82000000,2258.39000000,6147.76490000,1777559399999999,13846874.07893300,79141,2140.10440000,4823279.39470200,0
1777559400000000,2258.39000000,2268.00000000,2254.74000000,2261.08000000,3049.41520000,1777560299999999,6892611.85855700,68794,1639.53310000,3706330.46748500,0
1777560300000000,2261.07000000,2268.00000000,2260.20000000,2262.01000000,1934.26650000,1777561199999999,4378890.10735000,44459,1012.09770000,2291287.81065500,0
1777561200000000,2262.00000000,2266.57000000,2257.65000000,2265.80000000,1662.71650000,1777562099999999,3762979.97705700,47559,862.31960000,1951851.25977400,0
1777562100000000,2265.81000000,2267.56000000,2263.21000000,2267.56000000,1269.98880000,1777562999999999,2876732.42015100,29861,458.31200000,1038217.67496100,0
1777563000000000,2267.56000000,2275.13000000,2262.27000000,2264.34000000,2275.15500000,1777563899999999,5161663.21901500,43647,1275.10360000,2894373.44438300,0
1777563900000000,2264.34000000,2268.40000000,2260.00000000,2265.70000000,1269.02250000,1777564799999999,2873970.81428100,28944,607.39370000,1375869.49166400,0
1777564800000000,2265.70000000,2267.16000000,2262.49000000,2265.61000000,913.33460000,1777565699999999,2068644.86264400,23936,425.83000000,964529.71520700,0
1777565700000000,2265.61000000,2265.61000000,2259.50000000,2262.00000000,872.97560000,1777566599999999,1974582.83475800,19729,357.54630000,808685.38281900,0
1777566600000000,2262.00000000,2262.98000000,2259.73000000,2260.12000000,725.15090000,1777567499999999,1639591.48149100,17511,321.95420000,728013.52794100,0
1777567500000000,2260.13000000,2261.80000000,2255.80000000,2257.24000000,1368.84530000,1777568399999999,3091929.42619000,24612,536.08260000,1210991.70691000,0
1777568400000000,2257.24000000,2259.53000000,2253.28000000,2256.02000000,1426.98940000,1777569299999999,3220049.43609400,33067,674.99160000,1523293.52338300,0
1777569300000000,2256.01000000,2256.01000000,2251.62000000,2255.55000000,1235.92630000,1777570199999999,2785634.49441900,25172,633.18410000,1427212.59253400,0
1777570200000000,2255.55000000,2260.47000000,2254.89000000,2255.56000000,1331.53560000,1777571099999999,3005160.21432000,24220,808.23440000,1824136.71211200,0
1777571100000000,2255.56000000,2259.42000000,2255.53000000,2258.14000000,894.69270000,1777571999999999,2020051.89128100,13862,607.92460000,1372466.25759400,0
1777572000000000,2258.13000000,2262.49000000,2255.31000000,2256.44000000,1181.70610000,1777572899999999,2669681.77325600,23689,573.74500000,1296380.76094300,0
1777572900000000,2256.43000000,2261.96000000,2255.37000000,2255.95000000,907.09210000,1777573799999999,2049211.84250600,22470,427.69240000,966255.82965800,0
1777573800000000,2255.95000000,2262.27000000,2254.55000000,2261.05000000,1046.89840000,1777574699999999,2363334.32763300,20327,655.22670000,1479279.14427700,0
1777574700000000,2261.05000000,2265.29000000,2259.84000000,2259.84000000,974.56280000,1777575599999999,2205112.96540800,14881,503.89240000,1140301.75939300,0
1777575600000000,2259.84000000,2265.00000000,2258.13000000,2263.71000000,1407.32860000,1777576499999999,3182416.66671300,22324,642.43880000,1453000.06882900,0
1777576500000000,2263.71000000,2266.25000000,2262.66000000,2265.17000000,748.36800000,1777577399999999,1694677.83048500,15397,444.90530000,1007426.70119100,0
1777577400000000,2265.17000000,2267.09000000,2263.66000000,2265.43000000,1158.60640000,1777578299999999,2625253.23745500,18777,710.50810000,1609940.38895400,0
1777578300000000,2265.42000000,2265.42000000,2260.60000000,2261.99000000,1457.07580000,1777579199999999,3297154.16575000,23103,851.47850000,1926745.45339100,0
1777579200000000,2261.98000000,2264.49000000,2260.56000000,2263.93000000,816.12950000,1777580099999999,1846035.44821300,19205,389.21990000,880468.92232700,0
1777580100000000,2263.93000000,2267.32000000,2262.43000000,2265.43000000,780.38270000,1777580999999999,1767424.45055400,17049,429.07550000,971815.02758500,0
1777581000000000,2265.43000000,2266.02000000,2264.36000000,2264.60000000,818.51120000,1777581899999999,1854164.82321400,13736,426.65780000,966509.93125300,0
1777581900000000,2264.60000000,2265.92000000,2263.54000000,2264.34000000,871.62320000,1777582799999999,1974046.63320400,10973,555.97530000,1259200.94476400,0
1777582800000000,2264.34000000,2264.65000000,2261.61000000,2264.11000000,535.25140000,1777583699999999,1211489.32154600,7984,251.13240000,568471.98064100,0
1777583700000000,2264.10000000,2264.10000000,2257.27000000,2257.85000000,886.45180000,1777584599999999,2003816.75431200,13180,400.45910000,905034.01362600,0
1777584600000000,2257.86000000,2260.84000000,2257.72000000,2259.94000000,649.75550000,1777585499999999,1468232.93007100,9645,407.36280000,920471.79002100,0
1777585500000000,2259.93000000,2259.93000000,2254.00000000,2256.29000000,1470.38170000,1777586399999999,3318321.85716600,16951,567.91300000,1281615.25126300,0
1777586400000000,2256.29000000,2259.26000000,2256.21000000,2258.87000000,609.49950000,1777587299999999,1376271.33603100,12360,238.90010000,539386.65252400,0
1777587300000000,2258.87000000,2261.34000000,2258.77000000,2260.78000000,647.84950000,1777588199999999,1464242.50114200,7435,373.64830000,844538.38018100,0
1777588200000000,2260.78000000,2260.78000000,2254.90000000,2257.06000000,350.26310000,1777589099999999,790608.52362300,6778,85.63370000,193239.02150700,0
1777589100000000,2257.07000000,2257.28000000,2252.42000000,2254.25000000,791.54040000,1777589999999999,1784761.66228200,8622,153.09560000,345203.02066800,0
1777590000000000,2254.25000000,2256.90000000,2254.00000000,2256.16000000,631.16400000,1777590899999999,1423400.98413200,10037,312.88360000,705570.97036300,0
1777590900000000,2256.16000000,2257.14000000,2255.73000000,2256.32000000,323.76910000,1777591799999999,730600.62224300,5386,155.10690000,349992.78535100,0
1777591800000000,2256.33000000,2258.63000000,2256.33000000,2258.33000000,523.08640000,1777592699999999,1181054.06826900,6355,263.11300000,594070.91171900,0
1777592700000000,2258.33000000,2259.01000000,2256.18000000,2257.51000000,790.53380000,1777593599999999,1784901.71902800,7447,355.57570000,802801.43517700,0
