1772323200000000,1964.51000000,1969.28000000,1959.20000000,1962.32000000,3231.34930000,1772324099999999,6349891.16746900,42990,1923.38630000,3780928.90929600,0
1772324100000000,1962.32000000,1964.99000000,1957.84000000,1958.54000000,1361.03150000,1772324999999999,2668388.94721600,29966,636.61790000,1248023.95580400,0
1772325000000000,1958.55000000,1961.45000000,1954.64000000,1956.39000000,1520.73670000,1772325899999999,2977167.64977000,38282,562.68960000,1101620.81065600,0
1772325900000000,1956.38000000,1965.00000000,1955.79000000,1962.66000000,1894.05440000,1772326799999999,3712416.06871900,34966,1013.05580000,1986343.78202200,0
1772326800000000,1962.67000000,1962.70000000,1946.20000000,1949.04000000,3725.44930000,1772327699999999,7273992.57108100,63152,1151.71950000,2248704.08535800,0
1772327700000000,1949.04000000,1959.19000000,1943.58000000,1953.91000000,5110.44720000,1772328599999999,9979829.09672400,60961,3365.94400000,6579265.67699400,0
1772328600000000,1953.92000000,1974.39000000,1952.12000000,1966.92000000,4643.20150000,1772329499999999,9127302.85381900,78403,3010.71390000,5916730.14413500,0
1772329500000000,1966.92000000,2023.40000000,1966.92000000,2012.36000000,26834.82750000,1772330399999999,53668265.35176400,251790,16346.76090000,32677480.85924900,0
1772330400000000,2012.37000000,2052.81000000,2008.61000000,2046.85000000,32661.99320000,1772331299999999,66544778.23133300,348970,16252.71430000,33108503.21454900,0
1772331300000000,2046.85000000,2054.80000000,2026.89000000,2032.36000000,15126.96700000,1772332199999999,30838771.72918900,167511,5326.52810000,10861254.84540000,0
1772332200000000,2032.36000000,2045.19000000,2027.25000000,2043.14000000,7213.63790000,1772333099999999,14694169.13714700,113634,3631.12460000,7397726.24440200,0
1772333100000000,2043.14000000,2048.26000000,2031.34000000,2033.05000000,7447.18670000,1772333999999999,15180480.93315100,98837,3064.21930000,6247538.75580500,0
1772334000000000,2033.04000000,2039.25000000,2032.86000000,2034.86000000,5008.82430000,1772334899999999,10197913.45704100,61067,1925.25250000,3919594.59034700,0
1772334900000000,2034.85000000,2036.38000000,2025.64000000,2034.16000000,4295.69860000,1772335799999999,8725385.20717700,68219,2113.78610000,4294634.65171300,0
1772335800000000,2034.16000000,2034.84000000,2029.30000000,2032.85000000,2439.41260000,1772336699999999,4957219.11940700,43573,963.14710000,1957425.11649900,0
1772336700000000,2032.85000000,2034.83000000,2017.00000000,2023.29000000,6265.74900000,1772337599999999,12682062.51733600,63087,2726.23680000,5517332.85845300,0
1772337600000000,2023.29000000,2030.30000000,2010.96000000,2013.33000000,6349.12000000,1772338499999999,12834200.30620200,56156,2786.93180000,5635068.98769200,0
1772338500000000,2013.34000000,2015.91000000,1998.68000000,2012.08000000,10144.92330000,1772339399999999,20351604.44135300,98076,3863.55510000,7750843.29932100,0
1772339400000000,2012.07000000,2020.21000000,2010.11000000,2015.50000000,3661.46070000,1772340299999999,7377176.49995500,44111,1903.16750000,3834765.63305400,0
1772340300000000,2015.50000000,2018.39000000,2014.06000000,2015.70000000,1687.48720000,1772341199999999,3402474.20501100,31700,665.85120000,1342507.54573800,0
1772341200000000,2015.71000000,2019.21000000,2009.70000000,2013.16000000,2323.49360000,1772342099999999,4682785.39393700,40452,1086.94670000,2190765.22796200,0
1772342100000000,2013.15000000,2022.90000000,2013.15000000,2020.01000000,2290.45990000,1772342999999999,4625004.67063800,31363,1298.00040000,2621091.18917700,0
1772343000000000,2020.00000000,2021.14000000,2014.71000000,2014.95000000,1788.98750000,1772343899999999,3611615.24336700,23880,594.74960000,1200917.98902900,0
1772343900000000,2014.96000000,2015.57000000,2009.82000000,2011.24000000,2225.35760000,1772344799999999,4478780.42072700,26744,674.18490000,1356800.34373600,0
1772344800000000,2011.24000000,2012.67000000,1993.56000000,2003.58000000,6862.75120000,1772345699999999,13737419.66906900,68361,2680.05940000,5364362.08044700,0
1772345700000000,2003.58000000,2006.52000000,1999.21000000,2000.67000000,3956.43540000,1772346599999999,7920664.74698700,32045,2497.99400000,5000735.44015000,0
1772346600000000,2000.68000000,2002.30000000,1989.00000000,1994.68000000,10552.58670000,1772347499999999,21044096.48266700,55507,5106.73640000,10182967.82400600,0
1772347500000000,1994.68000000,2000.63000000,1989.05000000,1998.41000000,3217.32740000,1772348399999999,6417818.59181600,39449,1388.11640000,2768931.43395100,0
1772348400000000,1998.41000000,2005.37000000,1993.00000000,2003.24000000,3675.19660000,1772349299999999,7349418.51566600,37177,1817.05780000,3634510.10479800,0
1772349300000000,2003.25000000,2005.23000000,1997.53000000,1999.82000000,2067.55370000,1772350199999999,4138431.41858200,31706,611.40100000,1224074.38494900,0
1772350200000000,1999.83000000,2009.63000000,1996.73000000,2005.17000000,4754.78090000,1772351099999999,9533296.93866500,46412,2120.10800000,4250933.25305300,0
1772351100000000,2005.18000000,2007.64000000,2003.64000000,2007.24000000,4368.28040000,1772351999999999,8761925.21522800,17847,2777.39040000,5571024.63137200,0
1772352000000000,2007.23000000,2010.18000000,1998.64000000,2009.29000000,3088.71730000,1772352899999999,6194421.37612100,29251,1618.40950000,3246941.33340300,0
1772352900000000,2009.30000000,2009.30000000,2003.96000000,2007.25000000,1555.08570000,1772353799999999,3120929.86869400,25326,722.92130000,1450795.07573500,0
1772353800000000,2007.25000000,2007.50000000,2001.55000000,2001.76000000,2516.98850000,1772354699999999,5044203.74996500,27913,635.19840000,1273036.39158400,0
1772354700000000,2001.77000000,2002.44000000,1981.03000000,1986.00000000,7973.50100000,1772355599999999,15856660.69209700,98664,2850.07010000,5664634.05507900,0
1772355600000000,1986.01000000,1990.21000000,1974.83000000,1988.53000000,4918.72780000,1772356499999999,9761032.82287300,68871,2208.68250000,4385375.02483100,0
1772356500000000,1988.53000000,1996.12000000,1987.35000000,1991.00000000,2887.73170000,1772357399999999,5752715.27468500,47731,1642.47990000,3272144.80256800,0
1772357400000000,1991.00000000,1991.92000000,1977.63000000,1979.88000000,5014.01790000,1772358299999999,9942305.91141300,63884,1987.36320000,3940172.12920100,0
1772358300000000,1979.89000000,1982.81000000,1976.92000000,1980.69000000,3612.02550000,1772359199999999,7151645.39766900,46957,1877.13480000,3716675.38314600,0
1772359200000000,1980.69000000,1984.93000000,1972.24000000,1983.55000000,5391.07100000,1772360099999999,10664631.47677100,69306,2694.19410000,5330035.13421700,0
1772360100000000,1983.55000000,1985.91000000,1978.49000000,1984.78000000,2347.98000000,1772360999999999,4653333.86065700,28545,1129.59080000,2239016.50359600,0
1772361000000000,1984.79000000,1993.03000000,1980.75000000,1981.43000000,4198.35860000,1772361899999999,8340160.47054700,51836,1997.95030000,3970718.27908400,0
1772361900000000,1981.44000000,1985.48000000,1979.08000000,1984.81000000,1853.96890000,1772362799999999,3675867.10684900,28075,962.97220000,1909271.09833700,0
1772362800000000,1984.81000000,1988.83000000,1984.76000000,1985.65000000,1162.05680000,1772363699999999,2308407.02203500,23453,645.91330000,1283119.27689900,0
1772363700000000,1985.66000000,1989.48000000,1985.66000000,1987.54000000,1988.61160000,1772364599999999,3953032.62000900,25294,1096.99420000,2180725.54094500,0
1772364600000000,1987.55000000,1988.71000000,1982.13000000,1983.31000000,1433.72450000,1772365499999999,2846142.00725800,22819,598.87040000,1189017.47110300,0
1772365500000000,1983.31000000,1985.86000000,1981.96000000,1983.32000000,1266.00690000,1772366399999999,2511556.44532100,18297,511.97370000,1015699.84528700,0
1772366400000000,1983.32000000,1988.00000000,1981.61000000,1984.89000000,1342.33880000,1772367299999999,2664355.49802200,22140,811.97870000,1611526.53789900,0
1772367300000000,1984.90000000,1987.26000000,1979.49000000,1980.83000000,1691.22660000,1772368199999999,3354561.56237300,24550,806.10240000,1599545.41709100,0
1772368200000000,1980.83000000,1985.93000000,1976.39000000,1984.12000000,2366.29340000,1772369099999999,4686958.24178500,41454,1254.14470000,2484835.58846700,0
1772369100000000,1984.12000000,1984.12000000,1976.66000000,1978.20000000,1588.85520000,1772369999999999,3144492.99301300,30931,661.16110000,1308019.45201000,0
1772370000000000,1978.21000000,1981.54000000,1974.30000000,1979.12000000,1756.34910000,1772370899999999,3476071.13801400,37435,897.53760000,1776640.39633800,0
1772370900000000,1979.13000000,1981.55000000,1968.60000000,1976.38000000,5712.53290000,1772371799999999,11276380.99766700,63678,2061.05210000,4067902.90381200,0
1772371800000000,1976.38000000,1980.32000000,1973.31000000,1978.20000000,1859.30120000,1772372699999999,3674795.58722200,33401,991.94780000,1960501.46623700,0
1772372700000000,1978.19000000,2024.40000000,1976.34000000,2006.58000000,21326.76280000,1772373599999999,42801068.63239700,226500,11337.06820000,22744527.51953000,0
1772373600000000,2006.58000000,2028.00000000,2002.73000000,2015.96000000,10243.10890000,1772374499999999,20657149.16568200,184818,5885.12160000,11872141.04219900,0
1772374500000000,2015.96000000,2019.06000000,2003.56000000,2007.50000000,5727.00160000,1772375399999999,11512474.38682500,101011,2536.20390000,5099986.43804200,0
1772375400000000,2007.50000000,2013.08000000,1993.37000000,1998.64000000,7085.69730000,1772376299999999,14192986.23806300,101844,2596.57460000,5201683.33635700,0
1772376300000000,1998.64000000,2004.89000000,1996.63000000,2000.10000000,3629.43990000,1772377199999999,7261558.31474000,66236,1879.57180000,3760565.71690700,0
1772377200000000,2000.11000000,2008.66000000,1998.86000000,2008.65000000,2802.13470000,1772378099999999,5615619.93561600,56650,1670.97590000,3349149.59538400,0
1772378100000000,2008.65000000,2014.40000000,2005.47000000,2010.00000000,6543.35040000,1772378999999999,13157506.09818300,69135,4280.96900000,8610009.96002200,0
1772379000000000,2009.99000000,2016.23000000,2009.99000000,2013.68000000,2468.29770000,1772379899999999,4968335.99698500,43142,1173.28340000,2362050.53260200,0
1772379900000000,2013.68000000,2013.73000000,1992.35000000,1993.38000000,4271.88300000,1772380799999999,8554663.59185900,58627,1474.44500000,2953444.27021800,0
1772380800000000,1993.38000000,2004.39000000,1983.47000000,1998.77000000,7123.86910000,1772381699999999,14214003.62782600,103034,3756.20430000,7498536.27376700,0
1772381700000000,1998.77000000,2009.38000000,1995.26000000,2005.77000000,3593.20120000,1772382599999999,7196802.41422000,69341,2117.55270000,4241338.15129400,0
1772382600000000,2005.77000000,2007.09000000,2000.03000000,2000.04000000,1465.30870000,1772383499999999,2936229.47622900,34019,740.94880000,1484621.19963900,0
1772383500000000,2000.05000000,2000.55000000,1960.23000000,1974.03000000,20469.06320000,1772384399999999,40415378.82455900,222358,8555.23310000,16891359.66783300,0
1772384400000000,1974.02000000,1975.92000000,1966.35000000,1970.85000000,4308.85500000,1772385299999999,8494493.05672700,84130,2308.09840000,4550935.69807400,0
1772385300000000,1970.85000000,1971.44000000,1953.30000000,1965.65000000,6810.13500000,1772386199999999,13360426.07144400,107845,2722.07880000,5339210.80515100,0
1772386200000000,1965.66000000,1971.49000000,1960.71000000,1968.86000000,2494.21840000,1772387099999999,4907272.36253300,53944,1367.11850000,2689932.13061200,0
1772387100000000,1968.85000000,1975.35000000,1958.80000000,1961.17000000,4811.40250000,1772387999999999,9468886.53530600,60820,2295.84250000,4519523.31923900,0
1772388000000000,1961.17000000,1997.53000000,1961.03000000,1984.32000000,15993.64190000,1772388899999999,31726877.27443700,149583,7745.47330000,15357261.78234200,0
1772388900000000,1984.33000000,1993.25000000,1979.20000000,1980.50000000,5543.30860000,1772389799999999,10998871.26963900,56822,3429.25680000,6805130.80725900,0
1772389800000000,1980.49000000,1983.65000000,1973.20000000,1980.53000000,3408.79560000,1772390699999999,6746805.68827000,45342,1886.83610000,3735195.44434600,0
1772390700000000,1980.53000000,1983.13000000,1973.68000000,1975.82000000,2550.43490000,1772391599999999,5044226.34540900,34667,1214.01670000,2400745.07922800,0
1772391600000000,1975.82000000,1976.37000000,1963.70000000,1964.09000000,5314.60700000,1772392499999999,10470954.64620300,52065,1982.03530000,3905063.77028000,0
1772392500000000,1964.09000000,1966.58000000,1957.35000000,1959.89000000,3286.28930000,1772393399999999,6446508.88840400,51981,1320.44640000,2589917.17188900,0
1772393400000000,1959.90000000,1967.72000000,1946.55000000,1950.48000000,9013.85400000,1772394299999999,17639321.46278200,59260,5173.03060000,10123215.84120800,0
1772394300000000,1950.48000000,1955.45000000,1949.11000000,1953.90000000,3800.16100000,1772395199999999,7417992.51984000,49087,2285.28970000,4460332.46076100,0
1772395200000000,1953.89000000,1955.01000000,1928.97000000,1933.87000000,7533.81410000,1772396099999999,14621216.01647300,108808,3138.77390000,6092355.30169900,0
1772396100000000,1933.87000000,1938.05000000,1924.00000000,1924.49000000,6249.15190000,1772396999999999,12065236.63843800,92236,2662.39190000,5140900.41570500,0
1772397000000000,1924.50000000,1927.12000000,1907.41000000,1912.13000000,14731.24450000,1772397899999999,28230345.38062000,160175,5552.96080000,10639984.15224700,0
1772397900000000,1912.14000000,1917.66000000,1908.24000000,1914.26000000,5943.02680000,1772398799999999,11372745.41658000,78731,2709.29410000,5185397.21917200,0
1772398800000000,1914.27000000,1924.96000000,1912.61000000,1922.57000000,5532.64990000,1772399699999999,10608075.53343600,62318,3027.61540000,5805894.64566500,0
1772399700000000,1922.57000000,1929.42000000,1920.19000000,1924.85000000,4908.76280000,1772400599999999,9445985.35190400,56689,2548.09700000,4903730.11253200,0
1772400600000000,1924.86000000,1930.35000000,1921.48000000,1925.48000000,2947.62950000,1772401499999999,5676686.80468300,36641,1298.13150000,2500029.99270800,0
1772401500000000,1925.48000000,1932.34000000,1924.68000000,1928.98000000,2356.25180000,1772402399999999,4542746.56847400,32097,1290.32260000,2487258.78769800,0
1772402400000000,1928.98000000,1971.01000000,1926.87000000,1946.08000000,12309.53790000,1772403299999999,24004277.01966300,88794,6120.15180000,11930068.06797600,0
1772403300000000,1946.08000000,1952.12000000,1931.89000000,1936.23000000,8167.22030000,1772404199999999,15868415.41914100,100540,3504.22850000,6804631.90653900,0
1772404200000000,1936.23000000,1938.45000000,1914.69000000,1929.96000000,7273.51040000,1772405099999999,14002840.61744700,103650,3734.55300000,7190423.85988800,0
1772405100000000,1929.97000000,1930.01000000,1920.01000000,1924.86000000,3018.16750000,1772405999999999,5811024.70439400,55206,1394.67760000,2685133.46367600,0
1772406000000000,1924.86000000,1948.15000000,1918.70000000,1936.87000000,9314.37070000,1772406899999999,18013336.39988200,166819,5239.68190000,10134013.68378100,0
1772406900000000,1936.86000000,1939.35000000,1931.76000000,1932.51000000,2376.31390000,1772407799999999,4600125.82969700,64525,1192.86760000,2308996.52154400,0
1772407800000000,1932.51000000,1946.14000000,1931.48000000,1940.67000000,3924.57150000,1772408699999999,7613353.18822100,58370,1835.63030000,3561013.33602100,0
1772408700000000,1940.67000000,1943.76000000,1936.66000000,1939.71000000,2293.56150000,1772409599999999,4448591.15694100,32233,1013.80390000,1966435.26163500,0
1772409600000000,1939.71000000,1954.13000000,1937.42000000,1943.97000000,5101.94690000,1772410499999999,9924497.41625300,93273,2932.85200000,5704204.99043400,0
1772410500000000,1943.97000000,1950.68000000,1939.77000000,1946.53000000,2427.19130000,1772411399999999,4719339.67512000,63995,1320.03900000,2566846.77428300,0
1772411400000000,1946.53000000,1964.00000000,1946.10000000,1964.00000000,3751.68990000,1772412299999999,7327809.55143800,69021,2433.15500000,4754343.48361600,0
1772412300000000,1963.96000000,1967.49000000,1955.77000000,1960.86000000,4452.90750000,1772413199999999,8733709.75847700,96548,2239.03150000,4392165.16237700,0
1772413200000000,1960.87000000,1989.23000000,1959.79000000,1981.07000000,10529.85320000,1772414099999999,20814358.03127900,173060,5769.49730000,11403558.95084300,0
1772414100000000,1981.07000000,1983.94000000,1965.48000000,1967.75000000,5412.56580000,1772414999999999,10689088.45875700,99587,1731.00390000,3417475.73864700,0
1772415000000000,1967.76000000,1973.32000000,1967.21000000,1968.18000000,2930.50660000,1772415899999999,5771658.58298400,70935,2074.78880000,4086102.00331000,0
1772415900000000,1968.18000000,1969.48000000,1959.64000000,1963.71000000,2001.10610000,1772416799999999,3930497.78048900,48304,832.67710000,1635887.07841400,0
1772416800000000,1963.71000000,1966.16000000,1939.79000000,1945.18000000,7677.93570000,1772417699999999,14971641.84557600,99985,2595.61740000,5061480.64511500,0
1772417700000000,1945.19000000,1949.96000000,1942.10000000,1948.51000000,4042.41590000,1772418599999999,7868587.23968200,70773,1792.52960000,3488876.79959300,0
1772418600000000,1948.51000000,1963.20000000,1947.65000000,1955.97000000,3471.03160000,1772419499999999,6791323.46216700,67861,1897.72790000,3713054.99101600,0
1772419500000000,1955.97000000,1960.71000000,1951.27000000,1955.63000000,1996.14850000,1772420399999999,3903358.77076600,45462,880.53400000,1722318.47953000,0
1772420400000000,1955.63000000,1970.48000000,1948.35000000,1966.40000000,4744.05370000,1772421299999999,9307620.43986900,71138,2820.59450000,5535950.82484700,0
1772421300000000,1966.39000000,1977.00000000,1965.27000000,1973.80000000,3812.35800000,1772422199999999,7518219.14725800,86553,2365.18060000,4664401.87325500,0
1772422200000000,1973.81000000,1979.82000000,1969.66000000,1974.54000000,3913.49020000,1772423099999999,7729382.28144500,60337,2318.82390000,4580336.47970300,0
1772423100000000,1974.54000000,1979.67000000,1970.57000000,1972.30000000,2791.43200000,1772423999999999,5513292.51159800,39204,1518.44310000,2999501.93796900,0
1772424000000000,1972.30000000,1975.75000000,1969.42000000,1971.00000000,1882.09210000,1772424899999999,3711814.36402300,33001,1047.38040000,2065752.91598700,0
1772424900000000,1971.00000000,1978.56000000,1968.31000000,1978.41000000,3543.73860000,1772425799999999,6989141.40172800,51229,1850.04180000,3648916.57608100,0
1772425800000000,1978.40000000,1980.32000000,1971.46000000,1974.66000000,2319.91880000,1772426699999999,4582817.45654900,37087,1024.68420000,2024433.07885800,0
1772426700000000,1974.66000000,1974.66000000,1969.66000000,1972.94000000,1785.28300000,1772427599999999,3519853.92640800,25327,778.23190000,1534157.10005700,0
1772427600000000,1972.94000000,1973.33000000,1961.61000000,1967.33000000,3023.66470000,1772428499999999,5947846.08416100,45510,859.15270000,1689793.72577800,0
1772428500000000,1967.33000000,1971.57000000,1964.03000000,1968.00000000,2513.06050000,1772429399999999,4947476.65289400,33187,705.53650000,1389061.17095300,0
1772429400000000,1968.01000000,1983.60000000,1968.01000000,1980.84000000,3359.62100000,1772430299999999,6638177.07913800,43362,2026.07670000,4003629.09745600,0
1772430300000000,1980.84000000,1981.00000000,1970.00000000,1970.84000000,2479.78790000,1772431199999999,4898490.20801200,40777,1043.14090000,2061064.30395800,0
1772431200000000,1970.90000000,1971.20000000,1963.47000000,1969.19000000,3334.16530000,1772432099999999,6559900.99231500,50251,1144.51050000,2252147.99662900,0
1772432100000000,1969.20000000,1970.00000000,1941.85000000,1950.22000000,7794.40330000,1772432999999999,15216278.95745700,119300,3055.13860000,5962920.38485200,0
1772433000000000,1950.23000000,1951.70000000,1945.53000000,1948.35000000,3229.78110000,1772433899999999,6294319.03527500,51920,1335.22800000,2602143.72050100,0
1772433900000000,1948.36000000,1949.09000000,1937.55000000,1943.31000000,4745.35670000,1772434799999999,9221113.25644900,71160,1769.40250000,3438825.85911100,0
1772434800000000,1943.31000000,1944.99000000,1925.53000000,1929.94000000,6657.46500000,1772435699999999,12871555.25095900,113151,2568.46560000,4965585.36216700,0
1772435700000000,1929.95000000,1939.22000000,1927.38000000,1936.31000000,4367.85970000,1772436599999999,8441472.24573900,73940,1860.18770000,3595174.38529400,0
1772436600000000,1936.31000000,1942.26000000,1934.33000000,1942.09000000,4363.35580000,1772437499999999,8459518.86020500,52905,2674.53570000,5185228.86346300,0
1772437500000000,1942.09000000,1942.48000000,1938.29000000,1941.66000000,3267.82520000,1772438399999999,6342266.78689500,27696,2231.94070000,4331803.06296300,0
1772438400000000,1941.65000000,1941.79000000,1920.00000000,1936.63000000,7947.87590000,1772439299999999,15351237.32501800,78891,3040.85580000,5873070.34616500,0
1772439300000000,1936.62000000,1938.23000000,1924.59000000,1927.02000000,3783.45130000,1772440199999999,7306099.09474100,86152,1723.34450000,3328105.19626600,0
1772440200000000,1927.01000000,1942.29000000,1926.69000000,1938.96000000,3670.72610000,1772441099999999,7105648.77322100,76348,2402.66030000,4651772.02831100,0
1772441100000000,1938.96000000,1951.14000000,1938.03000000,1949.34000000,4842.46630000,1772441999999999,9423533.55962000,71094,2899.66140000,5642691.28545900,0
1772442000000000,1949.33000000,1958.95000000,1946.85000000,1956.08000000,6483.88480000,1772442899999999,12662482.14867000,88887,3303.48430000,6452602.26135600,0
1772442900000000,1956.07000000,1967.13000000,1955.63000000,1958.12000000,5804.24550000,1772443799999999,11381960.42650100,83438,3142.66620000,6164049.46018000,0
1772443800000000,1958.13000000,1963.38000000,1955.00000000,1956.74000000,4433.67300000,1772444699999999,8688092.19277800,58014,1438.21500000,2818547.25572800,0
1772444700000000,1956.74000000,1956.97000000,1947.43000000,1947.79000000,4721.74660000,1772445599999999,9216572.29790700,58059,1473.87530000,2877078.61567700,0
1772445600000000,1947.78000000,1956.18000000,1944.00000000,1947.43000000,2785.67240000,1772446499999999,5431775.13932000,73664,1498.44140000,2922605.78673500,0
1772446500000000,1947.43000000,1952.57000000,1947.21000000,1952.41000000,1695.10770000,1772447399999999,3304989.52517600,46895,1054.34020000,2055834.96693000,0
1772447400000000,1952.41000000,1955.70000000,1947.54000000,1951.04000000,1629.22870000,1772448299999999,3179362.51527800,52268,847.25610000,1653349.88712600,0
1772448300000000,1951.05000000,1952.53000000,1946.99000000,1952.25000000,1004.23350000,1772449199999999,1958338.89699500,38236,474.21720000,924758.77338700,0
1772449200000000,1952.24000000,1952.24000000,1935.54000000,1936.53000000,4822.93420000,1772450099999999,9366363.39895400,74740,1830.42230000,3554489.02964500,0
1772450100000000,1936.54000000,1944.28000000,1935.87000000,1938.48000000,2153.95310000,1772450999999999,4178718.64675800,50490,1219.37820000,2366020.61889900,0
1772451000000000,1938.49000000,1949.70000000,1936.18000000,1946.35000000,2103.24120000,1772451899999999,4090431.52023900,50137,1351.43110000,2628814.91632600,0
1772451900000000,1946.36000000,1954.81000000,1946.24000000,1947.81000000,4022.84130000,1772452799999999,7846606.28316400,60918,2380.85300000,4644065.60181200,0
1772452800000000,1947.80000000,1948.98000000,1944.50000000,1946.34000000,1552.28620000,1772453699999999,3022166.17061600,42960,889.21360000,1731200.12792200,0
1772453700000000,1946.35000000,1946.58000000,1935.88000000,1938.47000000,2586.41810000,1772454599999999,5017248.07413000,53972,1079.84120000,2094088.76785700,0
1772454600000000,1938.47000000,1940.21000000,1930.40000000,1938.95000000,2797.49950000,1772455499999999,5414237.58676200,60866,1347.24130000,2608116.80935700,0
1772455500000000,1938.94000000,1942.03000000,1936.71000000,1938.12000000,1853.67310000,1772456399999999,3594679.01837500,43038,1120.73990000,2173308.44245500,0
1772456400000000,1938.11000000,1938.94000000,1929.00000000,1933.87000000,3943.08890000,1772457299999999,7625222.44728500,97445,1586.00380000,3067218.40715300,0
1772457300000000,1933.87000000,1944.50000000,1930.56000000,1934.19000000,3950.59770000,1772458199999999,7655656.59479700,89844,2039.13540000,3951729.87199900,0
1772458200000000,1934.20000000,1939.77000000,1926.80000000,1930.28000000,3774.10590000,1772459099999999,7294524.60687600,80738,1786.03190000,3452450.47538700,0
1772459100000000,1930.28000000,1932.97000000,1922.55000000,1927.71000000,4148.48580000,1772459999999999,7991768.30695000,91733,1805.34190000,3477669.69853200,0
1772460000000000,1927.71000000,1935.09000000,1921.70000000,1932.04000000,5682.60270000,1772460899999999,10956235.14839200,83167,2750.40130000,5304957.72708600,0
1772460900000000,1932.03000000,1934.94000000,1921.78000000,1927.72000000,5247.38930000,1772461799999999,10116312.88197500,92048,2683.38470000,5173606.56440900,0
1772461800000000,1927.71000000,1967.25000000,1925.95000000,1966.24000000,28969.06850000,1772462699999999,56493920.47121900,421795,16666.36400000,32508489.45592700,0
1772462700000000,1966.23000000,1985.48000000,1959.49000000,1979.75000000,18284.53180000,1772463599999999,36086127.95924400,311733,9631.51500000,19011887.29477300,0
1772463600000000,1979.75000000,2033.42000000,1974.36000000,2028.50000000,32870.55110000,1772464499999999,65950294.66057200,360196,20588.93550000,41323558.78471700,0
1772464500000000,2028.49000000,2047.82000000,2026.65000000,2031.19000000,25881.43170000,1772465399999999,52696095.28726600,357035,15122.98000000,30802272.43851000,0
1772465400000000,2031.19000000,2062.42000000,2021.53000000,2062.17000000,21014.46240000,1772466299999999,42963902.46847200,327610,12994.02560000,26580294.30517300,0
1772466300000000,2062.17000000,2065.48000000,2035.74000000,2047.33000000,19250.92880000,1772467199999999,39473818.17804100,256183,10130.43370000,20781315.82068200,0
1772467200000000,2047.33000000,2076.86000000,2043.36000000,2070.36000000,18693.97120000,1772468099999999,38538476.79732700,278659,11561.19200000,23824718.87896100,0
1772468100000000,2070.36000000,2071.65000000,2056.84000000,2058.43000000,9945.93540000,1772468999999999,20530229.15258500,199322,4406.87590000,9097820.39975500,0
1772469000000000,2058.43000000,2081.70000000,2044.25000000,2079.36000000,17520.95350000,1772469899999999,36090258.39691000,247560,9150.05470000,18862192.03216600,0
1772469900000000,2079.36000000,2090.00000000,2060.00000000,2064.33000000,14013.38880000,1772470799999999,29038166.72853300,207652,5597.55770000,11609554.48792300,0
1772470800000000,2064.33000000,2066.00000000,2050.65000000,2057.78000000,6949.13500000,1772471699999999,14305254.94340800,152462,2169.11460000,4465133.26665500,0
1772471700000000,2057.78000000,2061.70000000,2049.81000000,2054.40000000,4277.85630000,1772472599999999,8794974.44611800,116255,1947.71180000,4004639.86753800,0
1772472600000000,2054.36000000,2058.34000000,2025.97000000,2029.17000000,10114.00850000,1772473499999999,20644225.38610800,147884,3902.71170000,7969672.65232100,0
1772473500000000,2029.17000000,2043.36000000,2025.58000000,2041.01000000,5917.71720000,1772474399999999,12042379.13753700,125742,3205.26250000,6523449.47882400,0
1772474400000000,2041.01000000,2041.12000000,2024.24000000,2038.85000000,4629.71220000,1772475299999999,9412660.88304500,113615,2231.09360000,4536566.20566900,0
1772475300000000,2038.85000000,2038.85000000,2030.10000000,2033.52000000,3512.71080000,1772476199999999,7144316.63099000,82461,1669.78780000,3395629.91345700,0
1772476200000000,2033.53000000,2038.35000000,2026.59000000,2034.19000000,4258.15620000,1772477099999999,8654979.76311100,98982,1933.73620000,3930940.50067100,0
1772477100000000,2034.19000000,2038.35000000,2024.98000000,2029.40000000,3783.79630000,1772477999999999,7684132.78741800,92061,1813.33760000,3683113.17748800,0
1772478000000000,2029.40000000,2032.72000000,2017.15000000,2027.50000000,5986.78920000,1772478899999999,12123689.79397000,104547,2747.29510000,5564230.22541900,0
1772478900000000,2027.51000000,2038.00000000,2027.51000000,2033.36000000,3999.39490000,1772479799999999,8131979.74657800,84378,2211.43680000,4495942.42779600,0
1772479800000000,2033.36000000,2041.80000000,2030.30000000,2031.90000000,3250.24220000,1772480699999999,6616879.71575400,72853,1500.60960000,3055789.80288600,0
1772480700000000,2031.90000000,2049.39000000,2031.90000000,2043.57000000,5563.14490000,1772481599999999,11367010.33276600,68208,3242.12810000,6623306.87586600,0
1772481600000000,2043.56000000,2057.70000000,2024.98000000,2032.13000000,9532.42010000,1772482499999999,19466291.91654100,170936,4730.16890000,9666674.24748400,0
1772482500000000,2032.12000000,2043.23000000,2029.24000000,2037.30000000,4281.57930000,1772483399999999,8722990.52277200,115277,2573.48050000,5243578.85036200,0
1772483400000000,2037.31000000,2044.00000000,2035.17000000,2043.11000000,2046.95640000,1772484299999999,4176588.69013300,79747,1012.46660000,2066068.97554700,0
1772484300000000,2043.10000000,2050.25000000,2034.26000000,2035.50000000,4959.44800000,1772485199999999,10130122.33480700,109951,1937.43630000,3959807.95403500,0
1772485200000000,2035.50000000,2038.33000000,2029.35000000,2038.04000000,4756.98150000,1772486099999999,9673257.17328500,93395,2414.90030000,4910773.42877000,0
1772486100000000,2038.00000000,2042.49000000,2035.84000000,2040.12000000,4323.32310000,1772486999999999,8813283.64151100,54846,1477.08740000,3011631.00384000,0
1772487000000000,2040.13000000,2046.03000000,2038.81000000,2045.72000000,2095.21150000,1772487899999999,4281449.89736400,38462,1163.43980000,2377494.43547300,0
1772487900000000,2045.72000000,2047.87000000,2042.64000000,2043.01000000,2561.66590000,1772488799999999,5239292.87547200,49392,1120.23150000,2291085.69055800,0
1772488800000000,2043.01000000,2050.52000000,2042.82000000,2044.63000000,3267.80520000,1772489699999999,6688431.48835100,53160,1835.69020000,3757238.58354200,0
1772489700000000,2044.63000000,2052.89000000,2041.41000000,2050.00000000,2814.36390000,1772490599999999,5761422.82378600,44106,1451.27870000,2971465.01757600,0
1772490600000000,2050.00000000,2058.59000000,2049.32000000,2055.66000000,3364.96220000,1772491499999999,6913359.35219100,55264,1908.80630000,3921304.40979500,0
1772491500000000,2055.65000000,2056.09000000,2049.89000000,2053.82000000,2335.00030000,1772492399999999,4793804.66387500,47899,1057.53420000,2171080.31082600,0
1772492400000000,2053.82000000,2055.75000000,2044.43000000,2045.35000000,3840.33670000,1772493299999999,7870289.68088600,80746,1519.31630000,3113539.14485300,0
1772493300000000,2045.34000000,2048.00000000,2037.18000000,2037.58000000,3555.77460000,1772494199999999,7260328.35302600,70184,1226.43790000,2504041.17142200,0
1772494200000000,2037.59000000,2038.16000000,2024.32000000,2027.06000000,26002.16470000,1772495099999999,52778173.35837900,92674,19119.29040000,38802779.83458500,0
1772495100000000,2027.05000000,2031.84000000,2024.81000000,2027.35000000,3815.05420000,1772495999999999,7738003.96267900,50672,1562.93730000,3170306.88019100,0
1772496000000000,2027.34000000,2035.33000000,2024.27000000,2027.04000000,9993.33700000,1772496899999999,20301145.96892100,75495,7192.63780000,14614899.72200500,0
1772496900000000,2027.03000000,2031.61000000,2021.85000000,2027.54000000,3649.90810000,1772497799999999,7393972.25559900,76435,1424.28230000,2885355.67297500,0
1772497800000000,2027.55000000,2038.94000000,2018.76000000,2036.00000000,11620.93920000,1772498699999999,23625839.87019700,93266,7543.13860000,15342230.50247900,0
1772498700000000,2036.00000000,2037.60000000,2026.91000000,2035.46000000,3367.82310000,1772499599999999,6842664.96997400,54307,1263.23030000,2566793.89104200,0
1772499600000000,2035.46000000,2041.48000000,2028.77000000,2037.32000000,3477.01590000,1772500499999999,7079818.74074200,74608,1628.83660000,3317468.12775600,0
1772500500000000,2037.33000000,2038.40000000,2028.98000000,2029.22000000,3800.96550000,1772501399999999,7731588.87788700,82350,1803.66540000,3669324.72599300,0
1772501400000000,2029.21000000,2034.30000000,2022.23000000,2030.92000000,2907.73580000,1772502299999999,5897441.53863100,87959,1261.78220000,2559571.52399400,0
1772502300000000,2030.91000000,2031.85000000,2019.53000000,2020.01000000,2776.86610000,1772503199999999,5626283.44280800,63298,956.97250000,1938958.39431600,0
1772503200000000,2020.01000000,2020.52000000,2005.17000000,2009.26000000,6990.21390000,1772504099999999,14068017.08080600,145071,2711.75830000,5455534.83635200,0
1772504100000000,2009.26000000,2014.58000000,1998.00000000,2013.91000000,8709.39390000,1772504999999999,17464425.69986400,131020,3441.14200000,6904815.22382400,0
1772505000000000,2013.90000000,2018.60000000,2011.68000000,2014.27000000,2933.30270000,1772505899999999,5910614.72909100,78620,1578.66510000,3181301.67213600,0
1772505900000000,2014.27000000,2022.89000000,2013.40000000,2013.67000000,3198.85520000,1772506799999999,6454158.36890600,64284,1683.10710000,3397384.78606900,0
1772506800000000,2013.68000000,2015.88000000,2006.90000000,2013.42000000,1921.08040000,1772507699999999,3862805.05526800,46549,886.89930000,1783382.85820600,0
1772507700000000,2013.42000000,2014.29000000,2005.33000000,2010.72000000,3412.69650000,1772508599999999,6855191.07846600,52319,1231.00590000,2472342.78933400,0
1772508600000000,2010.72000000,2015.00000000,2008.54000000,2012.27000000,2151.43470000,1772509499999999,4328249.20499500,50643,1083.10630000,2179499.80548400,0
1772509500000000,2012.27000000,2012.43000000,2006.49000000,2008.88000000,1476.39960000,1772510399999999,2965492.23166000,35095,616.98860000,1239388.86244700,0
1772510400000000,2008.88000000,2012.52000000,2006.80000000,2009.57000000,1549.98120000,1772511299999999,3115595.08292700,43703,726.69020000,1460709.25083000,0
1772511300000000,2009.57000000,2013.66000000,2007.34000000,2008.63000000,1329.96440000,1772512199999999,2673558.07084300,37142,660.00810000,1326723.95439500,0
1772512200000000,2008.62000000,2010.97000000,2000.90000000,2004.27000000,3984.46820000,1772513099999999,7989775.41302300,53440,1574.21260000,3156756.87251000,0
1772513100000000,2004.27000000,2005.15000000,1998.49000000,1999.82000000,3181.59910000,1772513999999999,6365086.10768300,56341,1364.70330000,2730199.68142600,0
1772514000000000,1999.81000000,2010.56000000,1993.94000000,2010.55000000,5372.56600000,1772514899999999,10748019.91596300,79996,3446.13860000,6893849.43145400,0
1772514900000000,2010.55000000,2019.40000000,2004.78000000,2007.11000000,4608.13850000,1772515799999999,9273055.06877000,71999,2882.72880000,5803716.26719800,0
1772515800000000,2007.10000000,2007.10000000,1997.45000000,1999.21000000,3522.48510000,1772516699999999,7048273.42314500,65729,1189.75990000,2380412.28831400,0
1772516700000000,1999.20000000,2001.09000000,1987.50000000,1993.36000000,9872.93190000,1772517599999999,19648302.93627800,108851,5504.34170000,10950581.89297000,0
1772517600000000,1993.35000000,1996.00000000,1990.01000000,1994.13000000,2279.15070000,1772518499999999,4542186.58722100,65968,978.74160000,1950538.83363000,0
1772518500000000,1994.12000000,1996.00000000,1990.61000000,1994.01000000,1975.90220000,1772519399999999,3939587.93617400,52203,995.03530000,1983900.80170200,0
1772519400000000,1994.01000000,1996.34000000,1991.01000000,1995.45000000,2434.12930000,1772520299999999,4853057.17989300,51769,1107.49850000,2208023.45795900,0
1772520300000000,1995.44000000,2001.86000000,1987.82000000,1999.27000000,3118.02860000,1772521199999999,6222796.09590800,53302,1744.68340000,3482218.90415100,0
1772521200000000,1999.28000000,2001.01000000,1994.35000000,2000.34000000,3682.03610000,1772522099999999,7352801.60800200,52729,1739.78250000,3474357.23975500,0
1772522100000000,2000.34000000,2003.49000000,1997.54000000,2000.69000000,3799.88010000,1772522999999999,7600566.59897700,56647,1887.97760000,3776533.71198300,0
1772523000000000,2000.68000000,2001.20000000,1993.43000000,1998.00000000,2462.70140000,1772523899999999,4919781.27766900,51117,1483.37450000,2963884.99093300,0
1772523900000000,1997.99000000,1999.40000000,1993.62000000,1996.33000000,1573.85060000,1772524799999999,3141663.46946400,24569,771.03220000,1539118.39194600,0
1772524800000000,1996.32000000,2000.53000000,1984.50000000,1985.23000000,6164.04600000,1772525699999999,12279478.41632000,60486,2602.14950000,5186539.74851600,0
1772525700000000,1985.24000000,1991.81000000,1981.56000000,1983.82000000,4756.59460000,1772526599999999,9446555.10339200,75438,2384.64790000,4736912.64782000,0
1772526600000000,1983.82000000,1984.52000000,1958.52000000,1961.66000000,13474.80120000,1772527499999999,26557829.85074400,140721,4868.57790000,9595283.50381400,0
1772527500000000,1961.65000000,1961.65000000,1947.93000000,1953.10000000,12028.42850000,1772528399999999,23502032.22670000,125402,5672.08450000,11083967.59449800,0
1772528400000000,1953.10000000,1968.80000000,1950.95000000,1965.70000000,8566.61450000,1772529299999999,16808749.36170900,98474,5832.18030000,11445960.52771500,0
1772529300000000,1965.70000000,1968.89000000,1945.55000000,1949.09000000,7367.21850000,1772530199999999,14410673.05998300,90684,3061.21020000,5988961.55366300,0
1772530200000000,1949.08000000,1955.61000000,1939.10000000,1950.44000000,9851.00030000,1772531099999999,19173190.47717100,99423,4135.65980000,8052984.37886900,0
1772531100000000,1950.43000000,1952.49000000,1945.23000000,1951.58000000,4158.12560000,1772531999999999,8102644.96120700,62671,2266.08250000,4415529.99310900,0
1772532000000000,1951.57000000,1953.68000000,1946.06000000,1947.62000000,3121.05870000,1772532899999999,6083076.49327100,61251,1420.24670000,2768212.70206800,0
1772532900000000,1947.61000000,1956.24000000,1945.24000000,1950.10000000,3210.32240000,1772533799999999,6265084.61684100,46122,1617.93030000,3157932.14811900,0
1772533800000000,1950.09000000,1956.74000000,1948.80000000,1956.37000000,3365.23490000,1772534699999999,6569999.89838000,50142,1825.80190000,3564857.12528500,0
1772534700000000,1956.36000000,1964.08000000,1954.21000000,1958.05000000,5171.87060000,1772535599999999,10133546.20293300,67197,3031.79510000,5940028.96391500,0
1772535600000000,1958.05000000,1961.96000000,1956.13000000,1959.09000000,3392.18310000,1772536499999999,6646293.23756300,54541,2125.32470000,4164011.23655100,0
1772536500000000,1959.10000000,1961.50000000,1952.11000000,1957.61000000,3997.73700000,1772537399999999,7822742.28754600,59296,1703.50390000,3333194.87995200,0
1772537400000000,1957.61000000,1964.71000000,1956.65000000,1964.44000000,3279.08620000,1772538299999999,6432091.04957100,55259,2290.44030000,4492833.82745100,0
1772538300000000,1964.43000000,1966.97000000,1960.93000000,1961.28000000,2751.81600000,1772539199999999,5404255.48724600,36067,1547.42590000,3039372.00599900,0
1772539200000000,1961.28000000,1990.07000000,1960.85000000,1981.58000000,9277.75370000,1772540099999999,18338845.87950500,123068,5874.04290000,11607882.73472600,0
1772540100000000,1981.57000000,1982.33000000,1970.60000000,1975.01000000,4890.82850000,1772540999999999,9659146.91531600,85606,2579.42790000,5094374.73093300,0
1772541000000000,1975.00000000,1975.54000000,1963.76000000,1967.58000000,4746.84940000,1772541899999999,9344099.02214700,87165,2191.79590000,4314637.29483100,0
1772541900000000,1967.59000000,1970.57000000,1963.51000000,1967.57000000,5080.21870000,1772542799999999,9992209.56995400,70951,1720.98220000,3384961.74714000,0
1772542800000000,1967.58000000,1968.77000000,1949.77000000,1950.35000000,7884.30110000,1772543699999999,15429470.03585700,105285,3231.18010000,6321898.68456800,0
1772543700000000,1950.36000000,1960.06000000,1950.21000000,1957.22000000,3280.30900000,1772544599999999,6419489.08534000,67133,2123.96040000,4156348.32791300,0
1772544600000000,1957.23000000,1957.23000000,1948.35000000,1951.78000000,3454.18850000,1772545499999999,6741387.91947800,77052,1724.70290000,3365928.27537300,0
1772545500000000,1951.77000000,1952.94000000,1943.73000000,1952.14000000,5682.09410000,1772546399999999,11069745.88770800,100442,3034.82440000,5912694.70828200,0
1772546400000000,1952.13000000,1963.99000000,1949.18000000,1961.19000000,5378.14730000,1772547299999999,10534820.19800600,103330,3302.22040000,6467872.75298800,0
1772547300000000,1961.19000000,1971.85000000,1958.30000000,1961.96000000,6002.77850000,1772548199999999,11800352.52324500,105494,3403.39360000,6690422.42106600,0
1772548200000000,1961.96000000,1977.31000000,1934.84000000,1937.43000000,29074.78370000,1772549099999999,56777712.82600400,353509,13830.00140000,27004587.95280700,0
1772549100000000,1937.44000000,1954.26000000,1929.56000000,1942.78000000,15726.75090000,1772549999999999,30534561.35579500,271319,7715.75310000,14985761.58937200,0
1772550000000000,1942.78000000,1953.54000000,1938.41000000,1945.80000000,8934.47130000,1772550899999999,17372236.81832400,230713,4772.15120000,9280087.33190200,0
1772550900000000,1945.81000000,1950.75000000,1932.04000000,1942.65000000,9503.04360000,1772551799999999,18455826.04482400,158187,5080.35990000,9870507.94416800,0
1772551800000000,1942.64000000,1972.71000000,1942.40000000,1959.67000000,13192.28320000,1772552699999999,25854690.76107600,239779,7524.99540000,14746575.73470700,0
1772552700000000,1959.66000000,1970.99000000,1959.66000000,1969.22000000,6788.18980000,1772553599999999,13343388.76922500,170342,3441.94220000,6765498.86120000,0
1772553600000000,1969.21000000,2001.90000000,1964.94000000,1995.17000000,16129.51950000,1772554499999999,32014177.95391200,226497,9159.66990000,18189129.01880700,0
1772554500000000,1995.17000000,2014.12000000,1988.24000000,2006.39000000,13199.48950000,1772555399999999,26411200.36301500,237914,6992.85360000,13994630.71370500,0
1772555400000000,2006.37000000,2006.37000000,1958.76000000,1970.57000000,16705.86400000,1772556299999999,33037758.46572800,257254,7529.98360000,14885465.35122700,0
1772556300000000,1970.57000000,1992.31000000,1969.32000000,1983.98000000,8872.32780000,1772557199999999,17591424.52491700,184049,5352.95450000,10614415.40451900,0
1772557200000000,1983.98000000,1985.55000000,1960.00000000,1970.56000000,6936.46610000,1772558099999999,13669815.47144100,160461,2891.80840000,5697783.86497500,0
1772558100000000,1970.54000000,1979.83000000,1965.01000000,1976.27000000,4206.76290000,1772558999999999,8300351.34234000,92556,2394.56740000,4724837.46226600,0
1772559000000000,1976.26000000,1976.52000000,1959.38000000,1975.65000000,5108.48570000,1772559899999999,10050938.79236000,91905,2369.96140000,4664881.13497200,0
1772559900000000,1975.63000000,1985.60000000,1972.48000000,1980.60000000,3842.67910000,1772560799999999,7610685.36184600,91014,1953.44850000,3869033.65988000,0
1772560800000000,1980.59000000,1987.16000000,1969.70000000,1973.66000000,4109.13420000,1772561699999999,8130257.55410500,79286,1791.27660000,3545945.60023600,0
1772561700000000,1973.67000000,1990.57000000,1973.66000000,1986.04000000,3847.32410000,1772562599999999,7637063.43929600,72662,2419.30130000,4801627.45829500,0
1772562600000000,1986.03000000,2000.32000000,1985.45000000,1993.00000000,6329.15170000,1772563499999999,12624263.17075300,85994,2984.29790000,5953487.81996300,0
1772563500000000,1993.00000000,1993.00000000,1984.24000000,1988.20000000,2733.44890000,1772564399999999,5437484.40150800,66834,985.48780000,1960499.71607300,0
1772564400000000,1988.21000000,1990.66000000,1977.28000000,1985.23000000,5372.27410000,1772565299999999,10656049.37525500,73845,1801.69310000,3575443.43298600,0
1772565300000000,1985.23000000,1994.37000000,1981.58000000,1986.00000000,8022.13400000,1772566199999999,15952840.74304700,78702,2780.13430000,5530104.71327700,0
1772566200000000,1986.01000000,1993.87000000,1976.97000000,1987.66000000,5031.39520000,1772567099999999,9991274.16333900,99584,2209.21280000,4389026.68326700,0
1772567100000000,1987.67000000,1993.00000000,1983.46000000,1986.02000000,2021.43650000,1772567999999999,4019817.92592100,58874,990.87570000,1970773.25739100,0
1772568000000000,1986.03000000,1989.80000000,1978.71000000,1978.71000000,2404.86170000,1772568899999999,4772652.11896600,63591,851.92130000,1691332.96162100,0
1772568900000000,1978.70000000,1987.05000000,1977.91000000,1982.28000000,1606.22680000,1772569799999999,3184968.14026800,57837,906.33940000,1797098.81377000,0
1772569800000000,1982.28000000,1989.35000000,1981.17000000,1984.64000000,1477.86300000,1772570699999999,2932252.36208300,48300,743.66640000,1475740.17300600,0
1772570700000000,1984.65000000,1985.43000000,1969.83000000,1978.34000000,3851.02780000,1772571599999999,7609918.86840700,69270,1582.34020000,3126755.46497400,0
1772571600000000,1978.34000000,1978.40000000,1962.31000000,1967.99000000,3199.64540000,1772572499999999,6295899.85317200,50445,1391.99600000,2737536.33227600,0
1772572500000000,1967.98000000,1969.59000000,1959.35000000,1963.28000000,2506.89190000,1772573399999999,4922444.26528800,40186,879.42210000,1727075.94910400,0
1772573400000000,1963.28000000,1967.87000000,1961.71000000,1965.64000000,1205.99820000,1772574299999999,2369559.46887800,32567,532.73000000,1046702.76081000,0
1772574300000000,1965.64000000,1971.19000000,1963.02000000,1968.46000000,1181.25460000,1772575199999999,2324685.44796400,24077,761.18460000,1498272.24622500,0
1772575200000000,1968.46000000,1985.61000000,1968.25000000,1980.79000000,3960.16680000,1772576099999999,7839758.58939700,67970,2369.96550000,4691103.19808200,0
1772576100000000,1980.80000000,1983.83000000,1976.93000000,1980.27000000,1056.71240000,1772576999999999,2092972.72064400,29765,573.32830000,1135764.28452700,0
1772577000000000,1980.26000000,1988.20000000,1977.49000000,1986.21000000,1437.14230000,1772577899999999,2850770.14209700,23656,744.03490000,1475833.50747400,0
1772577900000000,1986.20000000,1986.61000000,1980.33000000,1983.31000000,877.03110000,1772578799999999,1739227.41548900,27628,473.22870000,938499.29496200,0
1772578800000000,1983.30000000,2001.63000000,1981.50000000,1994.76000000,4543.92250000,1772579699999999,9057494.01358700,64597,2746.57990000,5475313.82089900,0
1772579700000000,1994.76000000,1996.23000000,1987.12000000,1988.43000000,2028.76640000,1772580599999999,4039395.74182000,33675,893.03410000,1778203.07929200,0
1772580600000000,1988.44000000,1991.98000000,1983.98000000,1988.00000000,2228.68200000,1772581499999999,4431495.40580600,27161,983.18210000,1955132.76801400,0
1772581500000000,1987.99000000,1989.60000000,1981.25000000,1982.80000000,2606.85680000,1772582399999999,5176407.27590900,23826,910.12820000,1807181.66095900,0
1772582400000000,1982.81000000,1983.24000000,1977.64000000,1980.92000000,1820.04770000,1772583299999999,3605412.80772700,47023,750.87370000,1487513.52286800,0
1772583300000000,1980.92000000,1986.79000000,1979.65000000,1980.86000000,2463.20010000,1772584199999999,4885253.66177100,36824,993.35420000,1970605.86097700,0
1772584200000000,1980.85000000,1981.30000000,1961.88000000,1964.65000000,4523.50240000,1772585099999999,8910064.85230900,77352,1754.95260000,3456439.09769600,0
1772585100000000,1964.65000000,1979.87000000,1964.65000000,1976.68000000,4845.59590000,1772585999999999,9573614.96665700,56765,1752.74010000,3460378.20599500,0
1772586000000000,1976.69000000,1984.00000000,1973.96000000,1977.93000000,2598.58490000,1772586899999999,5144319.19973800,69112,1387.32660000,2746515.61383500,0
1772586900000000,1977.94000000,1982.42000000,1970.18000000,1979.31000000,3418.56270000,1772587799999999,6748073.43536400,70245,1195.01830000,2360430.88800800,0
1772587800000000,1979.30000000,1998.66000000,1977.98000000,1989.97000000,5487.82030000,1772588699999999,10922358.00902700,113180,3277.11710000,6522359.24488900,0
1772588700000000,1989.97000000,1990.35000000,1980.30000000,1981.73000000,3703.25610000,1772589599999999,7348376.39635100,68671,1158.82800000,2299506.84456900,0
1772589600000000,1981.72000000,1982.79000000,1973.43000000,1977.05000000,2487.13600000,1772590499999999,4917969.31903800,81920,1129.63080000,2233700.38086600,0
1772590500000000,1977.04000000,1981.47000000,1972.43000000,1973.18000000,1316.85740000,1772591399999999,2601684.44792100,44339,642.89820000,1270319.67070100,0
1772591400000000,1973.18000000,1976.09000000,1969.10000000,1973.38000000,2907.10010000,1772592299999999,5734925.96302000,60669,1023.91600000,2020137.35807100,0
1772592300000000,1973.38000000,1982.74000000,1971.78000000,1979.24000000,2389.96330000,1772593199999999,4730493.36485100,47582,965.51180000,1910404.98963600,0
1772593200000000,1979.23000000,1979.24000000,1970.17000000,1975.98000000,1861.55300000,1772594099999999,3675074.37427700,56229,876.68680000,1730565.82646200,0
1772594100000000,1975.98000000,1980.18000000,1962.91000000,1964.69000000,5217.65080000,1772594999999999,10285884.46819500,67870,2022.96130000,3989837.08959800,0
1772595000000000,1964.69000000,1966.04000000,1945.08000000,1951.04000000,13413.68710000,1772595899999999,26202674.15038400,162729,4785.11530000,9344523.05955100,0
1772595900000000,1951.05000000,1961.51000000,1947.81000000,1960.90000000,3885.21070000,1772596799999999,7596727.64869200,88489,2547.05650000,4980538.51950800,0
1772596800000000,1960.89000000,1964.65000000,1953.01000000,1960.66000000,3187.47910000,1772597699999999,6246548.86892800,71345,1558.09540000,3053732.99904500,0
1772597700000000,1960.66000000,1962.07000000,1952.18000000,1954.12000000,2549.96320000,1772598599999999,4986647.65931000,59539,1044.41320000,2042547.85025700,0
1772598600000000,1954.13000000,1958.74000000,1950.65000000,1957.89000000,2486.17660000,1772599499999999,4859076.15409700,59756,1112.75430000,2175121.39862400,0
1772599500000000,1957.89000000,1963.00000000,1956.25000000,1960.25000000,2475.15990000,1772600399999999,4849676.35430900,44388,1395.97040000,2735012.24274800,0
1772600400000000,1960.26000000,1963.18000000,1957.00000000,1962.33000000,1810.46200000,1772601299999999,3549609.62859900,50819,842.12820000,1651268.05859400,0
1772601300000000,1962.33000000,1965.49000000,1955.79000000,1960.12000000,1922.47140000,1772602199999999,3770339.07108600,47382,837.13020000,1642459.39533500,0
1772602200000000,1960.13000000,1977.84000000,1957.79000000,1972.63000000,3907.28690000,1772603099999999,7691420.01781300,68605,2365.29110000,4656663.15604700,0
1772603100000000,1972.62000000,1975.89000000,1969.61000000,1971.14000000,2635.31070000,1772603999999999,5198227.35558700,52256,1612.82360000,3181480.89008700,0
1772604000000000,1971.14000000,1971.83000000,1964.91000000,1966.41000000,2218.26430000,1772604899999999,4365748.05496600,43825,1200.88280000,2363752.93698000,0
1772604900000000,1966.41000000,1967.93000000,1963.33000000,1967.23000000,2732.63000000,1772605799999999,5371719.74634100,47736,1395.97740000,2744182.10688800,0
1772605800000000,1967.24000000,1986.00000000,1967.24000000,1985.80000000,5153.07330000,1772606699999999,10199179.35017400,81121,3206.04360000,6344873.35034200,0
1772606700000000,1985.80000000,1986.49000000,1978.28000000,1980.33000000,2880.31460000,1772607599999999,5709761.56492600,44377,1601.65760000,3176467.88982800,0
1772607600000000,1980.34000000,1982.09000000,1975.00000000,1975.36000000,2334.35890000,1772608499999999,4616917.06270200,46564,955.29630000,1889566.55748900,0
1772608500000000,1975.36000000,1985.60000000,1974.64000000,1985.59000000,1777.94870000,1772609399999999,3519216.62277500,42685,993.96850000,1967842.44874200,0
1772609400000000,1985.59000000,1994.00000000,1983.80000000,1993.06000000,4270.99340000,1772610299999999,8493640.53460100,75859,2396.48410000,4766572.97590500,0
1772610300000000,1993.05000000,2010.00000000,1990.04000000,2006.55000000,10145.69290000,1772611199999999,20315321.69811000,91441,5549.27760000,11112046.06631400,0
1772611200000000,2006.55000000,2019.90000000,2003.88000000,2009.95000000,13637.70580000,1772612099999999,27445518.56414700,120485,6913.90390000,13915455.17513500,0
1772612100000000,2009.95000000,2010.02000000,2000.47000000,2005.68000000,4842.74160000,1772612999999999,9711360.17359100,95710,2144.07290000,4299375.15594900,0
1772613000000000,2005.68000000,2030.80000000,2005.30000000,2030.35000000,11647.70700000,1772613899999999,23524471.41937100,121260,7694.54670000,15541031.05581300,0
1772613900000000,2030.35000000,2066.66000000,2030.35000000,2063.71000000,30338.74890000,1772614799999999,62186114.02250100,254281,17193.36940000,35236289.10897900,0
1772614800000000,2063.71000000,2075.00000000,2055.18000000,2068.84000000,16726.16050000,1772615699999999,34545914.85584800,185318,7361.24180000,15208642.15152000,0
1772615700000000,2068.83000000,2080.00000000,2066.58000000,2076.17000000,13725.48230000,1772616599999999,28461246.94799900,179085,6849.47950000,14204787.39370000,0
1772616600000000,2076.18000000,2088.00000000,2071.42000000,2084.02000000,19269.97850000,1772617499999999,40102449.41215600,173573,10259.48820000,21353178.10842100,0
1772617500000000,2084.02000000,2089.55000000,2071.30000000,2075.23000000,9808.55100000,1772618399999999,20396177.43828500,120649,4441.82290000,9239196.91708700,0
1772618400000000,2075.24000000,2092.90000000,2073.71000000,2084.83000000,13563.57340000,1772619299999999,28260248.71453100,168719,7573.39380000,15784709.95005300,0
1772619300000000,2084.82000000,2085.93000000,2075.63000000,2079.99000000,7072.41230000,1772620199999999,14714688.64140800,107306,2703.72010000,5625086.37361900,0
1772620200000000,2079.99000000,2081.30000000,2072.62000000,2074.03000000,4416.11220000,1772621099999999,9169123.94827700,76404,1568.09400000,3256171.28075800,0
1772621100000000,2074.03000000,2075.99000000,2067.36000000,2072.34000000,10466.48720000,1772621999999999,21684105.21566000,82621,2783.62190000,5766793.11491500,0
1772622000000000,2072.33000000,2076.04000000,2066.18000000,2074.86000000,9342.22160000,1772622899999999,19349333.31021200,73166,5779.58950000,11971568.83218400,0
1772622900000000,2074.86000000,2078.22000000,2066.19000000,2067.86000000,4887.52960000,1772623799999999,10128595.67053800,56511,1206.08970000,2500282.75485300,0
1772623800000000,2067.86000000,2069.84000000,2046.77000000,2054.01000000,12882.48110000,1772624699999999,26493077.84403600,123771,5037.08640000,10349373.00178100,0
1772624700000000,2054.01000000,2058.74000000,2050.57000000,2054.97000000,4703.17930000,1772625599999999,9662974.56168900,63255,2214.08320000,4549788.72925500,0
1772625600000000,2054.97000000,2059.29000000,2047.61000000,2050.59000000,7428.47990000,1772626499999999,15243457.12379300,86676,4532.99520000,9300066.57721100,0
1772626500000000,2050.59000000,2051.08000000,2039.66000000,2040.99000000,6446.95770000,1772627399999999,13179702.69025200,94268,2371.40420000,4847813.76672500,0
1772627400000000,2040.99000000,2053.36000000,2036.37000000,2050.29000000,15301.61430000,1772628299999999,31238794.23040100,95216,10446.84290000,21319682.25155500,0
1772628300000000,2050.30000000,2054.69000000,2047.40000000,2054.33000000,5460.58170000,1772629199999999,11199397.90192200,75174,2523.03890000,5174726.47231900,0
1772629200000000,2054.34000000,2068.53000000,2052.79000000,2059.76000000,6161.38600000,1772630099999999,12700716.14865500,107112,3293.84150000,6789754.69551100,0
1772630100000000,2059.76000000,2063.27000000,2055.53000000,2059.95000000,2770.20660000,1772630999999999,5704486.11534000,83377,1212.31500000,2496377.37855900,0
1772631000000000,2059.94000000,2065.39000000,2056.28000000,2063.53000000,2989.15450000,1772631899999999,6160432.56507800,74316,1426.88710000,2941144.44786900,0
1772631900000000,2063.54000000,2067.42000000,2061.29000000,2064.49000000,2660.24870000,1772632799999999,5492304.23352000,68637,1488.69520000,3073665.78343600,0
1772632800000000,2064.48000000,2077.66000000,2062.82000000,2074.91000000,10025.92410000,1772633699999999,20771298.53854300,97464,6651.20320000,13777973.34249100,0
1772633700000000,2074.91000000,2082.64000000,2069.95000000,2078.69000000,9574.59960000,1772634599999999,19873495.03961900,133534,5540.04290000,11501469.99194800,0
1772634600000000,2078.69000000,2110.00000000,2066.66000000,2066.75000000,33404.58560000,1772635499999999,69841431.52525500,395965,17519.10840000,36650364.02452200,0
1772635500000000,2066.75000000,2084.85000000,2064.90000000,2080.00000000,11556.53350000,1772636399999999,23980727.19734700,234676,6416.32040000,13315385.75166800,0
1772636400000000,2079.99000000,2098.71000000,2079.09000000,2089.44000000,15530.76740000,1772637299999999,32472387.31435600,235151,8727.36460000,18248464.09443300,0
1772637300000000,2089.43000000,2143.98000000,2088.76000000,2139.02000000,26683.22930000,1772638199999999,56445843.23514500,257294,15560.42370000,32938649.49222500,0
1772638200000000,2139.02000000,2142.48000000,2122.59000000,2127.07000000,22292.80290000,1772639099999999,47496909.67396800,255121,10729.53770000,22864662.63234000,0
1772639100000000,2127.08000000,2157.67000000,2126.36000000,2150.23000000,24707.50900000,1772639999999999,52999153.47011700,208427,13269.83240000,28472004.17895200,0
1772640000000000,2150.23000000,2165.75000000,2133.49000000,2135.44000000,24567.04490000,1772640899999999,52775051.38510300,265558,11379.73010000,24455962.70942200,0
1772640900000000,2135.43000000,2147.54000000,2129.13000000,2143.76000000,12359.06350000,1772641799999999,26417365.43919900,187110,6829.25420000,14596834.38365100,0
1772641800000000,2143.75000000,2152.12000000,2141.51000000,2146.01000000,13502.18160000,1772642699999999,28999756.56004100,135821,8575.68840000,18420253.68296500,0
1772642700000000,2146.00000000,2149.44000000,2140.03000000,2142.39000000,8445.70250000,1772643599999999,18128491.30311200,103640,3676.12380000,7891136.19109300,0
1772643600000000,2142.39000000,2155.35000000,2138.72000000,2148.78000000,10561.90950000,1772644499999999,22680543.93066500,131791,5856.15030000,12576134.99652100,0
1772644500000000,2148.78000000,2153.74000000,2130.17000000,2135.74000000,14026.56350000,1772645399999999,30000205.27594100,142815,4515.63650000,9660677.22472600,0
1772645400000000,2135.74000000,2148.80000000,2135.69000000,2145.00000000,10565.10350000,1772646299999999,22632524.92639100,115998,6221.38360000,13325949.24688100,0
1772646300000000,2145.00000000,2156.83000000,2144.70000000,2146.07000000,8269.16650000,1772647199999999,17780188.50633600,85896,4647.79310000,9993051.42871900,0
1772647200000000,2146.07000000,2154.32000000,2138.13000000,2141.90000000,5134.87650000,1772648099999999,11017304.03572200,82891,2167.86980000,4651603.96558200,0
1772648100000000,2141.90000000,2156.00000000,2141.12000000,2154.72000000,6008.03660000,1772648999999999,12917113.79445700,83069,3376.90820000,7258579.36670400,0
1772649000000000,2154.72000000,2159.09000000,2145.30000000,2153.71000000,4533.56480000,1772649899999999,9749195.75149300,70139,1825.12740000,3925734.04163900,0
1772649900000000,2153.70000000,2164.38000000,2152.03000000,2163.18000000,4330.11810000,1772650799999999,9348502.90377100,89358,2148.69330000,4640075.09685300,0
1772650800000000,2163.18000000,2187.05000000,2161.01000000,2181.75000000,20169.03170000,1772651699999999,43869303.38133400,166396,11444.95070000,24893464.83205400,0
1772651700000000,2181.76000000,2199.00000000,2174.76000000,2175.41000000,19098.14070000,1772652599999999,41769010.75227400,163956,8858.34350000,19377936.19890700,0
1772652600000000,2175.41000000,2187.87000000,2170.72000000,2181.34000000,6801.30080000,1772653499999999,14820253.95127800,114876,3876.20200000,8449871.76552900,0
1772653500000000,2181.34000000,2184.99000000,2175.89000000,2177.51000000,3438.90670000,1772654399999999,7498745.10534200,70606,1493.52990000,3257356.40315200,0
1772654400000000,2177.51000000,2179.66000000,2162.66000000,2168.30000000,5267.56740000,1772655299999999,11436339.76594100,85072,2083.10410000,4523092.99429700,0
1772655300000000,2168.31000000,2177.02000000,2165.40000000,2171.69000000,3352.75010000,1772656199999999,7278529.48383100,69265,1372.69700000,2980635.29052500,0
1772656200000000,2171.68000000,2175.49000000,2165.28000000,2172.93000000,3021.32910000,1772657099999999,6556922.36279900,65546,1163.64880000,2525524.37884400,0
1772657100000000,2172.93000000,2174.05000000,2149.31000000,2150.13000000,6580.93820000,1772657999999999,14213785.49892200,98527,2319.00740000,5011425.17731900,0
1772658000000000,2150.13000000,2155.18000000,2142.27000000,2145.49000000,5044.00460000,1772658899999999,10838846.86510800,86090,2187.20790000,4700911.07006900,0
1772658900000000,2145.48000000,2150.00000000,2142.25000000,2148.96000000,2350.84870000,1772659799999999,5046029.24856700,52097,1058.93180000,2273003.42468000,0
1772659800000000,2148.95000000,2155.77000000,2146.15000000,2149.27000000,2371.69670000,1772660699999999,5100853.86769700,38690,1358.31680000,2921242.24204900,0
1772660700000000,2149.27000000,2152.10000000,2145.86000000,2149.86000000,1920.46100000,1772661599999999,4127237.24744700,28741,840.05830000,1805508.86793300,0
1772661600000000,2149.85000000,2164.16000000,2149.85000000,2157.45000000,4033.91940000,1772662499999999,8706768.65768300,57498,2214.28720000,4778220.43482600,0
1772662500000000,2157.45000000,2159.79000000,2152.97000000,2152.97000000,1887.52610000,1772663399999999,4070108.45837400,36644,645.35430000,1391699.63803700,0
1772663400000000,2152.97000000,2154.90000000,2135.27000000,2136.66000000,4766.31340000,1772664299999999,10215226.90607300,60155,1537.99250000,3296630.07149500,0
1772664300000000,2136.67000000,2136.88000000,2127.42000000,2132.11000000,4473.50290000,1772665199999999,9536992.03158700,62109,1729.09610000,3686072.07629300,0
1772665200000000,2132.11000000,2136.84000000,2128.79000000,2132.30000000,2147.71520000,1772666099999999,4581142.97400200,48519,1063.82340000,2269344.90037900,0
1772666100000000,2132.30000000,2135.77000000,2123.63000000,2125.37000000,4775.76810000,1772666999999999,10163139.84936400,52497,1399.11140000,2976827.72217700,0
1772667000000000,2125.38000000,2131.99000000,2116.67000000,2131.34000000,4861.94330000,1772667899999999,10322186.81805800,53927,1817.12840000,3859683.44458100,0
1772667900000000,2131.33000000,2133.44000000,2123.30000000,2127.28000000,3824.85210000,1772668799999999,8131492.41293800,40807,723.06690000,1537880.36562900,0
1772668800000000,2127.28000000,2130.35000000,2121.50000000,2126.48000000,2342.46560000,1772669699999999,4980786.30645400,55511,980.18710000,2084429.36508100,0
1772669700000000,2126.48000000,2134.89000000,2122.20000000,2127.05000000,4275.53430000,1772670599999999,9103307.08873000,65508,1255.49590000,2674148.62602000,0
1772670600000000,2127.04000000,2134.09000000,2124.24000000,2131.03000000,4640.38940000,1772671499999999,9874076.92749500,61351,2274.03190000,4838359.67812700,0
1772671500000000,2131.03000000,2135.36000000,2126.66000000,2128.13000000,3151.45790000,1772672399999999,6717618.63928400,51708,1200.29050000,2559034.56229000,0
1772672400000000,2128.14000000,2141.93000000,2124.50000000,2136.78000000,5853.53460000,1772673299999999,12480248.07324700,78574,2111.27060000,4506696.76838600,0
1772673300000000,2136.79000000,2138.65000000,2120.25000000,2127.71000000,4229.60230000,1772674199999999,9001456.20088700,74760,1255.76280000,2672631.04493300,0
1772674200000000,2127.71000000,2128.08000000,2110.42000000,2113.87000000,4861.56160000,1772675099999999,10297548.90547400,80309,1566.32630000,3316764.95252200,0
1772675100000000,2113.88000000,2116.93000000,2107.57000000,2113.73000000,3776.48190000,1772675999999999,7973187.17736500,78039,1566.37790000,3307362.14869700,0
1772676000000000,2113.72000000,2133.20000000,2112.82000000,2131.40000000,6412.15520000,1772676899999999,13620865.35294900,85689,3435.91680000,7301482.87246600,0
1772676900000000,2131.41000000,2134.09000000,2124.20000000,2126.75000000,1611.50380000,1772677799999999,3430214.72421900,41888,847.03390000,1803143.99372600,0
1772677800000000,2126.75000000,2126.76000000,2115.59000000,2116.52000000,2162.74850000,1772678699999999,4584486.03451400,40823,848.16250000,1797879.96617700,0
1772678700000000,2116.53000000,2124.90000000,2116.26000000,2121.85000000,2178.62460000,1772679599999999,4619362.71871700,39919,1010.78910000,2143094.74889700,0
1772679600000000,2121.85000000,2126.07000000,2118.01000000,2120.04000000,1592.49070000,1772680499999999,3379552.68005900,35216,663.45420000,1408095.94143900,0
1772680500000000,2120.04000000,2122.65000000,2112.50000000,2113.95000000,2126.66230000,1772681399999999,4502912.98510100,38122,727.54770000,1540535.52896000,0
1772681400000000,2113.96000000,2115.66000000,2108.56000000,2108.86000000,2317.25030000,1772682299999999,4893968.78173900,54839,1048.28210000,2214129.17897000,0
1772682300000000,2108.87000000,2122.55000000,2107.50000000,2120.15000000,2523.94020000,1772683199999999,5341053.12227000,37835,1594.38260000,3375072.49046900,0
1772683200000000,2120.15000000,2129.18000000,2118.59000000,2126.05000000,2619.40960000,1772684099999999,5564978.63107300,44485,1676.75420000,3562302.25440100,0
1772684100000000,2126.05000000,2135.20000000,2121.64000000,2134.41000000,3511.96160000,1772684999999999,7479194.80329400,50548,2226.51480000,4742359.83315300,0
1772685000000000,2134.42000000,2140.00000000,2127.30000000,2138.99000000,4538.29090000,1772685899999999,9682389.75425300,61059,2207.01710000,4710772.19461000,0
1772685900000000,2138.98000000,2144.20000000,2128.35000000,2137.36000000,5139.92560000,1772686799999999,10982009.24478500,55367,3069.36870000,6559004.46723200,0
1772686800000000,2137.35000000,2139.32000000,2133.35000000,2136.79000000,1227.72300000,1772687699999999,2622865.44491300,29077,637.39940000,1361667.39122600,0
1772687700000000,2136.80000000,2137.00000000,2116.68000000,2119.45000000,6006.77530000,1772688599999999,12745170.89105400,50319,1503.42760000,3192506.00216500,0
1772688600000000,2119.44000000,2123.69000000,2114.03000000,2117.07000000,2286.59170000,1772689499999999,4843547.31918200,42951,965.48140000,2045306.49382500,0
1772689500000000,2117.07000000,2120.42000000,2115.21000000,2119.65000000,1625.16930000,1772690399999999,3441883.52856200,36895,693.38090000,1468535.66149500,0
1772690400000000,2119.66000000,2122.97000000,2110.15000000,2114.46000000,3101.37080000,1772691299999999,6561640.67509200,64641,1337.80260000,2830385.97839400,0
1772691300000000,2114.45000000,2127.58000000,2112.38000000,2120.94000000,2313.12980000,1772692199999999,4905375.11975100,51724,1314.74550000,2788866.93892700,0
1772692200000000,2120.94000000,2124.41000000,2116.59000000,2122.46000000,1168.44810000,1772693099999999,2477438.25203200,35422,627.66550000,1330771.22781100,0
1772693100000000,2122.47000000,2130.92000000,2120.31000000,2128.23000000,2151.27050000,1772693999999999,4575578.14471400,48949,1088.52320000,2315599.46215000,0
1772694000000000,2128.22000000,2132.53000000,2124.51000000,2129.34000000,2534.21700000,1772694899999999,5393198.68023800,55587,1410.78770000,3003314.97236500,0
1772694900000000,2129.34000000,2130.48000000,2125.60000000,2126.43000000,1294.54860000,1772695799999999,2754769.00603300,32391,597.79600000,1272322.92522800,0
1772695800000000,2126.43000000,2126.43000000,2116.09000000,2118.02000000,2780.39020000,1772696699999999,5894131.52982900,48150,1123.16320000,2380097.25184500,0
1772696700000000,2118.02000000,2118.56000000,2095.71000000,2104.96000000,11739.99060000,1772697599999999,24707007.43462400,67030,5200.63090000,10946976.52521600,0
1772697600000000,2104.96000000,2105.48000000,2093.63000000,2097.43000000,4366.43610000,1772698499999999,9167652.06005500,55013,2262.64980000,4751232.65244300,0
1772698500000000,2097.42000000,2103.04000000,2093.75000000,2096.89000000,5991.57220000,1772699399999999,12582209.31854000,83594,2590.04620000,5439161.91034500,0
1772699400000000,2096.89000000,2115.53000000,2095.86000000,2114.10000000,4571.58720000,1772700299999999,9630591.38978700,70915,2905.61020000,6121015.77152800,0
1772700300000000,2114.09000000,2118.82000000,2109.37000000,2117.64000000,2843.13480000,1772701199999999,6009121.55266300,54591,1694.77280000,3582744.30564500,0
1772701200000000,2117.64000000,2132.97000000,2116.54000000,2127.36000000,6669.63750000,1772702099999999,14179465.36657900,99945,3919.71920000,8332014.91715000,0
1772702100000000,2127.36000000,2134.05000000,2124.09000000,2129.10000000,5063.50160000,1772702999999999,10777524.38429000,90526,2909.21130000,6192837.45986400,0
1772703000000000,2129.09000000,2137.71000000,2124.79000000,2125.95000000,4409.77490000,1772703899999999,9394266.67365200,68634,2140.67810000,4561168.82734500,0
1772703900000000,2125.95000000,2127.96000000,2122.45000000,2125.45000000,1840.10980000,1772704799999999,3910648.18958300,47964,775.59050000,1648248.36564100,0
1772704800000000,2125.45000000,2128.23000000,2119.99000000,2128.08000000,3058.12870000,1772705699999999,6492527.04030500,54626,1658.54160000,3520682.36608700,0
1772705700000000,2128.09000000,2148.00000000,2126.08000000,2143.44000000,5438.84580000,1772706599999999,11630968.54686300,92826,3430.39070000,7336872.46923500,0
1772706600000000,2143.44000000,2160.47000000,2143.44000000,2152.32000000,7293.24880000,1772707499999999,15707918.70261100,116909,4691.93900000,10103997.73285100,0
1772707500000000,2152.32000000,2163.66000000,2150.00000000,2156.15000000,5601.30430000,1772708399999999,12078035.31234200,85440,3082.49110000,6644701.15613400,0
1772708400000000,2156.14000000,2159.31000000,2145.29000000,2151.00000000,5327.16500000,1772709299999999,11464226.04101300,88225,2601.30240000,5595221.50067000,0
1772709300000000,2151.00000000,2151.69000000,2142.18000000,2148.36000000,2796.74760000,1772710199999999,6003731.81166700,60848,1309.12390000,2810369.19508900,0
1772710200000000,2148.37000000,2148.37000000,2133.72000000,2134.12000000,3611.42110000,1772711099999999,7725525.01557500,61485,1071.10980000,2292993.50649300,0
1772711100000000,2134.13000000,2139.23000000,2133.50000000,2137.92000000,1640.11990000,1772711999999999,3504744.73634300,46358,928.97930000,1985102.85625500,0
1772712000000000,2137.92000000,2138.85000000,2127.00000000,2134.08000000,4673.94890000,1772712899999999,9972643.08138800,77094,1828.61210000,3900079.44667600,0
1772712900000000,2134.08000000,2135.69000000,2123.58000000,2132.00000000,5271.02150000,1772713799999999,11223691.52291900,84127,3075.33310000,6548399.40367300,0
1772713800000000,2132.00000000,2137.76000000,2127.62000000,2134.74000000,2739.67560000,1772714699999999,5842289.70997200,61125,1637.40900000,3491839.07941300,0
1772714700000000,2134.73000000,2142.95000000,2133.90000000,2138.25000000,3050.98170000,1772715599999999,6527421.22325200,65914,1919.16840000,4105751.58204500,0
1772715600000000,2138.25000000,2139.72000000,2122.81000000,2127.23000000,4126.43900000,1772716499999999,8781855.76322000,90415,1505.43360000,3204761.57623900,0
1772716500000000,2127.23000000,2130.22000000,2113.78000000,2123.03000000,4357.86680000,1772717399999999,9250429.09462200,87597,1899.53770000,4032963.40841400,0
1772717400000000,2123.04000000,2123.62000000,2109.18000000,2119.10000000,5370.67520000,1772718299999999,11357675.43872200,103289,2592.23930000,5482979.36421700,0
1772718300000000,2119.10000000,2127.13000000,2114.32000000,2117.60000000,5718.77470000,1772719199999999,12132107.08811500,72468,3012.65150000,6391780.72923000,0
1772719200000000,2117.60000000,2122.91000000,2114.41000000,2122.34000000,3136.43190000,1772720099999999,6646998.13705300,75464,1605.49150000,3402904.63559100,0
1772720100000000,2122.35000000,2122.82000000,2113.86000000,2117.92000000,2504.66220000,1772720999999999,5303127.90538900,65514,1395.11200000,2954075.26434000,0
1772721000000000,2117.92000000,2131.65000000,2096.76000000,2099.13000000,13547.80100000,1772721899999999,28617186.27693500,263061,6227.79050000,13162518.94882000,0
1772721900000000,2099.14000000,2125.35000000,2096.73000000,2119.17000000,11573.88780000,1772722799999999,24427528.81126500,223520,6334.13730000,13368910.54891700,0
1772722800000000,2119.18000000,2121.93000000,2083.38000000,2089.20000000,17572.98710000,1772723699999999,36820683.51690600,237422,7593.67630000,15907998.27695500,0
1772723700000000,2089.20000000,2093.91000000,2072.72000000,2073.87000000,19814.04490000,1772724599999999,41242756.41526800,201872,6175.30910000,12858418.77735500,0
1772724600000000,2073.88000000,2088.21000000,2067.54000000,2081.08000000,13624.95230000,1772725499999999,28288515.82602500,187004,6722.16770000,13959305.89457800,0
1772725500000000,2081.09000000,2089.93000000,2079.16000000,2086.96000000,7434.60690000,1772726399999999,15485972.03589600,107179,2981.45970000,6211477.30584000,0
1772726400000000,2086.95000000,2087.42000000,2056.70000000,2063.79000000,12931.17670000,1772727299999999,26756508.34895100,161200,5201.30080000,10759590.57109200,0
1772727300000000,2063.80000000,2077.32000000,2060.12000000,2072.53000000,7547.29670000,1772728199999999,15610086.40786600,111302,3634.56390000,7520100.02197600,0
1772728200000000,2072.53000000,2085.00000000,2070.99000000,2079.62000000,5451.74160000,1772729099999999,11339082.24843600,107434,3376.11910000,7021742.05866800,0
1772729100000000,2079.62000000,2082.33000000,2075.59000000,2080.17000000,2837.92440000,1772729999999999,5902026.79949000,82564,1340.88210000,2788538.73805000,0
1772730000000000,2080.17000000,2093.70000000,2071.27000000,2077.18000000,7873.98050000,1772730899999999,16398203.20521200,98645,3974.70920000,8280795.34641800,0
1772730900000000,2077.19000000,2077.90000000,2069.23000000,2069.24000000,4582.24140000,1772731799999999,9496471.43242400,99031,2351.18160000,4872796.28883600,0
1772731800000000,2069.24000000,2071.00000000,2059.38000000,2066.83000000,6110.26540000,1772732699999999,12616611.81234300,114194,2651.34770000,5476096.29546400,0
1772732700000000,2066.83000000,2067.93000000,2054.75000000,2059.88000000,6813.73160000,1772733599999999,14033017.31098300,95098,3419.00400000,7042918.20687800,0
1772733600000000,2059.88000000,2070.26000000,2056.99000000,2069.73000000,4715.43900000,1772734499999999,9730397.31842600,80776,2883.12540000,5951538.49024700,0
1772734500000000,2069.72000000,2073.06000000,2063.61000000,2066.69000000,3472.72020000,1772735399999999,7183191.41259100,60219,1866.09290000,3859873.32721700,0
1772735400000000,2066.67000000,2078.38000000,2066.19000000,2075.38000000,2697.48380000,1772736299999999,5592699.00466400,62631,1808.67110000,3750591.43421300,0
1772736300000000,2075.38000000,2077.55000000,2070.05000000,2076.59000000,2017.22180000,1772737199999999,4184452.94471700,46927,1137.44940000,2359799.10348300,0
1772737200000000,2076.60000000,2089.27000000,2076.30000000,2087.83000000,8087.92130000,1772738099999999,16835717.50536000,78222,3563.16410000,7419193.52247600,0
1772738100000000,2087.83000000,2093.69000000,2074.77000000,2078.37000000,9408.92690000,1772738999999999,19618119.83065500,62113,3450.16980000,7195323.88697000,0
1772739000000000,2078.37000000,2081.29000000,2072.39000000,2078.44000000,2543.63840000,1772739899999999,5282270.60839800,47482,1424.73810000,2959202.73305000,0
1772739900000000,2078.44000000,2083.86000000,2072.38000000,2074.36000000,2285.37100000,1772740799999999,4749643.60372100,42148,1069.29010000,2222719.70995700,0
1772740800000000,2074.37000000,2081.53000000,2070.09000000,2080.57000000,3710.60790000,1772741699999999,7706369.66884400,74982,1999.23290000,4152089.14452200,0
1772741700000000,2080.58000000,2094.18000000,2080.00000000,2087.37000000,5189.78610000,1772742599999999,10836713.23050700,61337,3562.68570000,7439230.52301300,0
1772742600000000,2087.37000000,2097.07000000,2086.48000000,2088.51000000,2678.99560000,1772743499999999,5603451.24400200,51307,1455.01080000,3043843.22478500,0
1772743500000000,2088.51000000,2098.67000000,2085.71000000,2092.43000000,4029.47230000,1772744399999999,8431373.18196900,52294,2345.57120000,4908980.15620700,0
1772744400000000,2092.42000000,2097.00000000,2091.77000000,2093.23000000,1967.23320000,1772745299999999,4120258.40546200,31539,1010.31470000,2115762.06415100,0
1772745300000000,2093.23000000,2099.36000000,2089.92000000,2093.08000000,2299.68910000,1772746199999999,4817719.86688600,34608,1153.99910000,2418003.27220700,0
1772746200000000,2093.08000000,2094.40000000,2076.84000000,2081.67000000,5509.30650000,1772747099999999,11486254.76488300,38890,2213.47710000,4616218.58677400,0
1772747100000000,2081.66000000,2084.16000000,2075.77000000,2080.60000000,1620.21130000,1772747999999999,3370231.66698000,26479,797.44700000,1659189.65547200,0
1772748000000000,2080.61000000,2083.51000000,2077.60000000,2080.41000000,1357.88360000,1772748899999999,2825077.83451900,21229,673.27560000,1400813.95903000,0
1772748900000000,2080.41000000,2083.77000000,2078.59000000,2079.12000000,1301.53600000,1772749799999999,2708458.09271800,15494,634.32030000,1320160.50504500,0
1772749800000000,2079.12000000,2084.18000000,2078.87000000,2082.25000000,1055.84390000,1772750699999999,2197957.40269900,16232,557.55080000,1160527.78837400,0
1772750700000000,2082.26000000,2085.00000000,2080.10000000,2080.11000000,1100.87500000,1772751599999999,2292547.78724700,18901,525.73170000,1094772.92976800,0
1772751600000000,2080.11000000,2082.05000000,2078.25000000,2078.98000000,1343.53510000,1772752499999999,2794670.99957900,26114,543.81220000,1131178.70706400,0
1772752500000000,2078.98000000,2084.45000000,2078.42000000,2082.82000000,979.42760000,1772753399999999,2038706.17439500,13335,455.03740000,947353.68308200,0
1772753400000000,2082.83000000,2082.90000000,2073.31000000,2075.75000000,2458.54360000,1772754299999999,5105351.20437400,21674,652.19260000,1354055.85405500,0
1772754300000000,2075.75000000,2076.54000000,2069.72000000,2072.86000000,3040.67650000,1772755199999999,6303349.50287400,23514,1178.57210000,2443467.87670200,0
1772755200000000,2072.86000000,2080.39000000,2072.20000000,2080.38000000,2517.33490000,1772756099999999,5226686.14881200,22243,1592.47910000,3307099.03220600,0
1772756100000000,2080.38000000,2080.39000000,2072.09000000,2072.85000000,2444.90580000,1772756999999999,5076624.92043400,33664,940.57510000,1952194.76660500,0
1772757000000000,2072.84000000,2074.37000000,2069.76000000,2071.05000000,2860.46760000,1772757899999999,5926138.73373500,35315,853.45370000,1768030.07041400,0
1772757900000000,2071.05000000,2076.50000000,2067.70000000,2075.02000000,1357.50180000,1772758799999999,2813303.04781000,39305,729.10200000,1511372.27151900,0
1772758800000000,2075.03000000,2078.44000000,2072.01000000,2073.69000000,4199.26000000,1772759699999999,8715997.82681000,47061,1805.76190000,3748974.26438300,0
1772759700000000,2073.68000000,2078.23000000,2061.79000000,2065.36000000,3351.78210000,1772760599999999,6930422.11193500,61229,1379.58950000,2852436.20863700,0
1772760600000000,2065.37000000,2088.33000000,2065.37000000,2085.77000000,3464.80450000,1772761499999999,7208706.02678900,88672,2001.45610000,4162751.71185300,0
1772761500000000,2085.78000000,2091.38000000,2081.49000000,2087.65000000,2614.79480000,1772762399999999,5458098.37841900,56862,1203.47500000,2512694.96459000,0
1772762400000000,2087.66000000,2093.33000000,2084.71000000,2091.89000000,1838.22110000,1772763299999999,3840132.33895100,56574,958.13890000,2001959.25807100,0
1772763300000000,2091.89000000,2092.99000000,2080.66000000,2087.05000000,2594.10730000,1772764199999999,5410528.67131300,63237,1071.30600000,2234468.56604900,0
1772764200000000,2087.05000000,2088.74000000,2082.00000000,2088.73000000,1533.48980000,1772765099999999,3197808.22839400,49181,865.68260000,1805214.88135900,0
1772765100000000,2088.72000000,2089.41000000,2081.50000000,2083.89000000,1654.58400000,1772765999999999,3449327.83491900,41947,683.92060000,1425739.30962700,0
1772766000000000,2083.89000000,2086.69000000,2076.59000000,2078.49000000,1564.39480000,1772766899999999,3257628.09742600,37777,759.89900000,1582878.37624700,0
1772766900000000,2078.50000000,2088.56000000,2075.28000000,2085.90000000,2032.18120000,1772767799999999,4231533.84527200,43461,1082.14970000,2253706.11708800,0
1772767800000000,2085.90000000,2088.75000000,2082.72000000,2083.68000000,1590.42410000,1772768699999999,3316716.49632600,41225,946.05960000,1972751.74445100,0
1772768700000000,2083.67000000,2084.87000000,2080.43000000,2083.80000000,3458.16290000,1772769599999999,7202022.50958300,42881,1353.95410000,2819970.74034300,0
1772769600000000,2083.81000000,2085.88000000,2077.69000000,2077.90000000,3631.83570000,1772770499999999,7560816.37783300,47825,1430.87030000,2979327.90915100,0
1772770500000000,2077.90000000,2080.10000000,2075.08000000,2075.38000000,2839.83940000,1772771399999999,5899353.00533100,35046,1411.78080000,2932834.51827000,0
1772771400000000,2075.38000000,2079.17000000,2058.84000000,2068.79000000,6747.98020000,1772772299999999,13960388.48313900,77698,2832.13730000,5858182.97545800,0
1772772300000000,2068.80000000,2071.82000000,2067.24000000,2070.86000000,1368.73680000,1772773199999999,2832608.39290000,33916,554.01280000,1146530.41393700,0
1772773200000000,2070.87000000,2072.30000000,2065.72000000,2070.35000000,1894.17540000,1772774099999999,3918527.50247900,44593,853.23560000,1765428.00146800,0
1772774100000000,2070.35000000,2074.19000000,2064.04000000,2066.28000000,1830.96210000,1772774999999999,3788219.92093800,33431,802.48290000,1660920.16660400,0
1772775000000000,2066.28000000,2068.97000000,2059.36000000,2061.47000000,3098.07990000,1772775899999999,6392530.13684200,46309,1252.94430000,2585220.74425900,0
1772775900000000,2061.48000000,2071.19000000,2059.51000000,2068.94000000,3788.72130000,1772776799999999,7826412.24278100,44561,2150.04950000,4442821.68785900,0
1772776800000000,2068.93000000,2070.61000000,2063.58000000,2065.26000000,1690.53890000,1772777699999999,3494059.83621600,26991,876.51600000,1811583.04143300,0
1772777700000000,2065.27000000,2071.42000000,2063.63000000,2068.57000000,1759.98900000,1772778599999999,3640295.40820000,23597,976.49600000,2019895.03066600,0
1772778600000000,2068.57000000,2076.17000000,2067.12000000,2075.55000000,2207.49040000,1772779499999999,4572378.33533100,28457,1367.31360000,2832587.10951300,0
1772779500000000,2075.54000000,2080.53000000,2073.36000000,2074.03000000,1994.85610000,1772780399999999,4141127.88944100,28646,944.04600000,1959982.40012800,0
1772780400000000,2074.04000000,2079.50000000,2068.79000000,2071.89000000,2784.11440000,1772781299999999,5778507.54637000,26240,1240.48120000,2574824.60592000,0
1772781300000000,2071.90000000,2084.44000000,2070.92000000,2084.15000000,2530.27530000,1772782199999999,5260908.86545900,25828,1327.32140000,2759563.61129800,0
1772782200000000,2084.16000000,2086.76000000,2080.83000000,2084.39000000,3634.35780000,1772783099999999,7572760.95766800,38517,2484.37430000,5176568.39174500,0
1772783100000000,2084.39000000,2087.66000000,2081.75000000,2082.83000000,3568.59970000,1772783999999999,7437906.52685800,21056,1817.82210000,3787944.54029700,0
1772784000000000,2082.83000000,2082.83000000,2078.79000000,2080.00000000,2539.75150000,1772784899999999,5283141.28351300,30736,1412.44150000,2937951.51012800,0
1772784900000000,2080.00000000,2082.44000000,2076.79000000,2077.73000000,1702.79290000,1772785799999999,3540525.27876100,31215,813.85110000,1692440.91662600,0
1772785800000000,2077.72000000,2082.30000000,2074.33000000,2080.38000000,1832.33470000,1772786699999999,3807263.16289500,40899,876.83170000,1822141.91011900,0
1772786700000000,2080.38000000,2082.45000000,2074.98000000,2075.96000000,1173.06900000,1772787599999999,2438106.66093600,24445,539.53730000,1121481.26155900,0
1772787600000000,2075.96000000,2077.50000000,2063.50000000,2064.96000000,3440.90530000,1772788499999999,7122727.31705500,41456,1027.11090000,2126666.61677300,0
1772788500000000,2064.96000000,2065.26000000,2054.75000000,2057.10000000,6318.36920000,1772789399999999,13008216.73331500,61634,2744.66740000,5650591.19780500,0
1772789400000000,2057.09000000,2059.45000000,2045.79000000,2055.21000000,8120.39850000,1772790299999999,16659051.87055800,86612,3384.94180000,6944973.18853200,0
1772790300000000,2055.20000000,2061.77000000,2051.90000000,2060.00000000,3692.58370000,1772791199999999,7592674.48628700,43962,1869.02860000,3843562.55020700,0
1772791200000000,2060.00000000,2064.98000000,2058.72000000,2064.06000000,3003.63290000,1772792099999999,6195890.79005800,36279,1510.36360000,3115394.61504800,0
1772792100000000,2064.06000000,2069.43000000,2062.01000000,2068.68000000,2271.37470000,1772792999999999,4693465.53499700,36321,1534.03170000,3169896.76838300,0
1772793000000000,2068.68000000,2068.68000000,2061.57000000,2064.02000000,1655.46850000,1772793899999999,3417012.44999300,26197,654.83880000,1351323.82388600,0
1772793900000000,2064.01000000,2067.80000000,2062.93000000,2063.40000000,2057.70750000,1772794799999999,4249327.78391300,23766,1231.30950000,2542748.69061500,0
1772794800000000,2063.41000000,2065.98000000,2057.69000000,2064.42000000,4439.86260000,1772795699999999,9148026.76360000,41862,2031.48090000,4185779.98389200,0
1772795700000000,2064.43000000,2067.34000000,2062.58000000,2065.29000000,1661.12990000,1772796599999999,3430130.99811800,19099,846.15010000,1747198.51416000,0
1772796600000000,2065.29000000,2065.75000000,2054.64000000,2056.79000000,2937.67070000,1772797499999999,6055530.62993000,34994,1013.79070000,2088995.42527000,0
1772797500000000,2056.79000000,2057.63000000,2049.85000000,2051.03000000,3814.05070000,1772798399999999,7829853.44135300,36161,1737.37010000,3566528.46255800,0
1772798400000000,2051.03000000,2052.68000000,2037.22000000,2043.90000000,8193.28340000,1772799299999999,16749029.36401700,88639,3435.16880000,7022743.77184500,0
1772799300000000,2043.90000000,2055.00000000,2043.90000000,2051.79000000,3230.44900000,1772800199999999,6623697.16216600,50834,1726.59140000,3540110.99265600,0
1772800200000000,2051.79000000,2052.81000000,2038.35000000,2043.73000000,5349.62530000,1772801099999999,10934312.55103100,54976,1828.31250000,3736603.28926100,0
1772801100000000,2043.74000000,2052.62000000,2039.39000000,2048.52000000,3109.98030000,1772801999999999,6365265.42506400,50571,1368.61240000,2801453.12343700,0
1772802000000000,2048.52000000,2052.00000000,2046.54000000,2049.26000000,3593.26950000,1772802899999999,7363974.49943900,40586,2478.78690000,5079929.75090500,0
1772802900000000,2049.25000000,2052.75000000,2039.67000000,2049.43000000,3481.71920000,1772803799999999,7126525.51927400,61561,1543.15500000,3159340.34794900,0
1772803800000000,2049.42000000,2062.12000000,2036.20000000,2051.40000000,13693.01110000,1772804699999999,28056980.05901900,159944,6441.67530000,13197620.20038100,0
1772804700000000,2051.40000000,2051.40000000,2019.35000000,2019.88000000,16595.79880000,1772805599999999,33733427.15773900,154273,6964.58090000,14157494.52451300,0
1772805600000000,2019.89000000,2024.35000000,1998.34000000,2006.72000000,22967.99150000,1772806499999999,46190372.56400200,220985,9897.87980000,19912917.34042500,0
1772806500000000,2006.71000000,2014.65000000,2003.91000000,2010.12000000,9266.33560000,1772807399999999,18629233.32069700,104719,3314.90390000,6663394.97288700,0
1772807400000000,2010.15000000,2014.54000000,1984.21000000,1991.31000000,24903.51110000,1772808299999999,49705084.96310600,302962,11308.44880000,22558023.94751200,0
1772808300000000,1991.31000000,1996.59000000,1972.00000000,1981.55000000,20837.96810000,1772809199999999,41279844.86224000,233707,9178.81790000,18185679.14184400,0
1772809200000000,1981.55000000,1988.30000000,1973.80000000,1984.97000000,12663.02170000,1772810099999999,25100425.66084500,192632,8122.31260000,16100477.08673700,0
1772810100000000,1984.97000000,1997.58000000,1983.77000000,1990.42000000,9601.81700000,1772810999999999,19113185.12167100,126934,5568.25770000,11084013.70656600,0
1772811000000000,1990.41000000,1998.00000000,1982.51000000,1984.58000000,6301.05880000,1772811899999999,12541340.67997300,94583,2733.04540000,5441922.14559800,0
1772811900000000,1984.58000000,1985.14000000,1966.24000000,1978.01000000,8239.90220000,1772812799999999,16268471.79893000,111022,3466.00920000,6843380.99805300,0
1772812800000000,1978.00000000,1984.97000000,1967.00000000,1969.98000000,7911.33530000,1772813699999999,15628801.59811200,110136,4384.00540000,8661016.05720400,0
1772813700000000,1969.97000000,1975.84000000,1967.40000000,1974.82000000,5590.10940000,1772814599999999,11014841.51233700,100881,3284.93010000,6471894.55408300,0
1772814600000000,1974.84000000,1980.57000000,1968.00000000,1975.08000000,5748.93360000,1772815499999999,11347181.03218200,82881,3977.33400000,7849453.06360000,0
1772815500000000,1975.07000000,1979.30000000,1966.27000000,1971.29000000,7149.25230000,1772816399999999,14088679.23562200,79580,4446.64480000,8759930.43255400,0
1772816400000000,1971.28000000,1976.93000000,1969.01000000,1973.39000000,3330.21040000,1772817299999999,6571473.28476200,65636,1274.42710000,2514880.76570700,0
1772817300000000,1973.38000000,1982.13000000,1968.73000000,1974.20000000,4668.21330000,1772818199999999,9216866.64141300,81776,2293.79620000,4529200.72744500,0
1772818200000000,1974.19000000,1975.65000000,1955.95000000,1959.71000000,11398.40370000,1772819099999999,22364898.47685600,116380,4658.89560000,9142043.67204100,0
1772819100000000,1959.70000000,1969.87000000,1959.39000000,1966.76000000,4463.60930000,1772819999999999,8766654.28221200,75248,2492.60180000,4895215.75832700,0
1772820000000000,1966.76000000,1980.42000000,1966.61000000,1978.69000000,5010.13610000,1772820899999999,9894976.36302600,81971,3038.83020000,6001635.08251900,0
1772820900000000,1978.70000000,1980.63000000,1974.22000000,1976.83000000,3402.92040000,1772821799999999,6729471.58978900,64856,1647.04130000,3257321.78962800,0
1772821800000000,1976.82000000,1983.46000000,1976.33000000,1981.04000000,3476.19250000,1772822699999999,6885753.96013200,54608,1969.88900000,3901802.67943600,0
1772822700000000,1981.04000000,1982.19000000,1972.75000000,1974.62000000,3283.35780000,1772823599999999,6494772.43812900,51591,2072.56190000,4100712.72970600,0
1772823600000000,1974.62000000,1987.33000000,1974.62000000,1986.76000000,2466.46180000,1772824499999999,4885375.92994300,49487,1817.94770000,3600925.94762500,0
1772824500000000,1986.75000000,1993.30000000,1983.13000000,1986.24000000,3207.23720000,1772825399999999,6374861.00252700,53712,1905.66110000,3788451.57317800,0
1772825400000000,1986.23000000,1990.26000000,1983.62000000,1983.63000000,1703.14510000,1772826299999999,3384109.99794900,43206,878.68810000,1745977.97680500,0
1772826300000000,1983.63000000,1985.23000000,1980.99000000,1983.75000000,2235.09910000,1772827199999999,4432204.11467900,35665,949.43720000,1882802.25520000,0
1772827200000000,1983.75000000,1988.69000000,1977.53000000,1978.76000000,3224.53390000,1772828099999999,6389168.78811100,47812,1210.29350000,2399315.15548100,0
1772828100000000,1978.75000000,1981.67000000,1972.34000000,1973.51000000,3705.85500000,1772828999999999,7324823.39623400,51975,1343.86860000,2656520.19150500,0
1772829000000000,1973.50000000,1983.17000000,1969.26000000,1978.85000000,4370.78270000,1772829899999999,8630501.76953400,63060,2249.55030000,4442854.54914000,0
1772829900000000,1978.85000000,1981.67000000,1977.66000000,1978.63000000,3295.29530000,1772830799999999,6523934.17506200,53815,1473.10970000,2916430.66135000,0
1772830800000000,1978.64000000,1981.50000000,1976.86000000,1980.35000000,1272.44150000,1772831699999999,2519072.17722300,24269,627.89800000,1243040.77457300,0
1772831700000000,1980.35000000,1980.66000000,1971.51000000,1975.00000000,1411.05780000,1772832599999999,2787755.82759400,22090,503.55550000,994776.18608300,0
1772832600000000,1974.99000000,1978.62000000,1974.09000000,1978.34000000,953.99170000,1772833499999999,1885152.15804800,18316,464.36140000,917695.27328100,0
1772833500000000,1978.34000000,1984.64000000,1978.00000000,1983.77000000,1333.03320000,1772834399999999,2641241.10309500,21235,930.95460000,1844456.08221800,0
1772834400000000,1983.76000000,1985.83000000,1982.24000000,1983.43000000,1197.33290000,1772835299999999,2375981.21423600,19644,726.58920000,1441794.29345100,0
1772835300000000,1983.43000000,1987.38000000,1982.47000000,1983.23000000,823.39450000,1772836199999999,1633966.55571700,14191,413.85050000,821377.39738000,0
1772836200000000,1983.23000000,1986.82000000,1981.58000000,1984.95000000,1143.50660000,1772837099999999,2268692.70882700,19051,640.50150000,1270797.95202600,0
1772837100000000,1984.94000000,1989.91000000,1984.94000000,1987.22000000,1148.24440000,1772837999999999,2282019.75106200,22627,572.95770000,1138557.95224700,0
1772838000000000,1987.23000000,1987.75000000,1984.11000000,1985.96000000,2094.86250000,1772838899999999,4159264.26254400,25411,875.98190000,1739194.28275500,0
1772838900000000,1985.97000000,1987.27000000,1984.70000000,1986.66000000,798.98470000,1772839799999999,1586743.43613700,12616,313.90250000,623280.87907400,0
1772839800000000,1986.65000000,1986.65000000,1980.60000000,1982.23000000,1025.22450000,1772840699999999,2033347.40303600,14259,287.62530000,570337.93300500,0
1772840700000000,1982.23000000,1983.15000000,1977.03000000,1978.68000000,1617.78440000,1772841599999999,3203889.90603400,15528,723.06060000,1432154.23501300,0
1772841600000000,1978.68000000,1982.28000000,1976.97000000,1980.15000000,1287.55270000,1772842499999999,2548349.55587600,19764,653.67220000,1293879.00642000,0
1772842500000000,1980.15000000,1981.71000000,1978.21000000,1978.81000000,677.81230000,1772843399999999,1342106.27478800,12727,325.83010000,645166.34755800,0
1772843400000000,1978.81000000,1983.27000000,1978.54000000,1980.32000000,1142.69820000,1772844299999999,2263506.81887200,14623,740.75830000,1467084.72114200,0
1772844300000000,1980.32000000,1983.18000000,1980.03000000,1981.45000000,560.79030000,1772845199999999,1111637.10851400,10138,268.09900000,531421.68530100,0
1772845200000000,1981.45000000,1983.70000000,1978.96000000,1980.12000000,1090.67070000,1772846099999999,2161730.41871300,14587,680.28490000,1348556.88562600,0
1772846100000000,1980.12000000,1982.17000000,1976.52000000,1979.20000000,1303.82400000,1772846999999999,2581144.41030100,19174,813.97200000,1611727.83047600,0
1772847000000000,1979.20000000,1980.50000000,1976.25000000,1979.82000000,3683.91670000,1772847899999999,7289518.45826600,18285,1608.96350000,3183026.50439600,0
1772847900000000,1979.84000000,1982.92000000,1978.73000000,1980.68000000,1013.15050000,1772848799999999,2007462.29286000,12964,518.84030000,1027883.20889700,0
1772848800000000,1980.67000000,1980.95000000,1979.00000000,1979.38000000,828.07870000,1772849699999999,1639846.38601500,11749,298.84110000,591732.80750600,0
1772849700000000,1979.38000000,1980.36000000,1975.66000000,1975.72000000,934.60230000,1772850599999999,1848529.13931300,15652,311.54970000,616054.24347300,0
1772850600000000,1975.73000000,1977.31000000,1971.79000000,1974.69000000,3963.16780000,1772851499999999,7826475.37845400,18627,2237.41740000,4418689.96647600,0
1772851500000000,1974.69000000,1984.63000000,1974.69000000,1983.52000000,1964.61260000,1772852399999999,3888676.87552700,19251,1362.64260000,2696904.39910900,0
1772852400000000,1983.53000000,1996.04000000,1981.39000000,1995.07000000,4454.50450000,1772853299999999,8858886.59963500,36369,2841.45780000,5652623.67674200,0
1772853300000000,1995.07000000,1995.07000000,1983.64000000,1983.80000000,3014.64870000,1772854199999999,5994870.00032200,33529,1144.66880000,2276348.67750000,0
1772854200000000,1983.81000000,1985.52000000,1982.28000000,1982.81000000,1224.60730000,1772855099999999,2428963.30900900,16246,754.86870000,1497121.26574900,0
1772855100000000,1982.81000000,1983.94000000,1979.83000000,1980.21000000,839.69190000,1772855999999999,1663624.12874700,14435,341.09780000,675783.86918700,0
1772856000000000,1980.22000000,1980.22000000,1964.34000000,1970.77000000,6106.42510000,1772856899999999,12030898.22013300,50173,2790.90690000,5498214.93882400,0
1772856900000000,1970.77000000,1974.61000000,1970.64000000,1974.06000000,1199.50080000,1772857799999999,2366347.84954200,16555,602.97390000,1189553.69120200,0
1772857800000000,1974.06000000,1979.03000000,1972.05000000,1977.40000000,1151.46370000,1772858699999999,2275215.49252500,18285,695.58960000,1374408.15107300,0
1772858700000000,1977.41000000,1977.41000000,1975.32000000,1975.35000000,634.98240000,1772859599999999,1255022.86905800,9014,318.41430000,629320.66606000,0
1772859600000000,1975.35000000,1978.81000000,1975.13000000,1976.35000000,958.43490000,1772860499999999,1895360.83166100,13499,411.89320000,814403.94135900,0
1772860500000000,1976.36000000,1977.01000000,1972.46000000,1975.81000000,1338.98130000,1772861399999999,2643429.76768600,15340,696.87040000,1375667.92241800,0
1772861400000000,1975.80000000,1978.96000000,1973.42000000,1978.61000000,1854.72980000,1772862299999999,3665241.56722200,15362,595.80970000,1177846.49489100,0
1772862300000000,1978.61000000,1979.87000000,1977.29000000,1979.01000000,1979.83780000,1772863199999999,3917771.71589500,12532,911.97490000,1804491.77623100,0
1772863200000000,1979.01000000,1979.01000000,1975.14000000,1976.24000000,2727.64480000,1772864099999999,5394701.22765000,15281,1007.22330000,1991471.70504900,0
1772864100000000,1976.24000000,1977.51000000,1974.38000000,1974.66000000,915.54420000,1772864999999999,1808932.75342500,13943,369.28710000,729590.36485500,0
1772865000000000,1974.66000000,1976.45000000,1971.54000000,1976.45000000,1399.51930000,1772865899999999,2762895.00401500,19999,818.20390000,1615257.64562600,0
1772865900000000,1976.45000000,1976.83000000,1968.81000000,1971.76000000,4040.44430000,1772866799999999,7966629.49145700,23178,2891.38180000,5700508.00023600,0
1772866800000000,1971.77000000,1973.32000000,1967.07000000,1973.10000000,4789.23940000,1772867699999999,9434571.50111800,44131,2953.11860000,5817021.51704500,0
1772867700000000,1973.10000000,1977.31000000,1971.15000000,1975.64000000,3311.18000000,1772868599999999,6537147.93496000,24097,1124.56360000,2220039.46348400,0
1772868600000000,1975.65000000,1978.46000000,1974.80000000,1977.81000000,3810.75230000,1772869499999999,7531694.97291600,20228,1501.40150000,2967473.10828000,0
1772869500000000,1977.82000000,1984.19000000,1977.81000000,1982.94000000,4544.49620000,1772870399999999,9000453.27510600,21478,1195.20590000,2367217.62634600,0
1772870400000000,1982.94000000,1984.86000000,1980.94000000,1983.19000000,3438.07450000,1772871299999999,6815554.97051500,15294,1441.22810000,2857875.66066100,0
1772871300000000,1983.19000000,1987.62000000,1983.18000000,1985.68000000,2280.62460000,1772872199999999,4528151.08653800,21320,1669.56810000,3314700.85328900,0
1772872200000000,1985.68000000,1987.39000000,1981.90000000,1982.00000000,2637.46030000,1772873099999999,5234611.49840900,20826,1711.50600000,3397218.21985600,0
1772873100000000,1982.01000000,1982.41000000,1975.50000000,1978.03000000,1369.17510000,1772873999999999,2711707.68038000,15990,661.67710000,1310704.45526500,0
1772874000000000,1978.02000000,1984.28000000,1975.38000000,1983.95000000,2210.83520000,1772874899999999,4377530.90587000,17020,1047.99070000,2076196.73900600,0
1772874900000000,1983.96000000,1989.42000000,1983.08000000,1983.75000000,1994.69790000,1772875799999999,3960607.07422000,24677,1069.78220000,2124290.37732700,0
1772875800000000,1983.75000000,1985.58000000,1983.17000000,1985.33000000,2944.40200000,1772876699999999,5842848.69797500,14220,706.11070000,1401202.28832100,0
1772876700000000,1985.33000000,1988.36000000,1984.54000000,1986.35000000,2292.54110000,1772877599999999,4555935.43771400,20893,833.96100000,1656812.25107300,0
1772877600000000,1986.35000000,1988.68000000,1985.25000000,1988.32000000,1115.67680000,1772878499999999,2217388.94972700,16247,698.42190000,1388062.05572600,0
1772878500000000,1988.33000000,1988.65000000,1984.23000000,1984.86000000,994.11700000,1772879399999999,1974141.49209000,17356,426.00180000,845887.54426600,0
1772879400000000,1984.86000000,1986.45000000,1983.32000000,1984.42000000,1379.51270000,1772880299999999,2738551.78814300,14276,857.16490000,1701679.42333600,0
1772880300000000,1984.41000000,1986.00000000,1983.58000000,1984.36000000,622.03450000,1772881199999999,1234497.47378900,12203,254.58410000,505263.64772300,0
1772881200000000,1984.36000000,1994.98000000,1982.19000000,1994.17000000,2486.65170000,1772882099999999,4945788.93664900,27232,1751.47420000,3484168.04211900,0
1772882100000000,1994.17000000,1994.44000000,1987.83000000,1989.07000000,1970.16630000,1772882999999999,3922327.52950700,29708,1135.25780000,2259824.31739800,0
1772883000000000,1989.07000000,1989.07000000,1987.03000000,1988.75000000,676.73830000,1772883899999999,1345166.86075300,13326,383.89080000,763067.55465400,0
1772883900000000,1988.75000000,1991.11000000,1988.02000000,1988.91000000,1106.58410000,1772884799999999,2201729.16290000,9807,603.18620000,1200015.31664800,0
1772884800000000,1988.92000000,1990.95000000,1986.77000000,1987.63000000,913.12990000,1772885699999999,1815678.65183200,14098,514.12750000,1022266.92189900,0
1772885700000000,1987.62000000,1989.91000000,1986.56000000,1988.01000000,738.23230000,1772886599999999,1468029.21966400,12319,487.62460000,969653.63740400,0
1772886600000000,1988.00000000,1988.45000000,1983.50000000,1984.02000000,904.44900000,1772887499999999,1795840.74118900,13381,328.48200000,652277.05858600,0
1772887500000000,1984.03000000,1984.79000000,1979.84000000,1982.51000000,1514.01010000,1772888399999999,3000370.23418700,19458,660.04670000,1308078.93613600,0
1772888400000000,1982.51000000,1984.19000000,1979.81000000,1982.14000000,2303.28450000,1772889299999999,4564417.06745700,20811,916.44620000,1816290.03628700,0
1772889300000000,1982.14000000,1983.53000000,1980.07000000,1981.80000000,3135.82890000,1772890199999999,6214933.76958500,21285,949.16780000,1881033.20425100,0
1772890200000000,1981.79000000,1983.12000000,1977.64000000,1980.64000000,2899.52460000,1772891099999999,5744598.25954400,25915,1010.30210000,2001584.56347800,0
1772891100000000,1980.64000000,1982.96000000,1980.13000000,1981.83000000,737.74150000,1772891999999999,1461893.37766400,12889,531.47910000,1053107.94626100,0
1772892000000000,1981.83000000,1981.83000000,1970.47000000,1974.48000000,3603.66820000,1772892899999999,7118180.67014000,46305,1325.83000000,2618911.95785100,0
1772892900000000,1974.47000000,1976.71000000,1973.73000000,1975.29000000,934.40100000,1772893799999999,1845644.51705500,20345,602.75840000,1190571.49124100,0
1772893800000000,1975.30000000,1987.97000000,1975.29000000,1985.22000000,2439.37180000,1772894699999999,4836574.95263300,42490,1662.83920000,3296358.48456100,0
1772894700000000,1985.23000000,1990.25000000,1983.75000000,1987.00000000,2851.22600000,1772895599999999,5665647.49615400,31676,1942.15460000,3859602.56384700,0
1772895600000000,1987.01000000,1987.41000000,1984.05000000,1985.37000000,1727.96970000,1772896499999999,3431157.35758200,27344,875.84480000,1739125.71159600,0
1772896500000000,1985.38000000,1986.81000000,1981.93000000,1982.99000000,1370.61570000,1772897399999999,2719166.94500800,22647,450.14930000,893130.48678700,0
1772897400000000,1982.98000000,1986.01000000,1976.22000000,1978.41000000,2144.23620000,1772898299999999,4247735.11016700,42028,938.72210000,1860065.44042100,0
1772898300000000,1978.41000000,1981.74000000,1976.94000000,1981.04000000,1233.50820000,1772899199999999,2442542.46934300,22030,652.35460000,1291738.94883600,0
1772899200000000,1981.03000000,1981.03000000,1976.99000000,1979.13000000,1644.10170000,1772900099999999,3252587.20190300,20674,956.67530000,1892377.68379300,0
1772900100000000,1979.13000000,1979.30000000,1975.10000000,1976.90000000,1415.50800000,1772900999999999,2798200.77975800,24827,736.81420000,1456523.32149400,0
1772901000000000,1976.90000000,1978.76000000,1974.48000000,1977.28000000,1466.35910000,1772901899999999,2898508.63791000,19719,540.75450000,1069083.02474100,0
1772901900000000,1977.28000000,1978.50000000,1976.02000000,1977.26000000,1137.89120000,1772902799999999,2249897.93682700,16874,762.88460000,1508402.74991300,0
1772902800000000,1977.26000000,1980.26000000,1977.08000000,1980.04000000,1027.52000000,1772903699999999,2033718.64915900,18481,577.07930000,1142154.22916700,0
1772903700000000,1980.03000000,1983.47000000,1979.41000000,1981.07000000,1048.72960000,1772904599999999,2078238.87187800,16998,580.06530000,1149392.78786800,0
1772904600000000,1981.08000000,1981.23000000,1980.54000000,1981.18000000,656.20120000,1772905499999999,1299868.70634500,4873,353.39020000,700042.12321400,0
1772905500000000,1981.18000000,1981.31000000,1976.19000000,1977.59000000,1150.87260000,1772906399999999,2278170.75097600,11337,548.32150000,1085410.16889500,0
1772906400000000,1977.59000000,1977.59000000,1965.78000000,1971.47000000,4271.51450000,1772907299999999,8416535.45697700,41275,1849.77010000,3643635.10170200,0
1772907300000000,1971.47000000,1975.18000000,1969.57000000,1974.62000000,1518.56800000,1772908199999999,2995788.70900800,24386,868.70310000,1714035.49939300,0
1772908200000000,1974.61000000,1974.61000000,1968.67000000,1972.73000000,1169.45360000,1772909099999999,2305276.84245000,19599,477.24780000,940724.47178700,0
1772909100000000,1972.73000000,1972.90000000,1970.75000000,1971.23000000,676.42360000,1772909999999999,1333749.01576700,11601,280.64000000,553312.15186000,0
1772910000000000,1971.22000000,1971.23000000,1969.05000000,1969.43000000,835.85250000,1772910899999999,1646718.28231400,15027,296.00720000,583148.92083000,0
1772910900000000,1969.42000000,1970.80000000,1956.33000000,1959.06000000,5271.24370000,1772911799999999,10346818.92258700,56970,1676.54070000,3289965.76383700,0
1772911800000000,1959.06000000,1964.06000000,1957.71000000,1961.83000000,2941.77330000,1772912699999999,5769471.58813200,34632,1709.95340000,3352839.82929200,0
1772912700000000,1961.83000000,1962.82000000,1948.09000000,1955.20000000,8731.64130000,1772913599999999,17054583.85156400,70325,2729.67270000,5330972.69743600,0
1772913600000000,1955.20000000,1965.74000000,1954.89000000,1962.97000000,2193.46080000,1772914499999999,4302837.52416600,35258,1036.48650000,2033258.30416100,0
1772914500000000,1962.97000000,1965.46000000,1961.21000000,1963.69000000,1157.50760000,1772915399999999,2273005.09877400,20906,595.06930000,1168468.93271500,0
1772915400000000,1963.70000000,1968.78000000,1963.16000000,1966.35000000,1268.40370000,1772916299999999,2493575.72966600,21481,653.86270000,1285257.82315700,0
1772916300000000,1966.34000000,1967.91000000,1964.41000000,1966.42000000,1048.76820000,1772917199999999,2062232.17119100,20026,637.53260000,1253671.52522200,0
1772917200000000,1966.42000000,1969.14000000,1964.68000000,1967.91000000,786.19610000,1772918099999999,1546607.34426000,22784,462.88340000,910545.62153600,0
1772918100000000,1967.91000000,1970.66000000,1967.89000000,1969.75000000,735.62400000,1772918999999999,1448666.86205100,13705,346.40830000,682157.72373800,0
1772919000000000,1969.75000000,1969.76000000,1963.97000000,1966.86000000,1242.16030000,1772919899999999,2442809.22775200,21349,652.49490000,1283138.16540900,0
1772919900000000,1966.86000000,1971.73000000,1964.79000000,1970.63000000,902.48020000,1772920799999999,1776989.31573700,17523,561.18310000,1105085.59011400,0
1772920800000000,1970.62000000,1971.03000000,1966.94000000,1967.34000000,840.11990000,1772921699999999,1654661.94402900,17050,393.57300000,775152.18566800,0
1772921700000000,1967.33000000,1969.30000000,1966.30000000,1966.77000000,501.94810000,1772922599999999,987780.31204700,10979,274.37170000,539928.36392200,0
1772922600000000,1966.78000000,1968.51000000,1958.36000000,1965.52000000,1510.44210000,1772923499999999,2965974.05297700,25024,665.78140000,1307157.06376700,0
1772923500000000,1965.52000000,1969.51000000,1964.41000000,1966.46000000,1579.49210000,1772924399999999,3107418.74998400,28603,782.73820000,1539724.82535500,0
1772924400000000,1966.47000000,1969.87000000,1965.49000000,1968.07000000,1638.08370000,1772925299999999,3224141.59886200,19044,588.42890000,1158083.20769000,0
1772925300000000,1968.08000000,1973.41000000,1967.30000000,1971.63000000,2943.20670000,1772926199999999,5802335.78388400,18493,2137.22420000,4213939.20046600,0
1772926200000000,1971.64000000,1974.27000000,1970.00000000,1971.09000000,1919.41490000,1772927099999999,3784785.92997700,13043,1011.08560000,1993706.22016200,0
1772927100000000,1971.09000000,1971.58000000,1969.06000000,1969.59000000,1510.86250000,1772927999999999,2976686.92484400,10046,638.83210000,1258506.98016300,0
1772928000000000,1969.60000000,1975.35000000,1969.59000000,1973.91000000,1867.33120000,1772928899999999,3683460.83476400,15703,1255.54510000,2476824.74502600,0
1772928900000000,1973.92000000,1977.35000000,1969.62000000,1970.50000000,2373.27210000,1772929799999999,4682017.51125900,18952,1535.72370000,3029542.25159200,0
1772929800000000,1970.49000000,1971.07000000,1966.84000000,1969.88000000,1635.25290000,1772930699999999,3220436.01158300,14483,1119.38680000,2204384.27412400,0
1772930700000000,1969.89000000,1970.36000000,1966.66000000,1968.91000000,1040.20480000,1772931599999999,2047164.49359300,17127,511.53900000,1006706.95739500,0
1772931600000000,1968.92000000,1971.56000000,1966.35000000,1970.36000000,1265.31810000,1772932499999999,2491211.86069100,17814,646.94130000,1273920.18354800,0
1772932500000000,1970.35000000,1971.90000000,1968.49000000,1968.50000000,881.28150000,1772933399999999,1736269.78689900,15749,545.14760000,1073997.22517400,0
1772933400000000,1968.49000000,1970.00000000,1963.51000000,1969.50000000,1253.44550000,1772934299999999,2463719.92881200,24129,643.94910000,1265875.61511300,0
1772934300000000,1969.50000000,1971.50000000,1968.51000000,1968.95000000,1502.97810000,1772935199999999,2960749.25928100,13119,502.39080000,989772.02247500,0
1772935200000000,1968.94000000,1969.88000000,1965.50000000,1968.72000000,804.22470000,1772936099999999,1582721.91867800,14537,514.87880000,1013285.99504700,0
1772936100000000,1968.71000000,1969.98000000,1963.64000000,1964.15000000,765.46940000,1772936999999999,1505695.74703900,14737,390.65850000,768481.00612300,0
1772937000000000,1964.15000000,1969.85000000,1961.37000000,1969.11000000,1427.79690000,1772937899999999,2805657.47636800,27841,839.97080000,1650995.30133700,0
1772937900000000,1969.10000000,1969.10000000,1935.73000000,1942.34000000,27385.77780000,1772938799999999,53269490.05110500,130421,7932.38520000,15421832.17044400,0
1772938800000000,1942.34000000,1949.60000000,1941.54000000,1947.54000000,4763.33130000,1772939699999999,9269338.01497800,47501,2032.29440000,3955775.36236400,0
1772939700000000,1947.57000000,1951.74000000,1947.57000000,1949.50000000,2088.31700000,1772940599999999,4071555.39380000,27475,1446.38620000,2819960.34481900,0
1772940600000000,1949.51000000,1950.83000000,1946.00000000,1948.96000000,2278.14770000,1772941499999999,4437613.17516700,26975,1298.28740000,2528765.25878600,0
1772941500000000,1948.97000000,1950.14000000,1947.30000000,1947.67000000,944.72530000,1772942399999999,1841110.76126200,12736,575.06360000,1120728.18744800,0
1772942400000000,1947.67000000,1953.37000000,1946.50000000,1950.59000000,2599.66970000,1772943299999999,5070550.31769700,22216,1835.62860000,3580067.98140500,0
1772943300000000,1950.59000000,1953.09000000,1949.66000000,1951.30000000,1662.18520000,1772944199999999,3244153.72425300,16026,905.56050000,1767348.60125600,0
1772944200000000,1951.30000000,1951.54000000,1946.00000000,1947.52000000,2971.10600000,1772945099999999,5787252.55679400,23174,1343.06510000,2616052.34971700,0
1772945100000000,1947.52000000,1947.73000000,1930.00000000,1938.40000000,27490.52920000,1772945999999999,53360008.41200900,79698,5903.82540000,11442016.45527200,0
1772946000000000,1938.40000000,1945.00000000,1938.00000000,1944.81000000,2076.55240000,1772946899999999,4032856.67621100,32824,1361.37300000,2643640.44093500,0
1772946900000000,1944.82000000,1950.77000000,1943.65000000,1948.54000000,1720.30990000,1772947799999999,3351218.74870800,29481,1112.87640000,2167676.50516100,0
1772947800000000,1948.54000000,1952.54000000,1948.19000000,1950.57000000,1189.51270000,1772948699999999,2320002.90764700,19403,781.14550000,1523536.64891400,0
1772948700000000,1950.57000000,1952.11000000,1947.69000000,1949.00000000,860.57990000,1772949599999999,1678282.66341700,17371,528.10820000,1029940.23631100,0
1772949600000000,1949.00000000,1952.33000000,1946.18000000,1946.79000000,1102.24740000,1772950499999999,2148788.13482300,18972,622.56250000,1213738.58571200,0
1772950500000000,1946.78000000,1948.25000000,1943.89000000,1944.01000000,1643.64980000,1772951399999999,3198843.75583700,16226,1008.04320000,1961822.58746800,0
1772951400000000,1944.00000000,1948.58000000,1943.05000000,1947.91000000,1649.47120000,1772952299999999,3210860.30218300,18133,942.37470000,1834377.01159200,0
1772952300000000,1947.90000000,1949.46000000,1945.44000000,1948.05000000,1111.74190000,1772953199999999,2164937.69842100,15238,726.04900000,1413806.22622000,0
1772953200000000,1948.05000000,1958.58000000,1947.19000000,1957.24000000,2342.35000000,1772954099999999,4579229.90411200,34351,1579.38430000,3087351.50959400,0
1772954100000000,1957.24000000,1960.41000000,1954.38000000,1955.74000000,1881.67050000,1772954999999999,3682077.97253700,28763,1008.55410000,1973685.11792600,0
1772955000000000,1955.74000000,1956.34000000,1953.23000000,1954.30000000,1503.18990000,1772955899999999,2938688.92782600,17314,939.44280000,1836849.53854800,0
1772955900000000,1954.30000000,1956.20000000,1952.70000000,1955.23000000,1539.40580000,1772956799999999,3008615.49435900,10451,686.97610000,1342932.55795600,0
1772956800000000,1955.22000000,1956.21000000,1950.52000000,1951.24000000,2110.05460000,1772957699999999,4121801.91373900,13531,657.03430000,1283610.68326200,0
1772957700000000,1951.25000000,1952.40000000,1949.10000000,1951.96000000,713.92190000,1772958599999999,1392833.44452400,14713,367.15930000,716352.60031300,0
1772958600000000,1951.97000000,1959.68000000,1950.34000000,1958.24000000,1371.56340000,1772959499999999,2682379.13473800,21711,897.00170000,1754387.70786800,0
1772959500000000,1958.23000000,1960.59000000,1957.32000000,1959.73000000,1730.82360000,1772960399999999,3391258.08295400,19374,1190.87500000,2333518.54944100,0
1772960400000000,1959.73000000,1967.41000000,1956.77000000,1964.73000000,2062.09260000,1772961299999999,4044471.46275300,27148,1404.18660000,2754431.95953200,0
1772961300000000,1964.73000000,1970.10000000,1963.32000000,1968.99000000,2396.46280000,1772962199999999,4714018.91631200,38641,1276.70600000,2511692.58188000,0
1772962200000000,1969.00000000,1969.30000000,1965.65000000,1966.75000000,1563.02080000,1772963099999999,3074534.67499400,19571,949.31770000,1867277.49605500,0
1772963100000000,1966.76000000,1966.76000000,1963.06000000,1963.54000000,4285.28390000,1772963999999999,8420038.53551800,14995,3054.53900000,6001953.12596000,0
1772964000000000,1963.54000000,1966.07000000,1963.36000000,1966.07000000,8331.66400000,1772964899999999,16368694.44442300,16577,7357.97220000,14454974.38160000,0
1772964900000000,1966.06000000,1979.80000000,1965.86000000,1975.80000000,18666.03410000,1772965799999999,36791865.62092800,47442,15901.44790000,31333382.53443300,0
1772965800000000,1975.80000000,1977.21000000,1971.36000000,1972.77000000,11872.29720000,1772966699999999,23417776.89805000,32756,9904.38030000,19533786.00989600,0
1772966700000000,1972.78000000,1975.01000000,1970.89000000,1974.18000000,2867.97420000,1772967599999999,5657664.53086000,20945,1315.29820000,2594737.60961100,0
1772967600000000,1974.17000000,1974.32000000,1952.27000000,1956.22000000,4340.19300000,1772968499999999,8508278.24772400,50468,1789.97730000,3506235.26976100,0
1772968500000000,1956.21000000,1961.02000000,1956.18000000,1958.99000000,1130.59350000,1772969399999999,2214933.74590300,21265,658.27070000,1289616.45992500,0
1772969400000000,1958.98000000,1962.72000000,1944.85000000,1948.70000000,5710.38010000,1772970299999999,11146026.13498200,52810,1964.92780000,3836187.80472000,0
1772970300000000,1948.69000000,1952.96000000,1946.65000000,1951.38000000,1799.28960000,1772971199999999,3507653.87288100,23926,1057.59580000,2061855.95730800,0
1772971200000000,1951.39000000,1954.67000000,1932.25000000,1935.48000000,19225.91830000,1772972099999999,37275887.00618500,80180,4029.79580000,7816021.69973800,0
1772972100000000,1935.48000000,1950.18000000,1926.13000000,1949.18000000,20377.82230000,1772972999999999,39414396.06831000,95471,6414.13020000,12409192.71790400,0
1772973000000000,1949.17000000,1951.94000000,1945.42000000,1948.05000000,1970.74190000,1772973899999999,3838784.16069000,32848,1074.73520000,2093367.14246700,0
1772973900000000,1948.05000000,1948.09000000,1943.79000000,1946.29000000,2328.87440000,1772974799999999,4531853.43057000,39063,1222.97500000,2379811.45230000,0
1772974800000000,1946.28000000,1948.18000000,1931.71000000,1932.78000000,4244.88730000,1772975699999999,8229838.84318700,69028,1439.65290000,2793058.55128500,0
1772975700000000,1932.78000000,1941.19000000,1925.06000000,1936.81000000,10020.82250000,1772976599999999,19381083.28212300,115362,4644.76930000,8985121.24340900,0
1772976600000000,1936.81000000,1936.82000000,1928.31000000,1936.32000000,3940.76720000,1772977499999999,7620098.87313900,86578,1596.75960000,3088155.73824800,0
1772977500000000,1936.33000000,1947.48000000,1936.00000000,1944.29000000,5862.06900000,1772978399999999,11388354.33074600,90385,3675.80620000,7140680.23401600,0
1772978400000000,1944.29000000,1949.43000000,1941.90000000,1946.78000000,2759.12020000,1772979299999999,5369200.12643700,63178,2014.50960000,3920337.31811000,0
1772979300000000,1946.78000000,1950.58000000,1942.52000000,1943.37000000,2729.29880000,1772980199999999,5313159.96542900,57076,1253.97990000,2442626.97836500,0
1772980200000000,1943.37000000,1947.89000000,1937.66000000,1940.32000000,1872.90080000,1772981099999999,3637898.30405600,62986,939.88390000,1826006.07435200,0
1772981100000000,1940.32000000,1945.74000000,1937.68000000,1945.52000000,1325.94860000,1772981999999999,2575627.50211700,47750,979.62310000,1902884.85064300,0
1772982000000000,1945.52000000,1947.83000000,1940.27000000,1946.82000000,2466.81630000,1772982899999999,4797734.42086400,50797,1235.45580000,2402609.01627200,0
1772982900000000,1946.81000000,1946.81000000,1939.18000000,1939.18000000,1737.96000000,1772983799999999,3375791.39817400,44155,718.91270000,1396457.53834800,0
1772983800000000,1939.18000000,1942.48000000,1937.50000000,1941.43000000,1345.47250000,1772984699999999,2610315.05711700,44238,811.47870000,1574407.26747200,0
1772984700000000,1941.43000000,1943.97000000,1937.67000000,1943.32000000,1452.82050000,1772985599999999,2820224.00596400,38228,798.79460000,1550817.33621200,0
1772985600000000,1943.32000000,1944.97000000,1940.82000000,1941.31000000,799.84190000,1772986499999999,1554405.69083200,28136,466.52080000,906636.07777900,0
1772986500000000,1941.31000000,1943.78000000,1938.00000000,1942.15000000,1052.02010000,1772987399999999,2041767.98146700,27675,580.43640000,1126464.89028000,0
1772987400000000,1942.14000000,1943.00000000,1935.00000000,1939.39000000,1864.52840000,1772988299999999,3613730.66567500,34538,940.12170000,1822376.20350300,0
1772988300000000,1939.39000000,1939.39000000,1934.34000000,1936.87000000,1572.79160000,1772989199999999,3045691.68525900,25940,856.97470000,1659359.61277400,0
1772989200000000,1936.87000000,1946.65000000,1935.33000000,1940.87000000,2519.87980000,1772990099999999,4892826.81100100,47925,1451.24770000,2818422.93659800,0
1772990100000000,1940.87000000,1941.81000000,1937.81000000,1938.75000000,541.43820000,1772990999999999,1050327.81035600,20644,246.19890000,477579.77624900,0
1772991000000000,1938.74000000,1940.80000000,1934.41000000,1936.65000000,1193.46180000,1772991899999999,2311273.35885700,25867,612.69530000,1186643.16991900,0
1772991900000000,1936.65000000,1938.65000000,1933.10000000,1935.77000000,1352.13760000,1772992799999999,2617028.24246900,26084,639.38780000,1237570.61018300,0
1772992800000000,1935.78000000,1936.67000000,1932.00000000,1932.52000000,734.47060000,1772993699999999,1420623.74265200,23678,384.23570000,743153.83129300,0
1772993700000000,1932.53000000,1936.43000000,1929.00000000,1935.07000000,7248.59370000,1772994599999999,13995782.58764600,41727,1679.55800000,3245546.84554300,0
1772994600000000,1935.06000000,1937.04000000,1928.09000000,1930.27000000,3869.19370000,1772995499999999,7474475.14711000,36727,958.38430000,1851864.74730100,0
1772995500000000,1930.27000000,1932.66000000,1928.08000000,1930.27000000,908.75380000,1772996399999999,1754410.72270800,27560,462.17820000,892281.58167100,0
1772996400000000,1930.28000000,1950.67000000,1928.24000000,1946.68000000,5876.30650000,1772997299999999,11406598.04963200,69530,4154.37910000,8064540.40352200,0
1772997300000000,1946.67000000,1963.33000000,1945.00000000,1959.54000000,9058.59400000,1772998199999999,17717512.37268000,84093,6561.65290000,12832416.71659700,0
1772998200000000,1959.54000000,1970.00000000,1958.22000000,1966.91000000,6250.53440000,1772999099999999,12285135.97716900,71737,4267.84370000,8388583.37674200,0
1772999100000000,1966.91000000,1970.58000000,1962.50000000,1964.91000000,3309.14710000,1772999999999999,6505331.43619000,39357,1627.38470000,3200735.14529700,0
1773000000000000,1964.91000000,1966.25000000,1954.74000000,1954.75000000,2620.24100000,1773000899999999,5131837.53516900,40526,829.13530000,1625216.96616600,0
1773000900000000,1954.74000000,1961.00000000,1953.81000000,1956.30000000,1656.09250000,1773001799999999,3241716.56813100,31460,893.37340000,1749036.36667200,0
1773001800000000,1956.30000000,1971.95000000,1955.94000000,1965.47000000,2187.76920000,1773002699999999,4299841.55992300,49574,1530.88420000,3008239.81162900,0
1773002700000000,1965.47000000,1966.42000000,1957.14000000,1958.86000000,1366.68590000,1773003599999999,2681051.61531800,31567,473.86310000,929567.69878800,0
1773003600000000,1958.87000000,1962.24000000,1946.20000000,1948.74000000,3123.04910000,1773004499999999,6098567.71426000,47287,1151.26350000,2248180.74390100,0
1773004500000000,1948.75000000,1953.23000000,1944.53000000,1951.25000000,1859.48520000,1773005399999999,3624186.98767500,35490,853.53860000,1664101.47540500,0
1773005400000000,1951.25000000,1955.00000000,1951.09000000,1954.45000000,754.77630000,1773006299999999,1474224.30994600,25055,436.72830000,852975.07356800,0
1773006300000000,1954.44000000,1956.83000000,1951.74000000,1953.95000000,894.87310000,1773007199999999,1748584.30822300,27823,440.22590000,860249.34044300,0
1773007200000000,1953.94000000,1953.94000000,1916.14000000,1931.33000000,40736.71850000,1773008099999999,78493228.44928700,281901,16141.73140000,31123027.04969700,0
1773008100000000,1931.32000000,1935.83000000,1919.83000000,1929.84000000,9412.55540000,1773008999999999,18134044.78558300,137849,6079.02250000,11711824.61157400,0
1773009000000000,1929.83000000,1947.00000000,1924.10000000,1937.95000000,5457.81220000,1773009899999999,10576133.16173600,93765,3131.17190000,6068908.72466300,0
1773009900000000,1937.96000000,1948.96000000,1937.96000000,1943.20000000,2604.08470000,1773010799999999,5060337.54024100,72075,1503.83670000,2922827.65061700,0
1773010800000000,1943.20000000,1953.03000000,1941.46000000,1948.35000000,3138.59430000,1773011699999999,6112644.68893600,72965,1913.77650000,3727584.51797700,0
1773011700000000,1948.36000000,1955.20000000,1943.82000000,1951.44000000,2204.65080000,1773012599999999,4300047.69791300,57857,1246.17010000,2431148.86275600,0
1773012600000000,1951.44000000,1952.37000000,1938.52000000,1939.04000000,2426.02070000,1773013499999999,4717991.22721900,57834,1182.84600000,2300527.39620900,0
1773013500000000,1939.04000000,1943.84000000,1935.58000000,1937.10000000,2359.69390000,1773014399999999,4575103.95461500,58203,1359.66190000,2636738.60148200,0
1773014400000000,1937.11000000,1951.99000000,1935.62000000,1946.68000000,3480.48900000,1773015299999999,6768133.91269500,73450,2317.74920000,4507264.02200400,0
1773015300000000,1946.68000000,1948.52000000,1929.65000000,1942.24000000,4189.96900000,1773016199999999,8123368.79466100,83845,1932.40040000,3748163.66598000,0
1773016200000000,1942.24000000,1966.14000000,1942.24000000,1956.07000000,7568.76010000,1773017099999999,14802298.96606600,115756,4393.89880000,8591264.16981300,0
1773017100000000,1956.07000000,1959.15000000,1946.70000000,1950.99000000,2657.12410000,1773017999999999,5187276.62130700,62683,1152.86620000,2250911.33509400,0
1773018000000000,1950.99000000,1954.36000000,1942.72000000,1949.95000000,3346.46460000,1773018899999999,6519850.34089600,82641,1479.39530000,2883622.81271400,0
1773018900000000,1949.96000000,1956.97000000,1946.37000000,1951.76000000,4489.66820000,1773019799999999,8765278.79093800,77761,2600.26110000,5076323.40918500,0
1773019800000000,1951.75000000,1963.20000000,1947.93000000,1958.54000000,4617.93030000,1773020699999999,9041796.82564500,85123,2627.16670000,5144085.08260100,0
1773020700000000,1958.53000000,1959.39000000,1944.90000000,1946.00000000,2525.46120000,1773021599999999,4928095.51258200,65518,889.15530000,1735174.11134000,0
1773021600000000,1946.00000000,1953.47000000,1941.08000000,1945.89000000,2984.74030000,1773022499999999,5810856.44451800,82158,1475.97330000,2873471.83018700,0
1773022500000000,1945.88000000,1945.88000000,1938.33000000,1944.23000000,2326.99960000,1773023399999999,4519013.89379600,67000,1139.63340000,2213263.43490400,0
1773023400000000,1944.23000000,1961.27000000,1941.11000000,1959.20000000,4521.95640000,1773024299999999,8843150.07088800,72927,2655.99730000,5193713.50818200,0
1773024300000000,1959.20000000,1963.20000000,1957.01000000,1959.66000000,3094.13560000,1773025199999999,6066907.34240500,49510,1655.07270000,3245122.28832900,0
1773025200000000,1959.66000000,1997.79000000,1959.08000000,1997.72000000,25427.78400000,1773026099999999,50464566.47270800,166933,13340.60370000,26449799.43894700,0
1773026100000000,1997.73000000,2006.01000000,1979.82000000,1984.68000000,25990.85450000,1773026999999999,51854217.00573100,154665,12159.56410000,24258236.82223300,0
1773027000000000,1984.67000000,1987.33000000,1976.51000000,1977.17000000,3919.50970000,1773027899999999,7764134.77285600,86097,2158.33380000,4276434.65229300,0
1773027900000000,1977.18000000,1980.38000000,1972.80000000,1977.48000000,3442.40280000,1773028799999999,6803259.74210400,59304,1969.08130000,3892087.24671000,0
1773028800000000,1977.48000000,1982.71000000,1975.00000000,1975.07000000,3041.56430000,1773029699999999,6019882.60113700,50283,1547.43520000,3063354.33849100,0
1773029700000000,1975.07000000,1989.56000000,1973.52000000,1987.10000000,2571.66000000,1773030599999999,5097560.30384400,49396,1756.18610000,3481445.99016300,0
1773030600000000,1987.09000000,1987.15000000,1982.98000000,1985.77000000,2380.36430000,1773031499999999,4725880.46710800,50124,1386.06870000,2751980.07789500,0
1773031500000000,1985.76000000,1986.55000000,1976.75000000,1977.31000000,2245.29120000,1773032399999999,4446943.54004600,42281,901.67340000,1785657.85994800,0
1773032400000000,1977.31000000,1982.38000000,1976.39000000,1980.69000000,2463.29340000,1773033299999999,4876223.81205500,38100,1214.48570000,2403769.37241900,0
1773033300000000,1980.69000000,1989.63000000,1978.52000000,1987.95000000,9474.00890000,1773034199999999,18799565.23923400,64042,3498.88370000,6944074.02510200,0
1773034200000000,1987.96000000,2008.19000000,1986.69000000,2004.06000000,11602.42470000,1773035099999999,23169623.11135800,109455,6979.87680000,13938911.36980000,0
1773035100000000,2004.06000000,2014.26000000,1996.75000000,2010.60000000,20290.90640000,1773035999999999,40683090.35400200,130137,7085.03330000,14213855.77536500,0
1773036000000000,2010.60000000,2012.70000000,2003.99000000,2007.30000000,5836.89250000,1773036899999999,11716431.38430500,69077,2573.04120000,5163299.70343500,0
1773036900000000,2007.29000000,2010.86000000,1998.26000000,1998.95000000,3936.52840000,1773037799999999,7887064.51263800,57391,1542.27960000,3090749.31183600,0
1773037800000000,1998.95000000,2001.49000000,1987.83000000,1990.26000000,3514.63730000,1773038699999999,7007912.99612300,53486,1309.83250000,2613012.15827100,0
1773038700000000,1990.26000000,1990.26000000,1983.36000000,1985.00000000,2445.81740000,1773039599999999,4858692.80946100,41979,884.14190000,1756659.98468800,0
1773039600000000,1985.01000000,1985.74000000,1973.66000000,1975.21000000,3508.45900000,1773040499999999,6943224.71308500,65490,1162.63810000,2300750.26400000,0
1773040500000000,1975.21000000,1978.76000000,1963.45000000,1976.69000000,4922.60820000,1773041399999999,9704970.13244900,76797,2452.53570000,4836915.79128700,0
1773041400000000,1976.69000000,1985.29000000,1975.54000000,1982.16000000,3586.79030000,1773042299999999,7103292.99443500,60036,2347.67580000,4649579.61043500,0
1773042300000000,1982.16000000,1985.91000000,1979.41000000,1983.90000000,1827.55640000,1773043199999999,3622644.93754100,29412,1099.15630000,2178734.93311100,0
1773043200000000,1983.91000000,1987.74000000,1978.92000000,1986.71000000,5196.79770000,1773044099999999,10309577.35510800,56869,2903.62500000,5761166.04336600,0
1773044100000000,1986.70000000,1998.11000000,1981.53000000,1995.92000000,4368.99050000,1773044999999999,8701560.64223500,80199,2726.95280000,5433707.36662500,0
1773045000000000,1995.92000000,2000.00000000,1990.92000000,1993.41000000,3593.29110000,1773045899999999,7172481.35144100,65206,1893.15060000,3779222.12335600,0
1773045900000000,1993.41000000,1999.50000000,1991.04000000,1996.81000000,2496.74080000,1773046799999999,4984071.17522100,53038,1224.85870000,2445234.06150100,0
1773046800000000,1996.81000000,1997.59000000,1986.77000000,1996.04000000,3013.95020000,1773047699999999,6004358.27206600,54601,1692.07860000,3371811.70457900,0
1773047700000000,1996.03000000,2004.68000000,1993.31000000,2004.04000000,4978.85660000,1773048599999999,9955060.17780200,53043,2730.18230000,5461434.42557800,0
1773048600000000,2004.03000000,2022.00000000,1999.39000000,2016.06000000,11038.75310000,1773049499999999,22226446.10484400,106172,6531.86220000,13152943.85903300,0
1773049500000000,2016.06000000,2017.91000000,2002.76000000,2004.48000000,3728.05610000,1773050399999999,7490240.74636100,54138,1486.83410000,2987360.04182100,0
1773050400000000,2004.49000000,2007.05000000,1999.94000000,2002.51000000,3481.77140000,1773051299999999,6975435.55701000,52466,1650.10310000,3306450.39208100,0
1773051300000000,2002.55000000,2005.98000000,1999.42000000,2001.53000000,6694.67230000,1773052199999999,13407491.06210200,56436,4714.42630000,9441542.34260000,0
1773052200000000,2001.52000000,2004.30000000,1995.32000000,1996.74000000,3617.29720000,1773053099999999,7237478.70035200,60627,1881.13530000,3764087.60330700,0
1773053100000000,1996.75000000,1998.57000000,1992.56000000,1995.41000000,3354.14630000,1773053999999999,6693837.27859000,39657,2220.41790000,4431667.02956200,0
1773054000000000,1995.41000000,1999.99000000,1993.77000000,1996.87000000,1420.63730000,1773054899999999,2838003.32430800,35236,799.09540000,1596494.02448000,0
1773054900000000,1996.88000000,1997.22000000,1980.93000000,1984.12000000,6682.98070000,1773055799999999,13272577.84588800,64689,2248.95080000,4466052.29966600,0
1773055800000000,1984.12000000,1992.99000000,1983.57000000,1992.10000000,2458.45440000,1773056699999999,4890009.77749100,42100,1089.73330000,2167727.14540500,0
1773056700000000,1992.10000000,1996.75000000,1988.17000000,1992.20000000,2005.41450000,1773057599999999,3996191.30483900,32165,968.78170000,1930711.61108300,0
1773057600000000,1992.20000000,1998.54000000,1992.20000000,1997.29000000,2409.47840000,1773058499999999,4808398.02808300,34058,1188.86490000,2372330.35781900,0
1773058500000000,1997.29000000,2008.59000000,1997.29000000,2007.86000000,4081.44620000,1773059399999999,8173280.91571100,50842,2136.58070000,4279469.00037300,0
1773059400000000,2007.86000000,2013.74000000,2002.32000000,2002.66000000,3885.24800000,1773060299999999,7800504.68671300,57805,2019.14170000,4055101.93570500,0
1773060300000000,2002.66000000,2005.11000000,1998.87000000,2002.19000000,2292.07620000,1773061199999999,4588787.31999300,39461,948.44200000,1898986.72505200,0
1773061200000000,2002.19000000,2013.43000000,2001.43000000,2009.63000000,5988.41660000,1773062099999999,12026296.12742000,61447,3233.67040000,6492833.18572100,0
1773062100000000,2009.63000000,2018.36000000,2001.13000000,2018.22000000,7959.22790000,1773062999999999,16006484.95986600,82614,4795.32080000,9644472.94838000,0
1773063000000000,2018.23000000,2029.30000000,2007.65000000,2028.17000000,15940.86670000,1773063899999999,32170269.27125400,198209,9016.23890000,18199504.90536700,0
1773063900000000,2028.17000000,2030.00000000,2013.06000000,2018.16000000,11866.43260000,1773064799999999,23990358.87605300,170942,5875.05870000,11879150.56010600,0
1773064800000000,2018.15000000,2026.33000000,2007.82000000,2013.99000000,12979.44630000,1773065699999999,26141859.02658700,151223,7016.35280000,14133164.27778000,0
1773065700000000,2014.00000000,2030.52000000,2013.99000000,2021.09000000,13342.99930000,1773066599999999,27003418.80443400,124811,7016.28480000,14201290.26828800,0
1773066600000000,2021.08000000,2032.84000000,2017.87000000,2030.74000000,8505.30770000,1773067499999999,17234120.65316800,124247,5113.23510000,10362659.09329300,0
1773067500000000,2030.74000000,2031.06000000,2020.62000000,2022.29000000,4846.35010000,1773068399999999,9820761.45076800,82034,1914.12280000,3879455.73790100,0
1773068400000000,2022.27000000,2026.63000000,2015.00000000,2025.74000000,6624.98650000,1773069299999999,13393021.06113600,76376,3419.55950000,6914430.19550400,0
1773069300000000,2025.73000000,2029.25000000,2021.85000000,2025.51000000,4712.68360000,1773070199999999,9546725.00675600,49464,1592.58450000,3226389.89225300,0
1773070200000000,2025.50000000,2028.17000000,2013.97000000,2019.90000000,5636.51220000,1773071099999999,11384648.16537500,64512,2547.04710000,5142712.07514700,0
1773071100000000,2019.90000000,2028.56000000,2019.51000000,2022.63000000,4423.06780000,1773071999999999,8954375.98922200,46340,1341.95440000,2716403.22926500,0
1773072000000000,2022.64000000,2032.19000000,2020.88000000,2023.62000000,4322.67550000,1773072899999999,8759936.49770100,56790,2558.01500000,5183835.15199100,0
1773072900000000,2023.63000000,2031.63000000,2019.18000000,2028.85000000,4067.08220000,1773073799999999,8236353.39055300,58446,2561.09040000,5187336.35301900,0
1773073800000000,2028.86000000,2031.01000000,2018.93000000,2028.58000000,3807.73120000,1773074699999999,7713882.33688700,63558,1559.98200000,3160877.96828000,0
1773074700000000,2028.58000000,2039.29000000,2025.40000000,2027.53000000,6007.94020000,1773075599999999,12209273.48221900,52556,3072.24390000,6245953.04171000,0
1773075600000000,2027.54000000,2031.91000000,2024.92000000,2029.40000000,3134.45980000,1773076499999999,6358290.10678300,49012,1828.08040000,3708163.42317400,0
1773076500000000,2029.39000000,2032.50000000,2018.85000000,2020.45000000,5431.96790000,1773077399999999,10990472.23373200,57995,2678.40710000,5418344.39736200,0
1773077400000000,2020.44000000,2023.37000000,2005.76000000,2010.59000000,7119.66290000,1773078299999999,14338838.77011700,77260,3085.71200000,6212915.70243000,0
1773078300000000,2010.58000000,2020.82000000,2010.02000000,2016.94000000,4771.09300000,1773079199999999,9616046.58642300,53517,2547.01750000,5135960.32965300,0
1773079200000000,2016.94000000,2017.44000000,2006.15000000,2012.46000000,3965.74190000,1773080099999999,7974621.35402000,53741,1322.16390000,2659050.03959500,0
1773080100000000,2012.46000000,2022.78000000,2011.84000000,2017.77000000,3011.59890000,1773080999999999,6076738.33595300,41815,1956.32980000,3947499.47365400,0
1773081000000000,2017.77000000,2022.90000000,2015.32000000,2016.63000000,2799.78730000,1773081899999999,5652915.80930200,34147,1327.21430000,2679776.44773300,0
1773081900000000,2016.62000000,2018.75000000,2010.19000000,2012.10000000,2542.65390000,1773082799999999,5120329.96669200,28069,749.00170000,1508522.39322500,0
1773082800000000,2012.11000000,2014.96000000,2010.00000000,2010.28000000,2017.24970000,1773083699999999,4059494.94697200,28562,757.61410000,1524739.06653500,0
1773083700000000,2010.29000000,2050.39000000,2010.22000000,2050.03000000,13584.67440000,1773084599999999,27626675.24968800,161119,7779.33540000,15830168.88239400,0
1773084600000000,2050.02000000,2053.52000000,2025.50000000,2031.64000000,9998.10820000,1773085499999999,20373305.39057600,153830,4218.96480000,8599438.08570000,0
1773085500000000,2031.64000000,2036.79000000,2027.89000000,2033.91000000,4536.52410000,1773086399999999,9220843.09619600,77805,2368.20150000,4814567.35768500,0
1773086400000000,2033.91000000,2037.30000000,2031.16000000,2032.12000000,2903.30720000,1773087299999999,5906164.41036800,48148,1783.88820000,3629015.14497500,0
1773087300000000,2032.13000000,2032.76000000,2028.73000000,2031.47000000,1766.36720000,1773088199999999,3586608.75975200,27831,871.22440000,1769137.05972800,0
1773088200000000,2031.47000000,2031.47000000,2021.28000000,2023.12000000,2852.56280000,1773089099999999,5776677.87567700,43104,1389.89830000,2814855.99148300,0
1773089100000000,2023.11000000,2028.78000000,2018.77000000,2025.89000000,2003.88000000,1773089999999999,4056315.83706200,37909,914.02990000,1851266.16901600,0
1773090000000000,2025.89000000,2035.39000000,2025.16000000,2031.39000000,3075.42900000,1773090899999999,6247648.11147100,34005,1790.47500000,3637203.98527600,0
1773090900000000,2031.39000000,2031.51000000,2027.66000000,2028.37000000,1280.84750000,1773091799999999,2599871.90938800,18369,561.92520000,1140626.73891000,0
1773091800000000,2028.37000000,2028.98000000,2022.19000000,2027.37000000,1203.08410000,1773092699999999,2438029.31491400,27498,439.56640000,890869.17113700,0
1773092700000000,2027.37000000,2030.71000000,2025.12000000,2028.35000000,805.62650000,1773093599999999,1633774.10191100,25187,379.02040000,768688.97505500,0
1773093600000000,2028.33000000,2031.32000000,2018.37000000,2023.50000000,2575.10850000,1773094499999999,5211020.25846200,51623,1281.99930000,2594357.78850700,0
1773094500000000,2023.50000000,2023.50000000,2019.28000000,2022.35000000,789.76560000,1773095399999999,1596361.88252500,22444,399.75440000,807979.32731700,0
1773095400000000,2022.34000000,2022.75000000,2007.23000000,2011.10000000,14429.77520000,1773096299999999,29041553.67322400,51818,8608.14990000,17319446.14217100,0
1773096300000000,2011.09000000,2012.33000000,1997.87000000,2002.53000000,38267.53880000,1773097199999999,76610116.98369200,71667,22553.35890000,45128087.84223600,0
1773097200000000,2002.52000000,2007.67000000,1997.11000000,2003.85000000,6362.15830000,1773098099999999,12742090.93263600,47464,2565.35070000,5138215.05500400,0
1773098100000000,2003.85000000,2004.00000000,1997.64000000,1999.01000000,4594.07590000,1773098999999999,9188199.30570500,31570,2504.51110000,5008815.08273200,0
1773099000000000,1999.00000000,2002.67000000,1996.65000000,1998.36000000,3325.17200000,1773099899999999,6649321.76289100,32521,1563.13290000,3125864.93785900,0
1773099900000000,1998.35000000,1998.35000000,1989.12000000,1992.98000000,11613.43020000,1773100799999999,23148239.17274300,47317,7276.88740000,14504744.06865800,0
1773100800000000,1992.97000000,1995.52000000,1991.00000000,1994.49000000,2837.73780000,1773101699999999,5657423.54578500,37476,1431.59240000,2854123.43549100,0
1773101700000000,1994.49000000,2015.00000000,1994.44000000,2013.61000000,14746.18170000,1773102599999999,29557959.27190600,63333,12199.89470000,24446385.57874400,0
1773102600000000,2013.61000000,2019.22000000,2008.75000000,2018.23000000,4163.04440000,1773103499999999,8390014.28228200,46345,2404.16600000,4846069.10332400,0
1773103500000000,2018.23000000,2022.50000000,2013.01000000,2015.37000000,8884.81620000,1773104399999999,17934333.06137200,47105,6497.53460000,13118257.17119800,0
1773104400000000,2015.37000000,2021.54000000,2013.24000000,2018.21000000,2996.36840000,1773105299999999,6046500.76760400,44038,1535.52970000,3098911.70664300,0
1773105300000000,2018.21000000,2019.83000000,2008.75000000,2012.65000000,3667.93210000,1773106199999999,7383370.75672500,41752,1091.81560000,2198571.90663700,0
1773106200000000,2012.65000000,2016.30000000,2006.23000000,2010.48000000,2142.95180000,1773107099999999,4310114.50122800,41005,641.36410000,1289783.69698900,0
1773107100000000,2010.49000000,2024.99000000,2009.10000000,2019.21000000,3117.94270000,1773107999999999,6296064.79593500,45788,1785.34200000,3605627.74535100,0
1773108000000000,2019.20000000,2021.31000000,2014.01000000,2019.22000000,1740.99010000,1773108899999999,3513210.13381600,36942,695.20020000,1403101.89252500,0
1773108900000000,2019.22000000,2022.00000000,2015.69000000,2020.84000000,1516.31120000,1773109799999999,3060329.03989500,31917,761.40530000,1537000.88350400,0
1773109800000000,2020.85000000,2054.19000000,2020.85000000,2047.44000000,17716.28250000,1773110699999999,36163561.13940900,154055,10513.42410000,21462593.34917400,0
1773110700000000,2047.44000000,2053.17000000,2040.46000000,2042.40000000,6273.77730000,1773111599999999,12836500.30732500,91278,2694.02810000,5513186.15783500,0
1773111600000000,2042.40000000,2046.32000000,2038.82000000,2042.80000000,3669.54040000,1773112499999999,7495815.51672900,56395,2178.39840000,4450396.46171800,0
1773112500000000,2042.81000000,2047.88000000,2041.26000000,2042.87000000,2140.97210000,1773113399999999,4376952.19617300,34095,1381.54300000,2824491.69346100,0
1773113400000000,2042.87000000,2043.28000000,2033.49000000,2034.27000000,3249.70330000,1773114299999999,6625849.77886000,38780,1598.07700000,3258802.98062100,0
1773114300000000,2034.27000000,2034.27000000,2022.63000000,2026.80000000,4169.25060000,1773115199999999,8452824.37875900,65260,2032.88840000,4121356.08231300,0
1773115200000000,2026.80000000,2035.49000000,2026.36000000,2034.61000000,3536.36500000,1773116099999999,7180216.57921600,43150,2696.32650000,5474467.19194900,0
1773116100000000,2034.60000000,2039.37000000,2031.96000000,2036.09000000,2693.26840000,1773116999999999,5482511.38288000,34969,1771.01220000,3605341.65710700,0
1773117000000000,2036.10000000,2042.59000000,2036.10000000,2041.11000000,2182.53060000,1773117899999999,4451832.54926900,31429,1461.83630000,2982157.09542100,0
1773117900000000,2041.12000000,2047.31000000,2038.64000000,2045.70000000,2232.62460000,1773118799999999,4561612.36964700,32195,1542.17640000,3151224.10436700,0
1773118800000000,2045.69000000,2054.20000000,2043.61000000,2048.07000000,4293.37120000,1773119699999999,8796382.20997900,52817,2282.88790000,4677702.38655800,0
1773119700000000,2048.07000000,2053.30000000,2042.51000000,2043.84000000,3136.04190000,1773120599999999,6420993.79225900,38961,1540.69100000,3155161.28762300,0
1773120600000000,2043.83000000,2048.41000000,2040.90000000,2041.26000000,12344.83810000,1773121499999999,25226612.03476000,37284,10008.10260000,20450716.52370000,0
1773121500000000,2041.26000000,2044.99000000,2039.75000000,2043.99000000,3788.52950000,1773122399999999,7737427.15555600,27606,1415.44570000,2890852.32382500,0
1773122400000000,2044.00000000,2044.30000000,2039.61000000,2041.64000000,2855.78510000,1773123299999999,5831537.90750500,26761,1069.06650000,2182920.96840500,0
1773123300000000,2041.63000000,2048.58000000,2036.25000000,2047.71000000,3941.25030000,1773124199999999,8044085.59520800,44793,1328.52100000,2712763.50322300,0
1773124200000000,2047.70000000,2049.34000000,2043.91000000,2044.96000000,2893.95690000,1773125099999999,5921769.52964100,35976,1110.87470000,2273470.80440800,0
1773125100000000,2044.95000000,2046.43000000,2041.11000000,2043.76000000,2257.69020000,1773125999999999,4614665.22382900,28843,834.39360000,1705238.45731200,0
1773126000000000,2043.77000000,2052.88000000,2040.09000000,2047.31000000,4060.91550000,1773126899999999,8311753.94337200,52135,2464.22730000,5044667.19651000,0
1773126900000000,2047.31000000,2059.69000000,2046.69000000,2052.68000000,4960.39420000,1773127799999999,10185536.46542200,54037,3045.50090000,6253183.62738500,0
1773127800000000,2052.69000000,2053.21000000,2048.31000000,2049.92000000,2171.85190000,1773128699999999,4454594.38536900,38550,833.57470000,1709673.11088400,0
1773128700000000,2049.91000000,2054.58000000,2048.50000000,2051.00000000,3028.87170000,1773129599999999,6212278.84915300,22333,1518.77840000,3115369.87252600,0
1773129600000000,2051.00000000,2065.19000000,2051.00000000,2059.99000000,8336.25980000,1773130499999999,17161737.42892400,72736,4977.25280000,10246552.37431300,0
1773130500000000,2060.00000000,2066.93000000,2057.82000000,2061.44000000,6902.19510000,1773131399999999,14237903.09801700,76170,4123.36010000,8507243.63469900,0
1773131400000000,2061.43000000,2070.50000000,2061.43000000,2066.53000000,5062.17820000,1773132299999999,10464387.32249800,73127,2551.39110000,5274419.98174000,0
1773132300000000,2066.54000000,2066.54000000,2056.36000000,2057.27000000,3287.99730000,1773133199999999,6773203.15041500,47009,1319.16090000,2716464.04435400,0
1773133200000000,2057.27000000,2062.28000000,2055.72000000,2060.47000000,2392.65600000,1773134099999999,4927506.73545300,40436,1123.82400000,2314535.63839100,0
1773134100000000,2060.47000000,2074.00000000,2058.20000000,2069.45000000,5477.34850000,1773134999999999,11321278.01624700,63911,3646.51260000,7536639.76907700,0
1773135000000000,2069.45000000,2070.75000000,2066.45000000,2068.42000000,2659.65970000,1773135899999999,5501378.92233600,45381,784.46410000,1622643.03052000,0
1773135900000000,2068.42000000,2070.00000000,2064.66000000,2068.18000000,3222.78120000,1773136799999999,6663352.76398400,30041,1083.11680000,2239315.66603800,0
1773136800000000,2068.17000000,2069.22000000,2061.15000000,2062.88000000,2511.61290000,1773137699999999,5187849.59360900,38344,1013.44580000,2093408.88798800,0
1773137700000000,2062.89000000,2063.97000000,2059.50000000,2061.32000000,1603.27190000,1773138599999999,3304597.22847400,29696,614.83960000,1267328.08640200,0
1773138600000000,2061.32000000,2065.86000000,2055.56000000,2057.73000000,2502.68260000,1773139499999999,5155456.73827900,42254,1027.92210000,2118436.02874700,0
1773139500000000,2057.73000000,2064.60000000,2056.47000000,2062.86000000,2305.28530000,1773140399999999,4751803.03387400,24071,1408.02540000,2903065.33427500,0
1773140400000000,2062.86000000,2067.78000000,2057.46000000,2058.06000000,3901.77920000,1773141299999999,8049464.88944400,43709,2204.67220000,4549508.66000100,0
1773141300000000,2058.06000000,2065.81000000,2051.16000000,2064.64000000,6345.26540000,1773142199999999,13069213.91630200,40702,3227.42950000,6651585.84644900,0
1773142200000000,2064.64000000,2065.78000000,2060.30000000,2061.53000000,1207.77520000,1773143099999999,2492231.61089500,23075,578.76930000,1194128.18920100,0
1773143100000000,2061.53000000,2065.45000000,2059.15000000,2061.69000000,2731.31630000,1773143999999999,5632451.26869800,20059,1243.40580000,2564324.51484500,0
1773144000000000,2061.70000000,2062.09000000,2054.20000000,2057.79000000,2770.02520000,1773144899999999,5698389.69858200,38554,1026.31460000,2111304.15198900,0
1773144900000000,2057.80000000,2059.56000000,2051.97000000,2052.61000000,2469.23240000,1773145799999999,5076601.39286500,30484,919.33960000,1890592.92192900,0
1773145800000000,2052.60000000,2056.14000000,2048.67000000,2050.42000000,4577.36550000,1773146699999999,9391656.86790600,34311,1930.22700000,3961911.23290300,0
1773146700000000,2050.41000000,2052.60000000,2047.36000000,2049.82000000,3083.81000000,1773147599999999,6323294.72881200,25370,661.32780000,1356151.17267100,0
1773147600000000,2049.82000000,2057.19000000,2049.82000000,2054.91000000,3936.39140000,1773148499999999,8084217.53612900,30617,1511.67150000,3104844.35539800,0
1773148500000000,2054.92000000,2060.27000000,2052.60000000,2054.37000000,2635.90570000,1773149399999999,5419384.35408000,32571,1179.71500000,2425725.20158800,0
1773149400000000,2054.38000000,2057.70000000,2024.04000000,2030.99000000,16019.06570000,1773150299999999,32620794.22067000,161412,7025.45000000,14306565.16560100,0
1773150300000000,2030.99000000,2044.36000000,2027.50000000,2033.63000000,6685.40900000,1773151199999999,13620590.63463600,88631,4068.42000000,8289305.15805800,0
1773151200000000,2033.63000000,2037.01000000,2011.70000000,2014.63000000,15955.87750000,1773152099999999,32265551.80643500,152410,6817.29180000,13783365.54751200,0
1773152100000000,2014.62000000,2027.78000000,2008.65000000,2024.39000000,9130.71240000,1773152999999999,18428013.61563900,106570,4378.80230000,8838978.58089600,0
1773153000000000,2024.38000000,2047.18000000,2024.27000000,2045.06000000,11720.08240000,1773153899999999,23858438.11095900,100097,7089.07110000,14428969.22886200,0
1773153900000000,2045.05000000,2080.27000000,2041.60000000,2075.19000000,18487.97450000,1773154799999999,38132680.23046200,157136,10032.52950000,20703687.07339000,0
1773154800000000,2075.19000000,2085.73000000,2063.82000000,2068.48000000,19861.51340000,1773155699999999,41187741.81155900,167373,10570.37500000,21923554.71837200,0
1773155700000000,2068.48000000,2073.72000000,2059.23000000,2069.12000000,8702.07240000,1773156599999999,17985347.53431800,100278,3779.43560000,7811840.41889100,0
1773156600000000,2069.11000000,2078.98000000,2062.85000000,2070.43000000,8164.83810000,1773157499999999,16895644.38446300,101020,4128.73150000,8544235.97808200,0
1773157500000000,2070.43000000,2081.00000000,2067.04000000,2079.35000000,5768.92480000,1773158399999999,11969322.83488900,70084,3107.50070000,6447465.33199700,0
1773158400000000,2079.34000000,2081.20000000,2069.45000000,2073.03000000,3965.05650000,1773159299999999,8227234.53459300,65751,1724.07190000,3577149.17671900,0
1773159300000000,2073.03000000,2088.19000000,2072.37000000,2080.62000000,6685.91940000,1773160199999999,13923259.88814600,82940,3789.73240000,7892596.71237200,0
1773160200000000,2080.63000000,2086.00000000,2077.24000000,2085.04000000,4078.76520000,1773161099999999,8488497.07387700,54602,2320.47940000,4829827.23567100,0
1773161100000000,2085.05000000,2085.54000000,2078.46000000,2080.72000000,3950.56260000,1773161999999999,8223174.74480100,49236,1517.41060000,3159502.14323300,0
1773162000000000,2080.71000000,2085.19000000,2075.78000000,2076.69000000,3559.27270000,1773162899999999,7403623.70583000,49719,1536.99680000,3197335.63919700,0
1773162900000000,2076.69000000,2081.50000000,2070.22000000,2072.45000000,3872.59020000,1773163799999999,8040701.75398400,52614,1903.83110000,3954043.57153800,0
1773163800000000,2072.43000000,2079.48000000,2058.33000000,2065.47000000,7622.29590000,1773164699999999,15759951.16592800,97412,4141.00570000,8565937.87504200,0
1773164700000000,2065.48000000,2077.25000000,2061.77000000,2071.67000000,5707.21400000,1773165599999999,11828177.44436100,62419,3551.67480000,7360979.80942500,0
1773165600000000,2071.67000000,2073.13000000,2048.95000000,2049.55000000,5841.62670000,1773166499999999,12041117.10436300,79720,2444.23440000,5038149.62745900,0
1773166500000000,2049.55000000,2056.35000000,2039.04000000,2046.74000000,12708.32840000,1773167399999999,26003582.04733200,166207,5754.57930000,11779446.49757000,0
1773167400000000,2046.75000000,2055.33000000,2040.61000000,2041.51000000,7615.03570000,1773168299999999,15580329.31072000,115412,2988.54300000,6115837.23163300,0
1773168300000000,2041.51000000,2047.19000000,2035.74000000,2039.68000000,4279.72430000,1773169199999999,8732757.72133900,81753,2275.07010000,4642915.25963100,0
1773169200000000,2039.68000000,2043.92000000,2030.10000000,2035.90000000,4374.04220000,1773170099999999,8912256.09305400,73650,1659.55140000,3380353.43208600,0
1773170100000000,2035.91000000,2044.31000000,2029.79000000,2032.55000000,4164.89420000,1773170999999999,8485424.57323000,70598,1858.45420000,3787230.25540200,0
1773171000000000,2032.54000000,2040.95000000,2027.16000000,2037.72000000,4775.36770000,1773171899999999,9711290.82369300,76830,2754.58910000,5603791.23560100,0
1773171900000000,2037.72000000,2039.36000000,2034.53000000,2037.02000000,2430.91130000,1773172799999999,4950230.71200000,39482,1481.74190000,3017360.34543800,0
1773172800000000,2037.02000000,2042.99000000,2035.45000000,2040.58000000,2724.22540000,1773173699999999,5553477.42546900,31348,1191.09970000,2428416.09636800,0
1773173700000000,2040.57000000,2045.65000000,2038.15000000,2045.23000000,2471.84540000,1773174599999999,5048598.50910800,23966,1446.93240000,2955259.41736800,0
1773174600000000,2045.23000000,2047.45000000,2041.88000000,2043.59000000,1776.25580000,1773175499999999,3631931.34550200,26116,969.62250000,1983042.24170200,0
1773175500000000,2043.58000000,2044.39000000,2041.14000000,2042.56000000,742.08950000,1773176399999999,1515718.90670500,18456,384.84960000,786040.59268100,0
1773176400000000,2042.56000000,2048.31000000,2037.60000000,2038.52000000,1291.10750000,1773177299999999,2637045.23781000,19329,430.26450000,879548.12091900,0
1773177300000000,2038.53000000,2040.66000000,2037.82000000,2039.70000000,632.63370000,1773178199999999,1290066.56441000,12887,312.17960000,636581.10914400,0
1773178200000000,2039.70000000,2041.10000000,2027.92000000,2030.43000000,3294.06900000,1773179099999999,6701845.70159600,35701,904.56740000,1840649.50983300,0
1773179100000000,2030.43000000,2031.19000000,2018.00000000,2029.20000000,5664.96140000,1773179999999999,11472990.16945000,48361,1492.75450000,3024097.19733100,0
1773180000000000,2029.20000000,2032.18000000,2021.47000000,2025.44000000,3142.19940000,1773180899999999,6368778.83767800,41492,1242.29580000,2517715.91708200,0
1773180900000000,2025.44000000,2032.82000000,2021.14000000,2028.61000000,2160.06580000,1773181799999999,4373915.79757300,29197,1148.96370000,2326521.06411300,0
1773181800000000,2028.61000000,2029.40000000,2022.79000000,2027.70000000,1801.97830000,1773182699999999,3650934.29205400,21845,930.34830000,1884704.78339700,0
1773182700000000,2027.70000000,2031.34000000,2026.00000000,2027.64000000,1393.52350000,1773183599999999,2826908.52988900,18649,737.68230000,1496529.63114200,0
1773183600000000,2027.63000000,2035.55000000,2027.55000000,2033.86000000,2192.46790000,1773184499999999,4456250.65639000,28381,1064.80990000,2164393.48344300,0
1773184500000000,2033.86000000,2035.53000000,2030.00000000,2033.38000000,1350.82330000,1773185399999999,2746261.50411200,22256,759.64500000,1544315.16781400,0
1773185400000000,2033.38000000,2035.97000000,2032.64000000,2033.75000000,1643.20950000,1773186299999999,3342432.07678000,22357,950.58690000,1933547.19687500,0
1773186300000000,2033.75000000,2037.30000000,2032.08000000,2036.51000000,1667.45880000,1773187199999999,3394373.84766100,23270,825.73470000,1680893.22181400,0
1773187200000000,2036.50000000,2039.79000000,2030.37000000,2038.15000000,2884.83070000,1773188099999999,5870025.63994700,41847,1200.40460000,2442711.46771000,0
1773188100000000,2038.15000000,2040.35000000,2033.73000000,2037.79000000,2340.72450000,1773188999999999,4769723.63063000,36027,1080.28360000,2201151.37743800,0
1773189000000000,2037.79000000,2037.86000000,2028.81000000,2029.84000000,2489.50790000,1773189899999999,5059147.33538300,27054,979.03540000,1989570.11393500,0
1773189900000000,2029.83000000,2041.71000000,2029.83000000,2037.68000000,2415.77810000,1773190799999999,4921335.85636600,29609,1213.23030000,2471618.43104600,0
1773190800000000,2037.68000000,2041.00000000,2035.36000000,2038.85000000,2260.04660000,1773191699999999,4605902.39789200,29742,821.06980000,1673312.80472100,0
1773191700000000,2038.84000000,2040.29000000,2032.47000000,2036.23000000,2317.09640000,1773192599999999,4716741.22216000,33235,779.67430000,1587153.09039000,0
1773192600000000,2036.24000000,2036.93000000,2028.62000000,2031.98000000,1551.86940000,1773193499999999,3153087.01967800,25568,650.72460000,1321853.00917100,0
1773193500000000,2031.97000000,2038.34000000,2031.18000000,2036.10000000,988.20880000,1773194399999999,2011257.31567600,19926,517.83420000,1054170.99426100,0
1773194400000000,2036.10000000,2039.05000000,2033.51000000,2033.84000000,1084.43350000,1773195299999999,2208808.02612600,18203,446.26190000,908973.79580900,0
1773195300000000,2033.85000000,2036.05000000,2031.47000000,2033.32000000,1662.40500000,1773196199999999,3380598.66612500,20806,671.44940000,1365089.38384000,0
1773196200000000,2033.33000000,2033.33000000,2018.70000000,2022.58000000,5446.14320000,1773197099999999,11022223.75886600,43579,1697.83420000,3436072.52230300,0
1773197100000000,2022.58000000,2027.00000000,2019.45000000,2026.71000000,3324.01260000,1773197999999999,6727492.19140400,24986,1269.46800000,2569879.66146600,0
1773198000000000,2026.70000000,2029.35000000,2022.60000000,2023.76000000,1964.01160000,1773198899999999,3977418.54536800,23495,581.51730000,1177982.34679800,0
1773198900000000,2023.76000000,2025.04000000,2018.53000000,2019.87000000,2542.52190000,1773199799999999,5138140.10973800,22261,794.18480000,1605134.49278900,0
1773199800000000,2019.86000000,2021.81000000,2019.06000000,2020.52000000,1947.43900000,1773200699999999,3935068.84423000,15835,323.50430000,653671.15797900,0
1773200700000000,2020.52000000,2022.42000000,2018.13000000,2021.17000000,1544.32090000,1773201599999999,3119972.36440700,16787,689.87690000,1393818.68353800,0
1773201600000000,2021.17000000,2024.43000000,2018.25000000,2023.75000000,1802.16390000,1773202499999999,3641298.65522800,20494,575.20570000,1162486.56216600,0
1773202500000000,2023.75000000,2037.06000000,2023.52000000,2034.66000000,3337.17130000,1773203399999999,6779979.89644300,27539,2167.90370000,4404678.17939900,0
1773203400000000,2034.65000000,2037.08000000,2032.74000000,2033.85000000,1745.83830000,1773204299999999,3552896.33226900,26086,888.80360000,1808986.08364800,0
1773204300000000,2033.84000000,2041.39000000,2033.50000000,2039.08000000,1794.09110000,1773205199999999,3655930.55860800,26447,1181.64440000,2408073.69737700,0
1773205200000000,2039.08000000,2041.49000000,2035.97000000,2036.94000000,1309.99410000,1773206099999999,2670655.39569100,22464,616.43590000,1256762.72749900,0
1773206100000000,2036.93000000,2036.94000000,2031.54000000,2032.55000000,815.48130000,1773206999999999,1658529.86458000,13574,294.20530000,598362.64462000,0
1773207000000000,2032.55000000,2032.55000000,2011.37000000,2017.40000000,6264.43150000,1773207899999999,12657767.13882700,42604,1754.27750000,3542194.74231200,0
1773207900000000,2017.40000000,2018.84000000,2013.65000000,2014.63000000,1684.21720000,1773208799999999,3396402.49254000,28093,747.11300000,1506782.18082000,0
1773208800000000,2014.63000000,2019.00000000,2014.00000000,2017.78000000,2457.48040000,1773209699999999,4955636.55946400,31265,1020.85400000,2058539.48861900,0
1773209700000000,2017.77000000,2020.00000000,2016.00000000,2019.97000000,2147.26760000,1773210599999999,4334156.82251700,24488,1222.27790000,2467059.06387600,0
1773210600000000,2019.98000000,2024.76000000,2019.79000000,2021.27000000,2048.49050000,1773211499999999,4142391.77182700,23957,808.36470000,1634690.83304400,0
1773211500000000,2021.27000000,2026.00000000,2018.13000000,2024.30000000,1838.22560000,1773212399999999,3717922.28570400,21795,832.12710000,1683342.47621200,0
1773212400000000,2024.31000000,2025.70000000,2022.04000000,2023.39000000,812.06340000,1773213299999999,1643550.34045900,17050,359.82560000,728238.72350800,0
1773213300000000,2023.39000000,2023.53000000,2019.46000000,2019.46000000,1145.82460000,1773214199999999,2315723.17007300,18270,443.10260000,895432.73339600,0
1773214200000000,2019.46000000,2020.00000000,2007.17000000,2011.13000000,4346.65360000,1773215099999999,8743382.01620300,50284,1313.72150000,2642663.49172700,0
1773215100000000,2011.14000000,2015.67000000,2010.62000000,2012.54000000,2278.52850000,1773215999999999,4587822.24067200,23856,873.59370000,1758826.37359600,0
1773216000000000,2012.54000000,2015.67000000,2010.57000000,2012.86000000,2910.86900000,1773216899999999,5860003.93705700,30867,935.85280000,1884021.96376500,0
1773216900000000,2012.87000000,2013.66000000,2009.48000000,2010.84000000,2297.41870000,1773217799999999,4621749.66250100,37266,888.19260000,1786803.37456700,0
1773217800000000,2010.84000000,2025.46000000,2010.84000000,2022.11000000,6841.77130000,1773218699999999,13820133.59751300,66059,3547.18370000,7162288.97067200,0
1773218700000000,2022.11000000,2025.72000000,2017.57000000,2023.76000000,2202.28430000,1773219599999999,4450473.11951700,35913,833.27980000,1684413.37870200,0
1773219600000000,2023.75000000,2023.75000000,2018.04000000,2018.95000000,1230.98760000,1773220499999999,2487535.20055400,24767,398.62950000,805474.66205400,0
1773220500000000,2018.94000000,2023.00000000,2018.21000000,2018.23000000,937.65470000,1773221399999999,1894284.25480100,18584,344.92170000,696751.36209900,0
1773221400000000,2018.23000000,2022.34000000,2014.51000000,2020.80000000,2226.12980000,1773222299999999,4493557.04242300,30835,578.93220000,1168553.58259300,0
1773222300000000,2020.79000000,2027.40000000,2015.15000000,2017.87000000,2274.99830000,1773223199999999,4598506.50378400,34481,914.20950000,1848846.41652200,0
1773223200000000,2017.87000000,2022.12000000,2017.24000000,2022.09000000,1092.69280000,1773224099999999,2207282.41981500,29303,418.04920000,844516.30996800,0
1773224100000000,2022.09000000,2024.74000000,2019.38000000,2021.05000000,1188.99190000,1773224999999999,2403688.14685200,26078,486.70770000,984090.37784600,0
1773225000000000,2021.06000000,2031.30000000,2020.94000000,2029.27000000,3100.54920000,1773225899999999,6279279.55522900,33610,2032.46330000,4116494.14658100,0
1773225900000000,2029.27000000,2030.19000000,2026.77000000,2028.68000000,1144.99900000,1773226799999999,2322262.81286200,24254,513.97170000,1042401.54950200,0
1773226800000000,2028.68000000,2033.52000000,2026.14000000,2032.64000000,2493.49510000,1773227699999999,5061205.78573300,46335,1290.84870000,2620323.88689300,0
1773227700000000,2032.63000000,2033.96000000,2021.89000000,2023.69000000,1629.63340000,1773228599999999,3304973.64676800,29345,577.72250000,1172266.09861400,0
1773228600000000,2023.69000000,2025.84000000,2019.29000000,2021.14000000,1231.22310000,1773229499999999,2490572.49864800,29208,410.21560000,829875.58347600,0
1773229500000000,2021.15000000,2024.10000000,2015.83000000,2017.80000000,3443.40020000,1773230399999999,6957341.35038100,47237,1558.94560000,3150376.44238000,0
1773230400000000,2017.80000000,2021.98000000,2012.81000000,2020.00000000,2566.87050000,1773231299999999,5176355.88400200,48631,1119.59690000,2258096.39347500,0
1773231300000000,2020.01000000,2026.81000000,2018.50000000,2026.26000000,2105.53010000,1773232199999999,4260869.23408600,35465,1278.78180000,2587744.92563800,0
1773232200000000,2026.27000000,2035.50000000,2019.42000000,2022.35000000,9785.42100000,1773233099999999,19836260.48558600,76644,3216.53460000,6522048.31248400,0
1773233100000000,2022.35000000,2025.88000000,2019.42000000,2023.09000000,2074.18300000,1773233999999999,4195207.56580400,35521,667.05120000,1349071.36183600,0
1773234000000000,2023.09000000,2038.16000000,2021.67000000,2034.47000000,3681.46690000,1773234899999999,7475693.88649100,56163,2732.20890000,5549130.53531600,0
1773234900000000,2034.47000000,2049.61000000,2033.74000000,2046.07000000,7881.26680000,1773235799999999,16094843.35044000,96889,4576.56780000,9346259.81251000,0
1773235800000000,2046.08000000,2082.66000000,2046.08000000,2063.12000000,24232.86250000,1773236699999999,50112956.37795300,247344,13304.27810000,27499385.00749100,0
1773236700000000,2063.12000000,2068.37000000,2038.00000000,2050.72000000,13201.54650000,1773237599999999,27071960.99640500,184223,6106.46180000,12524144.02715600,0
1773237600000000,2050.72000000,2065.91000000,2042.93000000,2050.28000000,22677.07540000,1773238499999999,46569199.80575100,193376,14694.69330000,30167579.80182600,0
1773238500000000,2050.28000000,2064.67000000,2048.66000000,2063.29000000,7277.92620000,1773239399999999,14960490.70231400,127898,4003.65180000,8228639.54132700,0
1773239400000000,2063.29000000,2074.48000000,2056.52000000,2072.49000000,7021.76540000,1773240299999999,14515450.69948100,116398,4121.75000000,8522724.12450200,0
1773240300000000,2072.50000000,2077.59000000,2059.92000000,2062.68000000,5257.31140000,1773241199999999,10870181.48169800,80577,2087.66510000,4318248.74985100,0
1773241200000000,2062.68000000,2065.45000000,2042.26000000,2045.88000000,8064.37690000,1773242099999999,16552371.95842400,123009,3092.93360000,6349190.38363300,0
1773242100000000,2045.87000000,2059.01000000,2043.95000000,2049.20000000,4427.44090000,1773242999999999,9082693.34070100,86974,2496.68670000,5122111.94608400,0
1773243000000000,2049.20000000,2049.24000000,2030.03000000,2039.79000000,7192.62410000,1773243899999999,14662211.55142000,132403,3368.36930000,6864013.31726300,0
1773243900000000,2039.80000000,2051.50000000,2036.72000000,2049.73000000,4705.19490000,1773244799999999,9623187.19936600,85685,2672.12130000,5467620.49140600,0
1773244800000000,2049.75000000,2055.89000000,2046.46000000,2054.27000000,3227.39960000,1773245699999999,6621847.12427900,81538,1795.03880000,3683475.17530700,0
1773245700000000,2054.27000000,2062.77000000,2050.00000000,2055.99000000,3917.22820000,1773246599999999,8053509.94533500,69807,2656.70420000,5461972.65817700,0
1773246600000000,2055.99000000,2069.43000000,2055.32000000,2068.40000000,5841.54090000,1773247499999999,12048853.37702500,82717,3806.85850000,7854417.89495600,0
1773247500000000,2068.41000000,2072.43000000,2063.84000000,2067.01000000,5178.55250000,1773248399999999,10709384.54283000,77842,2765.06130000,5719129.86051200,0
1773248400000000,2067.02000000,2076.99000000,2065.91000000,2071.33000000,4943.27310000,1773249299999999,10247488.67860500,77469,2513.52430000,5210349.06590900,0
1773249300000000,2071.32000000,2085.58000000,2071.02000000,2082.43000000,9127.75100000,1773250199999999,18978829.09547500,87922,5842.87370000,12149196.17071600,0
1773250200000000,2082.42000000,2084.99000000,2057.69000000,2070.00000000,8961.83530000,1773251099999999,18552760.23240400,142079,4463.77050000,9240424.80254800,0
1773251100000000,2070.00000000,2071.90000000,2062.42000000,2068.15000000,3291.65460000,1773251999999999,6806412.64795300,84233,1960.39470000,4054081.45637100,0
1773252000000000,2068.15000000,2071.92000000,2064.18000000,2068.17000000,5827.85090000,1773252899999999,12059232.41261600,70307,4269.70570000,8836085.26579800,0
1773252900000000,2068.16000000,2075.34000000,2065.43000000,2072.93000000,2945.96780000,1773253799999999,6101505.11987400,63190,1586.65700000,3286134.49914400,0
1773253800000000,2072.92000000,2076.26000000,2066.18000000,2069.34000000,4430.78750000,1773254699999999,9178950.37280300,51108,1895.91570000,3928924.67149200,0
1773254700000000,2069.34000000,2079.66000000,2068.20000000,2076.51000000,3253.98860000,1773255599999999,6752434.37231000,50902,1964.15070000,4075824.05906900,0
1773255600000000,2076.50000000,2076.97000000,2069.74000000,2071.58000000,8569.24050000,1773256499999999,17773240.50856400,56527,3717.85840000,7709058.13238400,0
1773256500000000,2071.58000000,2075.83000000,2068.58000000,2071.97000000,2071.30180000,1773257399999999,4292612.13453300,46752,1186.39520000,2458875.18387200,0
1773257400000000,2071.98000000,2077.90000000,2068.92000000,2075.01000000,2113.47260000,1773258299999999,4383204.65248100,41660,1249.27270000,2591201.43876700,0
1773258300000000,2075.00000000,2077.64000000,2073.34000000,2076.06000000,2511.89950000,1773259199999999,5213353.87919600,39246,1348.52300000,2798989.17106500,0
1773259200000000,2076.05000000,2076.19000000,2068.19000000,2068.81000000,2475.07740000,1773260099999999,5126376.78000100,32494,919.57960000,1904288.69260500,0
1773260100000000,2068.80000000,2071.84000000,2067.99000000,2069.70000000,884.32580000,1773260999999999,1830581.31550500,19198,474.31070000,981821.75116100,0
1773261000000000,2069.69000000,2071.89000000,2066.87000000,2070.59000000,964.17140000,1773261899999999,1995291.99970400,17301,428.27360000,886388.01778000,0
1773261900000000,2070.59000000,2071.29000000,2065.09000000,2068.40000000,2743.30900000,1773262799999999,5672354.71976900,27953,1207.30540000,2496492.05374000,0
1773262800000000,2068.41000000,2071.55000000,2063.46000000,2065.88000000,2068.65150000,1773263699999999,4277913.33543600,30355,984.59560000,2036099.42315200,0
1773263700000000,2065.87000000,2067.01000000,2064.65000000,2066.03000000,1001.02090000,1773264599999999,2067900.09449500,14635,482.96930000,997672.20239200,0
1773264600000000,2066.03000000,2070.76000000,2066.03000000,2067.25000000,1180.85650000,1773265499999999,2443032.38326600,22706,677.96160000,1402436.97223500,0
1773265500000000,2067.24000000,2074.94000000,2067.07000000,2073.07000000,1604.83740000,1773266399999999,3326091.69067400,22999,1040.45100000,2156334.64193100,0
1773266400000000,2073.08000000,2084.53000000,2069.53000000,2079.79000000,3475.35470000,1773267299999999,7219576.70355600,45960,2117.46330000,4399283.12043700,0
1773267300000000,2079.80000000,2080.04000000,2068.01000000,2068.58000000,2152.14020000,1773268199999999,4461670.33837100,36955,766.45180000,1589125.08250500,0
1773268200000000,2068.58000000,2070.66000000,2061.79000000,2064.22000000,2960.25020000,1773269099999999,6112881.68179500,47297,1419.27630000,2930380.64727700,0
1773269100000000,2064.21000000,2067.20000000,2058.98000000,2061.76000000,2226.55940000,1773269999999999,4592143.89584700,35914,1069.44410000,2205568.31009000,0
1773270000000000,2061.76000000,2064.99000000,2060.29000000,2061.90000000,1443.18020000,1773270899999999,2977345.06198000,28158,665.49730000,1372935.36807300,0
1773270900000000,2061.90000000,2061.90000000,2057.69000000,2059.36000000,1777.65290000,1773271799999999,3661174.80287700,27219,893.47720000,1840122.42794500,0
1773271800000000,2059.36000000,2060.53000000,2054.04000000,2054.87000000,2124.06160000,1773272699999999,4369398.72136800,42134,856.11690000,1761234.07177500,0
1773272700000000,2054.86000000,2057.08000000,2045.20000000,2051.97000000,3774.82860000,1773273599999999,7741832.06562900,37141,1335.56640000,2739375.44083500,0
1773273600000000,2051.97000000,2054.52000000,2047.97000000,2052.39000000,1870.62700000,1773274499999999,3837241.99625700,37518,888.76970000,1823222.81458300,0
1773274500000000,2052.36000000,2057.64000000,2049.00000000,2054.40000000,1570.14320000,1773275399999999,3223260.75154200,37008,915.77610000,1879557.84636500,0
1773275400000000,2054.40000000,2058.16000000,2050.47000000,2056.25000000,898.03870000,1773276299999999,1844452.94403800,26684,527.49920000,1083363.27599100,0
1773276300000000,2056.24000000,2057.09000000,2054.26000000,2055.78000000,959.33570000,1773277199999999,1971930.30460300,19291,480.67750000,988012.23169100,0
1773277200000000,2055.78000000,2056.14000000,2042.95000000,2047.73000000,4155.02980000,1773278099999999,8504354.87240500,61775,1799.94370000,3683595.49162400,0
1773278100000000,2047.74000000,2050.42000000,2046.73000000,2049.20000000,1769.03150000,1773278999999999,3624779.74534600,27063,906.99730000,1858402.53999900,0
1773279000000000,2049.20000000,2053.17000000,2044.83000000,2051.63000000,1494.07020000,1773279899999999,3060376.95423400,32300,685.36390000,1404289.76311000,0
1773279900000000,2051.64000000,2052.83000000,2044.82000000,2046.24000000,1614.31090000,1773280799999999,3305028.14363000,27378,959.06530000,1963496.38933600,0
1773280800000000,2046.23000000,2047.93000000,2043.06000000,2044.27000000,1808.61360000,1773281699999999,3699084.70588300,34790,764.10200000,1562946.00946200,0
1773281700000000,2044.26000000,2045.34000000,2035.01000000,2039.86000000,4632.14200000,1773282599999999,9445583.40951600,42995,1895.12670000,3864678.11752400,0
1773282600000000,2039.86000000,2040.30000000,2026.15000000,2032.84000000,6105.62580000,1773283499999999,12409206.74004200,50520,1990.22100000,4044724.69541800,0
1773283500000000,2032.85000000,2033.40000000,2021.87000000,2024.67000000,4416.26950000,1773284399999999,8947865.62593800,48845,1671.57510000,3386727.73228500,0
1773284400000000,2024.66000000,2028.37000000,2024.00000000,2025.73000000,2380.77190000,1773285299999999,4824261.87535400,27765,1285.85120000,2605458.15656100,0
1773285300000000,2025.73000000,2032.22000000,2025.19000000,2028.79000000,2736.94120000,1773286199999999,5553802.90562400,27436,1893.77460000,3842617.01646400,0
1773286200000000,2028.78000000,2035.08000000,2028.16000000,2031.11000000,2285.96820000,1773287099999999,4646113.52020300,25544,1463.56470000,2974501.22029200,0
1773287100000000,2031.10000000,2031.33000000,2017.59000000,2023.38000000,5666.61520000,1773287999999999,11456862.64644900,40629,2357.21280000,4764090.97119100,0
1773288000000000,2023.39000000,2029.73000000,2022.50000000,2028.54000000,2397.59410000,1773288899999999,4859255.13468500,23461,1477.39470000,2993990.90600600,0
1773288900000000,2028.54000000,2029.59000000,2025.56000000,2026.70000000,1129.77630000,1773289799999999,2290676.37496200,22090,583.01940000,1182074.62196400,0
1773289800000000,2026.70000000,2027.07000000,2021.48000000,2025.00000000,1406.62160000,1773290699999999,2847817.26352800,26542,653.97940000,1324139.09670600,0
1773290700000000,2025.00000000,2025.30000000,2021.27000000,2023.09000000,1350.34030000,1773291599999999,2731730.86983300,21687,600.01200000,1213819.91156900,0
1773291600000000,2023.08000000,2027.33000000,2022.00000000,2023.05000000,2048.46520000,1773292499999999,4148419.86543500,27642,1382.21610000,2799269.71914800,0
1773292500000000,2023.05000000,2024.40000000,2019.33000000,2020.97000000,2827.02770000,1773293399999999,5714501.69559800,28971,1011.79360000,2045169.81195100,0
1773293400000000,2020.96000000,2028.30000000,2020.85000000,2026.97000000,2851.32110000,1773294299999999,5773879.43294600,26845,1663.00990000,3367803.83638700,0
1773294300000000,2026.98000000,2027.33000000,2023.52000000,2026.85000000,1897.83400000,1773295199999999,3843915.93435900,20082,926.37400000,1876257.18988700,0
1773295200000000,2026.86000000,2029.28000000,2024.64000000,2029.06000000,1296.83210000,1773296099999999,2628598.22389800,20982,678.87080000,1376153.34156500,0
1773296100000000,2029.07000000,2030.76000000,2026.48000000,2030.75000000,2307.25980000,1773296999999999,4680472.09961100,30088,1247.85340000,2531315.79687200,0
1773297000000000,2030.75000000,2031.80000000,2026.11000000,2029.68000000,1455.66200000,1773297899999999,2954019.36843800,22035,661.39370000,1342333.88645800,0
1773297900000000,2029.67000000,2030.79000000,2027.89000000,2030.38000000,1024.12710000,1773298799999999,2078301.11104700,16283,458.44480000,930335.41333500,0
1773298800000000,2030.38000000,2031.03000000,2025.66000000,2028.45000000,1481.64630000,1773299699999999,3005761.74907300,19699,649.19920000,1316852.76931400,0
1773299700000000,2028.46000000,2034.68000000,2028.10000000,2033.67000000,1766.16730000,1773300599999999,3587814.69134500,18053,1115.33250000,2265942.99588400,0
1773300600000000,2033.67000000,2040.81000000,2033.24000000,2036.91000000,3765.36770000,1773301499999999,7670277.56080800,38550,1917.48570000,3906029.26074200,0
1773301500000000,2036.91000000,2042.26000000,2036.32000000,2040.70000000,7218.61440000,1773302399999999,14724192.77962800,19704,5389.07430000,10993052.67439900,0
1773302400000000,2040.69000000,2045.36000000,2038.42000000,2039.56000000,3390.18670000,1773303299999999,6921596.53255200,27146,1910.95470000,3901792.77444900,0
1773303300000000,2039.55000000,2052.59000000,2038.81000000,2044.62000000,4250.43530000,1773304199999999,8702977.25356200,58712,2298.63770000,4706355.00480700,0
1773304200000000,2044.62000000,2048.49000000,2041.66000000,2045.96000000,1726.72540000,1773305099999999,3531645.05530500,30203,966.40710000,1976834.29063400,0
1773305100000000,2045.95000000,2048.55000000,2044.21000000,2047.80000000,3895.14390000,1773305999999999,7967746.73505700,17922,910.54220000,1863424.04778900,0
1773306000000000,2047.79000000,2048.93000000,2041.78000000,2043.10000000,1358.83640000,1773306899999999,2779198.47358500,21586,655.02700000,1339911.43185400,0
1773306900000000,2043.10000000,2043.83000000,2038.49000000,2041.21000000,2157.22620000,1773307799999999,4403187.86367800,29238,713.70670000,1456583.09035300,0
1773307800000000,2041.20000000,2062.43000000,2039.00000000,2061.33000000,5527.60970000,1773308699999999,11333685.60923800,49438,3168.28150000,6499143.03453200,0
1773308700000000,2061.32000000,2065.61000000,2049.27000000,2055.65000000,4461.15560000,1773309599999999,9180224.74687800,54439,2062.87650000,4247363.41545900,0
1773309600000000,2055.66000000,2060.00000000,2052.50000000,2055.33000000,2471.44740000,1773310499999999,5081803.82292200,33625,1368.71520000,2814799.33828700,0
1773310500000000,2055.33000000,2064.01000000,2054.30000000,2062.60000000,4522.16260000,1773311399999999,9321340.08607700,30312,2427.79430000,5003912.02387400,0
1773311400000000,2062.60000000,2074.66000000,2062.05000000,2070.97000000,5829.60810000,1773312299999999,12059483.97266300,71752,3421.38560000,7078097.33997000,0
1773312300000000,2070.97000000,2075.49000000,2068.66000000,2069.86000000,3696.90860000,1773313199999999,7657490.77567200,39390,1740.29480000,3604739.08107600,0
1773313200000000,2069.87000000,2072.48000000,2066.55000000,2067.76000000,2691.40010000,1773314099999999,5568843.96390400,33918,1101.86290000,2279938.11220800,0
1773314100000000,2067.76000000,2073.00000000,2066.40000000,2070.34000000,2120.04930000,1773314999999999,4387907.34549100,36935,1125.71340000,2329912.74130800,0
1773315000000000,2070.34000000,2075.66000000,2069.14000000,2073.99000000,2946.91260000,1773315899999999,6110100.47222900,37141,1248.65410000,2588643.52027800,0
1773315900000000,2073.98000000,2076.65000000,2058.21000000,2062.83000000,5428.91270000,1773316799999999,11212041.13256600,45650,2157.17150000,4456736.19930600,0
1773316800000000,2062.83000000,2066.00000000,2057.81000000,2059.67000000,2885.10290000,1773317699999999,5945448.29393100,37205,1573.83460000,3243421.56180600,0
1773317700000000,2059.66000000,2066.27000000,2058.77000000,2064.71000000,2054.03780000,1773318599999999,4239220.21412400,35654,1140.03780000,2352729.08532500,0
1773318600000000,2064.71000000,2067.94000000,2059.30000000,2066.95000000,2156.64510000,1773319499999999,4449297.16629500,36208,1414.61000000,2918251.25832200,0
1773319500000000,2066.96000000,2071.08000000,2063.00000000,2065.37000000,2136.88480000,1773320399999999,4416767.23955800,39108,1194.81730000,2469841.62565000,0
1773320400000000,2065.37000000,2069.60000000,2063.96000000,2065.21000000,2287.78520000,1773321299999999,4729298.98642800,35322,796.15010000,1645762.48159100,0
1773321300000000,2065.22000000,2065.69000000,2051.44000000,2056.80000000,4078.76180000,1773322199999999,8391345.44710500,69255,1948.98170000,4009609.25403400,0
1773322200000000,2056.81000000,2080.00000000,2051.44000000,2068.41000000,12507.18160000,1773323099999999,25889442.66820300,176072,8035.89040000,16634958.00928600,0
1773323100000000,2068.41000000,2072.93000000,2055.60000000,2065.35000000,9461.40360000,1773323999999999,19519165.35727900,127304,5519.44050000,11386663.93080700,0
1773324000000000,2065.35000000,2082.50000000,2065.34000000,2080.21000000,11199.19720000,1773324899999999,23262270.30905700,131436,6286.63590000,13057914.13185700,0
1773324900000000,2080.21000000,2095.00000000,2057.50000000,2058.55000000,18913.27960000,1773325799999999,39323799.08684400,172095,9774.88340000,20337981.18949200,0
1773325800000000,2058.55000000,2060.79000000,2038.08000000,2045.63000000,11040.02950000,1773326699999999,22610652.84932800,173203,5155.76820000,10560326.84148300,0
1773326700000000,2045.63000000,2053.00000000,2037.79000000,2045.35000000,7264.58900000,1773327599999999,14853199.02211900,138430,3980.16480000,8137846.27087200,0
1773327600000000,2045.34000000,2052.00000000,2039.05000000,2049.16000000,4345.76520000,1773328499999999,8892028.76152600,102352,2378.57250000,4868004.66443500,0
1773328500000000,2049.15000000,2070.73000000,2047.20000000,2068.61000000,6281.78730000,1773329399999999,12932833.26424300,111355,4238.41730000,8726990.10713400,0
1773329400000000,2068.61000000,2082.00000000,2064.61000000,2074.12000000,9556.15660000,1773330299999999,19814192.94064000,140093,4926.46090000,10215183.53514500,0
1773330300000000,2074.11000000,2078.42000000,2068.40000000,2072.33000000,5847.19780000,1773331199999999,12116504.29455200,96021,3035.10600000,6289906.32816400,0
1773331200000000,2072.33000000,2078.01000000,2056.33000000,2064.66000000,8972.96530000,1773332099999999,18518095.68180000,112899,5383.09640000,11108007.06551600,0
1773332100000000,2064.67000000,2078.09000000,2063.31000000,2063.59000000,5240.58110000,1773332999999999,10851269.44321500,98488,2621.48430000,5429201.88042800,0
1773333000000000,2063.58000000,2075.86000000,2062.43000000,2071.02000000,5888.83560000,1773333899999999,12197271.52536200,91593,2350.24180000,4867398.41395300,0
1773333900000000,2071.01000000,2073.70000000,2064.30000000,2069.63000000,2755.64330000,1773334799999999,5702958.15377300,58885,1180.64160000,2443958.97597600,0
1773334800000000,2069.62000000,2075.24000000,2068.00000000,2069.76000000,2357.71030000,1773335699999999,4882769.11281200,53299,1051.40690000,2177794.50170800,0
1773335700000000,2069.76000000,2070.42000000,2057.78000000,2061.53000000,4718.47220000,1773336599999999,9739652.46079200,63913,1481.56520000,3058696.87638300,0
1773336600000000,2061.53000000,2067.74000000,2060.38000000,2065.76000000,1635.10860000,1773337499999999,3374890.72343000,52623,814.46110000,1681186.20145500,0
1773337500000000,2065.77000000,2066.41000000,2055.32000000,2058.40000000,2962.18670000,1773338399999999,6105279.10204800,53733,1281.15430000,2641474.44049800,0
1773338400000000,2058.41000000,2062.10000000,2053.43000000,2057.14000000,2348.24780000,1773339299999999,4830139.18317900,52280,1038.78940000,2136696.35502000,0
1773339300000000,2057.15000000,2060.20000000,2046.78000000,2053.18000000,8857.64460000,1773340199999999,18166079.19258700,65398,6077.42590000,12462791.59277800,0
1773340200000000,2053.19000000,2059.39000000,2051.93000000,2053.93000000,2716.86050000,1773341099999999,5584538.77577600,46360,1246.09970000,2561288.01215200,0
1773341100000000,2053.94000000,2054.46000000,2048.18000000,2048.78000000,2724.28700000,1773341999999999,5587717.71441600,41532,1255.52910000,2575249.35057200,0
1773342000000000,2048.77000000,2053.44000000,2045.42000000,2049.78000000,3161.78250000,1773342899999999,6479476.25458300,57833,1438.30410000,2947665.84040900,0
1773342900000000,2049.79000000,2062.50000000,2049.78000000,2061.83000000,2811.71190000,1773343799999999,5783343.21220400,44991,1981.56810000,4075907.98083600,0
1773343800000000,2061.88000000,2069.00000000,2061.61000000,2068.41000000,3252.37210000,1773344699999999,6720467.79091900,41018,1679.71050000,3470057.17063200,0
1773344700000000,2068.41000000,2073.50000000,2066.41000000,2069.59000000,3163.42580000,1773345599999999,6550712.52875800,48643,1377.47560000,2852569.31943100,0
1773345600000000,2069.60000000,2073.81000000,2066.02000000,2067.18000000,2206.74980000,1773346499999999,4567327.35565000,36308,878.29540000,1818217.89642700,0
1773346500000000,2067.18000000,2069.77000000,2065.27000000,2066.74000000,1058.32750000,1773347399999999,2188270.94070800,19463,395.17680000,817104.05660300,0
1773347400000000,2066.74000000,2066.74000000,2060.35000000,2061.72000000,1497.44000000,1773348299999999,3088971.39703700,17993,400.07900000,825324.35887400,0
1773348300000000,2061.72000000,2065.43000000,2060.50000000,2062.57000000,888.95010000,1773349199999999,1833884.47492500,15755,436.10180000,899748.65163600,0
1773349200000000,2062.58000000,2069.19000000,2062.58000000,2066.14000000,3529.58350000,1773350099999999,7290570.68957900,25456,1244.36580000,2570564.16978400,0
1773350100000000,2066.13000000,2066.70000000,2060.09000000,2060.91000000,4741.10150000,1773350999999999,9779324.67985000,22369,1208.10220000,2492589.57743600,0
1773351000000000,2060.90000000,2061.20000000,2057.28000000,2060.47000000,5915.62550000,1773351899999999,12181493.78221200,33192,1335.21810000,2749204.03748300,0
1773351900000000,2060.46000000,2065.18000000,2058.85000000,2062.61000000,5183.48600000,1773352799999999,10687922.67699600,34553,1199.73550000,2474276.18135000,0
1773352800000000,2062.62000000,2066.55000000,2061.24000000,2065.03000000,3784.75760000,1773353699999999,7813253.65315000,36360,1366.70260000,2821448.29262100,0
1773353700000000,2065.04000000,2067.54000000,2062.11000000,2064.24000000,2513.20190000,1773354599999999,5186918.62039900,20580,601.84120000,1242244.40368900,0
1773354600000000,2064.23000000,2066.08000000,2059.98000000,2060.54000000,5289.27750000,1773355499999999,10908441.62439600,26604,1913.75660000,3945770.35099600,0
1773355500000000,2060.55000000,2066.19000000,2054.99000000,2065.30000000,13823.34700000,1773356399999999,28456253.16219600,38554,8329.81980000,17145088.69545800,0
1773356400000000,2065.30000000,2084.69000000,2064.64000000,2080.27000000,12996.15690000,1773357299999999,27016117.11496200,90436,5946.18500000,12354672.96799900,0
1773357300000000,2080.27000000,2093.45000000,2079.98000000,2083.31000000,15263.31990000,1773358199999999,31820594.13671000,100477,6742.83900000,14066379.16486300,0
1773358200000000,2083.31000000,2083.31000000,2078.58000000,2081.71000000,5759.04880000,1773359099999999,11983039.92930300,35458,1555.01570000,3235266.01609900,0
1773359100000000,2081.72000000,2082.74000000,2072.20000000,2073.52000000,3410.88740000,1773359999999999,7082625.99408200,31954,1303.87400000,2707184.01608900,0
1773360000000000,2073.51000000,2090.00000000,2070.12000000,2090.00000000,4913.36680000,1773360899999999,10217212.25847600,60389,3170.38370000,6593804.06518900,0
1773360900000000,2089.99000000,2141.04000000,2089.81000000,2133.00000000,49228.66590000,1773361799999999,104339654.16961400,287738,24385.66320000,51652102.91478800,0
1773361800000000,2133.00000000,2148.80000000,2123.73000000,2126.71000000,23490.83790000,1773362699999999,50230361.59021200,190987,9819.40020000,21015422.02529900,0
1773362700000000,2126.72000000,2128.52000000,2109.62000000,2119.19000000,7545.71270000,1773363599999999,15993939.47072100,95385,3221.55910000,6827664.41200000,0
1773363600000000,2119.19000000,2130.40000000,2119.18000000,2125.89000000,4417.82610000,1773364499999999,9387547.10836300,82941,2357.88080000,5010279.86196200,0
1773364500000000,2125.93000000,2130.16000000,2117.79000000,2123.21000000,3885.21190000,1773365399999999,8250073.05293700,64099,2166.91850000,4602306.80088300,0
1773365400000000,2123.20000000,2129.35000000,2111.72000000,2126.52000000,5346.35330000,1773366299999999,11333053.20018600,70685,2398.21800000,5085165.22396900,0
1773366300000000,2126.53000000,2128.30000000,2123.00000000,2124.76000000,2092.26270000,1773367199999999,4447922.85332600,40429,1132.71500000,2408014.57458800,0
1773367200000000,2124.75000000,2127.12000000,2121.00000000,2122.15000000,2551.94950000,1773368099999999,5419748.68458800,40795,946.68650000,2010119.51018100,0
1773368100000000,2122.15000000,2124.18000000,2115.00000000,2116.19000000,3500.25710000,1773368999999999,7413034.44819000,42746,1561.32110000,3307040.60949800,0
1773369000000000,2116.19000000,2117.55000000,2108.00000000,2108.23000000,3799.74870000,1773369899999999,8023343.83031000,52993,1521.41470000,3212786.41861200,0
1773369900000000,2108.24000000,2113.28000000,2102.42000000,2105.81000000,4041.93670000,1773370799999999,8515991.44198900,49747,1602.51990000,3376972.95060800,0
1773370800000000,2105.81000000,2109.82000000,2104.09000000,2106.95000000,5066.74370000,1773371699999999,10676288.69628800,37047,1778.35830000,3747194.87764200,0
1773371700000000,2106.95000000,2113.61000000,2106.00000000,2107.58000000,2004.54720000,1773372599999999,4229695.98571000,27860,985.73130000,2080318.19193200,0
1773372600000000,2107.58000000,2111.48000000,2102.20000000,2109.19000000,1564.36660000,1773373499999999,3296010.46368500,27910,780.00860000,1643811.14633900,0
1773373500000000,2109.19000000,2123.58000000,2108.97000000,2118.85000000,3329.55200000,1773374399999999,7048167.37079700,40492,2222.27860000,4703874.17393200,0
1773374400000000,2118.86000000,2120.06000000,2114.70000000,2115.13000000,1600.37520000,1773375299999999,3389411.65530600,28918,843.34090000,1786478.27479100,0
1773375300000000,2115.12000000,2116.10000000,2111.36000000,2112.10000000,1566.83640000,1773376199999999,3311967.55869600,24591,533.67280000,1128013.19566400,0
1773376200000000,2112.10000000,2114.79000000,2109.63000000,2113.83000000,1282.08370000,1773377099999999,2707560.61962400,21143,635.62460000,1342370.41682600,0
1773377100000000,2113.84000000,2114.65000000,2109.82000000,2111.68000000,1012.39460000,1773377999999999,2138065.32823600,14597,398.88510000,842265.76412900,0
1773378000000000,2111.67000000,2112.01000000,2103.54000000,2104.99000000,2314.48510000,1773378899999999,4877057.80647700,32792,693.30260000,1460864.66193500,0
1773378900000000,2104.99000000,2110.91000000,2104.66000000,2109.62000000,1328.60220000,1773379799999999,2800792.81774100,21741,751.97290000,1585312.74176800,0
1773379800000000,2109.61000000,2115.24000000,2109.61000000,2112.84000000,1758.18840000,1773380699999999,3714488.07436700,25457,1025.58190000,2166600.01690300,0
1773380700000000,2112.83000000,2114.56000000,2108.65000000,2110.47000000,1821.38070000,1773381599999999,3845949.74605200,22725,490.47770000,1035688.48904300,0
1773381600000000,2110.47000000,2113.00000000,2106.23000000,2109.38000000,1579.25100000,1773382499999999,3332288.20149700,24314,744.65250000,1571195.27288300,0
1773382500000000,2109.37000000,2110.81000000,2091.86000000,2096.35000000,5686.54170000,1773383399999999,11945050.40287200,42602,2188.82950000,4599841.05884300,0
1773383400000000,2096.34000000,2097.87000000,2090.00000000,2092.94000000,7165.78670000,1773384299999999,15001590.48323800,52994,4160.18410000,8707705.63744900,0
1773384300000000,2092.93000000,2097.81000000,2090.33000000,2095.94000000,5774.05300000,1773385199999999,12089426.98632700,36106,2599.68050000,5443086.66778900,0
1773385200000000,2095.95000000,2102.61000000,2092.75000000,2099.86000000,4170.80100000,1773386099999999,8752952.89375000,53716,2386.61230000,5009325.80910300,0
1773386100000000,2099.86000000,2104.87000000,2097.85000000,2101.73000000,1581.71180000,1773386999999999,3323919.11506100,30387,721.34230000,1515770.25198300,0
1773387000000000,2101.73000000,2103.48000000,2096.17000000,2098.25000000,2808.43510000,1773387899999999,5894130.34524000,33887,995.92450000,2089862.82528100,0
1773387900000000,2098.26000000,2102.50000000,2094.45000000,2099.38000000,3745.33510000,1773388799999999,7861607.45722700,28465,2131.48570000,4475244.29952200,0
1773388800000000,2099.38000000,2100.33000000,2091.45000000,2094.42000000,3025.75110000,1773389699999999,6342683.34604800,43712,1326.44890000,2780571.32075000,0
1773389700000000,2094.42000000,2099.00000000,2093.18000000,2098.60000000,2069.86570000,1773390599999999,4339041.89303500,41724,1062.48560000,2227393.46053300,0
1773390600000000,2098.59000000,2117.00000000,2098.44000000,2109.22000000,8289.32140000,1773391499999999,17477703.43690900,89278,4901.14240000,10333650.82335600,0
1773391500000000,2109.23000000,2110.03000000,2097.69000000,2100.05000000,4431.22590000,1773392399999999,9314672.92897200,48261,1865.83780000,3922062.54521300,0
1773392400000000,2100.05000000,2106.38000000,2099.74000000,2104.15000000,5645.23210000,1773393299999999,11878024.13586300,46596,2933.86220000,6173427.41533600,0
1773393300000000,2104.15000000,2104.16000000,2096.04000000,2103.21000000,1826.51140000,1773394199999999,3836719.68532700,36888,818.05080000,1718546.61512700,0
1773394200000000,2103.20000000,2109.86000000,2102.38000000,2108.53000000,2491.64500000,1773395099999999,5246580.69282700,32236,1571.29060000,3308535.45807900,0
1773395100000000,2108.52000000,2116.93000000,2107.24000000,2113.55000000,7389.38300000,1773395999999999,15615260.44940800,49993,5068.14310000,10710027.25172400,0
1773396000000000,2113.55000000,2126.43000000,2112.83000000,2125.04000000,6218.39330000,1773396899999999,13190700.00652700,79477,3182.94090000,6750964.41986800,0
1773396900000000,2125.05000000,2132.91000000,2122.31000000,2125.20000000,6307.17710000,1773397799999999,13414459.02902800,67731,3446.94260000,7331634.49442100,0
1773397800000000,2125.20000000,2131.35000000,2124.18000000,2127.30000000,4762.75130000,1773398699999999,10135225.74317200,54856,2340.99300000,4982057.68997300,0
1773398700000000,2127.30000000,2133.30000000,2124.65000000,2126.87000000,3037.63290000,1773399599999999,6467906.38891600,42635,1373.64270000,2925076.31225700,0
1773399600000000,2126.88000000,2129.30000000,2122.16000000,2123.60000000,3914.11280000,1773400499999999,8321317.50411700,48750,1285.34610000,2732741.72285300,0
1773400500000000,2123.60000000,2130.00000000,2123.16000000,2125.52000000,1906.22440000,1773401399999999,4052727.98264700,32783,835.37640000,1776078.73139100,0
1773401400000000,2125.53000000,2127.51000000,2119.47000000,2121.27000000,3026.76610000,1773402299999999,6427549.38936700,30591,935.38520000,1986545.41803500,0
1773402300000000,2121.26000000,2122.86000000,2118.18000000,2121.02000000,2475.48020000,1773403199999999,5248774.06592600,32382,1002.81450000,2126177.06517100,0
1773403200000000,2121.02000000,2133.00000000,2120.52000000,2133.00000000,3417.70640000,1773404099999999,7276422.39466600,49108,2089.73740000,4448364.57137900,0
1773404100000000,2133.00000000,2138.13000000,2126.94000000,2130.16000000,4025.01810000,1773404999999999,8582057.98490800,45160,2157.13510000,4599767.86665400,0
1773405000000000,2130.16000000,2135.69000000,2128.14000000,2129.36000000,4586.17970000,1773405899999999,9774049.28388900,57884,2510.36220000,5350081.60884800,0
1773405900000000,2129.36000000,2153.17000000,2129.36000000,2146.63000000,20283.07060000,1773406799999999,43514475.41687400,145057,12528.87210000,26879829.79939600,0
1773406800000000,2146.64000000,2157.32000000,2141.61000000,2152.94000000,6830.18720000,1773407699999999,14684682.71845800,93450,3961.18730000,8518541.26167500,0
1773407700000000,2152.95000000,2200.00000000,2150.01000000,2183.00000000,49091.36430000,1773408599999999,107055021.43686300,223315,27265.60830000,59401779.16810600,0
1773408600000000,2183.00000000,2191.09000000,2174.52000000,2188.58000000,14413.79870000,1773409499999999,31454716.83359500,156931,6902.63780000,15066390.59868700,0
1773409500000000,2188.59000000,2194.50000000,2184.00000000,2185.52000000,8962.39290000,1773410399999999,19621492.85934900,118675,4933.16290000,10800927.67188800,0
1773410400000000,2185.53000000,2196.84000000,2183.07000000,2193.30000000,11750.22240000,1773411299999999,25732052.22433600,129618,7596.12740000,16635222.07817700,0
1773411300000000,2193.29000000,2209.03000000,2187.32000000,2196.37000000,18535.06520000,1773412199999999,40760885.74584400,158292,10520.33030000,23137946.45906700,0
1773412200000000,2196.38000000,2201.54000000,2172.11000000,2173.82000000,12044.59100000,1773413099999999,26363577.51544500,141281,5008.29560000,10965509.67023900,0
1773413100000000,2173.83000000,2176.28000000,2145.59000000,2151.14000000,27379.52790000,1773413999999999,59127503.15314100,208629,12495.40110000,26997268.12615500,0
1773414000000000,2151.15000000,2160.50000000,2140.76000000,2159.77000000,11934.86930000,1773414899999999,25688252.01944000,153736,6202.97670000,13354033.16759500,0
1773414900000000,2159.77000000,2165.93000000,2151.99000000,2152.97000000,7608.41940000,1773415799999999,16428816.93899900,95893,2803.77060000,6056257.89526200,0
1773415800000000,2152.97000000,2157.54000000,2131.00000000,2140.71000000,25129.95650000,1773416699999999,53807785.97681600,135319,14478.12110000,30979966.50452400,0
1773416700000000,2140.71000000,2145.45000000,2125.14000000,2128.01000000,8545.29890000,1773417599999999,18236736.13783400,133539,3748.42090000,7999471.72332000,0
1773417600000000,2128.01000000,2134.02000000,2121.65000000,2127.78000000,8764.65860000,1773418499999999,18648794.33788200,120124,4284.19020000,9118091.06915200,0
1773418500000000,2127.78000000,2129.73000000,2111.36000000,2119.73000000,9063.85170000,1773419399999999,19204270.12398200,124957,4796.55970000,10163039.36044200,0
1773419400000000,2119.73000000,2135.20000000,2119.31000000,2133.35000000,5713.43120000,1773420299999999,12154454.51821900,77804,3339.07780000,7103248.98365100,0
1773420300000000,2133.31000000,2143.33000000,2131.21000000,2133.91000000,6132.29970000,1773421199999999,13104513.09358500,77667,2707.31330000,5786412.27832900,0
1773421200000000,2133.91000000,2138.54000000,2133.39000000,2137.58000000,2505.96040000,1773422099999999,5351759.34534000,55807,1339.41710000,2860400.23896200,0
1773422100000000,2137.58000000,2141.29000000,2120.01000000,2121.10000000,5062.38390000,1773422999999999,10780632.39586600,74785,1691.55770000,3603459.99427400,0
1773423000000000,2121.09000000,2122.43000000,2102.35000000,2107.40000000,6178.26410000,1773423899999999,13050824.81795900,95519,2221.48760000,4694140.27920000,0
1773423900000000,2107.40000000,2108.88000000,2090.28000000,2102.75000000,13028.46420000,1773424799999999,27325524.45634100,121015,5364.51760000,11256072.23281000,0
1773424800000000,2102.75000000,2108.87000000,2099.00000000,2104.82000000,5707.84200000,1773425699999999,12012350.34162300,78813,2787.06000000,5865607.15012800,0
1773425700000000,2104.81000000,2107.36000000,2091.04000000,2103.85000000,6562.13660000,1773426599999999,13762825.87434500,71745,3341.08020000,7008082.14102300,0
1773426600000000,2103.88000000,2108.75000000,2103.06000000,2105.25000000,2187.33680000,1773427499999999,4605068.45045900,46066,1213.12560000,2554377.34422200,0
1773427500000000,2105.24000000,2105.59000000,2098.57000000,2100.93000000,3272.55220000,1773428399999999,6879290.89811700,39917,1237.74430000,2601856.55991800,0
1773428400000000,2100.92000000,2105.75000000,2096.50000000,2104.02000000,3304.31490000,1773429299999999,6943804.92959300,48293,2113.45540000,4442173.82825200,0
1773429300000000,2104.03000000,2106.30000000,2097.40000000,2098.93000000,2073.71160000,1773430199999999,4358056.67000500,43974,1017.80810000,2139354.15274000,0
1773430200000000,2098.94000000,2103.24000000,2098.94000000,2103.19000000,2265.71720000,1773431099999999,4761102.91603400,28082,1101.74670000,2315105.17100800,0
1773431100000000,2103.20000000,2105.51000000,2101.37000000,2102.48000000,2632.56910000,1773431999999999,5537437.25449700,36801,1402.04750000,2949292.25212700,0
1773432000000000,2102.48000000,2110.25000000,2101.15000000,2109.51000000,1750.86100000,1773432899999999,3685507.02887300,29601,911.56420000,1919289.54149100,0
1773432900000000,2109.50000000,2113.65000000,2108.79000000,2110.29000000,1998.56040000,1773433799999999,4219345.76539900,26387,987.47910000,2084700.68215200,0
1773433800000000,2110.30000000,2111.69000000,2108.76000000,2111.04000000,935.60630000,1773434699999999,1974112.82966200,15392,455.60080000,961354.67400400,0
1773434700000000,2111.04000000,2114.00000000,2110.08000000,2111.37000000,1295.65290000,1773435599999999,2736461.33225600,21339,694.21970000,1466116.73098000,0
1773435600000000,2111.37000000,2116.66000000,2110.17000000,2113.01000000,1450.13120000,1773436499999999,3065170.61230800,19604,812.43530000,1717322.34637000,0
1773436500000000,2113.01000000,2113.68000000,2104.51000000,2105.80000000,1659.29430000,1773437399999999,3500740.10840300,17725,447.70650000,944520.72618700,0
1773437400000000,2105.80000000,2109.23000000,2101.47000000,2103.58000000,1793.39600000,1773438299999999,3774568.76467600,27452,795.97350000,1675262.91284800,0
1773438300000000,2103.60000000,2108.74000000,2103.07000000,2103.07000000,1864.10320000,1773439199999999,3925537.16609200,28805,981.19840000,2066154.57037700,0
1773439200000000,2103.08000000,2104.72000000,2083.35000000,2091.75000000,8983.37570000,1773440099999999,18788946.79431200,67773,4402.03970000,9204616.05723500,0
1773440100000000,2091.74000000,2091.74000000,2081.87000000,2082.64000000,6208.27690000,1773440999999999,12959149.42198700,48876,1443.74650000,3012114.69503300,0
1773441000000000,2082.64000000,2086.52000000,2078.50000000,2083.60000000,7303.76920000,1773441899999999,15215251.50323200,55543,4445.63290000,9264125.53593700,0
1773441900000000,2083.59000000,2090.14000000,2082.33000000,2088.97000000,1516.74230000,1773442799999999,3164705.79227400,24307,983.99790000,2052995.39424300,0
1773442800000000,2088.96000000,2090.19000000,2085.54000000,2089.76000000,1514.59830000,1773443699999999,3162863.29504200,27779,868.35950000,1813322.91061000,0
1773443700000000,2089.76000000,2093.90000000,2089.42000000,2091.66000000,1612.97480000,1773444599999999,3374862.13539100,25596,811.51580000,1697785.93183200,0
1773444600000000,2091.65000000,2093.67000000,2090.45000000,2092.04000000,927.47930000,1773445499999999,1940015.42885200,16156,418.83810000,876084.01952700,0
1773445500000000,2092.04000000,2093.40000000,2090.45000000,2092.22000000,1055.98120000,1773446399999999,2209052.65533100,14327,437.24140000,914626.20107100,0
1773446400000000,2092.21000000,2093.65000000,2087.93000000,2093.65000000,1243.39870000,1773447299999999,2599546.22361000,24976,603.75490000,1262466.27783900,0
1773447300000000,2093.66000000,2095.21000000,2088.46000000,2092.05000000,1347.32190000,1773448199999999,2818983.31798700,24445,657.15670000,1375016.24642200,0
1773448200000000,2092.04000000,2094.31000000,2082.99000000,2083.44000000,5461.36980000,1773449099999999,11411309.48852100,29499,3500.62980000,7315968.69146500,0
1773449100000000,2083.43000000,2087.13000000,2082.82000000,2085.32000000,2810.82580000,1773449999999999,5861172.52098600,29997,1731.71980000,3610862.85722100,0
1773450000000000,2085.32000000,2089.85000000,2085.25000000,2087.75000000,2262.63640000,1773450899999999,4723500.88198300,18749,1481.44810000,3092299.28269600,0
1773450900000000,2087.75000000,2093.91000000,2087.75000000,2092.52000000,1724.87140000,1773451799999999,3606757.64035000,17971,1003.29290000,2097720.97789700,0
1773451800000000,2092.52000000,2093.69000000,2081.39000000,2090.24000000,2944.14430000,1773452699999999,6146587.77846500,33121,968.04920000,2020982.31535200,0
1773452700000000,2090.23000000,2095.46000000,2090.23000000,2092.55000000,1634.93990000,1773453599999999,3422788.25255600,18928,1019.62960000,2134719.30262300,0
1773453600000000,2092.55000000,2095.71000000,2090.75000000,2093.80000000,1278.65360000,1773454499999999,2676900.09384900,19562,550.58340000,1152764.21102400,0
1773454500000000,2093.81000000,2094.92000000,2089.74000000,2090.98000000,780.58550000,1773455399999999,1632663.21073700,14048,219.12030000,458375.33047500,0
1773455400000000,2090.97000000,2093.32000000,2089.19000000,2091.71000000,682.03480000,1773456299999999,1426275.99664100,13897,253.93990000,531068.85218200,0
1773456300000000,2091.71000000,2095.91000000,2091.30000000,2092.39000000,1210.69190000,1773457199999999,2534849.99987700,17032,776.24180000,1625375.94766900,0
1773457200000000,2092.39000000,2098.22000000,2092.38000000,2097.96000000,1545.84740000,1773458099999999,3240289.56500000,19964,821.19860000,1721487.21880100,0
1773458100000000,2097.97000000,2100.56000000,2096.18000000,2098.64000000,3064.09230000,1773458999999999,6431358.23664800,25688,2093.87790000,4395042.22301500,0
1773459000000000,2098.65000000,2103.42000000,2098.38000000,2101.49000000,2219.92370000,1773459899999999,4665237.38217200,26326,1277.56630000,2684835.95605700,0
1773459900000000,2101.49000000,2102.04000000,2100.08000000,2101.16000000,1110.44630000,1773460799999999,2332784.42232000,11800,688.51490000,1446347.05959200,0
1773460800000000,2101.15000000,2104.84000000,2100.00000000,2103.89000000,2551.05160000,1773461699999999,5364788.31423400,23068,1181.55700000,2485087.31910100,0
1773461700000000,2103.90000000,2104.62000000,2100.90000000,2103.31000000,812.82310000,1773462599999999,1708755.45097600,16353,431.27100000,906669.88266900,0
1773462600000000,2103.32000000,2106.09000000,2101.46000000,2103.99000000,1544.97700000,1773463499999999,3249701.96522100,17522,622.63300000,1310016.69664400,0
1773463500000000,2104.00000000,2105.22000000,2087.87000000,2090.42000000,4410.92420000,1773464399999999,9242032.19034000,38427,1470.53080000,3080498.33792900,0
1773464400000000,2090.43000000,2094.09000000,2089.48000000,2092.82000000,1403.19400000,1773465299999999,2935286.67232300,19105,799.03730000,1671552.96724900,0
1773465300000000,2092.81000000,2094.39000000,2090.52000000,2092.33000000,1585.18220000,1773466199999999,3317037.71682700,14781,696.17640000,1456698.16732100,0
1773466200000000,2092.34000000,2092.62000000,2085.71000000,2090.04000000,3195.81210000,1773467099999999,6677642.75003300,24003,909.24830000,1899740.32675900,0
1773467100000000,2090.04000000,2092.90000000,2089.34000000,2092.46000000,890.79200000,1773467999999999,1862869.92076600,11664,527.92800000,1104044.86885000,0
1773468000000000,2092.46000000,2092.46000000,2088.01000000,2088.90000000,612.50070000,1773468899999999,1279858.07778800,12678,236.44950000,494030.50127200,0
1773468900000000,2088.89000000,2088.90000000,2081.69000000,2085.06000000,5697.30240000,1773469799999999,11877985.28588800,30281,1417.23800000,2954168.93692400,0
1773469800000000,2085.06000000,2085.45000000,2068.28000000,2075.29000000,7247.05780000,1773470699999999,15052257.48732600,66144,2841.36770000,5900451.51522800,0
1773470700000000,2075.30000000,2079.34000000,2074.30000000,2078.02000000,2106.02790000,1773471599999999,4375368.46939000,28013,1126.58800000,2340306.37517800,0
1773471600000000,2078.02000000,2079.72000000,2075.65000000,2079.10000000,1361.49980000,1773472499999999,2829172.20462900,20593,639.70840000,1329314.84775100,0
1773472500000000,2079.10000000,2079.95000000,2075.95000000,2079.66000000,1009.59840000,1773473399999999,2098097.50976700,13345,459.08430000,954007.14336900,0
1773473400000000,2079.66000000,2080.40000000,2075.97000000,2079.20000000,1803.88470000,1773474299999999,3749465.63115100,18718,782.38020000,1626335.25532000,0
1773474300000000,2079.20000000,2079.24000000,2076.70000000,2077.46000000,1959.21420000,1773475199999999,4071269.04663800,10587,496.65010000,1032057.26366300,0
1773475200000000,2077.46000000,2081.13000000,2076.53000000,2080.62000000,1723.67360000,1773476099999999,3582572.32204900,10971,646.60030000,1344064.42121000,0
1773476100000000,2080.62000000,2081.64000000,2077.24000000,2079.36000000,1678.32230000,1773476999999999,3490249.72729200,17581,1090.10740000,2267107.67658100,0
1773477000000000,2079.36000000,2079.61000000,2073.21000000,2074.00000000,1420.15640000,1773477899999999,2948314.88117400,20541,484.08330000,1004943.70940200,0
1773477900000000,2074.00000000,2075.35000000,2072.71000000,2074.34000000,1413.89430000,1773478799999999,2932461.47941400,15458,786.51640000,1631289.50437300,0
1773478800000000,2074.35000000,2077.64000000,2073.43000000,2077.08000000,886.15600000,1773479699999999,1839445.91531300,12401,389.60390000,808871.30939500,0
1773479700000000,2077.10000000,2077.10000000,2074.47000000,2076.43000000,949.35300000,1773480599999999,1970636.20420000,10726,411.29140000,853809.05417700,0
1773480600000000,2076.43000000,2076.96000000,2072.54000000,2074.91000000,1012.60670000,1773481499999999,2100776.88752400,11498,350.38230000,727019.96610900,0
1773481500000000,2074.91000000,2074.97000000,2063.73000000,2067.33000000,6536.32210000,1773482399999999,13515931.08971400,42439,3169.19760000,6552071.48460800,0
1773482400000000,2067.33000000,2068.88000000,2065.67000000,2067.96000000,1054.76930000,1773483299999999,2180895.67906600,18382,493.41330000,1020141.18762300,0
1773483300000000,2067.95000000,2067.96000000,2064.24000000,2065.47000000,1178.27140000,1773484199999999,2434275.31714500,15172,343.78840000,710241.82801000,0
1773484200000000,2065.47000000,2066.24000000,2061.60000000,2065.15000000,2199.11390000,1773485099999999,4538449.37813600,25656,653.14930000,1347888.01609400,0
1773485100000000,2065.18000000,2067.06000000,2063.59000000,2066.24000000,1443.60510000,1773485999999999,2982125.29366300,11570,819.21440000,1692362.55981300,0
1773486000000000,2066.24000000,2070.40000000,2065.85000000,2070.40000000,1291.51180000,1773486899999999,2671831.21765000,15053,842.48570000,1742968.54646200,0
1773486900000000,2070.40000000,2074.73000000,2069.20000000,2073.57000000,1767.43570000,1773487799999999,3661057.22918900,14677,853.31170000,1768208.64539700,0
1773487800000000,2073.57000000,2076.65000000,2072.44000000,2075.30000000,1166.53190000,1773488699999999,2420022.64398000,13683,724.12030000,1502240.55792100,0
1773488700000000,2075.30000000,2076.57000000,2071.80000000,2073.67000000,1139.82280000,1773489599999999,2364922.11404600,14659,404.58560000,839441.73921300,0
1773489600000000,2073.67000000,2077.87000000,2072.81000000,2075.94000000,1676.92420000,1773490499999999,3480809.53600900,17161,909.60900000,1887958.79336400,0
1773490500000000,2075.95000000,2077.36000000,2074.47000000,2074.70000000,956.41250000,1773491399999999,1985599.37926900,11634,424.72330000,881836.29653900,0
1773491400000000,2074.69000000,2075.29000000,2069.99000000,2071.56000000,1377.35340000,1773492299999999,2853129.04429400,14960,447.24370000,926481.96143800,0
1773492300000000,2071.55000000,2076.63000000,2071.46000000,2075.44000000,1466.61780000,1773493199999999,3042906.08714300,13445,755.75330000,1567994.44435200,0
1773493200000000,2075.44000000,2075.44000000,2073.00000000,2074.64000000,1610.94320000,1773494099999999,3341451.22640700,12232,1074.49660000,2228765.45919500,0
1773494100000000,2074.65000000,2080.65000000,2074.65000000,2078.88000000,1885.22930000,1773494999999999,3917995.37365200,18206,1109.42380000,2305382.64456200,0
1773495000000000,2078.88000000,2079.52000000,2077.54000000,2079.19000000,859.25890000,1773495899999999,1786156.97339600,12025,337.98150000,702565.69062400,0
1773495900000000,2079.19000000,2079.49000000,2076.56000000,2078.51000000,734.69420000,1773496799999999,1526562.35694900,12382,376.90390000,783101.99761600,0
1773496800000000,2078.50000000,2080.52000000,2073.06000000,2074.05000000,1860.45450000,1773497699999999,3863976.94229700,22215,708.72710000,1472554.96173000,0
1773497700000000,2074.06000000,2078.27000000,2073.16000000,2078.26000000,2151.89620000,1773498599999999,4467305.83275200,14816,1722.30160000,3575698.00719900,0
1773498600000000,2078.26000000,2079.49000000,2069.80000000,2070.85000000,2191.64060000,1773499499999999,4545584.46657700,20861,1097.83290000,2277104.07521500,0
1773499500000000,2070.86000000,2073.86000000,2070.52000000,2071.22000000,1359.12530000,1773500399999999,2816296.24634200,11589,648.31790000,1343449.05968200,0
1773500400000000,2071.23000000,2075.68000000,2070.00000000,2074.65000000,1375.93170000,1773501299999999,2853047.34522700,17855,969.89750000,2011186.84352800,0
1773501300000000,2074.64000000,2077.73000000,2074.64000000,2076.25000000,1222.69250000,1773502199999999,2538802.99293900,14376,680.90010000,1413810.43453000,0
1773502200000000,2076.25000000,2076.25000000,2071.60000000,2073.50000000,1155.30720000,1773503099999999,2395364.99775200,16925,431.98110000,895618.31315500,0
1773503100000000,2073.49000000,2076.23000000,2072.96000000,2074.72000000,543.23000000,1773503999999999,1126941.57915900,10109,316.92970000,657471.85185700,0
1773504000000000,2074.72000000,2074.74000000,2069.19000000,2073.48000000,2022.56420000,1773504899999999,4190563.53081700,20629,862.32140000,1787046.16532200,0
1773504900000000,2073.48000000,2075.86000000,2073.00000000,2075.56000000,459.16840000,1773505799999999,952620.10713500,8112,229.98220000,477094.72076400,0
1773505800000000,2075.55000000,2077.51000000,2075.19000000,2075.60000000,939.65620000,1773506699999999,1950890.39129000,10650,400.04180000,830555.29126700,0
1773506700000000,2075.59000000,2078.79000000,2074.69000000,2077.54000000,836.44580000,1773507599999999,1737476.10848500,13020,454.64720000,944433.83688200,0
1773507600000000,2077.54000000,2078.07000000,2076.46000000,2077.36000000,663.45980000,1773508499999999,1378080.28985000,10021,252.57230000,524610.84596100,0
1773508500000000,2077.35000000,2078.14000000,2075.96000000,2078.13000000,567.84090000,1773509399999999,1179415.50612000,9212,325.00380000,675018.54312600,0
1773509400000000,2078.13000000,2078.14000000,2075.62000000,2076.11000000,450.36510000,1773510299999999,935238.06057600,7625,151.87580000,315345.31793000,0
1773510300000000,2076.11000000,2076.23000000,2073.50000000,2075.14000000,620.92680000,1773511199999999,1288391.14873300,9565,212.25950000,440362.87606500,0
1773511200000000,2075.13000000,2075.13000000,2073.50000000,2073.58000000,367.05870000,1773512099999999,761402.08035500,7478,125.79930000,260945.87844800,0
1773512100000000,2073.59000000,2074.77000000,2072.71000000,2074.04000000,682.18080000,1773512999999999,1414488.82087800,6415,421.04430000,873001.92532500,0
1773513000000000,2074.05000000,2076.95000000,2074.05000000,2075.91000000,369.76350000,1773513899999999,767725.34806300,6441,167.71790000,348185.56312700,0
1773513900000000,2075.91000000,2078.14000000,2075.61000000,2076.91000000,507.77250000,1773514799999999,1054549.58761200,6692,226.53060000,470415.65601200,0
1773514800000000,2076.91000000,2077.37000000,2074.77000000,2077.36000000,662.46790000,1773515699999999,1375267.78360000,9484,211.24330000,438555.31153300,0
1773515700000000,2077.37000000,2078.27000000,2076.48000000,2077.62000000,782.85320000,1773516599999999,1626232.77966100,7431,453.00770000,941034.97251400,0
1773516600000000,2077.62000000,2078.69000000,2076.45000000,2078.59000000,398.15490000,1773517499999999,827181.64369500,6349,160.40240000,333243.29500800,0
1773517500000000,2078.58000000,2079.47000000,2076.98000000,2077.49000000,441.39900000,1773518399999999,917365.84611100,6403,191.51640000,398033.84585900,0
1773518400000000,2077.50000000,2077.99000000,2076.20000000,2077.99000000,642.55350000,1773519299999999,1334693.99176500,7439,342.26860000,710926.46497900,0
1773519300000000,2077.99000000,2080.43000000,2077.92000000,2079.41000000,985.91540000,1773520199999999,2050020.73595200,8124,628.75600000,1307288.83272400,0
1773520200000000,2079.41000000,2084.78000000,2078.82000000,2083.80000000,1425.91330000,1773521099999999,2968193.41685400,11190,861.52860000,1793276.22282000,0
1773521100000000,2083.80000000,2087.27000000,2082.34000000,2086.01000000,1944.36240000,1773521999999999,4055486.44787600,14799,1168.12830000,2436528.17589700,0
1773522000000000,2086.01000000,2086.92000000,2082.86000000,2082.99000000,821.41770000,1773522899999999,1712251.91647900,10999,415.73990000,866500.49027900,0
1773522900000000,2082.99000000,2085.02000000,2081.65000000,2083.46000000,632.50730000,1773523799999999,1317813.96793600,8612,263.72860000,549466.20535600,0
1773523800000000,2083.47000000,2086.17000000,2082.93000000,2085.30000000,663.80300000,1773524699999999,1383761.18411300,7367,382.15930000,796693.53280400,0
1773524700000000,2085.31000000,2088.92000000,2084.62000000,2086.68000000,1412.92730000,1773525599999999,2949098.63714300,13567,594.86620000,1241513.04495400,0
1773525600000000,2086.68000000,2088.30000000,2085.06000000,2085.06000000,977.45300000,1773526499999999,2039604.85794100,14148,351.76120000,733934.54613500,0
1773526500000000,2085.07000000,2087.91000000,2084.75000000,2086.27000000,796.60010000,1773527399999999,1661793.93294700,8454,463.27560000,966426.91459400,0
1773527400000000,2086.27000000,2087.71000000,2085.87000000,2086.11000000,471.52430000,1773528299999999,983948.63491000,6336,191.13210000,398867.47098200,0
1773528300000000,2086.11000000,2086.26000000,2082.30000000,2084.45000000,1076.23550000,1773529199999999,2243038.54389600,11033,533.60810000,1112137.71255000,0
1773529200000000,2084.45000000,2099.69000000,2084.19000000,2093.97000000,5545.21690000,1773530099999999,11613019.76831400,43459,2804.78450000,5873911.22501000,0
1773530100000000,2093.97000000,2095.87000000,2088.05000000,2095.31000000,2308.06800000,1773530999999999,4826320.37443300,18690,994.26060000,2079678.17277100,0
1773531000000000,2095.31000000,2098.88000000,2094.13000000,2096.83000000,1725.05480000,1773531899999999,3617256.77870200,17176,990.88570000,2077766.69176800,0
1773531900000000,2096.83000000,2098.31000000,2094.90000000,2096.16000000,1496.06840000,1773532799999999,3136900.15308200,14995,817.06540000,1713298.57949000,0
1773532800000000,2096.16000000,2096.77000000,2091.65000000,2093.80000000,1693.58270000,1773533699999999,3546592.74297000,20437,751.98130000,1574711.51116200,0
1773533700000000,2093.79000000,2095.00000000,2088.83000000,2089.55000000,1819.74990000,1773534599999999,3805801.08308200,21001,838.21050000,1753207.72308400,0
1773534600000000,2089.54000000,2091.55000000,2087.42000000,2091.00000000,1291.20710000,1773535499999999,2697942.87750900,14757,700.16780000,1463118.52431300,0
1773535500000000,2091.00000000,2091.01000000,2085.49000000,2088.00000000,876.44990000,1773536399999999,1830123.60160000,15188,318.67430000,665334.99505900,0
1773536400000000,2088.00000000,2089.72000000,2084.02000000,2086.25000000,1447.37430000,1773537299999999,3021199.50779100,18710,896.46810000,1871411.44187400,0
1773537300000000,2086.24000000,2088.19000000,2084.66000000,2085.92000000,891.05150000,1773538199999999,1859282.99381600,12909,301.87420000,629868.24185900,0
1773538200000000,2085.92000000,2086.77000000,2083.35000000,2086.58000000,1134.56150000,1773539099999999,2365213.21657800,16174,668.25190000,1393065.23852800,0
1773539100000000,2086.59000000,2091.18000000,2085.71000000,2088.32000000,514.66060000,1773539999999999,1075191.13124200,11943,240.11030000,501613.41172000,0
1773540000000000,2088.32000000,2099.26000000,2088.32000000,2096.19000000,2808.20470000,1773540899999999,5882990.43190500,37496,1931.65960000,4046401.44178100,0
1773540900000000,2096.19000000,2096.92000000,2092.00000000,2093.19000000,840.56950000,1773541799999999,1760223.09430100,15596,321.12890000,672376.82321800,0
1773541800000000,2093.18000000,2103.98000000,2090.20000000,2103.88000000,2419.11510000,1773542699999999,5073657.29733100,23691,1653.80450000,3468968.62833900,0
1773542700000000,2103.88000000,2107.91000000,2099.70000000,2101.99000000,7534.97620000,1773543599999999,15836137.41476300,49998,4935.06160000,10370743.86598400,0
1773543600000000,2101.99000000,2105.05000000,2101.23000000,2102.79000000,1363.91870000,1773544499999999,2867910.58395300,22061,623.55760000,1311236.62955500,0
1773544500000000,2102.80000000,2103.19000000,2094.63000000,2095.80000000,1920.01440000,1773545399999999,4028194.91362400,22503,614.46280000,1288674.03232900,0
1773545400000000,2095.80000000,2099.00000000,2093.79000000,2095.45000000,1134.70880000,1773546299999999,2378901.38396500,15403,543.59520000,1139871.41685200,0
1773546300000000,2095.45000000,2096.34000000,2093.53000000,2096.15000000,929.17150000,1773547199999999,1946319.60142000,11604,521.33930000,1092014.17714100,0
1773547200000000,2096.15000000,2103.22000000,2096.13000000,2101.70000000,1021.63570000,1773548099999999,2145598.69033300,21025,575.12390000,1207912.49399000,0
1773548100000000,2101.71000000,2104.12000000,2099.40000000,2100.41000000,905.35870000,1773548999999999,1902586.11459600,21254,367.69620000,772762.14949800,0
1773549000000000,2100.41000000,2102.23000000,2098.34000000,2101.80000000,678.69410000,1773549899999999,1425353.70192600,15878,400.14890000,840407.23266400,0
1773549900000000,2101.80000000,2104.34000000,2099.35000000,2104.34000000,750.23670000,1773550799999999,1576559.94781700,11135,315.23440000,662558.81151300,0
1773550800000000,2104.34000000,2104.34000000,2102.01000000,2103.81000000,660.36790000,1773551699999999,1388897.02610700,11923,297.51260000,625721.81364100,0
1773551700000000,2103.80000000,2115.95000000,2102.69000000,2109.35000000,4516.51150000,1773552599999999,9533144.97843000,42562,2996.80500000,6324914.80734200,0
1773552600000000,2109.35000000,2115.80000000,2108.27000000,2112.66000000,1806.53480000,1773553499999999,3814862.08328000,21861,1315.67220000,2777757.30172900,0
1773553500000000,2112.66000000,2113.22000000,2106.64000000,2107.91000000,2188.28470000,1773554399999999,4615007.39078400,21032,888.58370000,1873769.37782000,0
1773554400000000,2107.91000000,2110.89000000,2107.70000000,2109.09000000,610.99780000,1773555299999999,1288784.63966500,13320,309.70930000,653273.19389000,0
1773555300000000,2109.10000000,2111.28000000,2105.72000000,2106.66000000,1034.51760000,1773556199999999,2180238.49851600,14944,308.15730000,649367.11987900,0
1773556200000000,2106.66000000,2106.66000000,2103.00000000,2104.22000000,909.23810000,1773557099999999,1913655.71426700,12706,354.41880000,745953.15855100,0
1773557100000000,2104.22000000,2108.22000000,2104.22000000,2107.76000000,798.11170000,1773557999999999,1681211.86192200,9462,487.73390000,1027301.13398800,0
1773558000000000,2107.76000000,2113.49000000,2107.50000000,2111.00000000,1749.14870000,1773558899999999,3691107.68862900,23467,945.02120000,1994166.07055200,0
1773558900000000,2111.00000000,2112.10000000,2108.06000000,2108.39000000,1123.77140000,1773559799999999,2371388.90044300,10347,322.74520000,681092.74145800,0
1773559800000000,2108.39000000,2108.39000000,2104.93000000,2104.93000000,1492.06820000,1773560699999999,3142025.59671800,10906,243.17920000,512150.15507500,0
1773560700000000,2104.93000000,2106.29000000,2103.46000000,2105.64000000,1901.80950000,1773561599999999,4002317.56944000,8128,501.14840000,1054800.07868300,0
1773561600000000,2105.64000000,2111.71000000,2105.64000000,2109.01000000,1488.01210000,1773562499999999,3137529.70314900,14163,1010.82850000,2131418.93083400,0
1773562500000000,2109.01000000,2111.99000000,2107.53000000,2108.97000000,888.87110000,1773563399999999,1875581.62362200,13632,436.15500000,920350.16140800,0
1773563400000000,2108.97000000,2109.47000000,2107.77000000,2109.47000000,565.51500000,1773564299999999,1192355.43051100,7255,183.84070000,387613.62798500,0
1773564300000000,2109.47000000,2113.00000000,2109.47000000,2112.93000000,1189.24820000,1773565199999999,2511391.39452800,15002,613.98870000,1296584.76048400,0
1773565200000000,2112.93000000,2122.99000000,2112.83000000,2119.51000000,5730.31380000,1773566099999999,12140807.83167300,49537,3782.42650000,8013910.11229100,0
1773566100000000,2119.51000000,2123.44000000,2116.80000000,2117.73000000,2879.83650000,1773566999999999,6106004.59511200,28284,1849.13200000,3920926.48714700,0
1773567000000000,2117.74000000,2119.00000000,2115.37000000,2115.95000000,734.39360000,1773567899999999,1554644.17756500,14337,273.86980000,579780.29660000,0
1773567900000000,2115.96000000,2119.39000000,2114.74000000,2117.20000000,673.84850000,1773568799999999,1426507.01566900,10645,323.27840000,684461.75264600,0
1773568800000000,2117.20000000,2118.11000000,2114.32000000,2116.23000000,787.24490000,1773569699999999,1665803.11362300,12228,378.14400000,800195.49027900,0
1773569700000000,2116.22000000,2121.23000000,2115.37000000,2119.99000000,1670.51470000,1773570599999999,3541458.86068600,13957,1179.61720000,2500867.78257200,0
1773570600000000,2120.00000000,2121.49000000,2118.38000000,2120.25000000,605.22460000,1773571499999999,1282988.33251800,10607,260.87050000,553016.79018000,0
1773571500000000,2120.25000000,2121.02000000,2119.13000000,2119.14000000,763.04870000,1773572399999999,1617778.11017000,9140,310.00030000,657181.61805100,0
1773572400000000,2119.14000000,2120.16000000,2117.19000000,2118.31000000,1082.32650000,1773573299999999,2293805.48405000,12723,714.51410000,1514483.03941000,0
1773573300000000,2118.31000000,2120.19000000,2116.01000000,2116.28000000,596.50720000,1773574199999999,1263562.33849300,7937,271.79640000,575814.96769800,0
1773574200000000,2116.27000000,2117.31000000,2115.04000000,2117.12000000,553.62380000,1773575099999999,1171578.42525800,7812,309.59140000,655143.16962900,0
1773575100000000,2117.11000000,2121.27000000,2116.75000000,2119.63000000,811.17760000,1773575999999999,1719536.43792200,10789,310.83660000,658909.66049700,0
1773576000000000,2119.63000000,2119.83000000,2115.64000000,2115.90000000,727.67020000,1773576899999999,1540971.39531000,9784,294.90460000,624631.65601100,0
1773576900000000,2115.90000000,2117.71000000,2114.95000000,2117.06000000,598.72290000,1773577799999999,1266931.48320200,9539,273.26410000,578265.59807300,0
1773577800000000,2117.06000000,2117.61000000,2109.35000000,2109.50000000,1545.23790000,1773578699999999,3265201.20142000,17277,566.71270000,1197739.61864900,0
1773578700000000,2109.50000000,2112.05000000,2108.20000000,2109.59000000,2107.30960000,1773579599999999,4445589.55384700,20206,717.74810000,1514237.12518300,0
1773579600000000,2109.60000000,2112.76000000,2091.94000000,2098.16000000,7034.75980000,1773580499999999,14783055.54164200,68672,2586.43620000,5434995.43161600,0
1773580500000000,2098.15000000,2098.15000000,2088.74000000,2096.78000000,3403.96060000,1773581399999999,7128438.24278600,45718,1796.24240000,3762302.59367100,0
1773581400000000,2096.78000000,2097.81000000,2086.34000000,2090.54000000,10658.60100000,1773582299999999,22285754.31191000,49022,4948.96440000,10344331.66360700,0
1773582300000000,2090.53000000,2098.35000000,2089.46000000,2097.40000000,6612.02160000,1773583199999999,13850521.75789100,26864,2287.48940000,4791824.98320800,0
1773583200000000,2097.39000000,2099.20000000,2094.91000000,2095.38000000,1754.51370000,1773584099999999,3677964.38863300,22498,1102.43460000,2311103.73764300,0
1773584100000000,2095.37000000,2095.37000000,2090.35000000,2093.06000000,1454.30540000,1773584999999999,3043417.63382100,16059,897.27320000,1877717.09477900,0
1773585000000000,2093.06000000,2093.06000000,2086.60000000,2092.23000000,3093.28080000,1773585899999999,6464848.73304900,26541,1510.93080000,3157315.26625300,0
1773585900000000,2092.23000000,2097.00000000,2091.31000000,2096.99000000,1352.57610000,1773586799999999,2832275.41770600,15075,964.67440000,2020157.99648100,0
1773586800000000,2096.99000000,2097.15000000,2092.24000000,2093.80000000,2789.25670000,1773587699999999,5845925.27210900,14456,553.72380000,1159792.79424800,0
1773587700000000,2093.80000000,2096.55000000,2091.94000000,2092.49000000,1282.08070000,1773588599999999,2684607.89908100,17104,677.72140000,1419254.69872300,0
1773588600000000,2092.50000000,2095.29000000,2090.02000000,2093.80000000,1009.01540000,1773589499999999,2111805.21590500,16518,557.62100000,1167041.17718500,0
1773589500000000,2093.81000000,2095.34000000,2093.04000000,2093.79000000,452.10590000,1773590399999999,946913.58172400,7255,243.47980000,509937.82989200,0
1773590400000000,2093.79000000,2098.86000000,2092.99000000,2098.02000000,927.98840000,1773591299999999,1945679.14672000,17983,468.21970000,981881.93304500,0
1773591300000000,2098.03000000,2098.03000000,2089.63000000,2092.90000000,1149.35480000,1773592199999999,2404595.97215400,23466,445.80180000,932435.33376900,0
1773592200000000,2092.90000000,2096.01000000,2089.43000000,2093.41000000,1333.32450000,1773593099999999,2789255.33514800,20231,765.11670000,1600577.56087700,0
1773593100000000,2093.41000000,2094.02000000,2088.84000000,2091.56000000,819.94790000,1773593999999999,1715104.98791400,14484,316.10360000,661268.75165200,0
1773594000000000,2091.57000000,2095.99000000,2091.20000000,2094.80000000,2585.98220000,1773594899999999,5417457.45290900,14168,2246.10650000,4705461.00555600,0
1773594900000000,2094.80000000,2096.34000000,2093.94000000,2094.98000000,650.94400000,1773595799999999,1364027.80542000,11409,261.95870000,548927.95989800,0
1773595800000000,2094.98000000,2097.30000000,2094.42000000,2096.80000000,392.46130000,1773596699999999,822662.47310100,9409,140.15940000,293767.96067000,0
1773596700000000,2096.79000000,2117.86000000,2096.51000000,2110.77000000,9059.19700000,1773597599999999,19113999.30174900,67669,6388.00500000,13474692.81670200,0
1773597600000000,2110.77000000,2113.20000000,2107.46000000,2108.80000000,1908.41800000,1773598499999999,4026024.71931500,30707,528.48920000,1114932.05665000,0
1773598500000000,2108.79000000,2110.84000000,2106.57000000,2108.31000000,1073.74470000,1773599399999999,2264513.40041200,17259,337.65950000,712064.53090800,0
1773599400000000,2108.31000000,2113.53000000,2108.31000000,2109.54000000,1485.25120000,1773600299999999,3135681.26337100,21660,504.78050000,1065755.35917300,0
1773600300000000,2109.55000000,2110.01000000,2094.32000000,2099.14000000,3376.64150000,1773601199999999,7091811.31134400,52198,1089.08490000,2286761.48626800,0
1773601200000000,2099.15000000,2111.73000000,2096.47000000,2111.55000000,2946.09400000,1773602099999999,6197785.40893200,43246,1619.49670000,3407819.73429500,0
1773602100000000,2111.55000000,2112.78000000,2107.43000000,2111.82000000,1108.77580000,1773602999999999,2339696.08312400,23168,578.23990000,1220223.55877400,0
1773603000000000,2111.82000000,2114.27000000,2109.39000000,2110.43000000,819.27060000,1773603899999999,1729740.05064400,15740,377.52460000,797193.91488800,0
1773603900000000,2110.44000000,2114.35000000,2109.12000000,2113.49000000,1830.19820000,1773604799999999,3866514.64264300,14519,413.08670000,872335.50615800,0
1773604800000000,2113.49000000,2114.25000000,2111.45000000,2112.29000000,868.70650000,1773605699999999,1835453.76516200,17765,420.58130000,888603.84432100,0
1773605700000000,2112.28000000,2114.42000000,2110.00000000,2114.21000000,2249.05480000,1773606599999999,4750680.51175500,18830,1672.61730000,3533145.45209300,0
1773606600000000,2114.22000000,2139.00000000,2114.22000000,2130.91000000,9136.94090000,1773607499999999,19453712.32855400,95023,5237.91820000,11148661.09327800,0
1773607500000000,2130.91000000,2133.19000000,2128.28000000,2129.05000000,2044.37320000,1773608399999999,4354326.94285500,28634,933.59220000,1988573.66716400,0
1773608400000000,2129.06000000,2132.63000000,2123.75000000,2123.80000000,2089.74570000,1773609299999999,4445764.03253700,27556,796.58360000,1694973.91451600,0
1773609300000000,2123.79000000,2132.00000000,2123.79000000,2129.68000000,1720.59930000,1773610199999999,3661517.35749000,23151,1111.35410000,2364667.20061400,0
1773610200000000,2129.67000000,2144.76000000,2129.64000000,2140.80000000,4688.71950000,1773611099999999,10028903.46582500,58170,2780.74030000,5947943.95766000,0
1773611100000000,2140.79000000,2143.93000000,2135.36000000,2139.07000000,2095.81930000,1773611999999999,4481303.45881300,48283,895.80210000,1915487.82594100,0
1773612000000000,2139.08000000,2149.61000000,2128.58000000,2130.02000000,7664.67030000,1773612899999999,16403768.91981400,94204,3975.43600000,8511355.06948200,0
1773612900000000,2130.02000000,2136.51000000,2125.31000000,2134.26000000,3183.28860000,1773613799999999,6784926.70897000,53277,1758.99580000,3750487.44698100,0
1773613800000000,2134.27000000,2177.99000000,2134.27000000,2172.19000000,21913.22810000,1773614699999999,47356002.86779600,178511,12670.73400000,27361712.27738700,0
1773614700000000,2172.19000000,2192.49000000,2172.06000000,2184.35000000,19446.01550000,1773615599999999,42447227.37457400,178022,10743.70740000,23449911.92444200,0
1773615600000000,2184.36000000,2202.87000000,2184.36000000,2196.35000000,22162.73870000,1773616499999999,48634947.52526100,223135,12746.66890000,27977011.31532300,0
1773616500000000,2196.34000000,2199.91000000,2172.19000000,2172.80000000,15019.83840000,1773617399999999,32783835.44248600,150512,6259.69520000,13662218.14610200,0
1773617400000000,2172.80000000,2181.17000000,2165.20000000,2178.75000000,12887.02040000,1773618299999999,27991032.07085800,124773,6534.63230000,14198927.10825400,0
1773618300000000,2178.76000000,2182.99000000,2169.41000000,2178.30000000,4525.85580000,1773619199999999,9849312.39001000,64511,2445.73340000,5322926.76516200,0
1773619200000000,2178.29000000,2187.33000000,2174.17000000,2174.26000000,5797.69620000,1773620099999999,12648980.12154000,89916,3258.22820000,7109479.94899200,0
1773620100000000,2174.27000000,2181.07000000,2167.66000000,2168.46000000,4057.54140000,1773620999999999,8815258.70028100,52957,2021.07740000,4391339.97716500,0
1773621000000000,2168.47000000,2173.87000000,2164.73000000,2170.09000000,6193.56150000,1773621899999999,13438730.61241400,62498,4222.45720000,9162539.04370800,0
1773621900000000,2170.09000000,2175.24000000,2169.79000000,2171.23000000,2004.44000000,1773622799999999,4354506.86586300,32583,1362.41850000,2959791.76359000,0
1773622800000000,2171.23000000,2174.61000000,2165.00000000,2165.82000000,2910.71720000,1773623699999999,6314370.07299800,54097,1778.08140000,3857464.60959300,0
1773623700000000,2165.82000000,2182.69000000,2165.82000000,2179.54000000,3706.80920000,1773624599999999,8064662.22957900,67487,2431.90690000,5290283.93734400,0
1773624600000000,2179.54000000,2181.75000000,2174.29000000,2179.24000000,2948.38580000,1773625499999999,6422959.45012000,58757,1681.08260000,3662405.46724400,0
1773625500000000,2179.25000000,2190.48000000,2178.63000000,2185.89000000,2933.81030000,1773626399999999,6408796.57100500,51134,1559.81960000,3408297.66407200,0
1773626400000000,2185.88000000,2189.43000000,2178.23000000,2179.72000000,2931.59110000,1773627299999999,6402647.85066100,50614,1299.63540000,2838566.26999500,0
1773627300000000,2179.73000000,2181.47000000,2170.02000000,2173.73000000,3745.55300000,1773628199999999,8149810.35345000,48611,1766.88610000,3845525.71626500,0
1773628200000000,2173.73000000,2177.32000000,2170.27000000,2176.33000000,2958.09410000,1773629099999999,6429109.54287600,31922,1335.24760000,2902924.63514500,0
1773629100000000,2176.33000000,2183.46000000,2174.06000000,2180.49000000,2480.95120000,1773629999999999,5406940.54815100,31827,1503.41830000,3277165.53354500,0
1773630000000000,2180.48000000,2184.14000000,2177.38000000,2181.56000000,2945.53610000,1773630899999999,6424735.37368500,36122,1853.46860000,4042518.62405200,0
1773630900000000,2181.56000000,2209.35000000,2179.71000000,2201.08000000,14652.46590000,1773631799999999,32224559.98644800,100798,9057.59450000,19912139.99312500,0
1773631800000000,2201.08000000,2253.48000000,2200.83000000,2238.40000000,55113.40680000,1773632699999999,123180113.85174200,314888,28220.46880000,63065939.07704300,0
1773632700000000,2238.40000000,2243.81000000,2230.08000000,2235.67000000,18587.53930000,1773633599999999,41580018.70172700,122049,7395.51500000,16545147.72324600,0
1773633600000000,2235.67000000,2245.32000000,2235.67000000,2244.90000000,16364.35200000,1773634499999999,36684539.15116800,85341,7445.90900000,16688865.12312400,0
1773634500000000,2244.90000000,2266.65000000,2243.02000000,2249.16000000,23073.63400000,1773635399999999,51946855.77141200,115430,12560.14500000,28265948.69518500,0
1773635400000000,2249.15000000,2269.58000000,2249.15000000,2261.23000000,20675.69350000,1773636299999999,46753927.86590300,139661,12358.18700000,27944124.22106100,0
1773636300000000,2261.23000000,2278.00000000,2258.27000000,2263.30000000,14460.35480000,1773637199999999,32791956.31978100,113926,8029.76860000,18214606.53026800,0
1773637200000000,2263.30000000,2269.37000000,2256.80000000,2263.41000000,12132.13210000,1773638099999999,27449728.87229700,94729,6198.79950000,14026765.01562600,0
1773638100000000,2263.40000000,2270.00000000,2259.66000000,2268.77000000,6090.89160000,1773638999999999,13800461.46835400,63021,3075.46550000,6970174.44256400,0
1773639000000000,2268.76000000,2272.41000000,2259.72000000,2270.51000000,6172.91510000,1773639899999999,13989443.69734200,54836,3123.13780000,7078063.62257300,0
1773639900000000,2270.50000000,2288.63000000,2268.30000000,2280.47000000,25717.08590000,1773640799999999,58607103.50947900,114497,14132.97770000,32206482.04610900,0
1773640800000000,2280.46000000,2281.31000000,2260.64000000,2263.44000000,10217.32070000,1773641699999999,23171848.98261200,72143,3775.77330000,8560071.24849700,0
1773641700000000,2263.44000000,2271.18000000,2262.78000000,2265.58000000,5823.45290000,1773642599999999,13204383.44730500,45945,3317.33860000,7522845.03187700,0
1773642600000000,2265.58000000,2270.38000000,2263.92000000,2267.01000000,4023.41880000,1773643499999999,9120716.61695700,37927,1993.47200000,4519256.15149700,0
1773643500000000,2267.01000000,2267.01000000,2260.74000000,2261.70000000,6780.32310000,1773644399999999,15345399.44584800,31165,3146.66590000,7121560.24371600,0
1773644400000000,2261.70000000,2269.00000000,2260.30000000,2266.01000000,5857.56880000,1773645299999999,13273002.74999300,50110,2429.60880000,5504562.20289500,0
1773645300000000,2266.01000000,2268.91000000,2260.66000000,2266.90000000,5634.47220000,1773646199999999,12765095.23680100,37007,3010.94280000,6820741.90724800,0
1773646200000000,2266.90000000,2267.49000000,2251.16000000,2253.39000000,9872.66410000,1773647099999999,22277479.98523500,58841,3620.15810000,8167412.42976100,0
1773647100000000,2253.39000000,2254.30000000,2245.63000000,2248.95000000,14065.51810000,1773647999999999,31638412.52680700,34027,7934.85520000,17845499.27594700,0
1773648000000000,2248.95000000,2258.83000000,2248.95000000,2250.37000000,6136.65090000,1773648899999999,13839501.64082700,38561,3518.62740000,7935339.82690100,0
1773648900000000,2250.38000000,2257.73000000,2245.53000000,2251.13000000,5844.92260000,1773649799999999,13163428.72367500,54957,2761.02940000,6219288.83997600,0
1773649800000000,2251.12000000,2253.07000000,2236.76000000,2237.22000000,9154.44620000,1773650699999999,20552336.85803100,69968,3535.15170000,7937807.54969200,0
1773650700000000,2237.22000000,2246.35000000,2234.92000000,2243.54000000,6605.64410000,1773651599999999,14805192.49610300,65377,2774.64880000,6221210.17596800,0
1773651600000000,2243.54000000,2248.25000000,2239.82000000,2246.08000000,3119.56190000,1773652499999999,7001884.03048700,39280,1674.69440000,3758737.71929500,0
1773652500000000,2246.08000000,2256.45000000,2245.77000000,2255.12000000,5448.10870000,1773653399999999,12263993.08706800,50715,3566.18890000,8027317.42954100,0
1773653400000000,2255.12000000,2256.87000000,2251.84000000,2253.68000000,2488.10560000,1773654299999999,5608732.01486900,31182,1550.92330000,3495971.43402700,0
1773654300000000,2253.68000000,2265.37000000,2253.31000000,2260.51000000,5663.50420000,1773655199999999,12804902.11698000,44793,3504.31010000,7922126.68907800,0
1773655200000000,2260.51000000,2269.70000000,2260.36000000,2266.19000000,7144.53590000,1773656099999999,16193452.28641600,45215,3474.82860000,7874517.15996000,0
1773656100000000,2266.19000000,2272.97000000,2263.85000000,2265.88000000,4657.24230000,1773656999999999,10564097.62996300,51668,2634.15640000,5975587.89993000,0
1773657000000000,2265.89000000,2265.89000000,2256.20000000,2259.17000000,6746.31250000,1773657899999999,15244648.42017600,50242,2739.79500000,6192557.92213700,0
1773657900000000,2259.16000000,2279.00000000,2258.50000000,2278.30000000,10085.58440000,1773658799999999,22920115.43971300,69020,7169.14070000,16294278.52253700,0
1773658800000000,2278.30000000,2279.71000000,2273.45000000,2273.92000000,7329.87730000,1773659699999999,16689556.83978600,57217,4713.28150000,10734082.88469800,0
1773659700000000,2273.93000000,2280.00000000,2266.00000000,2267.45000000,3613.97440000,1773660599999999,8214268.15647100,48680,1971.32400000,4481190.30285300,0
1773660600000000,2267.45000000,2272.61000000,2266.00000000,2271.06000000,3188.52070000,1773661499999999,7234800.65326900,31073,1727.66820000,3920489.42985200,0
1773661500000000,2271.06000000,2275.00000000,2269.93000000,2269.94000000,2095.70310000,1773662399999999,4761358.24539100,27592,1199.86430000,2726126.00806000,0
1773662400000000,2269.94000000,2293.37000000,2269.93000000,2281.53000000,12465.50670000,1773663299999999,28441402.19014400,88694,6495.40090000,14816478.36823000,0
1773663300000000,2281.53000000,2303.64000000,2277.36000000,2300.00000000,21062.25340000,1773664199999999,48296977.28958100,139548,12618.04540000,28929939.84331700,0
1773664200000000,2300.00000000,2303.07000000,2280.04000000,2283.01000000,12485.12690000,1773665099999999,28604751.70901100,112945,6527.53440000,14957827.67103700,0
1773665100000000,2283.01000000,2284.23000000,2277.06000000,2279.28000000,5346.02860000,1773665999999999,12186703.98502200,58323,2809.29950000,6404031.80059500,0
1773666000000000,2279.28000000,2282.00000000,2273.37000000,2279.69000000,4027.73710000,1773666899999999,9174027.79527800,55723,2177.37490000,4959946.55613900,0
1773666900000000,2279.70000000,2282.15000000,2272.35000000,2280.93000000,4479.03280000,1773667799999999,10203395.85765200,52324,2626.73620000,5984272.44108500,0
1773667800000000,2280.93000000,2308.54000000,2277.38000000,2291.31000000,21952.86990000,1773668699999999,50415863.36104800,210365,12419.66210000,28515282.16966700,0
1773668700000000,2291.31000000,2302.71000000,2277.25000000,2288.79000000,14240.21780000,1773669599999999,32600134.48501700,177824,7246.74690000,16591364.32305300,0
1773669600000000,2288.80000000,2304.81000000,2283.96000000,2297.68000000,10129.04460000,1773670499999999,23268896.71329500,146336,6176.95660000,14191587.86933700,0
1773670500000000,2297.68000000,2302.50000000,2280.00000000,2281.11000000,9348.15800000,1773671399999999,21472232.82175500,116094,5159.43840000,11852765.15169700,0
1773671400000000,2281.11000000,2281.40000000,2255.04000000,2263.66000000,20790.42120000,1773672299999999,47106300.75656200,213396,8557.71490000,19395042.29722200,0
1773672300000000,2263.66000000,2289.73000000,2256.40000000,2288.00000000,10310.79260000,1773673199999999,23428412.57925300,137536,6120.22790000,13907251.04819900,0
1773673200000000,2287.99000000,2293.53000000,2277.59000000,2287.32000000,9657.29060000,1773674099999999,22067073.45346400,120926,3996.79750000,9133243.74966400,0
1773674100000000,2287.32000000,2293.52000000,2282.17000000,2291.64000000,12566.50250000,1773674999999999,28752971.82732600,87696,6297.69990000,14404010.36881800,0
1773675000000000,2291.65000000,2299.35000000,2282.20000000,2284.00000000,4932.60670000,1773675899999999,11289981.27174400,72385,2913.69300000,6670428.28766800,0
1773675900000000,2284.00000000,2287.67000000,2270.17000000,2273.88000000,4243.03250000,1773676799999999,9667713.52287300,71320,1850.39690000,4216716.79850200,0
1773676800000000,2273.88000000,2286.20000000,2270.00000000,2277.40000000,3832.70130000,1773677699999999,8729117.50725000,73043,2298.02600000,5234756.97923900,0
1773677700000000,2277.39000000,2288.00000000,2276.74000000,2282.81000000,5533.93940000,1773678599999999,12630752.16170200,69473,3366.53720000,7683351.31071200,0
1773678600000000,2282.82000000,2292.53000000,2278.03000000,2291.47000000,4205.49900000,1773679499999999,9612416.02511000,70916,2433.50110000,5562499.17667200,0
1773679500000000,2291.46000000,2300.22000000,2287.57000000,2297.03000000,8185.15770000,1773680399999999,18789094.61298700,74480,4829.83290000,11088634.18723200,0
1773680400000000,2297.03000000,2308.22000000,2293.49000000,2304.92000000,11075.64450000,1773681299999999,25502405.58123600,100457,6915.53970000,15923040.33043800,0
1773681300000000,2304.93000000,2306.47000000,2298.44000000,2300.63000000,5720.03580000,1773682199999999,13174023.86252400,65806,2868.93260000,6607793.32318200,0
1773682200000000,2300.63000000,2316.59000000,2300.63000000,2312.66000000,10422.75420000,1773683099999999,24090062.76455700,88115,5564.94050000,12862854.06084200,0
1773683100000000,2312.66000000,2323.00000000,2308.63000000,2314.74000000,8499.19540000,1773683999999999,19684099.32993100,82953,4684.84760000,10851667.31491900,0
1773684000000000,2314.75000000,2341.73000000,2313.60000000,2334.84000000,18370.51490000,1773684899999999,42782787.70380500,127778,11044.91680000,25718735.05868100,0
1773684900000000,2334.85000000,2346.16000000,2330.00000000,2337.51000000,9540.04960000,1773685799999999,22298444.74820400,106154,4678.43840000,10933779.48590300,0
1773685800000000,2337.50000000,2345.39000000,2333.00000000,2339.80000000,7632.04490000,1773686699999999,17851135.13411500,84443,3544.59560000,8292524.20024500,0
1773686700000000,2339.80000000,2339.80000000,2319.70000000,2321.46000000,10060.04570000,1773687599999999,23443281.01368000,65833,5148.40010000,12008561.95709100,0
1773687600000000,2321.46000000,2348.06000000,2318.43000000,2338.08000000,10433.81850000,1773688499999999,24340490.75671000,113089,5650.91240000,13181161.20289400,0
1773688500000000,2338.08000000,2341.66000000,2324.28000000,2332.57000000,5666.26110000,1773689399999999,13213820.87866100,76883,2450.48340000,5715829.71276400,0
1773689400000000,2332.57000000,2338.12000000,2329.50000000,2334.54000000,4225.00160000,1773690299999999,9862527.82671300,56285,1823.42340000,4257102.48417700,0
1773690300000000,2334.53000000,2335.12000000,2324.44000000,2330.92000000,4272.64900000,1773691199999999,9953376.71686100,63335,1489.85170000,3471250.51327400,0
1773691200000000,2330.92000000,2332.43000000,2323.68000000,2327.00000000,2689.39810000,1773692099999999,6257034.19370900,40176,926.14800000,2154737.17360700,0
1773692100000000,2326.99000000,2332.84000000,2325.01000000,2331.11000000,2921.03920000,1773692999999999,6803152.04135600,37500,1254.69070000,2921968.65335800,0
1773693000000000,2331.11000000,2342.37000000,2330.78000000,2336.93000000,4181.43270000,1773693899999999,9773479.58550100,45389,2772.03190000,6478689.86456600,0
1773693900000000,2336.94000000,2347.53000000,2336.94000000,2345.31000000,4084.30830000,1773694799999999,9569115.80113900,45577,2185.62550000,5120299.16381400,0
1773694800000000,2345.31000000,2357.62000000,2343.63000000,2351.11000000,13195.11100000,1773695699999999,31012243.46782200,98767,7132.28290000,16761851.53820300,0
1773695700000000,2351.11000000,2353.35000000,2344.76000000,2346.94000000,5050.88840000,1773696599999999,11863638.04211400,59452,2709.05310000,6363005.87572500,0
1773696600000000,2346.93000000,2376.34000000,2346.00000000,2359.02000000,19417.36550000,1773697499999999,45908989.78884100,130544,10546.10040000,24936969.02310800,0
1773697500000000,2359.02000000,2370.77000000,2357.06000000,2361.05000000,9615.96550000,1773698399999999,22725953.62466000,94405,4256.93210000,10060701.94678300,0
1773698400000000,2361.04000000,2386.02000000,2359.79000000,2376.69000000,15467.57270000,1773699299999999,36762323.87759800,113226,9050.99120000,21509142.64906300,0
1773699300000000,2376.68000000,2377.14000000,2355.33000000,2359.61000000,7808.47230000,1773700199999999,18467969.38476400,79349,3001.02790000,7098727.73348300,0
1773700200000000,2359.60000000,2366.70000000,2358.32000000,2365.91000000,10206.27160000,1773701099999999,24111070.78005700,50197,4699.60310000,11102240.50584600,0
1773701100000000,2365.91000000,2369.03000000,2356.47000000,2357.83000000,3936.28630000,1773701999999999,9299356.40940000,44019,1691.59270000,3996832.68443700,0
1773702000000000,2357.83000000,2357.99000000,2330.00000000,2339.49000000,15336.23840000,1773702899999999,35953138.55836600,93442,8051.78470000,18883644.77243600,0
1773702900000000,2339.49000000,2351.57000000,2337.18000000,2351.10000000,6063.31140000,1773703799999999,14208984.90311600,58732,3833.44650000,8983981.75908700,0
1773703800000000,2351.10000000,2358.99000000,2349.89000000,2357.77000000,5126.85380000,1773704699999999,12072953.48713500,54289,3339.67520000,7864216.40226800,0
1773704700000000,2357.76000000,2361.47000000,2347.00000000,2352.97000000,4827.73430000,1773705599999999,11364249.17306100,53363,2165.36170000,5097717.11470300,0
1773705600000000,2352.97000000,2374.74000000,2340.21000000,2367.31000000,18707.13490000,1773706499999999,44083996.78332300,151911,10089.85940000,23803147.87986600,0
1773706500000000,2367.31000000,2376.66000000,2342.13000000,2354.04000000,16404.96370000,1773707399999999,38726582.96700000,164479,8423.97210000,19881614.78432400,0
1773707400000000,2354.05000000,2368.20000000,2347.88000000,2353.83000000,15745.93000000,1773708299999999,37140463.81831200,127112,6615.39070000,15609579.93629300,0
1773708300000000,2353.82000000,2357.62000000,2346.60000000,2357.62000000,5401.69440000,1773709199999999,12706427.90281300,68525,3464.55230000,8151098.14498200,0
1773709200000000,2357.62000000,2374.39000000,2346.72000000,2364.96000000,12684.82100000,1773710099999999,29976872.68275800,139654,8587.97180000,20299961.09207400,0
1773710100000000,2364.96000000,2368.91000000,2357.84000000,2364.56000000,7712.10420000,1773710999999999,18231080.06789900,80962,4748.08850000,11225619.28855500,0
1773711000000000,2364.56000000,2375.65000000,2351.51000000,2360.54000000,19785.92050000,1773711899999999,46795145.12916500,115783,11377.02850000,26917336.66628500,0
1773711900000000,2360.55000000,2366.65000000,2351.33000000,2361.21000000,8007.47520000,1773712799999999,18890761.66435500,64772,4221.38260000,9959956.57416200,0
1773712800000000,2361.20000000,2361.88000000,2345.00000000,2349.50000000,6805.08170000,1773713699999999,16010815.79548900,71567,3641.94380000,8571740.64390300,0
1773713700000000,2349.50000000,2350.15000000,2344.79000000,2347.92000000,3483.87330000,1773714599999999,8174896.00108700,43700,1962.53530000,4604872.22538400,0
1773714600000000,2347.93000000,2361.42000000,2346.40000000,2358.57000000,3162.73800000,1773715499999999,7447568.70210100,47494,1789.53740000,4213964.05256200,0
1773715500000000,2358.56000000,2361.58000000,2350.50000000,2351.30000000,7413.46000000,1773716399999999,17474128.89469100,47535,2588.33950000,6099867.42108000,0
1773716400000000,2351.31000000,2355.99000000,2341.60000000,2342.62000000,4497.65380000,1773717299999999,10559302.51909900,58016,2073.65380000,4869557.14488400,0
1773717300000000,2342.62000000,2344.47000000,2333.23000000,2336.49000000,5300.25510000,1773718199999999,12396604.38378600,62475,2096.00610000,4901762.77296900,0
1773718200000000,2336.49000000,2336.50000000,2314.28000000,2316.40000000,12533.25140000,1773719099999999,29129126.01930200,107853,4798.08880000,11153396.12849500,0
1773719100000000,2316.41000000,2321.17000000,2308.03000000,2320.00000000,11395.26230000,1773719999999999,26368526.22506400,97280,5200.45180000,12038132.19876600,0
1773720000000000,2320.01000000,2330.00000000,2318.69000000,2327.93000000,6873.92040000,1773720899999999,15978826.06355000,64118,3326.87020000,7734183.26954600,0
1773720900000000,2327.92000000,2328.49000000,2308.85000000,2313.04000000,10117.30730000,1773721799999999,23414321.85847800,65745,5290.26060000,12233543.11604200,0
1773721800000000,2313.03000000,2316.59000000,2294.15000000,2304.78000000,20693.94060000,1773722699999999,47670521.33327000,102496,10610.19790000,24430708.04230800,0
1773722700000000,2304.78000000,2313.36000000,2304.13000000,2311.50000000,4713.64650000,1773723599999999,10890199.70206300,39055,2291.64230000,5294744.92602000,0
1773723600000000,2311.49000000,2316.09000000,2305.60000000,2312.70000000,3145.35540000,1773724499999999,7271955.14104200,46307,1426.83930000,3299270.56118900,0
1773724500000000,2312.70000000,2318.43000000,2310.46000000,2316.05000000,2361.84570000,1773725399999999,5467406.17745900,37824,1118.38170000,2589231.34817000,0
1773725400000000,2316.04000000,2317.89000000,2302.00000000,2302.40000000,3260.24230000,1773726299999999,7529542.35846200,42022,1031.88920000,2383085.01576200,0
1773726300000000,2302.41000000,2310.50000000,2297.91000000,2307.37000000,5373.72670000,1773727199999999,12375529.77774200,60399,2316.25110000,5334134.31062800,0
1773727200000000,2307.37000000,2317.35000000,2298.24000000,2315.41000000,4554.48630000,1773728099999999,10504833.48881600,63319,2464.60660000,5688198.52344300,0
1773728100000000,2315.40000000,2323.70000000,2313.08000000,2321.42000000,3893.48230000,1773728999999999,9027986.81432700,40221,2329.19050000,5402149.56768100,0
1773729000000000,2321.43000000,2325.13000000,2310.00000000,2310.38000000,4024.76160000,1773729899999999,9325204.51315300,33060,1410.07570000,3268547.39786500,0
1773729900000000,2310.38000000,2315.64000000,2308.35000000,2315.34000000,2274.13840000,1773730799999999,5257911.88687300,29605,944.08450000,2183292.10042000,0
1773730800000000,2315.35000000,2325.29000000,2315.35000000,2324.90000000,2641.96140000,1773731699999999,6132077.77286000,35430,1508.24660000,3500920.86481400,0
1773731700000000,2324.90000000,2337.86000000,2324.76000000,2335.43000000,7014.65200000,1773732599999999,16359254.62039000,55867,3792.24010000,8844143.31288500,0
1773732600000000,2335.42000000,2336.34000000,2328.39000000,2331.03000000,3961.31590000,1773733499999999,9234532.11103700,30088,1624.33480000,3785406.60232200,0
1773733500000000,2331.02000000,2332.56000000,2325.00000000,2327.70000000,1878.49370000,1773734399999999,4373107.36760200,18025,653.53590000,1521517.32901300,0
1773734400000000,2327.71000000,2335.35000000,2317.32000000,2322.40000000,4420.81220000,1773735299999999,10285717.55352700,44161,1859.51690000,4327849.12485400,0
1773735300000000,2322.41000000,2330.92000000,2318.27000000,2326.52000000,2090.16170000,1773736199999999,4861870.48881800,48755,1065.36730000,2478924.99704000,0
1773736200000000,2326.52000000,2332.99000000,2320.63000000,2331.30000000,2696.85660000,1773737099999999,6276013.43476800,49255,1436.68850000,3344148.11108500,0
1773737100000000,2331.29000000,2332.67000000,2316.05000000,2320.66000000,3636.51250000,1773737999999999,8453477.55470300,41907,1168.45580000,2716933.42715800,0
1773738000000000,2320.67000000,2324.54000000,2309.00000000,2310.59000000,6424.91610000,1773738899999999,14871671.58950300,54505,2784.51110000,6445216.64700400,0
1773738900000000,2310.59000000,2329.34000000,2307.00000000,2325.00000000,5682.40960000,1773739799999999,13175668.22013900,60657,2517.35390000,5840250.41497400,0
1773739800000000,2325.00000000,2326.04000000,2319.16000000,2323.30000000,3542.02200000,1773740699999999,8227018.06250100,45138,1780.52680000,4135873.44857100,0
1773740700000000,2323.31000000,2323.38000000,2310.80000000,2315.79000000,2907.86250000,1773741599999999,6735579.02113400,43897,904.28560000,2095494.60386100,0
1773741600000000,2315.78000000,2317.09000000,2307.00000000,2312.96000000,3715.27060000,1773742499999999,8590673.61105300,57028,1382.19670000,3195361.45501000,0
1773742500000000,2312.97000000,2314.47000000,2304.00000000,2313.59000000,4294.61640000,1773743399999999,9921103.58240200,48633,1674.35510000,3868343.85622300,0
1773743400000000,2313.58000000,2316.72000000,2309.50000000,2310.24000000,2755.32880000,1773744299999999,6372132.07814000,40102,1157.49980000,2676916.99608700,0
1773744300000000,2310.23000000,2315.00000000,2306.65000000,2312.94000000,2385.44650000,1773745199999999,5510881.82954700,29661,1226.08260000,2832556.02472100,0
1773745200000000,2312.94000000,2323.47000000,2311.77000000,2323.43000000,3170.09320000,1773746099999999,7349391.90598300,43562,2229.87160000,5169182.51705200,0
1773746100000000,2323.43000000,2332.58000000,2323.43000000,2328.41000000,5348.82480000,1773746999999999,12453597.52464400,52212,3514.17540000,8181962.13863100,0
1773747000000000,2328.40000000,2330.76000000,2325.40000000,2329.89000000,3182.51540000,1773747899999999,7410618.86864300,34490,1788.82450000,4165422.01747900,0
1773747900000000,2329.90000000,2332.92000000,2325.00000000,2326.82000000,3566.66140000,1773748799999999,8308012.46207800,40782,2010.26930000,4682580.55089200,0
1773748800000000,2326.81000000,2332.43000000,2325.78000000,2326.50000000,2162.54550000,1773749699999999,5035071.48377000,41650,1167.74160000,2718562.27939400,0
1773749700000000,2326.50000000,2335.00000000,2316.74000000,2320.18000000,5046.11000000,1773750599999999,11733407.19719100,73983,2872.78330000,6682349.71264000,0
1773750600000000,2320.19000000,2324.20000000,2312.77000000,2321.05000000,2737.68260000,1773751499999999,6347798.49179100,57098,1164.88670000,2701564.33639400,0
1773751500000000,2321.04000000,2321.05000000,2313.19000000,2315.42000000,4950.38370000,1773752399999999,11461821.01818900,50080,1701.32020000,3939905.69935600,0
1773752400000000,2315.42000000,2320.36000000,2313.41000000,2319.26000000,2162.68450000,1773753299999999,5012375.25021200,41946,1138.18700000,2637969.72756000,0
1773753300000000,2319.27000000,2322.39000000,2315.91000000,2320.57000000,2728.08360000,1773754199999999,6328014.10244400,40538,1422.53440000,3299752.21562800,0
1773754200000000,2320.57000000,2346.48000000,2318.50000000,2332.75000000,10741.12770000,1773755099999999,25098844.97238800,184741,5540.31290000,12943970.26243000,0
1773755100000000,2332.75000000,2334.28000000,2316.75000000,2328.65000000,10717.33260000,1773755999999999,24937738.63621900,130529,4613.75620000,10736720.43723800,0
1773756000000000,2328.66000000,2335.59000000,2318.94000000,2332.21000000,10266.99360000,1773756899999999,23928652.54595100,107470,4473.27340000,10424185.41057500,0
1773756900000000,2332.20000000,2337.15000000,2322.92000000,2333.95000000,4978.49010000,1773757799999999,11603983.34542200,96973,2500.25570000,5827786.09698700,0
1773757800000000,2333.96000000,2348.94000000,2333.96000000,2342.95000000,8678.22720000,1773758699999999,20329779.95916300,112475,5091.44120000,11928038.11052000,0
1773758700000000,2342.95000000,2347.30000000,2336.85000000,2343.45000000,5318.30260000,1773759599999999,12462661.61546800,79752,2851.54860000,6683230.35061800,0
1773759600000000,2343.45000000,2357.73000000,2328.16000000,2328.95000000,11796.39790000,1773760499999999,27669643.37214600,156841,6065.52980000,14235654.65648600,0
1773760500000000,2328.94000000,2334.80000000,2320.31000000,2323.31000000,4969.04120000,1773761399999999,11565308.22195900,87429,2047.89190000,4767299.89804100,0
1773761400000000,2323.30000000,2327.14000000,2304.27000000,2313.01000000,12398.78760000,1773762299999999,28661474.84387400,136089,5432.13160000,12556041.44132100,0
1773762300000000,2313.00000000,2320.64000000,2307.01000000,2315.98000000,5411.86920000,1773763199999999,12520818.79333000,74524,2455.18450000,5682591.63319700,0
1773763200000000,2315.98000000,2325.60000000,2312.44000000,2317.42000000,3960.18510000,1773764099999999,9185563.74557200,79576,2118.69460000,4914453.30349800,0
1773764100000000,2317.42000000,2336.96000000,2316.69000000,2331.41000000,6085.68310000,1773764999999999,14179903.82793500,93028,3377.31410000,7869068.89088600,0
1773765000000000,2331.41000000,2332.90000000,2320.80000000,2326.00000000,4283.94680000,1773765899999999,9963707.44703200,59035,1478.04260000,3436954.00609000,0
1773765900000000,2326.00000000,2331.25000000,2321.79000000,2326.84000000,2953.42050000,1773766799999999,6873053.26612600,43574,1220.67540000,2842098.26173700,0
1773766800000000,2326.85000000,2333.92000000,2320.60000000,2326.87000000,2715.19480000,1773767699999999,6322491.30597500,48114,1452.29460000,3382888.41181700,0
1773767700000000,2326.86000000,2335.44000000,2324.02000000,2329.20000000,2826.17350000,1773768599999999,6586324.66615100,42621,1500.97730000,3498349.21111600,0
1773768600000000,2329.20000000,2335.50000000,2325.90000000,2333.54000000,2363.85380000,1773769499999999,5508826.64725000,39201,831.11590000,1937416.49168700,0
1773769500000000,2333.55000000,2342.64000000,2331.24000000,2340.04000000,4317.57490000,1773770399999999,10094082.79067700,57053,2414.43670000,5645813.36244600,0
1773770400000000,2340.04000000,2342.70000000,2336.67000000,2338.56000000,3274.12840000,1773771299999999,7659804.52039700,49109,1828.59350000,4277961.11318300,0
1773771300000000,2338.57000000,2340.90000000,2331.73000000,2332.88000000,2601.04140000,1773772199999999,6076717.15850600,42111,1083.67190000,2531701.34451800,0
1773772200000000,2332.88000000,2341.58000000,2332.46000000,2336.92000000,2017.72770000,1773773099999999,4718067.08442300,37173,769.81210000,1800263.12423000,0
1773773100000000,2336.93000000,2339.61000000,2328.11000000,2332.98000000,2909.98930000,1773773999999999,6792941.80018900,35514,901.79450000,2105445.41516200,0
1773774000000000,2332.98000000,2338.64000000,2331.29000000,2337.11000000,1608.87990000,1773774899999999,3756676.36872800,34382,673.79880000,1573415.98452800,0
1773774900000000,2337.11000000,2340.00000000,2332.00000000,2334.90000000,1917.76870000,1773775799999999,4481013.13187500,31676,759.71390000,1775306.06112800,0
1773775800000000,2334.90000000,2335.34000000,2325.24000000,2325.74000000,2166.29520000,1773776699999999,5047395.58357600,36096,774.19220000,1803441.26437600,0
1773776700000000,2325.74000000,2326.43000000,2317.00000000,2320.22000000,4432.56330000,1773777599999999,10289738.77528300,54640,1743.80960000,4048050.39650900,0
1773777600000000,2320.22000000,2324.00000000,2317.68000000,2318.27000000,3694.69720000,1773778499999999,8574296.81626100,37004,1890.39020000,4387030.31540500,0
1773778500000000,2318.27000000,2330.39000000,2318.12000000,2329.22000000,1723.03010000,1773779399999999,4006693.75936800,22825,865.35690000,2012656.53774600,0
1773779400000000,2329.23000000,2329.23000000,2325.74000000,2326.61000000,1320.82550000,1773780299999999,3073942.64214900,18245,449.46600000,1045868.02212800,0
1773780300000000,2326.61000000,2329.21000000,2324.21000000,2327.88000000,1181.79860000,1773781199999999,2750150.20688400,13462,346.69580000,806839.20314700,0
1773781200000000,2327.88000000,2344.69000000,2327.88000000,2339.29000000,3674.21680000,1773782099999999,8586630.75282800,28578,2297.30210000,5370541.69456300,0
1773782100000000,2339.29000000,2339.55000000,2336.47000000,2336.53000000,1512.62990000,1773782999999999,3536795.01487600,17951,443.98140000,1038086.23447700,0
1773783000000000,2336.54000000,2340.87000000,2332.67000000,2338.92000000,2025.47810000,1773783899999999,4735409.23720300,26219,765.68340000,1790317.24140400,0
1773783900000000,2338.92000000,2341.24000000,2336.34000000,2338.45000000,1239.83720000,1773784799999999,2899400.38925400,24621,470.05040000,1099191.55411600,0
1773784800000000,2338.45000000,2342.11000000,2332.26000000,2333.10000000,2666.22160000,1773785699999999,6230279.94668700,34828,1207.90500000,2823347.47928900,0
1773785700000000,2333.11000000,2334.36000000,2328.78000000,2328.78000000,1529.93430000,1773786599999999,3567786.28205100,18900,527.23630000,1229383.99850700,0
1773786600000000,2328.78000000,2329.33000000,2318.39000000,2324.76000000,3318.92250000,1773787499999999,7710928.16277000,34929,1139.36710000,2646443.02790000,0
1773787500000000,2324.76000000,2330.46000000,2323.11000000,2329.54000000,1408.92980000,1773788399999999,3277421.20635000,24779,752.42350000,1750143.45424700,0
1773788400000000,2329.54000000,2332.75000000,2327.06000000,2330.76000000,1154.86540000,1773789299999999,2690174.07453600,20414,713.22290000,1661161.37959300,0
1773789300000000,2330.76000000,2333.11000000,2324.43000000,2327.65000000,2384.45380000,1773790199999999,5553057.78339000,22624,1078.75760000,2512047.34857400,0
1773790200000000,2327.64000000,2327.64000000,2318.07000000,2319.04000000,1857.66960000,1773791099999999,4314360.90626600,22987,571.91170000,1327874.73069900,0
1773791100000000,2319.03000000,2322.29000000,2316.78000000,2317.39000000,1993.89890000,1773791999999999,4624040.18740100,25805,831.60920000,1928803.04573300,0
1773792000000000,2317.38000000,2323.51000000,2315.24000000,2321.31000000,1890.39940000,1773792899999999,4385901.83396600,32382,1034.30680000,2399659.36893000,0
1773792900000000,2321.31000000,2322.00000000,2309.00000000,2313.94000000,4325.35090000,1773793799999999,10008191.42019000,55571,1419.55490000,3284779.17333100,0
1773793800000000,2313.93000000,2314.71000000,2307.00000000,2314.56000000,3430.31040000,1773794699999999,7925621.84103200,44551,2294.33780000,5301379.85115400,0
1773794700000000,2314.56000000,2325.66000000,2314.56000000,2324.24000000,2020.35670000,1773795599999999,4687819.08516200,35243,1305.82560000,3029639.47160400,0
1773795600000000,2324.24000000,2330.00000000,2323.30000000,2325.52000000,2174.12060000,1773796499999999,5059456.55201100,38816,955.89240000,2224298.26368700,0
1773796500000000,2325.52000000,2330.97000000,2323.58000000,2330.16000000,1364.71520000,1773797399999999,3177077.18031500,31707,764.55290000,1780085.32185800,0
1773797400000000,2330.15000000,2335.33000000,2328.02000000,2330.35000000,2094.05360000,1773798299999999,4882607.46917100,32497,1130.65790000,2636329.81312200,0
1773798300000000,2330.35000000,2332.67000000,2323.17000000,2325.02000000,1486.38390000,1773799199999999,3459760.98355800,24498,546.37980000,1272034.16817200,0
1773799200000000,2325.03000000,2335.25000000,2324.74000000,2334.17000000,1573.06760000,1773800099999999,3666460.50050100,28268,785.09770000,1829721.89786500,0
1773800100000000,2334.16000000,2335.00000000,2329.83000000,2331.07000000,955.00010000,1773800999999999,2226983.39297700,24275,338.64510000,789633.71674300,0
1773801000000000,2331.08000000,2341.30000000,2330.21000000,2336.33000000,3108.66510000,1773801899999999,7265544.71706900,32467,2083.88470000,4870872.15608100,0
1773801900000000,2336.33000000,2337.65000000,2330.60000000,2331.49000000,2371.11260000,1773802799999999,5533449.21067700,26437,559.52410000,1305768.68300300,0
1773802800000000,2331.48000000,2333.90000000,2328.65000000,2330.85000000,2038.49870000,1773803699999999,4751774.22952500,24310,707.43680000,1648928.96418100,0
1773803700000000,2330.86000000,2342.85000000,2330.00000000,2339.80000000,2941.48810000,1773804599999999,6876853.94628600,29304,1850.34810000,4326668.27456000,0
1773804600000000,2339.80000000,2350.00000000,2339.71000000,2341.78000000,4782.89790000,1773805499999999,11215947.97807100,41010,2831.79310000,6641950.20497000,0
1773805500000000,2341.78000000,2342.77000000,2339.50000000,2340.61000000,3198.44770000,1773806399999999,7487707.71000100,23744,1821.87620000,4265004.23999200,0
1773806400000000,2340.61000000,2342.00000000,2338.43000000,2339.17000000,1683.59930000,1773807299999999,3939746.26644400,22848,587.18800000,1374075.57413700,0
1773807300000000,2339.18000000,2339.18000000,2332.45000000,2332.70000000,1579.55740000,1773808199999999,3690118.34525700,20188,347.32640000,811366.19864100,0
1773808200000000,2332.69000000,2332.70000000,2328.16000000,2329.99000000,2254.02130000,1773809099999999,5251794.25952000,23834,1085.22450000,2528176.20047200,0
1773809100000000,2329.99000000,2331.17000000,2326.62000000,2327.51000000,1480.98570000,1773809999999999,3447908.77598700,18336,438.69980000,1021337.09268400,0
1773810000000000,2327.50000000,2330.97000000,2325.87000000,2329.94000000,2413.11830000,1773810899999999,5620547.57024200,30623,1022.16500000,2381023.60664500,0
1773810900000000,2329.94000000,2330.41000000,2325.00000000,2326.41000000,1834.97820000,1773811799999999,4270676.24790200,18043,571.23870000,1329556.23291800,0
1773811800000000,2326.40000000,2328.48000000,2322.12000000,2322.20000000,2206.46500000,1773812699999999,5129977.12257100,21711,593.35210000,1379456.74075000,0
1773812700000000,2322.19000000,2324.06000000,2313.81000000,2318.42000000,4590.99770000,1773813599999999,10644409.83943700,33289,1628.23170000,3774592.59713900,0
1773813600000000,2318.42000000,2324.10000000,2318.18000000,2324.04000000,1726.24930000,1773814499999999,4006165.27702500,24548,891.56900000,2069185.79623400,0
1773814500000000,2324.03000000,2331.14000000,2322.38000000,2328.90000000,1814.19820000,1773815399999999,4221298.94584100,29675,1125.55300000,2619217.47764700,0
1773815400000000,2328.91000000,2329.84000000,2322.80000000,2324.29000000,2544.52300000,1773816299999999,5920614.20042900,20151,1562.96470000,3636571.62515500,0
1773816300000000,2324.29000000,2327.63000000,2322.50000000,2322.73000000,1044.52610000,1773817199999999,2428785.92138000,14439,534.05910000,1241928.23520200,0
1773817200000000,2322.73000000,2323.22000000,2316.62000000,2321.34000000,1944.34410000,1773818099999999,4511571.62923200,24368,813.45460000,1887451.44005400,0
1773818100000000,2321.34000000,2321.79000000,2315.80000000,2317.61000000,2155.21540000,1773818999999999,4997803.00429200,19898,466.49330000,1081355.89463300,0
1773819000000000,2317.61000000,2317.61000000,2311.53000000,2313.62000000,2070.91180000,1773819899999999,4793620.02486200,30894,1009.07780000,2335862.59812100,0
1773819900000000,2313.62000000,2319.25000000,2312.79000000,2317.74000000,1414.29460000,1773820799999999,3276176.76875800,13951,917.21890000,2124850.00540000,0
1773820800000000,2317.73000000,2323.79000000,2317.30000000,2322.01000000,1772.92320000,1773821699999999,4114621.65117000,23291,887.59250000,2059791.28977400,0
1773821700000000,2322.01000000,2323.16000000,2319.42000000,2321.59000000,1075.81060000,1773822599999999,2497444.59737900,25558,525.40720000,1219757.55910500,0
1773822600000000,2321.60000000,2322.91000000,2318.76000000,2321.84000000,1331.43460000,1773823499999999,3090081.17585600,27424,741.01420000,1719913.73568300,0
1773823500000000,2321.83000000,2325.50000000,2320.08000000,2322.59000000,781.67610000,1773824399999999,1815840.51614600,23193,367.28330000,853132.39551300,0
1773824400000000,2322.59000000,2329.70000000,2321.87000000,2328.34000000,2812.05230000,1773825299999999,6538244.60397600,29237,1467.69890000,3413070.30847800,0
1773825300000000,2328.33000000,2332.15000000,2328.03000000,2328.66000000,2048.13200000,1773826199999999,4771871.79094900,24950,1167.42030000,2719792.12348500,0
1773826200000000,2328.66000000,2333.62000000,2328.56000000,2331.59000000,1460.04760000,1773827099999999,3403529.56975400,23240,638.20100000,1487700.01686400,0
1773827100000000,2331.59000000,2332.75000000,2327.03000000,2329.27000000,1218.22950000,1773827999999999,2837463.22043500,17971,502.91910000,1171364.59326500,0
1773828000000000,2329.27000000,2331.39000000,2324.11000000,2330.84000000,1664.08680000,1773828899999999,3874936.82764400,22823,686.12480000,1597419.86317000,0
1773828900000000,2330.83000000,2331.15000000,2327.37000000,2330.67000000,2322.53770000,1773829799999999,5410332.84260300,16483,783.70880000,1825775.32254500,0
1773829800000000,2330.67000000,2331.99000000,2313.00000000,2314.34000000,5332.70560000,1773830699999999,12383800.63086200,38956,1641.73380000,3811429.48588300,0
1773830700000000,2314.35000000,2314.74000000,2309.42000000,2312.83000000,5143.85900000,1773831599999999,11890699.96303300,39501,2168.49630000,5013034.01283700,0
1773831600000000,2312.83000000,2319.16000000,2304.08000000,2315.02000000,5325.46360000,1773832499999999,12302055.90079400,55623,2489.33780000,5751850.71357300,0
1773832500000000,2315.02000000,2316.97000000,2292.80000000,2295.16000000,7433.04430000,1773833399999999,17113528.90560500,63187,2490.26140000,5731496.18275900,0
1773833400000000,2295.15000000,2298.20000000,2263.43000000,2276.61000000,24951.89940000,1773834299999999,56810179.22603800,247167,12112.01160000,27565446.55774700,0
1773834300000000,2276.60000000,2276.97000000,2265.74000000,2269.34000000,6110.24100000,1773835199999999,13875323.13919700,84216,2859.70030000,6493923.64836200,0
1773835200000000,2269.33000000,2270.50000000,2253.80000000,2259.84000000,13473.99610000,1773836099999999,30452821.76633100,123560,6113.38440000,13816940.10683600,0
1773836100000000,2259.84000000,2264.02000000,2255.96000000,2263.52000000,4523.41690000,1773836999999999,10223273.06884900,91653,2085.12410000,4712599.21816900,0
1773837000000000,2263.52000000,2263.53000000,2237.27000000,2241.82000000,14066.67900000,1773837899999999,31582060.77241800,179018,5638.39340000,12657884.52367600,0
1773837900000000,2241.82000000,2246.28000000,2235.45000000,2237.49000000,8967.21830000,1773838799999999,20097993.15364700,112545,5036.32570000,11288061.28703100,0
1773838800000000,2237.50000000,2240.12000000,2223.69000000,2238.03000000,12823.72160000,1773839699999999,28638024.45018300,133409,5567.19170000,12429532.75180600,0
1773839700000000,2238.03000000,2241.76000000,2230.33000000,2238.90000000,5985.58090000,1773840599999999,13385276.79556500,81240,3845.38200000,8598031.69340600,0
1773840600000000,2238.89000000,2244.90000000,2232.00000000,2237.93000000,6855.16990000,1773841499999999,15346431.29189700,132356,3510.60050000,7860946.78594700,0
1773841500000000,2237.94000000,2241.54000000,2229.39000000,2235.68000000,5361.19670000,1773842399999999,11983443.34102700,97808,2587.97410000,5786648.40242400,0
1773842400000000,2235.69000000,2237.21000000,2222.08000000,2223.01000000,6620.13410000,1773843299999999,14754480.49385100,120845,3243.33130000,7228721.57853600,0
1773843300000000,2223.02000000,2228.01000000,2212.53000000,2215.64000000,10651.02180000,1773844199999999,23646106.14297000,114868,4749.24400000,10545674.25388400,0
1773844200000000,2215.64000000,2224.36000000,2203.24000000,2204.21000000,11313.26680000,1773845099999999,25039836.78524900,123074,4748.69100000,10517497.40869600,0
1773845100000000,2204.21000000,2211.81000000,2186.93000000,2190.27000000,22645.72560000,1773845999999999,49769648.86457000,159567,9277.40120000,20392174.00923100,0
1773846000000000,2190.26000000,2196.23000000,2168.97000000,2181.16000000,26644.85420000,1773846899999999,58164889.25074000,182347,12159.90390000,26558252.36959100,0
1773846900000000,2181.16000000,2187.42000000,2174.90000000,2182.82000000,9874.07260000,1773847799999999,21536437.93370100,128408,5275.20720000,11506670.56846200,0
1773847800000000,2182.82000000,2192.29000000,2179.47000000,2183.19000000,6535.65780000,1773848699999999,14288377.73762500,94565,3393.59570000,7422274.06099300,0
1773848700000000,2183.19000000,2189.40000000,2177.40000000,2187.66000000,4052.40750000,1773849599999999,8849012.71937400,73078,1943.08480000,4244622.76590600,0
1773849600000000,2187.67000000,2190.93000000,2175.16000000,2177.19000000,7727.78620000,1773850499999999,16868334.04165400,86209,3250.70560000,7098372.45860900,0
1773850500000000,2177.19000000,2180.29000000,2166.87000000,2174.68000000,10265.77630000,1773851399999999,22324323.90252700,97008,3419.48020000,7433656.53570400,0
1773851400000000,2174.67000000,2179.92000000,2168.69000000,2179.67000000,4088.86440000,1773852299999999,8894408.99930400,70523,2239.35840000,4871910.13166300,0
1773852300000000,2179.68000000,2186.65000000,2178.12000000,2181.00000000,3091.42610000,1773853199999999,6746096.17766300,48197,1808.26930000,3946052.61930400,0
1773853200000000,2181.00000000,2184.42000000,2176.99000000,2182.09000000,3492.87010000,1773854099999999,7616991.57093800,51665,1609.31270000,3509826.13201700,0
1773854100000000,2182.09000000,2199.96000000,2179.82000000,2198.33000000,6782.79770000,1773854999999999,14863734.10763800,77196,4024.74460000,8822500.79179500,0
1773855000000000,2198.33000000,2211.70000000,2191.94000000,2204.51000000,10840.66060000,1773855899999999,23878051.65191300,93684,6584.57810000,14510645.73096900,0
1773855900000000,2204.51000000,2210.68000000,2201.50000000,2204.02000000,4811.45790000,1773856799999999,10610593.31108600,59730,2645.40140000,5835061.84757100,0
1773856800000000,2204.02000000,2220.00000000,2203.27000000,2215.03000000,10786.11700000,1773857699999999,23888089.70769800,141219,6222.71510000,13781490.62462900,0
1773857700000000,2215.03000000,2215.03000000,2192.06000000,2198.00000000,7850.32200000,1773858599999999,17272362.66985200,111466,2989.61090000,6576329.82096500,0
1773858600000000,2198.00000000,2209.22000000,2194.21000000,2200.02000000,5436.94120000,1773859499999999,11971421.67086800,138779,2696.33870000,5938003.33557100,0
1773859500000000,2200.01000000,2200.01000000,2176.00000000,2181.20000000,8814.79510000,1773860399999999,19266737.66672800,113507,3282.24530000,7173937.91778100,0
1773860400000000,2181.20000000,2193.41000000,2179.40000000,2188.62000000,4250.31630000,1773861299999999,9299732.68079800,70573,2337.39170000,5114239.61475900,0
1773861300000000,2188.62000000,2196.57000000,2187.62000000,2193.37000000,3401.60740000,1773862199999999,7458655.50757400,53638,1715.45920000,3762059.62068900,0
1773862200000000,2193.36000000,2196.35000000,2189.11000000,2191.30000000,3308.57520000,1773863099999999,7252612.99287400,52434,1103.59190000,2419001.70540800,0
1773863100000000,2191.30000000,2192.56000000,2178.81000000,2185.85000000,4120.15750000,1773863999999999,9000680.29711800,62006,1325.46840000,2895677.61197200,0
1773864000000000,2185.85000000,2188.40000000,2153.21000000,2171.70000000,19568.40320000,1773864899999999,42397125.36399800,147578,8648.82060000,18726813.15989900,0
1773864900000000,2171.71000000,2178.80000000,2169.41000000,2176.68000000,4449.76960000,1773865799999999,9673164.51447000,64202,2487.61910000,5407696.19651200,0
1773865800000000,2176.68000000,2185.87000000,2176.02000000,2180.98000000,4696.66250000,1773866699999999,10243681.80448900,49028,2906.31530000,6338100.26616300,0
1773866700000000,2180.98000000,2194.78000000,2178.48000000,2187.36000000,5168.52010000,1773867599999999,11304569.86649000,54257,2891.97140000,6323736.30146400,0
1773867600000000,2187.36000000,2195.00000000,2185.66000000,2189.01000000,2700.48380000,1773868499999999,5918685.37950200,35779,1351.00620000,2961077.80433700,0
1773868500000000,2189.00000000,2199.77000000,2188.37000000,2197.35000000,3922.75190000,1773869399999999,8611976.69470100,41489,2399.88670000,5268101.46201100,0
1773869400000000,2197.35000000,2204.34000000,2191.63000000,2201.68000000,3378.29980000,1773870299999999,7429357.37710900,49595,1871.64270000,4116494.89872700,0
1773870300000000,2201.67000000,2206.87000000,2198.47000000,2202.49000000,2997.98290000,1773871199999999,6605054.65459900,45778,1620.61400000,3570399.39117300,0
1773871200000000,2202.50000000,2203.50000000,2187.58000000,2190.26000000,3914.26030000,1773872099999999,8588459.07490100,49119,1241.63240000,2723979.44416300,0
1773872100000000,2190.25000000,2195.89000000,2188.73000000,2193.98000000,2122.29930000,1773872999999999,4654219.78965000,27550,1004.95680000,2203843.46786800,0
1773873000000000,2193.98000000,2194.47000000,2187.62000000,2191.58000000,2102.00770000,1773873899999999,4604298.79948400,24973,872.50450000,1911211.25750800,0
1773873900000000,2191.59000000,2194.42000000,2189.46000000,2194.41000000,1875.29300000,1773874799999999,4110507.28799700,17862,1085.69770000,2379840.24818900,0
1773874800000000,2194.41000000,2199.58000000,2190.62000000,2193.56000000,4275.12510000,1773875699999999,9382972.12186800,35663,2248.52760000,4935562.67940900,0
1773875700000000,2193.55000000,2195.27000000,2188.77000000,2194.96000000,3847.58130000,1773876599999999,8434767.84125600,29477,2433.64760000,5336406.20367100,0
1773876600000000,2194.97000000,2204.65000000,2194.96000000,2202.37000000,4191.39920000,1773877499999999,9227181.48516400,35120,2966.33070000,6529850.83093900,0
1773877500000000,2202.33000000,2206.88000000,2200.32000000,2203.39000000,6068.46100000,1773878399999999,13373614.71221400,46596,4351.06900000,9588807.41189700,0
1773878400000000,2203.39000000,2208.28000000,2194.18000000,2201.38000000,4207.16840000,1773879299999999,9262612.78975100,47293,1925.78680000,4239718.27097500,0
1773879300000000,2201.38000000,2204.28000000,2196.42000000,2203.51000000,2302.72860000,1773880199999999,5064466.64216300,32446,1011.38700000,2224627.46333500,0
1773880200000000,2203.50000000,2204.22000000,2191.35000000,2192.63000000,3165.99690000,1773881099999999,6952355.95395300,38341,1300.23150000,2855595.74749100,0
1773881100000000,2192.62000000,2195.73000000,2190.86000000,2193.34000000,2549.83310000,1773881999999999,5592767.30075700,33049,1100.62720000,2414237.05646900,0
1773882000000000,2193.33000000,2196.99000000,2188.88000000,2191.12000000,2865.22760000,1773882899999999,6283106.17736700,40201,1133.15350000,2485501.10846700,0
1773882900000000,2191.12000000,2194.02000000,2187.24000000,2192.66000000,2261.10620000,1773883799999999,4951858.17498300,33202,771.36060000,1689726.79469100,0
1773883800000000,2192.67000000,2201.42000000,2190.82000000,2199.65000000,2715.45620000,1773884699999999,5966610.29632300,40728,1567.85890000,3444891.78662600,0
1773884700000000,2199.66000000,2201.98000000,2196.74000000,2196.92000000,2221.44210000,1773885599999999,4887273.60940200,29979,1105.28500000,2431926.22877000,0
1773885600000000,2196.93000000,2201.40000000,2188.94000000,2200.03000000,2492.33120000,1773886499999999,5471932.88916900,53853,1596.02900000,3504116.65373200,0
1773886500000000,2200.02000000,2203.69000000,2198.94000000,2202.08000000,802.55020000,1773887399999999,1766347.87515900,31744,431.27250000,949193.04233800,0
1773887400000000,2202.08000000,2205.00000000,2199.53000000,2204.16000000,1219.58350000,1773888299999999,2686989.48535500,21857,591.10660000,1302249.06859600,0
1773888300000000,2204.15000000,2204.27000000,2196.11000000,2196.68000000,1677.74870000,1773889199999999,3689894.31445400,28281,611.74990000,1345369.63511300,0
1773889200000000,2196.69000000,2207.00000000,2196.69000000,2205.38000000,2192.23050000,1773890099999999,4827577.66229100,24890,1330.05930000,2928906.24539500,0
1773890100000000,2205.37000000,2233.72000000,2205.13000000,2228.38000000,14774.55280000,1773890999999999,32817378.44680100,114805,8118.98620000,18037325.10104300,0
1773891000000000,2228.38000000,2229.72000000,2209.44000000,2210.39000000,4490.43680000,1773891899999999,9958779.07521300,64091,1631.51650000,3618424.57642900,0
1773891900000000,2210.39000000,2215.00000000,2206.66000000,2212.29000000,2641.23380000,1773892799999999,5840760.55442000,39849,1294.73430000,2863944.69974600,0
1773892800000000,2212.29000000,2213.11000000,2198.00000000,2201.13000000,4197.74750000,1773893699999999,9252189.05868100,67776,1876.38490000,4135751.27156000,0
1773893700000000,2201.13000000,2202.88000000,2192.69000000,2194.67000000,2412.63520000,1773894599999999,5303092.00435900,50262,1017.03980000,2235582.86653700,0
1773894600000000,2194.67000000,2198.80000000,2190.83000000,2194.52000000,1910.32620000,1773895499999999,4193184.59156600,38644,1056.27730000,2319016.27736500,0
1773895500000000,2194.52000000,2197.60000000,2191.18000000,2193.61000000,1307.55610000,1773896399999999,2869482.79617200,27637,557.87010000,1224544.84708100,0
1773896400000000,2193.62000000,2196.20000000,2190.82000000,2193.46000000,1199.91010000,1773897299999999,2631863.54799300,31209,582.63060000,1277933.18885900,0
1773897300000000,2193.45000000,2198.50000000,2189.55000000,2190.74000000,1159.38130000,1773898199999999,2544225.36887500,26855,452.68020000,993649.99647500,0
1773898200000000,2190.74000000,2194.34000000,2186.67000000,2190.65000000,2526.24290000,1773899099999999,5531300.59233500,41140,1111.78660000,2434655.82483500,0
1773899100000000,2190.66000000,2192.00000000,2187.39000000,2189.14000000,2044.35340000,1773899999999999,4477549.86474200,30923,572.24560000,1253369.15150100,0
1773900000000000,2189.14000000,2193.53000000,2181.80000000,2191.33000000,5961.53390000,1773900899999999,13035695.99620100,51819,2042.63160000,4468370.47180900,0
1773900900000000,2191.32000000,2195.70000000,2187.44000000,2187.44000000,2143.53090000,1773901799999999,4698535.95403200,36014,820.02270000,1797841.92123000,0
1773901800000000,2187.43000000,2188.63000000,2177.79000000,2186.71000000,4008.02170000,1773902699999999,8749721.92469900,64457,1661.98390000,3629128.19989000,0
1773902700000000,2186.71000000,2188.03000000,2178.00000000,2180.64000000,4276.47610000,1773903599999999,9329544.93567400,48310,2029.19930000,4426420.80403600,0
1773903600000000,2180.65000000,2182.00000000,2159.64000000,2160.71000000,11828.05820000,1773904499999999,25682507.10728900,115355,4139.37700000,8991315.77797500,0
1773904500000000,2160.71000000,2163.51000000,2143.14000000,2154.90000000,17025.20430000,1773905399999999,36647697.98466000,163879,6570.15030000,14144359.44917600,0
1773905400000000,2154.90000000,2175.34000000,2154.00000000,2168.07000000,10051.63310000,1773906299999999,21765623.13452100,107986,6432.40800000,13930808.65927000,0
1773906300000000,2168.08000000,2173.69000000,2164.35000000,2166.68000000,7158.67580000,1773907199999999,15521454.93523200,50685,4697.56020000,10185665.51713500,0
1773907200000000,2166.68000000,2170.99000000,2161.35000000,2165.67000000,5037.81030000,1773908099999999,10913091.60136600,53365,2608.34280000,5650261.16119800,0
1773908100000000,2165.67000000,2168.89000000,2158.39000000,2159.56000000,3474.99240000,1773908999999999,7520554.76835000,59895,1740.27750000,3765967.40188400,0
1773909000000000,2159.56000000,2166.98000000,2158.09000000,2160.99000000,3066.65510000,1773909899999999,6627303.67328500,63226,1527.86300000,3301828.34551200,0
1773909900000000,2160.99000000,2165.17000000,2158.67000000,2160.66000000,2555.70410000,1773910799999999,5524740.74577200,43407,1370.84350000,2963749.44989300,0
1773910800000000,2160.65000000,2167.87000000,2159.99000000,2163.95000000,5701.54500000,1773911699999999,12329250.21187200,54602,3565.90050000,7709818.36582300,0
1773911700000000,2163.96000000,2188.32000000,2162.81000000,2179.95000000,22191.52900000,1773912599999999,48383800.60236600,98723,7666.20490000,16703099.98226900,0
1773912600000000,2179.96000000,2186.63000000,2176.42000000,2182.97000000,3203.37950000,1773913499999999,6988172.72426800,70366,2243.19170000,4893547.94651600,0
1773913500000000,2182.97000000,2191.16000000,2181.46000000,2189.42000000,3725.75840000,1773914399999999,8148227.07776100,76757,2230.06360000,4876979.88670800,0
1773914400000000,2189.43000000,2192.07000000,2182.53000000,2184.27000000,2547.16800000,1773915299999999,5569775.11480700,47264,1452.93540000,3177318.11583300,0
1773915300000000,2184.27000000,2186.87000000,2181.82000000,2182.20000000,1715.18040000,1773916199999999,3747358.97600200,30372,921.59770000,2013666.43976100,0
1773916200000000,2182.21000000,2182.64000000,2176.64000000,2178.17000000,2131.54710000,1773917099999999,4644616.68596900,34989,933.22160000,2033514.32153000,0
1773917100000000,2178.17000000,2178.86000000,2172.48000000,2172.76000000,1832.54320000,1773917999999999,3986475.80019900,29925,751.07100000,1633831.81707800,0
1773918000000000,2172.76000000,2176.39000000,2167.56000000,2170.45000000,2827.53130000,1773918899999999,6138645.05115600,34904,1383.25030000,3003469.13113100,0
1773918900000000,2170.45000000,2175.85000000,2168.89000000,2174.75000000,1793.93760000,1773919799999999,3897786.82239500,34123,1206.74920000,2621821.16988000,0
1773919800000000,2174.75000000,2177.58000000,2165.83000000,2167.75000000,2741.65950000,1773920699999999,5950778.28992000,41347,1480.27310000,3213049.65113500,0
1773920700000000,2167.76000000,2169.91000000,2165.88000000,2166.92000000,1239.10460000,1773921599999999,2686079.97739100,31204,655.95420000,1421936.65339900,0
1773921600000000,2166.92000000,2167.48000000,2156.02000000,2162.06000000,5082.10710000,1773922499999999,10981131.63460400,79872,2061.84720000,4455188.65189800,0
1773922500000000,2162.06000000,2162.66000000,2153.58000000,2155.74000000,3035.23080000,1773923399999999,6550482.46188000,45617,1394.28020000,3009522.10654900,0
1773923400000000,2155.75000000,2158.66000000,2153.01000000,2154.22000000,2569.41470000,1773924299999999,5538529.12202200,48813,1306.42330000,2816252.45885600,0
1773924300000000,2154.22000000,2154.22000000,2130.16000000,2132.45000000,14102.90860000,1773925199999999,30160705.86811500,131220,4798.29410000,10260814.52018000,0
1773925200000000,2132.45000000,2136.53000000,2117.36000000,2119.52000000,15265.42520000,1773926099999999,32450797.12113500,154593,6815.59430000,14496130.28704500,0
1773926100000000,2119.52000000,2137.25000000,2118.00000000,2130.13000000,9561.87030000,1773926999999999,20331456.16030500,111937,4562.80750000,9704862.72342500,0
1773927000000000,2130.12000000,2142.31000000,2110.90000000,2138.10000000,24944.81260000,1773927899999999,52949571.61467700,252792,10144.80010000,21546159.67139300,0
1773927900000000,2138.10000000,2143.16000000,2128.02000000,2137.49000000,11438.42950000,1773928799999999,24426303.78690700,155195,5065.25910000,10817392.30553300,0
1773928800000000,2137.50000000,2147.26000000,2125.59000000,2127.15000000,9078.54300000,1773929699999999,19386419.89814000,146249,3664.26510000,7827126.97471400,0
1773929700000000,2127.15000000,2129.06000000,2108.28000000,2109.54000000,12087.63310000,1773930599999999,25617653.72313200,140336,4184.71650000,8870655.79790300,0
1773930600000000,2109.54000000,2117.57000000,2102.16000000,2114.70000000,14184.40110000,1773931499999999,29923456.19794200,149124,6103.37950000,12877631.06957100,0
1773931500000000,2114.69000000,2131.36000000,2110.60000000,2121.68000000,8763.20630000,1773932399999999,18597909.16082500,106486,5019.71170000,10655658.98961000,0
1773932400000000,2121.67000000,2136.79000000,2120.25000000,2128.41000000,8301.10040000,1773933299999999,17659144.11524700,100174,3585.81900000,7630929.63913900,0
1773933300000000,2128.41000000,2135.33000000,2110.86000000,2112.43000000,7661.84900000,1773934199999999,16242938.73494700,107295,3195.81590000,6780195.20742500,0
1773934200000000,2112.43000000,2116.30000000,2104.97000000,2104.99000000,7819.89890000,1773935099999999,16509285.66831200,104419,3040.88210000,6421156.25496100,0
1773935100000000,2104.99000000,2126.97000000,2099.38000000,2118.81000000,11417.49090000,1773935999999999,24111790.19240100,142730,5519.09520000,11670018.73114300,0
1773936000000000,2118.81000000,2121.95000000,2112.95000000,2115.45000000,18948.87580000,1773936899999999,40099317.60494700,97901,13545.52510000,28662276.29576600,0
1773936900000000,2115.44000000,2116.93000000,2106.44000000,2112.85000000,7753.06620000,1773937799999999,16363321.40273200,97632,3308.02630000,6981648.16415800,0
1773937800000000,2112.84000000,2121.92000000,2106.93000000,2116.89000000,3886.37100000,1773938699999999,8219878.66160900,80652,2297.83530000,4860808.14458900,0
1773938700000000,2116.88000000,2117.78000000,2108.44000000,2115.09000000,3699.96290000,1773939599999999,7818843.89528000,58053,1918.26700000,4053426.05008300,0
1773939600000000,2115.08000000,2116.55000000,2104.87000000,2109.42000000,3523.94410000,1773940499999999,7436044.27301300,64730,1257.05850000,2652763.69711100,0
1773940500000000,2109.43000000,2127.62000000,2107.06000000,2125.47000000,5359.05230000,1773941399999999,11364751.54200700,79885,3475.13830000,7370242.45543700,0
1773941400000000,2125.47000000,2128.72000000,2114.09000000,2117.73000000,3212.20030000,1773942299999999,6812127.13608600,58625,1491.62000000,3164083.44957700,0
1773942300000000,2117.73000000,2131.70000000,2116.46000000,2126.96000000,3126.71130000,1773943199999999,6645337.08947200,51974,1971.01050000,4189152.72737300,0
1773943200000000,2126.97000000,2129.48000000,2122.04000000,2125.86000000,1972.01490000,1773944099999999,4190772.28868100,44206,1004.12230000,2133788.43910700,0
1773944100000000,2125.86000000,2127.33000000,2117.96000000,2118.82000000,1811.92470000,1773944999999999,3845510.91203000,33932,737.12020000,1564612.10124000,0
1773945000000000,2118.83000000,2120.20000000,2114.31000000,2116.84000000,1855.25260000,1773945899999999,3927052.80821000,32240,1097.49910000,2323220.53883800,0
1773945900000000,2116.83000000,2126.09000000,2114.53000000,2125.04000000,2263.76390000,1773946799999999,4797887.19927800,40892,1373.42910000,2911321.48465600,0
1773946800000000,2125.04000000,2151.93000000,2125.04000000,2141.87000000,11221.35310000,1773947699999999,24031975.17019400,160050,6562.40460000,14055337.47143000,0
1773947700000000,2141.88000000,2156.92000000,2139.01000000,2145.07000000,9459.92370000,1773948599999999,20331175.29325700,132249,5595.98680000,12029280.89322200,0
1773948600000000,2145.06000000,2147.78000000,2137.93000000,2145.49000000,5371.20490000,1773949499999999,11511976.84792100,85804,2906.62810000,6229443.39666400,0
1773949500000000,2145.48000000,2148.16000000,2138.70000000,2141.19000000,2927.67760000,1773950399999999,6273096.28639000,62433,1514.25640000,3244618.78415300,0
1773950400000000,2141.18000000,2144.83000000,2139.39000000,2144.13000000,1395.76450000,1773951299999999,2989479.51385200,30095,798.22260000,1709819.63116600,0
1773951300000000,2144.13000000,2149.46000000,2139.67000000,2140.69000000,2370.04500000,1773952199999999,5082548.54085300,30366,1175.64870000,2521048.27214200,0
1773952200000000,2140.68000000,2152.80000000,2140.06000000,2147.62000000,2408.05360000,1773953099999999,5171665.44873200,30539,1480.02600000,3178499.22729000,0
1773953100000000,2147.61000000,2148.79000000,2143.34000000,2146.35000000,1879.61990000,1773953999999999,4033082.53180400,23812,863.40530000,1852718.36661500,0
1773954000000000,2146.35000000,2155.62000000,2145.72000000,2153.79000000,3272.88390000,1773954899999999,7041497.46441400,38834,1828.78650000,3934539.32008300,0
1773954900000000,2153.78000000,2153.78000000,2145.38000000,2148.72000000,2238.74770000,1773955799999999,4811978.64106400,26637,910.94530000,1957967.69182600,0
1773955800000000,2148.72000000,2150.89000000,2146.04000000,2148.84000000,1772.90060000,1773956699999999,3809841.00840200,23241,951.08630000,2043652.53681700,0
1773956700000000,2148.85000000,2153.68000000,2145.16000000,2149.95000000,2410.38610000,1773957599999999,5181782.81033700,34356,1563.50930000,3361283.59934500,0
1773957600000000,2149.95000000,2151.84000000,2143.51000000,2150.35000000,2776.08000000,1773958499999999,5964327.30289400,42749,1680.50310000,3610370.60049900,0
1773958500000000,2150.35000000,2152.36000000,2147.11000000,2149.73000000,1366.73560000,1773959399999999,2938660.20780700,26127,693.45940000,1490872.28172000,0
1773959400000000,2149.73000000,2150.76000000,2133.08000000,2138.80000000,6083.03640000,1773960299999999,13019367.09109200,67153,2892.42910000,6190142.97727000,0
1773960300000000,2138.80000000,2142.13000000,2135.51000000,2140.08000000,2005.10210000,1773961199999999,4288794.79474400,28690,974.33290000,2084052.02771000,0
1773961200000000,2140.08000000,2147.48000000,2140.08000000,2146.17000000,2430.62890000,1773962099999999,5214222.23540900,39843,1332.89220000,2859206.09822800,0
1773962100000000,2146.17000000,2146.17000000,2136.42000000,2142.60000000,2773.47140000,1773962999999999,5937519.01694700,35421,1305.60690000,2794958.67078100,0
1773963000000000,2142.60000000,2144.51000000,2130.57000000,2134.43000000,4192.40640000,1773963899999999,8950961.70635500,48138,2343.93330000,5003443.72992500,0
1773963900000000,2134.43000000,2139.53000000,2133.41000000,2137.81000000,2131.23730000,1773964799999999,4553650.30384600,26020,1290.34060000,2756942.08679500,0
1773964800000000,2137.82000000,2146.16000000,2134.72000000,2144.44000000,2285.48490000,1773965699999999,4891863.29441800,43069,1394.28610000,2984567.09497000,0
1773965700000000,2144.45000000,2148.37000000,2138.48000000,2142.89000000,2497.76100000,1773966599999999,5355020.35336400,46235,1622.32620000,3478274.15133700,0
1773966600000000,2142.89000000,2149.00000000,2141.51000000,2145.99000000,2513.77680000,1773967499999999,5394356.47384000,40675,1694.74340000,3636764.46613700,0
1773967500000000,2146.00000000,2148.25000000,2142.79000000,2145.60000000,2180.49710000,1773968399999999,4678157.44731400,32698,1247.77520000,2677200.92634200,0
1773968400000000,2145.61000000,2154.00000000,2145.10000000,2152.01000000,3604.03050000,1773969299999999,7751149.68958200,58832,2491.14170000,5357404.36619600,0
1773969300000000,2152.01000000,2153.12000000,2147.25000000,2149.69000000,2557.66260000,1773970199999999,5499439.99495900,35267,1293.33840000,2780745.16263800,0
1773970200000000,2149.70000000,2160.78000000,2149.70000000,2159.07000000,6494.92560000,1773971099999999,14010651.75349300,53652,4483.92460000,9672020.68709800,0
1773971100000000,2159.07000000,2160.55000000,2150.84000000,2150.88000000,2568.08950000,1773971999999999,5539001.43639200,31110,1557.95440000,3360805.59997600,0
1773972000000000,2150.89000000,2151.77000000,2145.36000000,2145.70000000,2161.74640000,1773972899999999,4644109.54025300,38096,996.62780000,2141139.18595800,0
1773972900000000,2145.70000000,2145.73000000,2137.10000000,2139.09000000,2724.54550000,1773973799999999,5834069.26618900,40394,1169.54020000,2503782.34489800,0
1773973800000000,2139.09000000,2144.12000000,2132.69000000,2143.06000000,3112.62290000,1773974699999999,6653698.62986000,37656,1702.12600000,3640404.83298400,0
1773974700000000,2143.06000000,2149.50000000,2139.93000000,2144.44000000,4248.18400000,1773975599999999,9102726.60893600,32540,1623.11240000,3477472.76011200,0
1773975600000000,2144.45000000,2148.75000000,2143.61000000,2145.50000000,1240.40400000,1773976499999999,2661821.51198000,27591,632.84010000,1357987.02025700,0
1773976500000000,2145.49000000,2152.89000000,2145.02000000,2152.89000000,1560.32660000,1773977399999999,3353821.87219100,33948,983.63060000,2114413.90471400,0
1773977400000000,2152.89000000,2157.08000000,2148.15000000,2148.79000000,2472.82500000,1773978299999999,5324059.01860000,42442,1004.23950000,2162284.48895200,0
1773978300000000,2148.79000000,2154.35000000,2147.27000000,2151.38000000,2271.87790000,1773979199999999,4888908.24126500,26804,1252.77560000,2695912.03758300,0
1773979200000000,2151.38000000,2159.24000000,2149.72000000,2157.18000000,3004.00140000,1773980099999999,6478197.38386400,33474,1175.95000000,2535619.33680600,0
1773980100000000,2157.18000000,2157.19000000,2151.70000000,2154.50000000,1805.43910000,1773980999999999,3889558.01921300,24585,1039.64920000,2239640.44277600,0
1773981000000000,2154.50000000,2154.76000000,2139.18000000,2140.59000000,3998.89240000,1773981899999999,8572818.75900000,48767,1298.10580000,2783124.34019000,0
1773981900000000,2140.60000000,2149.07000000,2139.92000000,2148.38000000,1874.83100000,1773982799999999,4021137.73426100,26257,1494.86580000,3206229.31604300,0
1773982800000000,2148.39000000,2151.92000000,2145.44000000,2151.01000000,2197.12410000,1773983699999999,4721097.38414400,34213,1406.08550000,3021577.68024600,0
1773983700000000,2151.01000000,2151.72000000,2142.45000000,2143.31000000,1372.91180000,1773984599999999,2948497.69066300,25976,594.03350000,1276254.02534100,0
1773984600000000,2143.31000000,2145.82000000,2137.73000000,2144.79000000,2210.58320000,1773985499999999,4733805.78290800,37594,1091.02110000,2336549.48363300,0
1773985500000000,2144.78000000,2145.95000000,2138.40000000,2140.37000000,916.32910000,1773986399999999,1962720.09120500,21623,446.74460000,956918.42463700,0
1773986400000000,2140.38000000,2141.78000000,2136.50000000,2139.08000000,1974.48460000,1773987299999999,4222959.91681000,32731,962.14670000,2057825.50616700,0
1773987300000000,2139.08000000,2139.08000000,2133.50000000,2138.30000000,1994.67140000,1773988199999999,4260629.11631000,33622,1022.83100000,2184783.14937000,0
1773988200000000,2138.30000000,2140.42000000,2132.06000000,2136.84000000,2117.92610000,1773989099999999,4524593.70358300,34430,1149.67600000,2456371.27707100,0
1773989100000000,2136.84000000,2139.90000000,2135.68000000,2136.61000000,1854.27290000,1773989999999999,3963369.45140400,25136,1030.55440000,2202836.03106000,0
1773990000000000,2136.61000000,2136.61000000,2121.25000000,2128.56000000,7055.59330000,1773990899999999,15009116.82672000,72795,3635.81700000,7734816.06196800,0
1773990900000000,2128.56000000,2142.52000000,2128.13000000,2138.61000000,2163.43570000,1773991799999999,4622249.36213400,44535,1408.16810000,3009242.35108400,0
1773991800000000,2138.62000000,2152.85000000,2136.58000000,2152.81000000,4883.57700000,1773992699999999,10484067.67740400,54721,3254.29230000,6985907.49990000,0
1773992700000000,2152.80000000,2153.40000000,2148.92000000,2150.54000000,3855.87640000,1773993599999999,8293492.71674900,24009,1994.71990000,4290504.31707300,0
1773993600000000,2150.53000000,2176.84000000,2146.71000000,2170.80000000,9562.64950000,1773994499999999,20708774.88809700,100726,6053.58530000,13111836.94135900,0
1773994500000000,2170.79000000,2171.07000000,2162.79000000,2165.27000000,6303.93610000,1773995399999999,13661489.78103900,76785,3821.58890000,8282261.63431600,0
1773995400000000,2165.27000000,2167.76000000,2161.05000000,2164.40000000,3042.45710000,1773996299999999,6585371.96711100,53402,1826.96240000,3954598.86263500,0
1773996300000000,2164.39000000,2166.33000000,2160.62000000,2164.20000000,2679.21940000,1773997199999999,5797901.03418900,44143,1646.53360000,3563398.84889900,0
1773997200000000,2164.19000000,2164.19000000,2154.67000000,2154.68000000,4616.95910000,1773998099999999,9963208.70250200,52106,2454.36450000,5295936.23146500,0
1773998100000000,2154.69000000,2155.78000000,2139.17000000,2142.44000000,5736.51290000,1773998999999999,12312366.66514700,82341,2673.81300000,5738053.19890200,0
1773999000000000,2142.44000000,2148.59000000,2142.44000000,2145.73000000,2511.54450000,1773999899999999,5389374.31467800,51373,1338.90140000,2872964.45877700,0
1773999900000000,2145.73000000,2146.18000000,2134.95000000,2141.21000000,3509.61200000,1774000799999999,7509903.19379700,61323,1727.39340000,3696249.04284100,0
1774000800000000,2141.21000000,2141.51000000,2132.44000000,2135.32000000,2962.68860000,1774001699999999,6328306.78041900,53608,1186.33530000,2534205.05823700,0
1774001700000000,2135.31000000,2138.50000000,2131.56000000,2135.79000000,2664.57820000,1774002599999999,5688439.92320000,42606,1264.41200000,2699188.95622800,0
1774002600000000,2135.79000000,2151.27000000,2135.62000000,2147.67000000,3162.02160000,1774003499999999,6777191.58657100,42042,2163.99050000,4638179.68368700,0
1774003500000000,2147.67000000,2150.45000000,2146.61000000,2148.38000000,1522.61630000,1774004399999999,3271685.77096600,27983,523.42130000,1124688.36924400,0
1774004400000000,2148.38000000,2158.69000000,2146.96000000,2158.04000000,4893.36560000,1774005299999999,10533298.70534700,44771,2265.90630000,4878974.43607400,0
1774005300000000,2158.04000000,2158.04000000,2148.84000000,2150.00000000,2928.81380000,1774006199999999,6304470.82215800,33628,1153.03730000,2482077.55884700,0
1774006200000000,2150.00000000,2150.33000000,2135.00000000,2139.35000000,4075.88540000,1774007099999999,8729964.20823000,48975,1514.06000000,3242260.46496700,0
1774007100000000,2139.34000000,2142.60000000,2136.86000000,2141.50000000,1517.54480000,1774007999999999,3246522.78352700,26333,895.66880000,1916240.08713500,0
1774008000000000,2141.49000000,2152.74000000,2140.13000000,2145.86000000,3673.03240000,1774008899999999,7888651.63115200,53911,2155.98380000,4630153.33132000,0
1774008900000000,2145.87000000,2148.52000000,2139.74000000,2142.37000000,1473.70910000,1774009799999999,3159509.57231900,38955,524.08340000,1123756.43447700,0
1774009800000000,2142.37000000,2142.64000000,2135.37000000,2139.06000000,2381.48110000,1774010699999999,5092926.37925400,45156,1163.61550000,2488260.48593700,0
1774010700000000,2139.06000000,2142.30000000,2136.76000000,2141.13000000,1182.91970000,1774011599999999,2530993.34255000,26181,772.89580000,1653711.39475000,0
1774011600000000,2141.13000000,2145.20000000,2135.52000000,2138.88000000,2127.13570000,1774012499999999,4552498.64607400,46183,1135.10260000,2429661.58023000,0
1774012500000000,2138.88000000,2152.64000000,2138.09000000,2146.80000000,2596.54800000,1774013399999999,5574696.68308300,49095,1770.01920000,3800379.46719500,0
1774013400000000,2146.80000000,2146.80000000,2123.18000000,2141.09000000,8557.58230000,1774014299999999,18255069.96538100,175883,4097.00700000,8740164.84946900,0
1774014300000000,2141.08000000,2143.28000000,2124.86000000,2127.39000000,5523.26360000,1774015199999999,11783756.12727800,120777,2795.27190000,5963220.79821600,0
1774015200000000,2127.39000000,2135.51000000,2116.88000000,2124.88000000,8721.32840000,1774016099999999,18542620.73702100,155073,4423.50450000,9410874.49754400,0
1774016100000000,2124.88000000,2141.65000000,2119.50000000,2135.52000000,8707.37580000,1774016999999999,18542913.38192200,131442,5261.02560000,11202550.16564100,0
1774017000000000,2135.52000000,2147.74000000,2134.98000000,2136.22000000,5158.79130000,1774017899999999,11051552.80389200,113637,2961.86890000,6346128.39920800,0
1774017900000000,2136.22000000,2139.69000000,2126.08000000,2129.30000000,3097.13360000,1774018799999999,6600019.46849400,74797,1589.83380000,3388585.93324700,0
1774018800000000,2129.30000000,2134.96000000,2120.33000000,2130.31000000,4563.04960000,1774019699999999,9702998.95213500,85895,2165.80100000,4607434.38224600,0
1774019700000000,2130.31000000,2138.78000000,2122.16000000,2130.36000000,5957.89360000,1774020599999999,12690895.34652400,88558,3146.12120000,6701396.80849800,0
1774020600000000,2130.35000000,2135.46000000,2127.19000000,2132.28000000,2758.16780000,1774021499999999,5880041.60717100,64152,1712.90100000,3651691.43720000,0
1774021500000000,2132.27000000,2137.14000000,2129.29000000,2134.01000000,2003.88300000,1774022399999999,4275740.06182200,50858,1266.48420000,2702318.95444700,0
1774022400000000,2134.00000000,2142.45000000,2133.65000000,2139.33000000,3623.55020000,1774023299999999,7748063.53838100,55236,2384.65310000,5098697.22155900,0
1774023300000000,2139.33000000,2144.76000000,2135.62000000,2140.23000000,3069.61300000,1774024199999999,6569609.79466700,55594,1696.46710000,3630809.54921400,0
1774024200000000,2140.23000000,2140.35000000,2130.61000000,2135.02000000,2098.00850000,1774025099999999,4478940.56015700,50814,1229.90140000,2625491.88629800,0
1774025100000000,2135.01000000,2140.42000000,2130.58000000,2137.31000000,1724.02210000,1774025999999999,3682780.76767000,40606,931.48660000,1989966.32742400,0
1774026000000000,2137.32000000,2141.16000000,2131.53000000,2133.15000000,2401.42830000,1774026899999999,5130589.94513400,51522,1106.34450000,2363675.28037100,0
1774026900000000,2133.15000000,2135.77000000,2130.64000000,2130.92000000,1380.90480000,1774027799999999,2945466.43945700,35963,693.29340000,1478944.55327900,0
1774027800000000,2130.91000000,2132.07000000,2119.72000000,2124.78000000,3753.47010000,1774028699999999,7977925.74355100,62979,1443.99270000,3070594.67455400,0
1774028700000000,2124.78000000,2140.00000000,2123.81000000,2136.69000000,2368.14190000,1774029599999999,5047716.93789700,34698,1422.50100000,3032493.10409200,0
1774029600000000,2136.70000000,2137.67000000,2132.59000000,2135.30000000,1874.72600000,1774030499999999,4003214.59230200,27795,871.25760000,1860397.42496100,0
1774030500000000,2135.29000000,2136.11000000,2124.18000000,2125.56000000,1788.78510000,1774031399999999,3808178.25510300,38125,646.64470000,1376439.53367300,0
1774031400000000,2125.56000000,2127.11000000,2117.41000000,2123.54000000,4518.89520000,1774032299999999,9589870.80821900,57159,2268.21000000,4814024.02240800,0
1774032300000000,2123.54000000,2129.00000000,2120.17000000,2123.29000000,4107.26560000,1774033199999999,8726462.75209900,56500,2135.90810000,4537953.32504100,0
1774033200000000,2123.29000000,2128.06000000,2120.74000000,2125.97000000,2840.71700000,1774034099999999,6035064.01495700,47525,1426.12290000,3029707.92089400,0
1774034100000000,2125.96000000,2128.20000000,2122.11000000,2125.12000000,2474.08720000,1774034999999999,5258451.63687000,39708,1371.45240000,2915126.83947700,0
1774035000000000,2125.12000000,2129.74000000,2117.50000000,2129.51000000,3745.12910000,1774035899999999,7951712.07066300,49933,1894.15780000,4021448.57787700,0
1774035900000000,2129.51000000,2134.97000000,2124.00000000,2132.91000000,3240.99790000,1774036799999999,6902572.36565000,50184,1792.69550000,3818227.08222800,0
1774036800000000,2132.91000000,2137.00000000,2131.38000000,2135.16000000,1834.18000000,1774037699999999,3914774.72420600,31394,977.46580000,2086394.90133300,0
1774037700000000,2135.17000000,2135.17000000,2129.38000000,2130.95000000,1124.34060000,1774038599999999,2396112.23374300,18795,605.99790000,1291250.53968700,0
1774038600000000,2130.94000000,2131.11000000,2123.96000000,2128.68000000,1664.15990000,1774039499999999,3539397.74921000,26590,923.22330000,1963494.57911300,0
1774039500000000,2128.67000000,2135.51000000,2127.33000000,2133.25000000,1598.70670000,1774040399999999,3409073.90243700,24286,1115.22430000,2378542.48212500,0
1774040400000000,2133.25000000,2134.90000000,2130.83000000,2134.22000000,1602.30330000,1774041299999999,3417678.60207100,18161,1112.41200000,2372690.86028400,0
1774041300000000,2134.21000000,2153.31000000,2133.99000000,2151.93000000,6624.81940000,1774042199999999,14219431.13814000,53363,4183.93580000,8978092.48140600,0
1774042200000000,2151.93000000,2157.25000000,2142.70000000,2144.67000000,4403.61980000,1774043099999999,9472055.24743200,47702,2241.87780000,4823357.82378000,0
1774043100000000,2144.67000000,2149.68000000,2144.42000000,2147.53000000,1330.65940000,1774043999999999,2857180.22109800,32071,709.43310000,1523088.59340800,0
1774044000000000,2147.53000000,2168.00000000,2147.53000000,2160.46000000,6575.95460000,1774044899999999,14213316.89461200,69316,4275.23140000,9238135.65409500,0
1774044900000000,2160.47000000,2162.79000000,2156.13000000,2156.62000000,1453.86830000,1774045799999999,3138179.95640600,23490,685.83580000,1480469.40787000,0
1774045800000000,2156.63000000,2157.94000000,2153.72000000,2154.38000000,1559.11200000,1774046699999999,3360725.03260100,22620,730.25290000,1574159.71851900,0
1774046700000000,2154.37000000,2160.00000000,2152.47000000,2154.71000000,2657.10830000,1774047599999999,5732279.32526800,24922,1345.51340000,2902908.70873000,0
1774047600000000,2154.70000000,2155.72000000,2145.23000000,2145.38000000,2162.05350000,1774048499999999,4647836.04462500,32853,866.12320000,1861805.65395900,0
1774048500000000,2145.38000000,2148.99000000,2143.16000000,2146.84000000,1357.97860000,1774049399999999,2914664.89285300,26501,714.42930000,1533526.73262400,0
1774049400000000,2146.85000000,2148.52000000,2145.49000000,2146.49000000,680.27020000,1774050299999999,1460557.97492500,15848,438.09930000,940605.77171000,0
1774050300000000,2146.49000000,2148.54000000,2145.09000000,2146.22000000,568.89150000,1774051199999999,1221321.38619200,14944,353.46340000,758884.33816200,0
1774051200000000,2146.21000000,2149.52000000,2144.24000000,2146.60000000,1721.90030000,1774052099999999,3696391.89361100,20579,609.26000000,1307766.75600700,0
1774052100000000,2146.60000000,2156.77000000,2146.03000000,2150.61000000,2960.89550000,1774052999999999,6372239.92628000,36797,1985.18620000,4272446.99686800,0
1774053000000000,2150.61000000,2153.74000000,2148.89000000,2150.23000000,1208.48960000,1774053899999999,2599908.70095800,18804,763.79800000,1643118.99731900,0
1774053900000000,2150.23000000,2153.73000000,2149.35000000,2153.30000000,651.02740000,1774054799999999,1400760.41102700,13542,367.57280000,790874.61774200,0
1774054800000000,2153.30000000,2159.87000000,2151.78000000,2155.26000000,1443.67240000,1774055699999999,3112671.25120200,23401,837.25810000,1805480.60259200,0
1774055700000000,2155.26000000,2155.80000000,2151.44000000,2153.64000000,925.94600000,1774056599999999,1994441.92231400,13508,359.90680000,775168.94509400,0
1774056600000000,2153.65000000,2153.65000000,2149.09000000,2149.30000000,1273.42330000,1774057499999999,2739484.88782200,17270,499.17590000,1073944.49866100,0
1774057500000000,2149.35000000,2150.88000000,2147.35000000,2147.55000000,651.02970000,1774058399999999,1398801.74268200,14627,223.29890000,479768.63355800,0
1774058400000000,2147.54000000,2150.25000000,2146.35000000,2148.12000000,761.73390000,1774059299999999,1636205.81421800,15502,268.52410000,576821.42980200,0
1774059300000000,2148.12000000,2153.09000000,2148.12000000,2151.91000000,854.95970000,1774060199999999,1838644.34019600,13297,387.48530000,833423.58421600,0
1774060200000000,2151.90000000,2154.45000000,2149.78000000,2154.00000000,587.06040000,1774061099999999,1263378.43180000,13295,314.44580000,676753.10268900,0
1774061100000000,2154.00000000,2156.32000000,2152.92000000,2154.90000000,425.01410000,1774061999999999,915700.10126500,12455,232.08930000,500038.49609700,0
1774062000000000,2154.89000000,2155.95000000,2152.74000000,2153.76000000,492.69440000,1774062899999999,1061350.14182400,11899,200.29800000,431521.52777200,0
1774062900000000,2153.76000000,2154.18000000,2152.16000000,2153.42000000,631.96760000,1774063799999999,1360598.98352300,8175,368.27510000,792877.77484900,0
1774063800000000,2153.42000000,2153.42000000,2150.99000000,2152.44000000,554.24920000,1774064699999999,1192828.23777100,7402,251.65540000,541630.47109500,0
1774064700000000,2152.43000000,2154.38000000,2152.09000000,2153.60000000,572.67500000,1774065599999999,1232999.44147600,9297,256.50210000,552241.79120100,0
1774065600000000,2153.59000000,2158.19000000,2153.30000000,2155.54000000,1320.87420000,1774066499999999,2847287.78736700,17523,650.55110000,1402458.95719200,0
1774066500000000,2155.54000000,2157.65000000,2154.57000000,2156.37000000,1200.22750000,1774067399999999,2588118.00989700,11790,759.75040000,1638603.61447700,0
1774067400000000,2156.37000000,2156.37000000,2150.36000000,2152.10000000,1106.06990000,1774068299999999,2380703.62581400,13511,350.79410000,754820.97930000,0
1774068300000000,2152.10000000,2152.73000000,2151.61000000,2151.75000000,448.24250000,1774069199999999,964677.76489100,7010,153.11220000,329502.74803200,0
1774069200000000,2151.76000000,2160.00000000,2151.75000000,2153.46000000,4303.57170000,1774070099999999,9276022.52936000,10978,2726.76150000,5877819.39077900,0
1774070100000000,2153.46000000,2156.51000000,2153.45000000,2155.95000000,889.12140000,1774070999999999,1916274.06018400,13327,578.26720000,1246233.91137300,0
1774071000000000,2155.95000000,2157.99000000,2153.97000000,2155.11000000,773.68110000,1774071899999999,1667626.61292500,11239,446.30970000,962018.84957000,0
1774071900000000,2155.12000000,2155.40000000,2152.57000000,2153.39000000,698.88190000,1774072799999999,1505594.23294400,7776,252.89820000,544805.13484800,0
1774072800000000,2153.39000000,2154.13000000,2152.47000000,2152.69000000,462.91910000,1774073699999999,996756.30474100,9027,312.75220000,673419.99753800,0
1774073700000000,2152.68000000,2155.00000000,2152.28000000,2154.79000000,641.01730000,1774074599999999,1380600.77489700,10615,367.88600000,792322.94739100,0
1774074600000000,2154.79000000,2156.49000000,2154.45000000,2155.56000000,703.68270000,1774075499999999,1516600.78975600,8228,447.36510000,964169.66612400,0
1774075500000000,2155.55000000,2155.81000000,2154.26000000,2155.80000000,404.08740000,1774076399999999,870830.59387600,7145,199.82100000,430631.93248800,0
1774076400000000,2155.81000000,2156.36000000,2155.05000000,2155.83000000,565.52930000,1774077299999999,1219098.97373900,6096,226.58170000,488455.49813400,0
1774077300000000,2155.83000000,2161.34000000,2155.54000000,2159.99000000,1252.00760000,1774078199999999,2702775.62094900,16655,830.92460000,1793693.35907900,0
1774078200000000,2160.00000000,2160.00000000,2156.77000000,2157.62000000,926.15730000,1774079099999999,1998860.42882700,10888,414.55170000,894736.64635800,0
1774079100000000,2157.62000000,2157.62000000,2153.72000000,2155.67000000,798.11220000,1774079999999999,1720410.71107300,6560,314.57590000,678084.39562700,0
1774080000000000,2155.67000000,2157.22000000,2154.67000000,2156.15000000,1008.47050000,1774080899999999,2174286.41858600,8984,524.40520000,1130662.89506800,0
1774080900000000,2156.14000000,2156.36000000,2150.01000000,2150.36000000,1187.04960000,1774081799999999,2555048.80803300,16139,317.19110000,682824.60841900,0
1774081800000000,2150.36000000,2154.17000000,2149.57000000,2153.70000000,1065.77040000,1774082699999999,2292956.78775400,12543,506.87010000,1090499.98341900,0
1774082700000000,2153.71000000,2154.86000000,2152.63000000,2154.00000000,310.20890000,1774083599999999,668123.21872900,6598,84.27700000,181493.81312800,0
1774083600000000,2153.99000000,2158.50000000,2153.80000000,2157.62000000,1292.46540000,1774084499999999,2787578.78551500,14980,585.29210000,1262233.68888200,0
1774084500000000,2157.62000000,2157.62000000,2155.01000000,2155.13000000,1197.78640000,1774085399999999,2582218.75848800,9630,704.78810000,1519242.61453200,0
1774085400000000,2155.13000000,2159.00000000,2155.12000000,2157.97000000,1362.90550000,1774086299999999,2939887.40810300,10392,961.69090000,2074280.77152300,0
1774086300000000,2157.98000000,2159.00000000,2157.44000000,2158.77000000,705.47950000,1774087199999999,1522740.62586400,10046,389.27430000,840224.25856800,0
1774087200000000,2158.77000000,2159.52000000,2155.68000000,2156.08000000,872.13980000,1774088099999999,1881604.06282800,10362,410.16740000,884923.26054700,0
1774088100000000,2156.09000000,2156.22000000,2153.94000000,2155.12000000,656.27520000,1774088999999999,1414204.57251800,7455,390.90070000,842357.21974200,0
1774089000000000,2155.11000000,2156.95000000,2154.68000000,2155.24000000,384.80740000,1774089899999999,829587.62533800,6281,222.78050000,480271.91555500,0
1774089900000000,2155.24000000,2155.24000000,2153.05000000,2154.34000000,366.11020000,1774090799999999,788529.52059300,8343,162.98250000,351006.48314300,0
1774090800000000,2154.34000000,2154.57000000,2153.05000000,2153.06000000,264.77500000,1774091699999999,570261.63892900,4991,117.24960000,252532.99470900,0
1774091700000000,2153.05000000,2156.27000000,2153.00000000,2155.31000000,484.88060000,1774092599999999,1044825.30453500,6512,235.69770000,507780.92851600,0
1774092600000000,2155.30000000,2157.01000000,2154.16000000,2156.92000000,336.90950000,1774093499999999,726406.89863100,5553,175.69500000,378828.34186800,0
1774093500000000,2156.92000000,2157.91000000,2155.99000000,2157.37000000,544.10000000,1774094399999999,1173510.20274900,6538,265.52390000,572679.57589700,0
1774094400000000,2157.37000000,2159.46000000,2157.37000000,2158.91000000,709.42760000,1774095299999999,1531459.71794600,7944,490.81330000,1059530.52744500,0
1774095300000000,2158.91000000,2160.62000000,2157.40000000,2159.51000000,974.09210000,1774096199999999,2103587.48616100,9973,713.75890000,1541501.29094100,0
1774096200000000,2159.51000000,2159.52000000,2157.27000000,2158.39000000,401.85500000,1774097099999999,867305.43579800,5916,237.16770000,511842.48727400,0
1774097100000000,2158.39000000,2158.85000000,2156.76000000,2157.98000000,482.34690000,1774097999999999,1040826.84058300,6895,184.63290000,398388.65241300,0
1774098000000000,2157.98000000,2158.16000000,2156.78000000,2157.30000000,451.90400000,1774098899999999,974985.89070700,6772,165.06280000,356100.62692800,0
1774098900000000,2157.29000000,2159.79000000,2155.55000000,2156.04000000,574.85150000,1774099799999999,1240102.99940900,9913,297.10090000,640895.62878800,0
1774099800000000,2156.04000000,2157.66000000,2155.01000000,2155.30000000,581.43690000,1774100699999999,1253432.20035400,9907,340.59670000,734181.81082600,0
1774100700000000,2155.31000000,2156.38000000,2155.00000000,2155.86000000,245.49430000,1774101599999999,529228.89769600,6478,113.97170000,245686.71660600,0
1774101600000000,2155.86000000,2168.27000000,2155.79000000,2165.01000000,3059.21640000,1774102499999999,6617853.46038900,26466,2292.27220000,4958457.07111200,0
1774102500000000,2165.00000000,2166.62000000,2160.89000000,2161.87000000,1710.92020000,1774103399999999,3700334.71878700,19757,688.71060000,1489697.07696200,0
1774103400000000,2161.87000000,2165.20000000,2160.69000000,2161.10000000,1190.05290000,1774104299999999,2572895.83609200,14263,442.29740000,956426.81825300,0
1774104300000000,2161.10000000,2161.10000000,2150.61000000,2152.13000000,2258.04510000,1774105199999999,4866068.83231500,26260,814.68250000,1754728.47646100,0
1774105200000000,2152.13000000,2154.17000000,2150.93000000,2153.82000000,1541.74520000,1774106099999999,3318635.94202900,17328,989.23550000,2129101.11618700,0
1774106100000000,2153.82000000,2154.31000000,2146.45000000,2152.67000000,3598.47220000,1774106999999999,7737092.73723000,28265,1388.68570000,2985901.75342600,0
1774107000000000,2152.67000000,2157.58000000,2152.39000000,2154.10000000,1532.30990000,1774107899999999,3301957.23162800,17164,904.75880000,1949712.11588400,0
1774107900000000,2154.09000000,2155.91000000,2153.74000000,2155.12000000,638.98320000,1774108799999999,1376955.20101600,11822,364.29140000,784983.71859700,0
1774108800000000,2155.13000000,2155.58000000,2151.56000000,2152.24000000,1611.06520000,1774109699999999,3469673.83487300,15886,460.39060000,991599.56343100,0
1774109700000000,2152.25000000,2154.40000000,2146.61000000,2148.73000000,1430.45070000,1774110599999999,3075893.77785000,17867,442.36190000,951177.29138900,0
1774110600000000,2148.73000000,2150.95000000,2147.41000000,2148.42000000,809.32280000,1774111499999999,1739317.53235600,14338,386.37290000,830418.34876000,0
1774111500000000,2148.41000000,2150.85000000,2144.67000000,2146.65000000,1160.97010000,1774112399999999,2492479.22889400,15587,487.33160000,1046402.74654900,0
1774112400000000,2146.64000000,2148.63000000,2142.01000000,2144.98000000,1245.17430000,1774113299999999,2671406.59987000,15214,530.97710000,1139370.81730100,0
1774113300000000,2144.97000000,2148.54000000,2143.99000000,2147.65000000,943.91340000,1774114199999999,2026094.60921100,11722,540.12210000,1159622.61343300,0
1774114200000000,2147.65000000,2150.40000000,2147.65000000,2149.74000000,628.11410000,1774115099999999,1350054.60254400,8078,446.09920000,958830.81284100,0
1774115100000000,2149.73000000,2150.61000000,2147.16000000,2148.56000000,405.14720000,1774115999999999,870620.01392000,6313,230.86450000,496069.25655800,0
1774116000000000,2148.56000000,2150.09000000,2147.79000000,2150.08000000,743.22210000,1774116899999999,1597131.89148300,8252,452.11620000,971553.09624400,0
1774116900000000,2150.09000000,2153.05000000,2149.69000000,2151.56000000,840.84910000,1774117799999999,1809073.39015900,9773,538.97360000,1159590.89881200,0
1774117800000000,2151.55000000,2155.64000000,2151.55000000,2155.03000000,760.41220000,1774118699999999,1637963.96623800,8826,455.79030000,981889.07408800,0
1774118700000000,2155.04000000,2155.04000000,2150.43000000,2151.46000000,402.78640000,1774119599999999,867061.34548500,7261,138.32230000,297709.02828500,0
1774119600000000,2151.47000000,2152.68000000,2151.21000000,2152.16000000,686.22570000,1774120499999999,1477051.40659100,6351,510.07190000,1097921.20216200,0
1774120500000000,2152.17000000,2153.03000000,2150.89000000,2152.48000000,1374.25140000,1774121399999999,2958207.96755200,5252,1205.03740000,2594003.58208400,0
1774121400000000,2152.47000000,2152.48000000,2149.06000000,2150.14000000,533.83710000,1774122299999999,1147819.45148000,8422,145.18400000,312186.60283200,0
1774122300000000,2150.14000000,2152.73000000,2150.13000000,2152.16000000,389.89900000,1774123199999999,838771.22736900,5306,259.30060000,557805.19821200,0
1774123200000000,2152.17000000,2153.23000000,2150.74000000,2152.59000000,239.30060000,1774124099999999,514983.47705000,7029,105.66530000,227389.77861400,0
1774124100000000,2152.60000000,2154.98000000,2150.41000000,2153.89000000,653.36240000,1774124999999999,1406503.88713800,7546,444.18380000,956285.89247900,0
1774125000000000,2153.89000000,2156.50000000,2153.49000000,2155.36000000,1312.35810000,1774125899999999,2828148.41767600,10031,739.59280000,1593880.04754300,0
1774125900000000,2155.36000000,2156.59000000,2154.74000000,2155.67000000,497.11250000,1774126799999999,1071689.01154900,7276,230.73580000,497438.78202100,0
1774126800000000,2155.67000000,2157.00000000,2153.52000000,2154.33000000,639.98190000,1774127699999999,1379364.51681500,9069,238.48470000,514066.32693900,0
1774127700000000,2154.33000000,2155.17000000,2153.35000000,2154.23000000,319.56130000,1774128599999999,688476.17857600,4872,118.66880000,255658.52680900,0
1774128600000000,2154.23000000,2156.22000000,2153.47000000,2155.13000000,508.70020000,1774129499999999,1096292.11557500,5413,149.12520000,321399.09262200,0
1774129500000000,2155.12000000,2156.00000000,2152.21000000,2153.70000000,1415.37750000,1774130399999999,3047622.81102100,9641,822.31410000,1770590.16963500,0
1774130400000000,2153.69000000,2153.69000000,2150.05000000,2152.37000000,1082.63190000,1774131299999999,2329077.89449000,12311,534.03750000,1148881.95728500,0
1774131300000000,2152.37000000,2152.51000000,2150.17000000,2150.51000000,360.59890000,1774132199999999,775790.37101700,6067,131.49760000,282903.66916300,0
1774132200000000,2150.50000000,2153.23000000,2150.08000000,2151.58000000,749.32350000,1774133099999999,1612680.38921200,7836,329.23940000,708639.06092900,0
1774133100000000,2151.57000000,2151.58000000,2149.36000000,2149.94000000,463.48390000,1774133999999999,996613.85381400,6888,155.40640000,334150.90474600,0
1774134000000000,2149.93000000,2149.93000000,2145.01000000,2146.24000000,557.61270000,1774134899999999,1197253.70141700,11966,173.21770000,371929.92421700,0
1774134900000000,2146.23000000,2147.78000000,2144.42000000,2144.43000000,855.45960000,1774135799999999,1835633.96957900,10799,216.34050000,464328.89247400,0
1774135800000000,2144.43000000,2147.56000000,2144.00000000,2146.78000000,478.99370000,1774136699999999,1027807.04997700,8718,241.30480000,517856.72558300,0
1774136700000000,2146.78000000,2146.78000000,2070.78000000,2084.87000000,44257.75620000,1774137599999999,92954913.11158000,296865,17949.99110000,37638448.85535400,0
1774137600000000,2084.86000000,2084.97000000,2050.12000000,2071.82000000,30220.14930000,1774138499999999,62373186.35008800,274005,13184.86280000,27215383.36891600,0
1774138500000000,2071.83000000,2086.60000000,2070.26000000,2085.97000000,9957.71310000,1774139399999999,20687510.03070200,112355,5207.56290000,10818941.38209800,0
1774139400000000,2085.98000000,2095.43000000,2085.98000000,2090.73000000,10376.52840000,1774140299999999,21693832.43184800,90602,6217.95780000,13002236.99542500,0
1774140300000000,2090.73000000,2094.91000000,2080.30000000,2087.67000000,10352.28850000,1774141199999999,21589541.86184900,65564,3532.95520000,7367153.66546300,0
1774141200000000,2087.68000000,2094.49000000,2083.74000000,2088.50000000,9003.03980000,1774142099999999,18804043.12129800,60435,3502.03770000,7313150.44929000,0
1774142100000000,2088.49000000,2093.43000000,2085.99000000,2090.45000000,3522.99090000,1774142999999999,7365387.82764700,46049,2216.53420000,4634075.43226100,0
1774143000000000,2090.46000000,2092.02000000,2082.00000000,2084.36000000,4912.89260000,1774143899999999,10251992.26484500,43993,2342.73890000,4889379.62655700,0
1774143900000000,2084.36000000,2092.37000000,2084.36000000,2091.36000000,2160.04770000,1774144799999999,4511182.56270600,25280,1383.71410000,2889883.32073200,0
1774144800000000,2091.37000000,2093.10000000,2088.00000000,2091.81000000,2021.73270000,1774145699999999,4227359.56819900,28265,896.47360000,1874302.26726100,0
1774145700000000,2091.81000000,2109.36000000,2089.45000000,2106.00000000,4541.45800000,1774146599999999,9530840.85194100,50201,3062.60810000,6427361.20150300,0
1774146600000000,2105.99000000,2106.59000000,2099.60000000,2100.56000000,4512.04580000,1774147499999999,9487408.64882000,43719,2502.54700000,5262905.22210800,0
1774147500000000,2100.56000000,2106.32000000,2098.36000000,2102.29000000,3164.73550000,1774148399999999,6653089.03647700,37404,1889.70840000,3972583.65345400,0
1774148400000000,2102.29000000,2105.87000000,2098.09000000,2104.32000000,2271.24860000,1774149299999999,4772871.68850300,25052,961.94440000,2022127.49679100,0
1774149300000000,2104.32000000,2118.80000000,2103.07000000,2114.14000000,3252.46140000,1774150199999999,6861440.69848600,42928,1925.50470000,4062285.07784300,0
1774150200000000,2114.15000000,2127.21000000,2112.88000000,2118.37000000,6594.95260000,1774151099999999,13984375.37724300,75661,3593.09940000,7617734.68691700,0
1774151100000000,2118.37000000,2119.17000000,2112.80000000,2113.83000000,2657.36340000,1774151999999999,5621793.53010900,25832,1461.28950000,3092086.84856300,0
1774152000000000,2113.83000000,2122.46000000,2113.51000000,2116.40000000,2922.23000000,1774152899999999,6187405.58774700,30612,1799.15320000,3809457.98259100,0
1774152900000000,2116.40000000,2122.94000000,2106.36000000,2112.83000000,4279.33770000,1774153799999999,9044750.41680400,49232,2042.17630000,4317465.48179500,0
1774153800000000,2112.82000000,2119.64000000,2110.30000000,2117.06000000,2714.90640000,1774154699999999,5745266.07406100,32892,1746.79480000,3696521.86038100,0
1774154700000000,2117.07000000,2121.83000000,2117.06000000,2119.39000000,2468.19680000,1774155599999999,5231611.46909300,25108,1483.41230000,3144186.02849400,0
1774155600000000,2119.39000000,2120.94000000,2116.23000000,2118.38000000,1704.94640000,1774156499999999,3611784.55258800,21034,954.51350000,2022012.86569600,0
1774156500000000,2118.38000000,2119.35000000,2114.84000000,2116.23000000,2021.23550000,1774157399999999,4279314.65611200,22374,1072.38670000,2270432.82694900,0
1774157400000000,2116.24000000,2118.11000000,2114.60000000,2114.77000000,1425.27660000,1774158299999999,3015911.36871900,16582,525.14140000,1111275.83496700,0
1774158300000000,2114.77000000,2117.49000000,2112.71000000,2113.00000000,1142.83250000,1774159199999999,2417492.23038200,15455,658.96310000,1394204.73823800,0
1774159200000000,2113.01000000,2113.01000000,2107.42000000,2109.76000000,2994.18300000,1774160099999999,6318041.74190200,26941,1519.05500000,3205192.24139100,0
1774160100000000,2109.75000000,2112.21000000,2108.04000000,2112.21000000,945.55680000,1774160999999999,1995249.44158100,15068,426.34810000,899653.78304000,0
1774161000000000,2112.20000000,2113.34000000,2109.45000000,2111.66000000,578.71160000,1774161899999999,1221821.23732300,14640,232.61230000,491111.89421000,0
1774161900000000,2111.65000000,2111.65000000,2106.99000000,2108.76000000,926.88090000,1774162799999999,1954588.47465500,14385,334.78290000,705814.09990500,0
1774162800000000,2108.76000000,2111.96000000,2107.61000000,2109.34000000,1345.44720000,1774163699999999,2837504.90385200,17421,874.03410000,1843026.04923100,0
1774163700000000,2109.34000000,2112.05000000,2109.34000000,2111.01000000,328.18600000,1774164599999999,692813.97077600,9083,185.89740000,392410.39529400,0
1774164600000000,2111.00000000,2111.00000000,2097.41000000,2098.76000000,3457.95420000,1774165499999999,7270394.02018700,39658,1188.24130000,2497605.30883900,0
1774165500000000,2098.76000000,2104.20000000,2092.35000000,2093.38000000,3387.75120000,1774166399999999,7108247.16637700,23939,1196.57840000,2512702.99676400,0
1774166400000000,2093.40000000,2095.89000000,2083.57000000,2092.25000000,6281.82290000,1774167299999999,13123078.33699300,44325,2241.81650000,4683155.12100000,0
1774167300000000,2092.25000000,2092.39000000,2074.36000000,2077.61000000,7755.36950000,1774168199999999,16148420.01223000,87375,2733.42390000,5691423.56334100,0
1774168200000000,2077.60000000,2085.31000000,2076.42000000,2083.29000000,3446.97100000,1774169099999999,7171462.46493800,43363,2253.71920000,4689328.91768100,0
1774169100000000,2083.28000000,2088.14000000,2082.05000000,2086.50000000,1939.53770000,1774169999999999,4044903.25327400,31851,1271.70450000,2652320.15394100,0
1774170000000000,2086.50000000,2092.59000000,2085.30000000,2092.41000000,2786.88530000,1774170899999999,5818366.53948500,32644,1873.04750000,3909736.66704900,0
1774170900000000,2092.41000000,2096.82000000,2079.90000000,2081.79000000,3852.30200000,1774171799999999,8039623.30932200,53924,1486.63280000,3104763.01122400,0
1774171800000000,2081.79000000,2087.21000000,2081.63000000,2085.15000000,884.98940000,1774172699999999,1844974.22078900,21714,439.30230000,915901.14701200,0
1774172700000000,2085.16000000,2087.20000000,2082.28000000,2085.09000000,1437.57090000,1774173599999999,2996549.45995800,20134,682.42520000,1422550.14514100,0
1774173600000000,2085.10000000,2086.95000000,2080.82000000,2083.51000000,776.73780000,1774174499999999,1617940.77897500,16933,449.93620000,937080.48169300,0
1774174500000000,2083.51000000,2084.52000000,2080.24000000,2083.05000000,736.49770000,1774175399999999,1534228.86518900,15559,304.03610000,633373.98136100,0
1774175400000000,2083.05000000,2085.05000000,2077.33000000,2080.16000000,1622.06730000,1774176299999999,3374566.24535600,29365,664.03550000,1381455.62307900,0
1774176300000000,2080.17000000,2083.07000000,2079.32000000,2081.45000000,991.44580000,1774177199999999,2063100.59004100,14521,592.41110000,1232798.19061300,0
1774177200000000,2081.44000000,2083.80000000,2078.85000000,2082.01000000,1048.79950000,1774178099999999,2183079.27293300,19768,661.71590000,1377332.32062700,0
1774178100000000,2082.01000000,2083.61000000,2075.05000000,2076.31000000,2799.58290000,1774178999999999,5819537.07811600,28935,1205.30940000,2506011.53341200,0
1774179000000000,2076.31000000,2081.13000000,2067.09000000,2075.27000000,3766.44680000,1774179899999999,7809729.71531200,51341,1663.15100000,3448921.82072700,0
1774179900000000,2075.28000000,2076.00000000,2066.97000000,2069.98000000,2935.50900000,1774180799999999,6079314.17491100,38877,1424.90200000,2950672.72602800,0
1774180800000000,2069.97000000,2074.62000000,2068.37000000,2073.93000000,2270.85280000,1774181699999999,4704807.85775100,33561,1009.18790000,2090946.03155400,0
1774181700000000,2073.92000000,2088.44000000,2073.17000000,2084.62000000,3495.71940000,1774182599999999,7271652.45602200,49085,2238.86210000,4656819.29437500,0
1774182600000000,2084.62000000,2085.10000000,2080.95000000,2082.31000000,2257.96180000,1774183499999999,4702107.89271400,23862,1161.32730000,2418465.56109300,0
1774183500000000,2082.31000000,2085.33000000,2078.29000000,2082.44000000,1711.10550000,1774184399999999,3562224.74975500,25855,980.16360000,2040536.30941200,0
1774184400000000,2082.44000000,2092.63000000,2082.27000000,2086.54000000,3282.50470000,1774185299999999,6854235.60634900,45548,2088.44920000,4360694.12387100,0
1774185300000000,2086.54000000,2089.78000000,2084.57000000,2085.81000000,2711.87220000,1774186199999999,5657872.45292000,23411,1694.25840000,3534754.63871200,0
1774186200000000,2085.81000000,2087.61000000,2072.77000000,2076.38000000,3020.95100000,1774187099999999,6279496.82820000,38709,1162.00160000,2415673.13434000,0
1774187100000000,2076.39000000,2080.80000000,2075.09000000,2078.71000000,1389.68530000,1774187999999999,2888418.29447000,18746,932.63690000,1938433.62713800,0
1774188000000000,2078.71000000,2080.80000000,2071.67000000,2079.11000000,2017.37860000,1774188899999999,4188402.99910200,27200,1001.30370000,2079183.56517400,0
1774188900000000,2079.12000000,2085.19000000,2077.45000000,2080.85000000,1677.09970000,1774189799999999,3489738.70575100,21696,1046.93100000,2178140.11773600,0
1774189800000000,2080.85000000,2084.81000000,2078.54000000,2081.79000000,2831.42270000,1774190699999999,5895366.62064800,21621,1434.33870000,2986337.23090400,0
1774190700000000,2081.78000000,2081.78000000,2075.84000000,2078.14000000,1516.44280000,1774191599999999,3151349.42454600,17180,743.15940000,1544389.03218600,0
1774191600000000,2078.14000000,2083.49000000,2078.09000000,2082.48000000,1418.95430000,1774192499999999,2953475.25261800,20782,950.63070000,1978557.08576400,0
1774192500000000,2082.48000000,2084.58000000,2077.50000000,2079.96000000,1504.42470000,1774193399999999,3129631.39767800,20891,807.62770000,1680189.78963300,0
1774193400000000,2079.97000000,2080.74000000,2075.67000000,2080.58000000,1636.36110000,1774194299999999,3400542.41180900,15938,1015.45280000,2110346.13550700,0
1774194300000000,2080.57000000,2083.49000000,2078.45000000,2083.10000000,1571.55150000,1774195199999999,3270893.53330300,18622,966.65980000,2011828.22461400,0
1774195200000000,2083.10000000,2084.45000000,2080.39000000,2081.58000000,1110.07300000,1774196099999999,2311582.97411500,18578,685.91150000,1428355.72436500,0
1774196100000000,2081.58000000,2083.78000000,2078.45000000,2079.12000000,1310.41910000,1774196999999999,2726936.11029700,17264,692.75150000,1441865.39569600,0
1774197000000000,2079.12000000,2082.49000000,2077.88000000,2080.15000000,1005.49760000,1774197899999999,2091389.66027000,15260,585.05760000,1216819.63219300,0
1774197900000000,2080.15000000,2083.55000000,2080.14000000,2082.09000000,679.45270000,1774198799999999,1414737.02066000,10612,428.31910000,891794.92795500,0
1774198800000000,2082.10000000,2083.34000000,2079.89000000,2082.95000000,885.78750000,1774199699999999,1844196.66194300,11860,597.72750000,1244432.86721600,0
1774199700000000,2082.96000000,2084.35000000,2080.68000000,2082.23000000,1122.38170000,1774200599999999,2337340.14693200,16183,654.09890000,1362078.25762200,0
1774200600000000,2082.23000000,2083.54000000,2077.41000000,2078.66000000,1246.95920000,1774201499999999,2593292.70798200,14631,661.51910000,1375738.53118500,0
1774201500000000,2078.65000000,2081.43000000,2078.65000000,2079.61000000,798.65820000,1774202399999999,1661202.60887800,11028,461.31190000,959475.42132300,0
1774202400000000,2079.60000000,2080.41000000,2075.63000000,2079.92000000,1112.82340000,1774203299999999,2312162.31190800,15597,519.73190000,1079836.70232500,0
1774203300000000,2079.92000000,2079.93000000,2077.08000000,2078.23000000,740.23520000,1774204199999999,1538431.63398300,11451,323.14560000,671628.12404600,0
1774204200000000,2078.22000000,2079.92000000,2057.00000000,2065.35000000,7187.98550000,1774205099999999,14850780.27551000,65772,2442.48410000,5043299.02497600,0
1774205100000000,2065.35000000,2072.55000000,2064.74000000,2072.27000000,1580.53450000,1774205999999999,3270599.51708800,19167,1063.09030000,2199999.91434200,0
1774206000000000,2072.26000000,2072.70000000,2059.61000000,2061.24000000,3257.28190000,1774206899999999,6725359.66165600,34875,1214.50560000,2507756.38451100,0
1774206900000000,2061.24000000,2063.51000000,2059.19000000,2059.76000000,1425.90370000,1774207799999999,2939559.55031300,24946,701.78400000,1446821.39159800,0
1774207800000000,2059.76000000,2067.50000000,2054.35000000,2065.66000000,3207.62240000,1774208699999999,6608081.62927300,36294,1384.27630000,2852257.90449500,0
1774208700000000,2065.65000000,2067.22000000,2059.06000000,2063.21000000,1300.75300000,1774209599999999,2683321.78739100,20661,608.41190000,1255215.96753500,0
1774209600000000,2063.22000000,2068.78000000,2063.21000000,2067.49000000,1361.50280000,1774210499999999,2813583.53726300,22643,869.78660000,1797247.97103200,0
1774210500000000,2067.48000000,2072.25000000,2063.04000000,2064.70000000,1653.29630000,1774211399999999,3418609.80407800,22640,852.35110000,1762975.76935800,0
1774211400000000,2064.80000000,2066.61000000,2060.02000000,2066.03000000,1667.17450000,1774212299999999,3440476.77417500,19963,699.74130000,1444072.32309600,0
1774212300000000,2066.02000000,2066.02000000,2056.35000000,2058.58000000,2883.00440000,1774213199999999,5938462.20027600,29760,1250.64910000,2575339.65610500,0
1774213200000000,2058.58000000,2060.51000000,2029.40000000,2040.17000000,18516.48830000,1774214099999999,37808674.90587400,136825,9096.82220000,18568818.67956600,0
1774214100000000,2040.17000000,2043.61000000,2026.00000000,2041.98000000,6325.91790000,1774214999999999,12866332.15008400,96583,3278.99230000,6671444.14432400,0
1774215000000000,2041.98000000,2048.78000000,2037.29000000,2045.28000000,2380.96500000,1774215899999999,4865915.70470300,40580,1356.83670000,2773305.33229000,0
1774215900000000,2045.28000000,2047.27000000,2039.46000000,2045.96000000,1705.11500000,1774216799999999,3484392.86761300,29151,786.50140000,1607306.05864700,0
1774216800000000,2045.96000000,2052.65000000,2032.57000000,2043.10000000,7449.13890000,1774217699999999,15225096.61900400,108648,2794.88390000,5713368.46404800,0
1774217700000000,2043.11000000,2064.96000000,2041.41000000,2059.70000000,6339.75540000,1774218599999999,13010050.79277400,84545,3905.43140000,8014890.04983600,0
1774218600000000,2059.70000000,2062.88000000,2054.10000000,2055.11000000,2954.67220000,1774219499999999,6082956.55829900,50713,1429.04000000,2942433.31506900,0
1774219500000000,2055.11000000,2065.65000000,2055.11000000,2062.67000000,1854.00140000,1774220399999999,3820483.40781500,37576,909.96780000,1875197.77649100,0
1774220400000000,2062.68000000,2074.16000000,2060.50000000,2069.16000000,3587.72810000,1774221299999999,7418423.94114700,49530,2098.00190000,4338841.05587900,0
1774221300000000,2069.17000000,2069.54000000,2060.31000000,2062.34000000,2143.83780000,1774222199999999,4425714.17296500,35371,873.91890000,1803698.60896900,0
1774222200000000,2062.33000000,2064.90000000,2057.54000000,2060.80000000,1749.89560000,1774223099999999,3605588.26659100,32724,938.37190000,1933556.76838100,0
1774223100000000,2060.80000000,2060.97000000,2051.27000000,2053.89000000,2983.59030000,1774223999999999,6133896.73355600,41321,878.09290000,1805228.19229500,0
1774224000000000,2053.90000000,2063.08000000,2048.41000000,2057.21000000,3803.72680000,1774224899999999,7819740.82913400,56143,1926.68220000,3961291.34689900,0
1774224900000000,2057.22000000,2059.67000000,2051.91000000,2053.98000000,3344.19100000,1774225799999999,6875732.19387200,50018,1409.89320000,2898832.85425800,0
1774225800000000,2053.98000000,2054.52000000,2035.69000000,2046.03000000,6958.94920000,1774226699999999,14216687.46579700,96779,3170.17260000,6478098.01662800,0
1774226700000000,2046.03000000,2053.28000000,2041.74000000,2043.31000000,2660.48740000,1774227599999999,5446051.18221800,58641,932.97870000,1910387.30773900,0
1774227600000000,2043.31000000,2055.61000000,2039.46000000,2050.57000000,3017.49310000,1774228499999999,6177664.79562300,62077,1806.82010000,3699460.27821700,0
1774228500000000,2050.57000000,2062.38000000,2050.43000000,2059.48000000,2966.33100000,1774229399999999,6105454.17475900,45260,1714.61590000,3529289.53513200,0
1774229400000000,2059.49000000,2061.79000000,2051.86000000,2054.88000000,1749.90350000,1774230299999999,3598889.01470500,44385,887.32270000,1825049.26639400,0
1774230300000000,2054.89000000,2059.15000000,2047.39000000,2047.69000000,2616.11330000,1774231199999999,5367638.98165200,39741,1253.50600000,2572452.64382800,0
1774231200000000,2047.70000000,2058.17000000,2046.72000000,2048.96000000,4211.26620000,1774232099999999,8642060.95250000,48534,2443.09140000,5014952.16539000,0
1774232100000000,2048.97000000,2070.24000000,2047.65000000,2067.78000000,5094.84790000,1774232999999999,10492509.16580400,57028,3632.14040000,7480122.46393800,0
1774233000000000,2067.78000000,2068.40000000,2060.32000000,2060.32000000,2506.57490000,1774233899999999,5175887.26606400,40351,1119.07900000,2311180.54754700,0
1774233900000000,2060.32000000,2063.82000000,2057.14000000,2063.42000000,1519.75660000,1774234799999999,3131287.71169500,30099,939.34980000,1935738.67465400,0
1774234800000000,2063.42000000,2072.33000000,2058.92000000,2059.11000000,2422.55380000,1774235699999999,5007040.32120600,46682,1310.16360000,2708792.47766500,0
1774235700000000,2059.11000000,2060.32000000,2055.81000000,2056.73000000,1054.45620000,1774236599999999,2169904.23641800,24135,462.83220000,952467.84946000,0
1774236600000000,2056.74000000,2057.61000000,2052.18000000,2055.89000000,980.36540000,1774237499999999,2014685.19257000,26278,343.28370000,705447.24441800,0
1774237500000000,2055.89000000,2057.49000000,2051.67000000,2052.54000000,1186.47280000,1774238399999999,2437138.65645100,22546,688.77150000,1414757.04781200,0
1774238400000000,2052.53000000,2055.17000000,2050.64000000,2052.62000000,1336.00250000,1774239299999999,2742874.63245700,26111,614.78410000,1262097.46401600,0
1774239300000000,2052.62000000,2057.11000000,2051.77000000,2055.59000000,867.57750000,1774240199999999,1782605.62167100,20220,418.66590000,860256.26979900,0
1774240200000000,2055.60000000,2061.28000000,2055.50000000,2056.04000000,1380.02650000,1774241099999999,2840552.47374300,23565,643.31080000,1324023.83842400,0
1774241100000000,2056.04000000,2066.21000000,2056.04000000,2065.47000000,2381.78590000,1774241999999999,4908285.08458800,25816,1570.97470000,3237623.14181600,0
1774242000000000,2065.47000000,2070.50000000,2065.47000000,2070.26000000,3332.77930000,1774242899999999,6892392.76010800,42418,1940.00750000,4012231.26622000,0
1774242900000000,2070.26000000,2072.11000000,2063.59000000,2065.35000000,2324.96260000,1774243799999999,4806139.95809400,30869,852.55930000,1762744.87912000,0
1774243800000000,2065.34000000,2070.64000000,2061.69000000,2063.14000000,2536.44910000,1774244699999999,5238560.79958500,35122,1325.71930000,2738846.36142900,0
1774244700000000,2063.15000000,2069.88000000,2060.71000000,2069.27000000,2572.17500000,1774245599999999,5311251.16562600,27646,1461.51690000,3018771.51236100,0
1774245600000000,2069.26000000,2069.26000000,2057.03000000,2058.74000000,2842.90610000,1774246499999999,5859794.51094000,32714,1066.93710000,2199287.28639800,0
1774246500000000,2058.73000000,2061.50000000,2055.01000000,2059.12000000,2111.32280000,1774247399999999,4344734.30559500,30801,1065.03080000,2192263.15954100,0
1774247400000000,2059.12000000,2059.25000000,2028.47000000,2033.66000000,9316.32350000,1774248299999999,19006082.02674600,91243,3385.73690000,6908795.95047800,0
1774248300000000,2033.67000000,2038.67000000,2028.72000000,2037.30000000,5145.12330000,1774249199999999,10471063.46652500,74381,2908.94210000,5921542.17462400,0
1774249200000000,2037.31000000,2039.36000000,2023.04000000,2037.23000000,6164.48230000,1774250099999999,12521404.20681900,81659,3452.80200000,7014908.51488100,0
1774250100000000,2037.23000000,2039.22000000,2026.33000000,2032.68000000,4067.78910000,1774250999999999,8266586.41050700,61182,1978.00590000,4020891.57119100,0
1774251000000000,2032.67000000,2049.86000000,2030.96000000,2047.82000000,5951.18270000,1774251899999999,12144298.71699900,69060,3801.44700000,7758473.72770300,0
1774251900000000,2047.81000000,2050.00000000,2043.83000000,2044.72000000,5185.14100000,1774252799999999,10614038.88390800,33778,2845.46190000,5824884.31228300,0
1774252800000000,2044.73000000,2056.87000000,2044.73000000,2056.87000000,4832.88160000,1774253699999999,9914499.94385900,55396,2992.12560000,6138916.45127600,0
1774253700000000,2056.87000000,2059.16000000,2052.14000000,2053.55000000,3261.13120000,1774254599999999,6702831.31188700,61580,1461.35830000,3004185.89524000,0
1774254600000000,2053.54000000,2057.72000000,2049.53000000,2051.35000000,2271.92990000,1774255499999999,4666319.10602800,48678,1027.63630000,2110774.34364600,0
1774255500000000,2051.36000000,2054.07000000,2044.20000000,2048.02000000,2629.67700000,1774256399999999,5391323.86562100,42755,1074.20150000,2202147.01956600,0
1774256400000000,2048.01000000,2049.13000000,2037.75000000,2042.91000000,2501.19050000,1774257299999999,5106293.53755500,49715,1042.83670000,2128820.33633600,0
1774257300000000,2042.90000000,2046.63000000,2038.59000000,2043.58000000,1485.63010000,1774258199999999,3034806.56306300,40058,777.45540000,1588483.15579600,0
1774258200000000,2043.58000000,2043.58000000,2028.20000000,2038.39000000,4295.56230000,1774259099999999,8740385.60064000,57171,1992.53150000,4055875.84549700,0
1774259100000000,2038.39000000,2043.64000000,2038.22000000,2043.63000000,1549.83230000,1774259999999999,3162356.32599100,36003,987.22210000,2014353.89302000,0
1774260000000000,2043.64000000,2054.04000000,2042.08000000,2049.94000000,2512.56090000,1774260899999999,5147591.83065300,50355,1490.76610000,3053918.08538200,0
1774260900000000,2049.95000000,2049.95000000,2042.26000000,2045.12000000,2361.03660000,1774261799999999,4828468.88645200,34398,1080.75290000,2209329.55677900,0
1774261800000000,2045.12000000,2046.10000000,2040.39000000,2044.35000000,1451.14990000,1774262699999999,2965496.01357400,28143,884.47460000,1807644.20690400,0
1774262700000000,2044.34000000,2050.14000000,2041.01000000,2049.04000000,1571.32640000,1774263599999999,3215827.14743500,37436,835.65170000,1710437.76399900,0
1774263600000000,2049.04000000,2198.57000000,2049.04000000,2169.72000000,86266.23570000,1774264499999999,185007565.71188900,496096,45881.47240000,98317193.70716900,0
1774264500000000,2169.28000000,2190.00000000,2147.02000000,2167.79000000,37733.49160000,1774265399999999,81968139.59212300,389656,16917.63620000,36758770.91702600,0
1774265400000000,2167.79000000,2179.81000000,2154.09000000,2155.01000000,18002.46850000,1774266299999999,38990840.83735500,196636,9689.55160000,20983186.17228400,0
1774266300000000,2155.04000000,2157.06000000,2132.72000000,2134.78000000,19421.10520000,1774267199999999,41636695.81889200,214873,9044.30000000,19395862.25342800,0
1774267200000000,2134.78000000,2140.00000000,2107.43000000,2117.06000000,28509.11910000,1774268099999999,60479694.61190700,265608,12229.47670000,25948238.38201700,0
1774268100000000,2117.06000000,2134.13000000,2115.83000000,2125.37000000,10752.37430000,1774268999999999,22842186.50727100,139090,4821.54630000,10243742.29624800,0
1774269000000000,2125.36000000,2147.00000000,2120.88000000,2145.30000000,10249.84010000,1774269899999999,21867551.10343600,171518,5146.56670000,10980320.55835800,0
1774269900000000,2145.31000000,2147.85000000,2139.17000000,2144.27000000,8403.37390000,1774270799999999,18020211.10334000,101838,4340.68600000,9309198.14924800,0
1774270800000000,2144.27000000,2154.28000000,2140.11000000,2146.21000000,10115.56130000,1774271699999999,21722713.77860100,113502,6035.05940000,12961898.40099400,0
1774271700000000,2146.22000000,2154.09000000,2145.91000000,2150.40000000,6025.08260000,1774272599999999,12954034.59730200,80669,3167.44620000,6810581.01353500,0
1774272600000000,2150.40000000,2177.53000000,2142.98000000,2169.17000000,19243.77860000,1774273499999999,41560866.05992700,238191,11378.86380000,24588950.88560500,0
1774273500000000,2169.16000000,2189.00000000,2164.04000000,2185.64000000,20346.13460000,1774274399999999,44280882.35430000,225460,12786.24180000,27825834.57269700,0
1774274400000000,2185.65000000,2192.44000000,2178.44000000,2181.62000000,16969.47210000,1774275299999999,37099750.37150600,211232,8124.33710000,17762185.74388900,0
1774275300000000,2181.62000000,2187.41000000,2175.49000000,2179.87000000,9041.15950000,1774276199999999,19729922.61556700,114366,4406.72490000,9618723.76505500,0
1774276200000000,2179.87000000,2183.06000000,2171.98000000,2175.30000000,7995.18120000,1774277099999999,17403753.41431100,100645,3224.41410000,7019787.92761600,0
1774277100000000,2175.29000000,2183.39000000,2169.28000000,2181.16000000,7856.44310000,1774277999999999,17084345.08784000,87944,4069.78380000,8852196.93441600,0
1774278000000000,2181.16000000,2188.09000000,2178.80000000,2179.02000000,6641.09590000,1774278899999999,14499579.86976500,85718,3089.42530000,6745283.64973100,0
1774278900000000,2179.01000000,2179.80000000,2163.00000000,2164.56000000,9111.95490000,1774279799999999,19771400.99512100,93778,3687.03490000,8001518.99924200,0
1774279800000000,2164.57000000,2166.85000000,2147.24000000,2150.01000000,10140.20320000,1774280699999999,21877684.53295700,110657,3946.27600000,8515412.17423500,0
1774280700000000,2150.00000000,2157.71000000,2124.75000000,2128.45000000,17843.15480000,1774281599999999,38167454.35430400,187991,8966.93280000,19184936.02418700,0
1774281600000000,2128.46000000,2139.71000000,2128.00000000,2138.89000000,10684.85790000,1774282499999999,22800973.77770500,145754,4995.58350000,10660268.81500900,0
1774282500000000,2138.89000000,2140.41000000,2117.92000000,2120.55000000,12929.25090000,1774283399999999,27479890.22008400,139149,5519.01580000,11733058.42799200,0
1774283400000000,2120.54000000,2133.82000000,2117.77000000,2131.80000000,5844.10810000,1774284299999999,12425848.21667100,97900,3181.69170000,6765528.30636600,0
1774284300000000,2131.77000000,2142.72000000,2130.87000000,2135.88000000,6150.51810000,1774285199999999,13141211.89784600,104108,3251.34310000,6946302.81837900,0
1774285200000000,2135.88000000,2140.16000000,2131.77000000,2135.74000000,4341.10730000,1774286099999999,9274351.90371200,77912,2073.68940000,4430515.76064800,0
1774286100000000,2135.74000000,2137.25000000,2124.57000000,2131.52000000,3291.21230000,1774286999999999,7013996.86192900,71497,1296.07150000,2762648.41043800,0
1774287000000000,2131.52000000,2158.54000000,2131.01000000,2147.32000000,11088.62250000,1774287899999999,23836230.90693600,126227,6628.52450000,14249710.28122400,0
1774287900000000,2147.32000000,2153.94000000,2146.51000000,2152.71000000,2536.80400000,1774288799999999,5455755.12613400,50130,1483.92450000,3191136.05038000,0
1774288800000000,2152.71000000,2156.66000000,2146.00000000,2150.77000000,3548.08500000,1774289699999999,7634451.36020800,68954,1806.24410000,3886903.49180100,0
1774289700000000,2150.77000000,2152.30000000,2145.71000000,2146.29000000,2172.68450000,1774290599999999,4670069.87900600,45784,946.50970000,2034437.59818400,0
1774290600000000,2146.29000000,2158.00000000,2146.29000000,2156.02000000,3053.56600000,1774291499999999,6577552.24762400,61027,1543.30290000,3323543.93856700,0
1774291500000000,2156.02000000,2171.76000000,2155.69000000,2168.72000000,8635.76880000,1774292399999999,18693364.22985400,93291,5746.02330000,12439402.63523600,0
1774292400000000,2168.72000000,2178.74000000,2160.61000000,2164.38000000,8840.37510000,1774293299999999,19174641.43383100,89786,4999.06690000,10845214.89198400,0
1774293300000000,2164.38000000,2168.00000000,2160.56000000,2165.35000000,4021.68750000,1774294199999999,8705063.86245700,48968,1881.66200000,4073366.91446100,0
1774294200000000,2165.34000000,2167.09000000,2159.21000000,2160.84000000,2603.80650000,1774295099999999,5631065.13240800,31692,927.79220000,2007091.12358200,0
1774295100000000,2160.84000000,2163.21000000,2150.48000000,2154.46000000,3268.62180000,1774295999999999,7048274.25346500,45119,1312.52490000,2830903.67019200,0
1774296000000000,2154.45000000,2159.94000000,2150.71000000,2159.68000000,2051.60350000,1774296899999999,4421515.02057700,35322,1020.60300000,2199948.72176300,0
1774296900000000,2159.69000000,2162.02000000,2157.89000000,2160.31000000,1252.36850000,1774297799999999,2705333.71093100,19315,584.47380000,1262544.26137900,0
1774297800000000,2160.31000000,2166.81000000,2159.25000000,2164.38000000,1948.45510000,1774298699999999,4214085.82321800,26224,1170.36960000,2531409.88693600,0
1774298700000000,2164.38000000,2164.60000000,2160.31000000,2161.49000000,995.48390000,1774299599999999,2152806.81671300,13122,355.94420000,769841.25991500,0
1774299600000000,2161.49000000,2163.80000000,2154.57000000,2154.82000000,1866.09140000,1774300499999999,4028418.12843900,18759,825.60840000,1781927.22269100,0
1774300500000000,2154.82000000,2158.21000000,2154.57000000,2156.58000000,643.13750000,1774301399999999,1386898.88427400,12738,302.91250000,653139.52154400,0
1774301400000000,2156.58000000,2162.39000000,2156.25000000,2160.92000000,1102.68470000,1774302299999999,2382167.52213100,15579,655.92440000,1416864.66068900,0
1774302300000000,2160.91000000,2163.55000000,2157.00000000,2157.70000000,1608.62830000,1774303199999999,3475230.89194100,20078,717.66440000,1550392.53171600,0
1774303200000000,2157.70000000,2159.61000000,2146.66000000,2150.89000000,2628.05260000,1774304099999999,5652728.64760800,49160,1141.65830000,2455484.37026000,0
1774304100000000,2150.89000000,2151.55000000,2147.05000000,2149.35000000,1137.43860000,1774304999999999,2445286.82296900,26471,548.69900000,1179631.81934100,0
1774305000000000,2149.35000000,2153.84000000,2143.94000000,2151.76000000,2237.28720000,1774305899999999,4807771.75819200,37511,976.35130000,2098706.06168400,0
1774305900000000,2151.77000000,2154.33000000,2149.99000000,2152.81000000,1287.52980000,1774306799999999,2770794.90246300,25872,548.19590000,1179693.97100800,0
1774306800000000,2152.80000000,2154.11000000,2143.88000000,2146.41000000,2590.98110000,1774307699999999,5569558.33700900,35607,1085.12380000,2332495.41343100,0
1774307700000000,2146.41000000,2150.45000000,2140.71000000,2149.20000000,1930.70130000,1774308599999999,4141366.19486300,32128,968.48310000,2077463.82534200,0
1774308600000000,2149.20000000,2151.41000000,2144.91000000,2150.42000000,1538.46500000,1774309499999999,3304919.96529500,26152,925.39440000,1987899.40396400,0
1774309500000000,2150.43000000,2155.21000000,2145.40000000,2152.03000000,1677.79490000,1774310399999999,3607667.66515500,35894,846.21640000,1819887.40395100,0
1774310400000000,2152.03000000,2156.22000000,2146.48000000,2147.18000000,2803.31520000,1774311299999999,6031553.13065800,47355,1363.41070000,2933313.54254500,0
1774311300000000,2147.17000000,2147.67000000,2138.46000000,2142.55000000,3402.11070000,1774312199999999,7288596.86940200,54947,1506.69600000,3227367.83785200,0
1774312200000000,2142.55000000,2144.72000000,2130.10000000,2141.01000000,5059.01160000,1774313099999999,10819587.22543500,69905,2392.22840000,5117826.52910600,0
1774313100000000,2141.00000000,2148.36000000,2140.85000000,2143.22000000,1650.27600000,1774313999999999,3538981.74808800,36934,892.63960000,1914127.64366600,0
1774314000000000,2143.22000000,2145.70000000,2138.95000000,2141.01000000,1812.88340000,1774314899999999,3882650.37051600,49657,800.07660000,1713569.21414700,0
1774314900000000,2141.00000000,2149.78000000,2137.64000000,2147.67000000,1363.34680000,1774315799999999,2923660.74903700,35989,651.90580000,1398084.95572900,0
1774315800000000,2147.66000000,2148.81000000,2124.26000000,2130.90000000,5097.98540000,1774316699999999,10879911.93347900,76231,2177.12680000,4648155.33750600,0
1774316700000000,2130.90000000,2140.75000000,2129.07000000,2137.56000000,2774.51890000,1774317599999999,5925702.44838200,49513,1411.79800000,3015596.16696200,0
1774317600000000,2137.57000000,2145.92000000,2134.14000000,2135.76000000,3470.47310000,1774318499999999,7422840.16008700,53848,1680.87600000,3595952.39397300,0
1774318500000000,2135.75000000,2142.86000000,2134.45000000,2139.39000000,1851.95230000,1774319399999999,3959380.33885800,36546,800.74790000,1712002.49565700,0
1774319400000000,2139.40000000,2143.13000000,2132.64000000,2139.08000000,2265.20300000,1774320299999999,4843815.59392200,38248,1026.80530000,2196464.85292400,0
1774320300000000,2139.08000000,2141.09000000,2135.22000000,2135.86000000,1934.01900000,1774321199999999,4134475.00654900,27503,597.27140000,1276693.81991700,0
1774321200000000,2135.87000000,2137.89000000,2130.70000000,2134.36000000,3047.58680000,1774322099999999,6505049.33667000,32681,1375.83180000,2937101.88820900,0
1774322100000000,2134.37000000,2139.88000000,2134.37000000,2139.16000000,1868.89220000,1774322999999999,3993708.53722400,26440,862.58540000,1843362.86118300,0
1774323000000000,2139.16000000,2140.00000000,2135.06000000,2138.74000000,2702.08180000,1774323899999999,5774692.91018600,31397,1135.42390000,2426786.87927600,0
1774323900000000,2138.75000000,2143.30000000,2137.99000000,2141.59000000,1963.99040000,1774324799999999,4203711.03364300,26960,911.14470000,1950237.16731400,0
1774324800000000,2141.59000000,2152.03000000,2141.48000000,2145.98000000,3208.89090000,1774325699999999,6888672.74780800,44568,1603.24910000,3442076.93155800,0
1774325700000000,2145.98000000,2146.00000000,2140.21000000,2140.48000000,1362.95830000,1774326599999999,2920551.70199900,20133,593.41020000,1271398.35298500,0
1774326600000000,2140.48000000,2140.48000000,2132.22000000,2135.38000000,1878.22000000,1774327499999999,4010948.06568300,35204,792.14200000,1691643.62353700,0
1774327500000000,2135.38000000,2139.49000000,2131.83000000,2136.33000000,1503.88260000,1774328399999999,3211897.46430600,30148,753.44890000,1609269.86861700,0
1774328400000000,2136.32000000,2136.45000000,2128.84000000,2130.37000000,2749.43650000,1774329299999999,5859244.27717900,42351,1225.14640000,2610562.35017600,0
1774329300000000,2130.38000000,2138.49000000,2129.40000000,2129.75000000,2424.83360000,1774330199999999,5170433.24520000,38233,1176.85780000,2509824.67061400,0
1774330200000000,2129.74000000,2138.00000000,2129.55000000,2135.70000000,1533.65330000,1774331099999999,3271966.31180700,27507,762.78370000,1627276.39429900,0
1774331100000000,2135.70000000,2138.48000000,2132.77000000,2133.64000000,1473.08350000,1774331999999999,3145016.49660600,25970,675.87290000,1443330.22889800,0
1774332000000000,2133.64000000,2137.79000000,2132.00000000,2137.78000000,1158.69160000,1774332899999999,2474543.40367800,25488,650.27500000,1388900.78201000,0
1774332900000000,2137.79000000,2140.55000000,2135.13000000,2137.54000000,1790.53450000,1774333799999999,3827913.86322300,33011,1032.42050000,2207219.16579800,0
1774333800000000,2137.55000000,2144.30000000,2137.55000000,2142.80000000,2230.65100000,1774334699999999,4777984.89173500,31053,1137.74370000,2436755.84115000,0
1774334700000000,2142.79000000,2146.35000000,2140.57000000,2145.30000000,2099.30180000,1774335599999999,4500020.08827400,25149,1390.62790000,2980977.52391900,0
1774335600000000,2145.30000000,2166.30000000,2144.13000000,2160.87000000,6702.48810000,1774336499999999,14456641.79972300,87778,3867.55240000,8340061.58858900,0
1774336500000000,2160.87000000,2165.46000000,2158.64000000,2160.79000000,4070.49680000,1774337399999999,8799690.83871900,58842,1732.97040000,3746564.06829600,0
1774337400000000,2160.78000000,2162.01000000,2152.49000000,2155.55000000,5678.41320000,1774338299999999,12249659.75698800,48638,2120.41260000,4574358.05403700,0
1774338300000000,2155.54000000,2170.65000000,2152.32000000,2165.61000000,6209.52220000,1774339199999999,13421068.51635200,38006,3234.86310000,6994073.84371600,0
1774339200000000,2165.61000000,2167.37000000,2161.10000000,2163.96000000,3518.22680000,1774340099999999,7615562.97557400,36089,1981.83570000,4289771.25972500,0
1774340100000000,2163.97000000,2164.02000000,2152.17000000,2154.94000000,3671.54320000,1774340999999999,7917352.32214300,42701,1675.63680000,3611897.55194600,0
1774341000000000,2154.93000000,2163.23000000,2153.08000000,2160.86000000,2153.68540000,1774341899999999,4651950.07550700,32623,1312.62600000,2835211.76244800,0
1774341900000000,2160.86000000,2161.40000000,2153.06000000,2155.06000000,2185.98320000,1774342799999999,4714332.80045800,38165,679.61370000,1465907.04248700,0
1774342800000000,2155.07000000,2157.99000000,2148.08000000,2148.09000000,2367.65530000,1774343699999999,5096921.37833500,33629,698.63750000,1504275.33618000,0
1774343700000000,2148.08000000,2154.13000000,2147.36000000,2152.98000000,1447.10280000,1774344599999999,3111743.25181900,24798,849.35290000,1826264.75911100,0
1774344600000000,2152.98000000,2162.79000000,2151.54000000,2162.76000000,2381.24170000,1774345499999999,5141304.06185800,28967,1270.46420000,2742721.57024500,0
1774345500000000,2162.76000000,2167.90000000,2159.14000000,2164.97000000,2588.85750000,1774346399999999,5601957.34962700,26148,1314.36100000,2844760.57991800,0
1774346400000000,2164.97000000,2164.98000000,2160.95000000,2161.09000000,1597.31690000,1774347299999999,3454619.92404900,22721,650.00680000,1405779.83057000,0
1774347300000000,2161.09000000,2161.87000000,2155.83000000,2156.21000000,2180.96390000,1774348199999999,4707205.05982900,25957,1097.39360000,2368148.75493600,0
1774348200000000,2156.22000000,2162.41000000,2155.27000000,2160.65000000,1340.63620000,1774349099999999,2894303.58089600,29495,620.76950000,1340195.78184200,0
1774349100000000,2160.65000000,2161.75000000,2157.67000000,2161.25000000,1105.06400000,1774349999999999,2386843.80180200,18916,581.70990000,1256430.29678000,0
1774350000000000,2161.25000000,2162.94000000,2152.13000000,2159.47000000,3052.44120000,1774350899999999,6587205.36872400,44545,1449.80250000,3129166.10921400,0
1774350900000000,2159.47000000,2161.93000000,2154.23000000,2160.99000000,2262.74460000,1774351799999999,4881068.83947400,29342,1129.87180000,2437963.29946100,0
1774351800000000,2160.98000000,2175.16000000,2160.00000000,2171.57000000,5226.64540000,1774352699999999,11335716.20581000,67037,3136.59940000,6802770.84376800,0
1774352700000000,2171.58000000,2173.21000000,2160.15000000,2165.90000000,3060.64140000,1774353599999999,6633845.58424400,49934,1257.17040000,2725736.53491000,0
1774353600000000,2165.89000000,2170.52000000,2161.86000000,2166.85000000,2327.43120000,1774354499999999,5039781.43882100,43389,1190.56250000,2578711.62017000,0
1774354500000000,2166.84000000,2168.33000000,2164.21000000,2167.15000000,1155.00830000,1774355399999999,2502013.55510800,33392,583.76920000,1264602.39563300,0
1774355400000000,2167.14000000,2167.15000000,2158.89000000,2161.65000000,2138.03270000,1774356299999999,4622911.35274400,41982,892.13210000,1929009.46698700,0
1774356300000000,2161.66000000,2165.00000000,2160.27000000,2162.44000000,1534.46050000,1774357199999999,3318284.58828900,34776,796.90170000,1723387.73137500,0
1774357200000000,2162.43000000,2165.53000000,2151.37000000,2157.00000000,2836.21300000,1774358099999999,6117285.13253200,58924,1116.96630000,2409079.06983700,0
1774358100000000,2157.00000000,2159.01000000,2149.00000000,2150.48000000,2945.24360000,1774358999999999,6340237.43851900,52217,1309.37060000,2818653.72994700,0
1774359000000000,2150.49000000,2161.05000000,2135.65000000,2138.42000000,10367.82850000,1774359899999999,22258205.86282400,168646,4725.42920000,10147975.88100700,0
1774359900000000,2138.42000000,2144.57000000,2130.46000000,2138.38000000,8508.29530000,1774360799999999,18187007.37963000,138879,4144.52530000,8860486.37033300,0
1774360800000000,2138.37000000,2148.31000000,2126.00000000,2130.77000000,9170.68260000,1774361699999999,19607123.51337000,120342,4277.70620000,9145537.39117800,0
1774361700000000,2130.77000000,2136.72000000,2124.97000000,2133.88000000,5687.20990000,1774362599999999,12117439.49167900,111357,2980.05350000,6350157.02505100,0
1774362600000000,2133.87000000,2140.51000000,2129.15000000,2133.51000000,4255.12720000,1774363499999999,9082294.84260400,83775,1877.79340000,4008255.28548900,0
1774363500000000,2133.53000000,2142.73000000,2120.00000000,2133.98000000,13626.95780000,1774364399999999,29059905.70800900,170910,6379.21510000,13612988.29369600,0
1774364400000000,2133.98000000,2140.89000000,2132.20000000,2136.80000000,5766.60560000,1774365299999999,12323067.35859500,92173,2848.47750000,6087455.19057800,0
1774365300000000,2136.81000000,2147.74000000,2136.17000000,2138.86000000,4312.07200000,1774366199999999,9235447.21842000,67925,1908.04020000,4086279.76777400,0
1774366200000000,2138.85000000,2144.86000000,2131.50000000,2139.55000000,2930.20180000,1774367099999999,6265118.10107500,58156,1173.85350000,2510526.26517600,0
1774367100000000,2139.54000000,2142.31000000,2132.89000000,2135.15000000,2771.63750000,1774367999999999,5921504.23479300,41663,1370.83280000,2928175.09062900,0
1774368000000000,2135.15000000,2138.94000000,2132.84000000,2138.01000000,4131.71480000,1774368899999999,8825458.50261100,56303,2285.09960000,4880853.15480600,0
1774368900000000,2138.00000000,2140.57000000,2131.69000000,2135.35000000,2944.85670000,1774369799999999,6291269.34192700,44954,1285.53890000,2746358.67566300,0
1774369800000000,2135.35000000,2136.59000000,2120.90000000,2130.51000000,5697.29860000,1774370699999999,12117659.88333400,72060,2496.99120000,5309258.85851700,0
1774370700000000,2130.50000000,2131.78000000,2124.46000000,2127.20000000,2105.61060000,1774371599999999,4480536.97495800,39174,879.62620000,1871645.46037200,0
1774371600000000,2127.20000000,2128.70000000,2112.73000000,2117.34000000,9187.20840000,1774372499999999,19455882.41993300,93883,3690.44290000,7813382.16973200,0
1774372500000000,2117.33000000,2119.35000000,2111.92000000,2113.75000000,3501.01220000,1774373399999999,7404333.68545500,53814,1659.66530000,3510348.35902000,0
1774373400000000,2113.75000000,2116.19000000,2103.02000000,2104.37000000,7892.56430000,1774374299999999,16654723.57038100,72368,3416.42120000,7210360.66327100,0
1774374300000000,2104.37000000,2112.82000000,2103.37000000,2109.17000000,6154.54360000,1774375199999999,12973974.21035400,75796,2820.02730000,5944690.44041000,0
1774375200000000,2109.18000000,2112.26000000,2105.07000000,2111.30000000,3780.25750000,1774376099999999,7972784.58837700,45371,1771.90990000,3737446.81950600,0
1774376100000000,2111.30000000,2118.92000000,2109.44000000,2117.33000000,2826.98400000,1774376999999999,5977282.15587800,52120,1741.56310000,3682738.53247700,0
1774377000000000,2117.34000000,2127.90000000,2116.48000000,2120.38000000,3420.19690000,1774377899999999,7258656.69045700,62801,2064.74720000,4382966.15761900,0
1774377900000000,2120.38000000,2122.50000000,2117.95000000,2118.92000000,1345.09710000,1774378799999999,2851663.47513900,29196,714.44030000,1514816.42750600,0
1774378800000000,2118.92000000,2127.29000000,2118.92000000,2125.73000000,1643.01080000,1774379699999999,3489255.58311300,30098,794.78460000,1687804.71837300,0
1774379700000000,2125.73000000,2127.84000000,2119.78000000,2120.49000000,1469.89750000,1774380599999999,3122248.75813800,30257,574.97620000,1221801.26532300,0
1774380600000000,2120.48000000,2121.37000000,2116.12000000,2120.29000000,1783.14840000,1774381499999999,3778597.98734500,32392,835.88730000,1771425.00191900,0
1774381500000000,2120.28000000,2120.28000000,2114.37000000,2116.87000000,1671.37720000,1774382399999999,3537040.91919800,27424,710.35600000,1503332.66681200,0
1774382400000000,2116.86000000,2120.74000000,2115.63000000,2120.73000000,1432.15930000,1774383299999999,3032727.58026800,20757,739.28580000,1565761.30355500,0
1774383300000000,2120.73000000,2154.50000000,2120.48000000,2141.78000000,9135.42970000,1774384199999999,19551354.64550000,127659,5617.36580000,12020834.27694600,0
1774384200000000,2141.77000000,2152.00000000,2141.72000000,2149.21000000,6461.05820000,1774385099999999,13878507.59693500,88698,3609.98580000,7754437.56599100,0
1774385100000000,2149.22000000,2154.32000000,2143.14000000,2148.48000000,4453.22520000,1774385999999999,9570421.77695400,54808,2124.27580000,4565967.31071100,0
1774386000000000,2148.48000000,2150.81000000,2142.85000000,2144.09000000,1737.70560000,1774386899999999,3730962.20063100,25369,630.21400000,1353407.94758400,0
1774386900000000,2144.10000000,2145.90000000,2140.46000000,2144.61000000,1530.03370000,1774387799999999,3278415.22838500,21049,658.02180000,1410015.67199200,0
1774387800000000,2144.60000000,2151.80000000,2143.00000000,2148.02000000,2381.19460000,1774388699999999,5112669.57039700,27404,1244.23970000,2671583.50510200,0
1774388700000000,2148.01000000,2149.89000000,2144.83000000,2148.88000000,1389.80150000,1774389599999999,2984443.43076200,27581,703.78320000,1511189.22720000,0
1774389600000000,2148.89000000,2155.82000000,2145.07000000,2154.79000000,3077.18220000,1774390499999999,6620384.58887400,53103,1612.87660000,3470477.30731800,0
1774390500000000,2154.79000000,2154.79000000,2145.24000000,2146.41000000,2661.28650000,1774391399999999,5722017.11127900,34448,988.87150000,2125992.04366400,0
1774391400000000,2146.40000000,2147.40000000,2140.67000000,2144.03000000,1988.84760000,1774392299999999,4263659.15678700,23369,651.82830000,1397638.33517300,0
1774392300000000,2144.03000000,2147.60000000,2143.48000000,2145.61000000,1518.09230000,1774393199999999,3257133.58476100,18723,961.88990000,2063718.49168100,0
1774393200000000,2145.60000000,2152.28000000,2143.00000000,2150.31000000,1442.13870000,1774394099999999,3098080.18634700,23108,812.51290000,1745456.92660900,0
1774394100000000,2150.31000000,2160.45000000,2149.51000000,2159.45000000,3131.81440000,1774394999999999,6750890.99599000,38016,2000.35480000,4311859.19997600,0
1774395000000000,2159.45000000,2163.70000000,2159.45000000,2160.51000000,3522.73070000,1774395899999999,7615033.44384700,35580,1818.79310000,3931694.05323400,0
1774395900000000,2160.51000000,2161.17000000,2156.22000000,2156.23000000,1669.53250000,1774396799999999,3603446.30749800,19604,769.56560000,1660945.74212300,0
1774396800000000,2156.22000000,2160.90000000,2154.93000000,2160.25000000,2130.34840000,1774397699999999,4597862.26450800,32507,1263.31410000,2726776.06656500,0
1774397700000000,2160.26000000,2160.45000000,2153.37000000,2155.31000000,1541.62290000,1774398599999999,3323507.83909900,27214,649.50400000,1400277.78152700,0
1774398600000000,2155.32000000,2168.61000000,2146.35000000,2165.13000000,6806.68400000,1774399499999999,14694300.64421800,57199,4040.63860000,8729457.66603700,0
1774399500000000,2165.13000000,2168.63000000,2160.04000000,2161.77000000,3311.66290000,1774400399999999,7163680.94010200,31399,1566.95840000,3389706.21535900,0
1774400400000000,2161.76000000,2167.37000000,2158.12000000,2162.48000000,5145.92400000,1774401299999999,11127272.44003500,40829,2810.20780000,6076385.69961700,0
1774401300000000,2162.47000000,2163.13000000,2158.38000000,2160.82000000,1138.04290000,1774402199999999,2458520.60445700,26120,679.69490000,1468309.64930200,0
1774402200000000,2160.83000000,2165.17000000,2157.30000000,2161.70000000,1667.86950000,1774403099999999,3604616.00321300,32904,862.80240000,1864856.00392300,0
1774403100000000,2161.70000000,2162.66000000,2156.94000000,2156.94000000,1092.04190000,1774403999999999,2359493.21047300,20263,554.21930000,1197586.70020300,0
1774404000000000,2156.95000000,2158.17000000,2154.11000000,2154.46000000,1783.53330000,1774404899999999,3844714.46781500,28425,1006.32190000,2169339.95128700,0
1774404900000000,2154.46000000,2158.45000000,2153.58000000,2156.23000000,1565.66730000,1774405799999999,3374918.58262800,24770,961.16100000,2071847.94990100,0
1774405800000000,2156.22000000,2161.21000000,2154.97000000,2160.03000000,1401.29170000,1774406699999999,3025655.86341000,24384,937.75590000,2024853.21103300,0
1774406700000000,2160.03000000,2161.50000000,2154.69000000,2155.50000000,1346.30570000,1774407599999999,2903293.72021800,19535,783.66860000,1689835.81984700,0
1774407600000000,2155.51000000,2156.26000000,2148.93000000,2151.82000000,1690.31380000,1774408499999999,3638987.53653400,22194,686.39290000,1478063.46052400,0
1774408500000000,2151.82000000,2153.04000000,2147.00000000,2152.63000000,1733.15080000,1774409399999999,3725371.25787400,19042,613.95300000,1319864.15142300,0
1774409400000000,2152.63000000,2159.63000000,2152.63000000,2157.68000000,1252.46000000,1774410299999999,2700946.05775800,20951,741.24840000,1598396.35257000,0
1774410300000000,2157.68000000,2160.53000000,2156.97000000,2158.54000000,1621.64080000,1774411199999999,3501008.25202900,18181,900.95620000,1945132.92378800,0
1774411200000000,2158.53000000,2163.87000000,2156.83000000,2162.62000000,1667.01020000,1774412099999999,3603142.71705800,21610,915.85940000,1979511.48966400,0
1774412100000000,2162.61000000,2164.68000000,2160.06000000,2163.67000000,1131.19100000,1774412999999999,2445515.46832600,17955,667.80240000,1443725.68432400,0
1774413000000000,2163.68000000,2164.52000000,2160.29000000,2160.72000000,1139.20910000,1774413899999999,2463129.24409900,15035,383.66450000,829429.49477400,0
1774413900000000,2160.72000000,2167.75000000,2160.00000000,2166.32000000,1314.29780000,1774414799999999,2843228.04478200,18043,796.05800000,1722354.32877100,0
1774414800000000,2166.31000000,2179.73000000,2164.46000000,2174.52000000,6975.03730000,1774415699999999,15160322.10088400,66562,4352.86050000,9462257.20201600,0
1774415700000000,2174.51000000,2174.56000000,2169.53000000,2172.01000000,1973.65180000,1774416599999999,4286108.15037000,18662,840.35790000,1824901.81894500,0
1774416600000000,2172.01000000,2173.81000000,2169.73000000,2173.13000000,1985.82970000,1774417499999999,4312997.56589000,20045,875.81630000,1902107.25725900,0
1774417500000000,2173.12000000,2173.41000000,2168.47000000,2169.03000000,4546.90130000,1774418399999999,9875885.14411400,16950,1039.48320000,2257127.62530600,0
1774418400000000,2169.03000000,2170.28000000,2163.46000000,2165.55000000,2037.31930000,1774419299999999,4414684.40878200,20925,682.34890000,1478415.57173100,0
1774419300000000,2165.55000000,2172.50000000,2164.90000000,2172.27000000,1762.17460000,1774420199999999,3823641.06217800,21173,1066.91530000,2315044.93101500,0
1774420200000000,2172.27000000,2172.84000000,2170.20000000,2171.00000000,2762.98720000,1774421099999999,6000332.47328100,22596,1506.23780000,3271079.47635800,0
1774421100000000,2171.00000000,2173.19000000,2163.43000000,2163.81000000,2672.38640000,1774421999999999,5794338.59352700,20251,819.47170000,1777663.82341800,0
1774422000000000,2163.82000000,2172.43000000,2163.25000000,2172.17000000,2230.98530000,1774422899999999,4834579.29495100,22796,1416.97420000,3070987.08451500,0
1774422900000000,2172.17000000,2172.20000000,2168.00000000,2168.06000000,1550.46400000,1774423799999999,3364379.98100200,17416,835.37540000,1812679.38729900,0
1774423800000000,2168.06000000,2177.49000000,2168.06000000,2170.53000000,1735.72970000,1774424699999999,3772087.30451100,25410,867.94430000,1886290.31000300,0
1774424700000000,2170.49000000,2170.67000000,2159.81000000,2164.57000000,3452.24510000,1774425599999999,7472647.46720200,21089,1237.90360000,2679734.29210700,0
1774425600000000,2164.57000000,2170.73000000,2164.57000000,2164.88000000,2641.80910000,1774426499999999,5725640.26763400,25113,988.21180000,2141864.01038600,0
1774426500000000,2164.89000000,2185.00000000,2164.89000000,2179.78000000,5072.09580000,1774427399999999,11042547.60029000,41409,3591.70320000,7818678.32083800,0
1774427400000000,2179.77000000,2191.93000000,2179.29000000,2183.76000000,10173.79440000,1774428299999999,22237151.04688600,76611,6268.63180000,13705001.50571800,0
1774428300000000,2183.75000000,2183.75000000,2175.52000000,2176.64000000,2440.90450000,1774429199999999,5319070.68111800,26730,1048.85140000,2285261.79885500,0
1774429200000000,2176.64000000,2181.28000000,2175.16000000,2179.84000000,1957.17370000,1774430099999999,4264277.92841500,31242,1014.96670000,2211135.52937400,0
1774430100000000,2179.84000000,2184.07000000,2177.40000000,2181.06000000,2283.27900000,1774430999999999,4980033.80423200,27545,1175.49650000,2563864.25233600,0
1774431000000000,2181.07000000,2183.54000000,2180.60000000,2180.79000000,1045.70400000,1774431899999999,2281841.11112500,20770,481.70690000,1051177.37535300,0
1774431900000000,2180.80000000,2188.90000000,2175.55000000,2186.64000000,2753.66670000,1774432799999999,6011352.01663500,35796,1724.98450000,3766944.84776200,0
1774432800000000,2186.64000000,2189.04000000,2183.07000000,2186.18000000,2179.94240000,1774433699999999,4765523.22037600,32031,1165.65670000,2548383.36544900,0
1774433700000000,2186.17000000,2188.00000000,2184.01000000,2184.30000000,1512.87570000,1774434599999999,3306777.68472500,20446,678.88960000,1483959.88313800,0
1774434600000000,2184.37000000,2185.44000000,2181.24000000,2182.51000000,1943.57160000,1774435499999999,4243258.20543700,24209,817.51080000,1784898.29236900,0
1774435500000000,2182.51000000,2187.37000000,2182.51000000,2185.27000000,1761.37350000,1774436399999999,3849837.91118500,24895,884.42280000,1933060.08817100,0
1774436400000000,2185.26000000,2187.02000000,2183.22000000,2187.02000000,1161.85620000,1774437299999999,2539025.47540500,22060,707.23290000,1545620.22572400,0
1774437300000000,2187.02000000,2194.73000000,2187.01000000,2193.16000000,5571.44820000,1774438199999999,12209919.39908400,48295,3379.26130000,7405119.10293600,0
1774438200000000,2193.16000000,2199.02000000,2190.68000000,2191.38000000,9098.43210000,1774439099999999,19979471.95812100,58483,5366.86690000,11784877.56537900,0
1774439100000000,2191.37000000,2191.38000000,2179.48000000,2186.41000000,5169.09130000,1774439999999999,11294728.60615900,46665,2061.40340000,4505013.85956100,0
1774440000000000,2186.41000000,2193.59000000,2186.41000000,2190.87000000,2644.66760000,1774440899999999,5793955.43804100,28851,1180.04750000,2584714.26320400,0
1774440900000000,2190.87000000,2191.67000000,2167.59000000,2171.94000000,9470.40350000,1774441799999999,20593705.80206300,121301,4112.64800000,8941279.35961400,0
1774441800000000,2171.94000000,2177.59000000,2165.02000000,2172.00000000,5579.69620000,1774442699999999,12118703.52973300,70877,2560.11840000,5563011.78087100,0
1774442700000000,2172.01000000,2195.09000000,2170.02000000,2183.31000000,7418.30210000,1774443599999999,16177946.86641000,70414,3721.68240000,8121768.24552700,0
1774443600000000,2183.31000000,2188.88000000,2179.71000000,2184.61000000,4193.45900000,1774444499999999,9161890.97273800,55316,2563.89070000,5602714.42050100,0
1774444500000000,2184.60000000,2186.32000000,2181.00000000,2182.48000000,2135.15390000,1774445399999999,4660502.70611000,27441,531.86360000,1161020.95125700,0
1774445400000000,2182.48000000,2198.16000000,2182.26000000,2188.89000000,7901.95690000,1774446299999999,17321214.94459900,125118,4373.39770000,9586671.25785000,0
1774446300000000,2188.88000000,2192.94000000,2182.00000000,2184.37000000,3013.88850000,1774447199999999,6593431.10300900,80025,1264.33050000,2766362.08077400,0
1774447200000000,2184.38000000,2188.02000000,2176.11000000,2178.85000000,5293.83630000,1774448099999999,11543512.21308800,94031,2296.56580000,5008255.93370200,0
1774448100000000,2178.86000000,2184.21000000,2175.36000000,2180.03000000,3763.35700000,1774448999999999,8205838.41874100,72008,1628.66240000,3551134.71499900,0
1774449000000000,2180.04000000,2186.24000000,2177.83000000,2178.70000000,2406.49920000,1774449899999999,5249530.25596600,55259,1074.19520000,2343122.18946800,0
1774449900000000,2178.69000000,2180.61000000,2173.19000000,2174.14000000,2820.52890000,1774450799999999,6140342.87543200,48205,1272.73720000,2771139.65152800,0
1774450800000000,2174.14000000,2176.90000000,2157.99000000,2161.02000000,6634.77750000,1774451699999999,14371202.33110900,91634,2419.22030000,5242886.91525300,0
1774451700000000,2161.02000000,2166.85000000,2147.67000000,2166.02000000,8139.67800000,1774452599999999,17556368.38277700,102439,3821.03400000,8246789.00700600,0
1774452600000000,2166.02000000,2167.82000000,2157.43000000,2161.98000000,3021.36530000,1774453499999999,6532706.66202200,55911,1226.24450000,2651849.49592100,0
1774453500000000,2161.97000000,2165.78000000,2159.31000000,2162.56000000,2172.27590000,1774454399999999,4698420.48500300,45696,1204.28610000,2604677.90903500,0
1774454400000000,2162.56000000,2164.00000000,2155.93000000,2160.20000000,4715.35200000,1774455299999999,10185538.60921100,46046,3011.03560000,6503868.98798100,0
1774455300000000,2160.19000000,2186.85000000,2158.30000000,2175.51000000,9589.28610000,1774456199999999,20839615.80161400,100466,5297.64080000,11516377.28719400,0
1774456200000000,2175.51000000,2182.35000000,2170.99000000,2177.94000000,5479.48680000,1774457099999999,11928250.27692400,67690,3083.19680000,6712318.38461400,0
1774457100000000,2177.94000000,2178.30000000,2171.36000000,2173.83000000,2130.20930000,1774457999999999,4631940.82781300,43608,961.80420000,2091335.45129300,0
1774458000000000,2173.83000000,2176.24000000,2168.33000000,2170.84000000,1918.97660000,1774458899999999,4167823.21656500,41887,740.71920000,1609316.47542700,0
1774458900000000,2170.84000000,2174.18000000,2165.04000000,2168.65000000,2004.45630000,1774459799999999,4347713.42117700,37069,971.70090000,2107888.53523200,0
1774459800000000,2168.64000000,2169.15000000,2162.45000000,2165.23000000,2178.06470000,1774460699999999,4716726.87798800,43519,985.26480000,2133815.22647300,0
1774460700000000,2165.23000000,2167.72000000,2160.66000000,2164.10000000,2757.34670000,1774461599999999,5966094.03594000,44981,1331.88650000,2881507.76852300,0
1774461600000000,2164.10000000,2169.47000000,2162.99000000,2168.49000000,1990.18670000,1774462499999999,4311307.68335500,32823,1013.02740000,2194261.58409000,0
1774462500000000,2168.50000000,2173.35000000,2168.34000000,2169.53000000,1630.94110000,1774463399999999,3540708.51699000,29471,898.40030000,1950455.35832300,0
1774463400000000,2169.53000000,2170.81000000,2163.00000000,2163.99000000,1905.52380000,1774464299999999,4126402.24444100,26204,1053.00520000,2280341.34790600,0
1774464300000000,2163.99000000,2168.03000000,2157.85000000,2162.38000000,1852.04560000,1774465199999999,4005167.64832100,35219,888.19180000,1920967.10637900,0
1774465200000000,2162.37000000,2169.50000000,2159.48000000,2169.28000000,3105.20300000,1774466099999999,6724064.92939500,46600,2003.02130000,4337724.09088400,0
1774466100000000,2169.28000000,2173.48000000,2168.58000000,2170.94000000,2009.98550000,1774466999999999,4362340.05116900,28220,1147.08540000,2489540.12956400,0
1774467000000000,2170.93000000,2176.38000000,2169.19000000,2171.74000000,1533.64770000,1774467899999999,3332036.29950100,30216,967.17960000,2101352.34431200,0
1774467900000000,2171.74000000,2174.94000000,2167.92000000,2172.69000000,1312.79530000,1774468799999999,2850706.35583900,30289,760.25640000,1650824.69796400,0
1774468800000000,2172.68000000,2173.03000000,2165.19000000,2165.96000000,1121.27780000,1774469699999999,2430631.17975700,16150,414.73020000,898820.88060900,0
1774469700000000,2165.96000000,2168.30000000,2159.42000000,2161.38000000,1426.23220000,1774470599999999,3084732.27639900,15544,377.43970000,816615.88119200,0
1774470600000000,2161.38000000,2165.84000000,2160.67000000,2165.84000000,641.37580000,1774471499999999,1387545.62265300,12272,442.59530000,957598.98461700,0
1774471500000000,2165.84000000,2167.51000000,2164.59000000,2166.49000000,784.67040000,1774472399999999,1699956.84228900,11579,323.22520000,700317.41927000,0
1774472400000000,2166.49000000,2169.14000000,2164.68000000,2169.13000000,781.35640000,1774473299999999,1693302.58141300,10819,490.28750000,1062499.32820300,0
1774473300000000,2169.14000000,2169.53000000,2161.79000000,2164.01000000,1110.92620000,1774474199999999,2405377.04733600,13995,377.21990000,816906.45401000,0
1774474200000000,2164.01000000,2165.58000000,2163.05000000,2163.67000000,690.39840000,1774475099999999,1494249.62315100,9790,338.75140000,733174.23620900,0
1774475100000000,2163.68000000,2165.06000000,2162.24000000,2164.04000000,745.90120000,1774475999999999,1613667.48219300,11666,329.25290000,712312.27215900,0
1774476000000000,2164.05000000,2167.53000000,2161.89000000,2163.21000000,905.63800000,1774476899999999,1960358.64235900,22630,372.47700000,806250.47412100,0
1774476900000000,2163.21000000,2166.03000000,2161.87000000,2163.93000000,801.18860000,1774477799999999,1733752.09340800,16874,310.47260000,671924.63589300,0
1774477800000000,2163.93000000,2183.50000000,2163.55000000,2175.17000000,5675.03920000,1774478699999999,12346551.78744300,51894,3699.36040000,8048180.68599000,0
1774478700000000,2175.16000000,2177.35000000,2173.06000000,2174.53000000,762.02400000,1774479599999999,1657573.35816300,18194,299.35400000,651111.80200700,0
1774479600000000,2174.54000000,2177.14000000,2173.01000000,2173.44000000,1188.37130000,1774480499999999,2585077.43028600,16759,416.59030000,906282.48123600,0
1774480500000000,2173.43000000,2174.67000000,2170.07000000,2173.15000000,1400.19000000,1774481399999999,3041509.23968300,17982,560.62560000,1217773.23733400,0
1774481400000000,2173.15000000,2173.31000000,2165.13000000,2166.01000000,2243.02650000,1774482299999999,4865808.74160400,24020,625.22970000,1356578.01996900,0
1774482300000000,2166.01000000,2170.07000000,2164.74000000,2169.02000000,1707.55860000,1774483199999999,3701251.81437000,18384,541.86450000,1174577.33702400,0
1774483200000000,2169.02000000,2170.13000000,2165.00000000,2166.84000000,2633.49790000,1774484099999999,5710198.84845300,22328,913.52070000,1980319.19834900,0
1774484100000000,2166.85000000,2170.94000000,2164.47000000,2166.14000000,1860.25990000,1774484999999999,4031258.99990000,28135,702.93220000,1523408.09414900,0
1774485000000000,2166.14000000,2169.49000000,2165.15000000,2168.00000000,1223.32940000,1774485899999999,2651656.79030900,18827,549.72500000,1191445.49904200,0
1774485900000000,2167.99000000,2172.19000000,2162.53000000,2166.69000000,1656.47420000,1774486799999999,3589638.12535500,27500,816.51650000,1769877.24953800,0
1774486800000000,2166.69000000,2169.27000000,2162.30000000,2163.72000000,2641.52510000,1774487699999999,5718085.29606000,24704,1370.41670000,2966421.29777100,0
1774487700000000,2163.71000000,2168.61000000,2160.00000000,2166.84000000,1578.15670000,1774488599999999,3414953.99675000,23520,749.78490000,1622439.59091700,0
1774488600000000,2166.85000000,2169.01000000,2164.47000000,2164.72000000,789.54490000,1774489499999999,1710820.67492600,20049,350.00150000,758437.01584400,0
1774489500000000,2164.71000000,2166.41000000,2162.49000000,2164.84000000,701.78920000,1774490399999999,1518908.60622200,15031,279.73450000,605431.45724200,0
1774490400000000,2164.83000000,2165.79000000,2158.33000000,2159.87000000,1970.10960000,1774491299999999,4256960.11923900,24438,634.65670000,1371481.13455500,0
1774491300000000,2159.86000000,2160.00000000,2152.58000000,2154.16000000,2082.18490000,1774492199999999,4488243.79465800,30244,799.64560000,1723737.91920900,0
1774492200000000,2154.16000000,2154.50000000,2144.05000000,2149.29000000,3399.39700000,1774493099999999,7301645.28465600,42805,1145.37070000,2459541.54607500,0
1774493100000000,2149.28000000,2150.70000000,2147.25000000,2149.97000000,1843.84940000,1774493999999999,3963128.78167700,18856,1313.01270000,2822151.63297800,0
1774494000000000,2149.96000000,2155.56000000,2144.65000000,2155.52000000,2578.60930000,1774494899999999,5541572.63660700,28587,1457.92770000,3133501.57534100,0
1774494900000000,2155.52000000,2155.52000000,2145.66000000,2147.84000000,2114.73370000,1774495799999999,4545348.46937900,27811,1014.49340000,2181051.83579800,0
1774495800000000,2147.84000000,2153.65000000,2147.81000000,2152.37000000,1108.62420000,1774496699999999,2384670.51236500,20195,501.02120000,1077582.00194300,0
1774496700000000,2152.36000000,2154.32000000,2150.15000000,2153.21000000,1344.57300000,1774497599999999,2893377.30111500,11602,248.25700000,534284.93171600,0
1774497600000000,2153.22000000,2153.63000000,2148.05000000,2148.69000000,940.74030000,1774498499999999,2023139.15256100,16567,427.00090000,918312.99948800,0
1774498500000000,2148.70000000,2153.06000000,2147.90000000,2152.73000000,685.89370000,1774499399999999,1474727.88728800,13111,462.09530000,993491.10282700,0
1774499400000000,2152.73000000,2154.04000000,2151.30000000,2152.21000000,1197.29320000,1774500299999999,2577449.86789900,13446,438.36430000,943655.43898000,0
1774500300000000,2152.21000000,2154.58000000,2148.78000000,2149.71000000,1047.12120000,1774501199999999,2252803.34479000,12289,321.26530000,691173.74077100,0
1774501200000000,2149.71000000,2150.90000000,2137.56000000,2140.83000000,4953.85150000,1774502099999999,10612617.48901500,41881,1850.89630000,3965223.86294000,0
1774502100000000,2140.82000000,2143.15000000,2137.58000000,2142.44000000,1407.44410000,1774502999999999,3013119.50493800,24095,741.53230000,1587572.58278600,0
1774503000000000,2142.44000000,2144.78000000,2126.50000000,2130.26000000,5884.43750000,1774503899999999,12558050.63442400,40020,1845.73990000,3939546.02844400,0
1774503900000000,2130.26000000,2130.90000000,2113.63000000,2119.55000000,10465.01700000,1774504799999999,22204418.15324200,83101,4068.42910000,8632999.97933900,0
1774504800000000,2119.54000000,2121.64000000,2112.17000000,2121.07000000,3562.16200000,1774505699999999,7542255.30168000,51787,1731.42090000,3666514.76115900,0
1774505700000000,2121.08000000,2125.01000000,2117.67000000,2122.82000000,2748.81250000,1774506599999999,5832182.89554300,37516,1318.91920000,2798509.29333100,0
1774506600000000,2122.81000000,2124.56000000,2119.79000000,2120.00000000,1463.85660000,1774507499999999,3105815.60497100,25331,669.65980000,1420954.32294200,0
1774507500000000,2120.00000000,2123.33000000,2118.42000000,2121.86000000,1747.31010000,1774508399999999,3706414.96406200,21003,798.89670000,1694993.45389600,0
1774508400000000,2121.86000000,2124.69000000,2119.79000000,2120.11000000,3153.85720000,1774509299999999,6690952.34103700,35331,1552.80770000,3294410.17074000,0
1774509300000000,2120.11000000,2122.50000000,2115.00000000,2117.65000000,5370.58750000,1774510199999999,11381274.46764300,46927,2207.92040000,4679101.32033300,0
1774510200000000,2117.66000000,2122.69000000,2112.87000000,2120.72000000,2601.88980000,1774511099999999,5510504.68927200,36303,1096.33320000,2322835.27890900,0
1774511100000000,2120.73000000,2124.78000000,2120.63000000,2123.64000000,1984.49640000,1774511999999999,4213051.69294000,12844,1462.44360000,3104903.99644000,0
1774512000000000,2123.64000000,2126.89000000,2116.78000000,2117.45000000,3202.82470000,1774512899999999,6797612.49474600,25633,1647.16900000,3496096.49870800,0
1774512900000000,2117.45000000,2120.50000000,2114.22000000,2115.80000000,2816.61860000,1774513799999999,5963861.06159600,32449,1444.23230000,3058258.16237500,0
1774513800000000,2115.80000000,2118.73000000,2114.46000000,2116.34000000,1806.78130000,1774514699999999,3823641.80891500,26012,959.89990000,2031409.11346900,0
1774514700000000,2116.34000000,2121.60000000,2115.67000000,2119.64000000,1820.56070000,1774515599999999,3857783.98154300,31987,972.10370000,2059833.65589900,0
1774515600000000,2119.65000000,2121.87000000,2116.33000000,2118.80000000,1773.36290000,1774516499999999,3758619.78174400,31655,1081.46330000,2292168.38038500,0
1774516500000000,2118.79000000,2118.80000000,2115.10000000,2116.90000000,880.64050000,1774517399999999,1864172.63476400,22789,416.79010000,882244.17955200,0
1774517400000000,2116.89000000,2116.89000000,2074.96000000,2084.09000000,28107.62200000,1774518299999999,58704723.75627500,182718,13796.98610000,28786835.48076900,0
1774518300000000,2084.08000000,2084.46000000,2077.24000000,2082.64000000,4813.77720000,1774519199999999,10020618.19984400,49666,2548.13310000,5305472.29491100,0
1774519200000000,2082.63000000,2082.63000000,2072.73000000,2077.20000000,6522.97670000,1774520099999999,13552901.45221200,51487,3720.77390000,7731279.31888700,0
1774520100000000,2077.20000000,2083.89000000,2077.20000000,2083.02000000,2551.83830000,1774520999999999,5311410.50233200,30647,1511.14260000,3145224.79322600,0
1774521000000000,2083.01000000,2083.38000000,2074.68000000,2076.97000000,3282.86870000,1774521899999999,6823344.65208100,44250,1588.99920000,3302745.45905900,0
1774521900000000,2076.96000000,2078.73000000,2076.36000000,2078.65000000,1324.39360000,1774522799999999,2751938.86187500,26599,600.42600000,1247584.15496500,0
1774522800000000,2078.65000000,2081.41000000,2062.94000000,2071.43000000,7445.82560000,1774523699999999,15421539.66190200,54867,3049.30110000,6313923.69235300,0
1774523700000000,2071.43000000,2073.25000000,2064.62000000,2068.29000000,4857.68130000,1774524599999999,10050212.58468500,49163,2699.88900000,5586758.13689100,0
1774524600000000,2068.29000000,2073.84000000,2067.87000000,2071.19000000,2989.16090000,1774525499999999,6190850.03289900,36337,1634.80280000,3385533.72045600,0
1774525500000000,2071.19000000,2073.62000000,2067.69000000,2068.44000000,2279.77040000,1774526399999999,4720359.10583000,23996,1078.06270000,2232164.60320600,0
1774526400000000,2068.45000000,2072.82000000,2066.12000000,2071.79000000,5141.57470000,1774527299999999,10637200.70911200,37892,3360.95330000,6952742.99576000,0
1774527300000000,2071.79000000,2073.04000000,2070.62000000,2071.74000000,2211.57520000,1774528199999999,4582398.00839500,23295,1101.71130000,2282718.72445700,0
1774528200000000,2071.74000000,2074.26000000,2066.74000000,2072.01000000,4100.99800000,1774529099999999,8492994.02577800,38979,2364.15400000,4896316.00561300,0
1774529100000000,2072.01000000,2075.66000000,2071.42000000,2073.60000000,3445.47840000,1774529999999999,7144900.05084300,24471,2354.55710000,4882894.77584300,0
1774530000000000,2073.60000000,2079.70000000,2072.42000000,2079.17000000,3352.71330000,1774530899999999,6962587.00330700,43143,1902.70970000,3951261.20114800,0
1774530900000000,2079.17000000,2080.70000000,2075.97000000,2076.65000000,3344.86280000,1774531799999999,6952842.73017700,32610,2103.97100000,4373548.65731900,0
1774531800000000,2076.64000000,2083.48000000,2069.46000000,2083.48000000,4972.73510000,1774532699999999,10318387.01579700,106624,2611.12100000,5419197.62214700,0
1774532700000000,2083.49000000,2093.79000000,2077.44000000,2081.22000000,11070.40680000,1774533599999999,23105711.87489700,128442,5882.69770000,12281152.89066800,0
1774533600000000,2081.22000000,2085.84000000,2076.46000000,2079.67000000,4166.03600000,1774534499999999,8666118.99594400,67669,2098.04940000,4364188.25370400,0
1774534500000000,2079.68000000,2082.01000000,2072.52000000,2075.83000000,2974.87710000,1774535399999999,6177046.04309900,58391,1364.77430000,2834274.95621100,0
1774535400000000,2075.84000000,2084.78000000,2075.83000000,2077.37000000,3179.15110000,1774536299999999,6613069.37008100,68266,1584.83010000,3297063.70565100,0
1774536300000000,2077.36000000,2078.68000000,2067.25000000,2076.27000000,4854.33050000,1774537199999999,10065643.15067600,78450,2650.12740000,5495808.77603900,0
1774537200000000,2076.28000000,2076.72000000,2058.15000000,2059.19000000,6130.00280000,1774538099999999,12666548.12253800,92283,2159.33290000,4462697.13785700,0
1774538100000000,2059.19000000,2068.28000000,2052.01000000,2065.62000000,8382.98900000,1774538999999999,17282064.66657500,94873,4620.69810000,9527311.86284200,0
1774539000000000,2065.62000000,2067.37000000,2062.49000000,2064.09000000,2403.73500000,1774539899999999,4962297.24368600,49290,1315.46370000,2715493.29818700,0
1774539900000000,2064.10000000,2075.50000000,2063.36000000,2070.40000000,4527.55600000,1774540799999999,9375004.03634800,59024,2565.56940000,5313267.00745400,0
1774540800000000,2070.40000000,2070.95000000,2066.48000000,2069.93000000,2505.66190000,1774541699999999,5183488.93227200,36866,1305.74200000,2701084.90889600,0
1774541700000000,2069.93000000,2070.23000000,2063.99000000,2064.70000000,3188.71720000,1774542599999999,6590624.76444900,46770,1436.76720000,2969196.98680700,0
1774542600000000,2064.69000000,2068.29000000,2063.10000000,2065.64000000,2937.60580000,1774543499999999,6066049.84957900,38840,1479.62990000,3055391.12722100,0
1774543500000000,2065.64000000,2066.47000000,2059.94000000,2060.90000000,2417.59860000,1774544399999999,4986568.68449700,30685,856.98770000,1767498.97941400,0
1774544400000000,2060.90000000,2067.00000000,2060.04000000,2063.02000000,2854.97080000,1774545299999999,5892769.18355600,37306,1724.29460000,3558911.35654900,0
1774545300000000,2063.03000000,2068.38000000,2063.00000000,2068.37000000,1617.48730000,1774546199999999,3341651.12001700,28894,881.63690000,1821396.38738300,0
1774546200000000,2068.38000000,2070.51000000,2066.18000000,2066.94000000,1938.73770000,1774547099999999,4009806.47936800,25970,1150.20950000,2378995.34236600,0
1774547100000000,2066.93000000,2067.13000000,2045.17000000,2049.41000000,19648.22880000,1774547999999999,40330652.44313700,91680,11294.68330000,23179769.35311800,0
1774548000000000,2049.41000000,2055.83000000,2044.02000000,2051.01000000,4810.52030000,1774548899999999,9860996.27822100,78055,2880.00290000,5904789.20985400,0
1774548900000000,2051.00000000,2051.24000000,2034.54000000,2037.47000000,9000.08310000,1774549799999999,18372726.19897900,89897,4780.52780000,9759068.95582100,0
1774549800000000,2037.48000000,2043.32000000,2037.17000000,2042.34000000,2837.55370000,1774550699999999,5791908.16947200,45930,1370.54750000,2797446.35772500,0
1774550700000000,2042.33000000,2047.34000000,2041.31000000,2047.17000000,2034.63720000,1774551599999999,4160456.22841800,30821,1273.06350000,2603262.25087300,0
1774551600000000,2047.18000000,2047.47000000,2040.75000000,2043.39000000,1997.94050000,1774552499999999,4084534.31296500,27676,1297.84490000,2653433.40106700,0
1774552500000000,2043.39000000,2047.61000000,2040.37000000,2042.16000000,1970.38110000,1774553399999999,4029236.08104000,30444,1265.82450000,2588867.85155200,0
1774553400000000,2042.16000000,2052.50000000,2039.59000000,2051.56000000,3291.08540000,1774554299999999,6737409.51383100,40787,2279.08370000,4666927.21670900,0
1774554300000000,2051.56000000,2054.00000000,2047.26000000,2049.12000000,2493.98810000,1774555199999999,5115163.24055500,34201,1356.78260000,2783583.60614500,0
1774555200000000,2049.11000000,2080.42000000,2046.54000000,2072.01000000,14958.23460000,1774556099999999,30975063.40137600,110111,8782.05930000,18183191.14375200,0
1774556100000000,2072.01000000,2078.18000000,2066.50000000,2068.63000000,3908.09940000,1774556999999999,8096466.22103200,79816,2043.44520000,4234804.48646400,0
1774557000000000,2068.64000000,2073.36000000,2068.64000000,2071.54000000,1569.46840000,1774557899999999,3250001.34727800,30693,908.86060000,1882202.61080000,0
1774557900000000,2071.55000000,2071.67000000,2062.57000000,2064.89000000,1579.58580000,1774558799999999,3263296.74609300,23450,756.78620000,1563274.61664500,0
1774558800000000,2064.89000000,2066.61000000,2060.29000000,2065.70000000,1954.62240000,1774559699999999,4032679.75008600,22147,815.17540000,1681694.19459400,0
1774559700000000,2065.70000000,2077.84000000,2064.71000000,2073.60000000,3002.13640000,1774560599999999,6219539.74473900,26280,1902.01710000,3940080.60183700,0
1774560600000000,2073.60000000,2075.01000000,2069.70000000,2070.79000000,2095.73860000,1774561499999999,4341981.11729500,15668,683.08730000,1415023.23425500,0
1774561500000000,2070.79000000,2071.28000000,2068.37000000,2068.37000000,989.55760000,1774562399999999,2048222.42351100,18993,458.31800000,948589.68716300,0
1774562400000000,2068.38000000,2072.91000000,2066.81000000,2069.11000000,1495.52180000,1774563299999999,3095114.27217700,40475,712.13330000,1473811.90319800,0
1774563300000000,2069.12000000,2069.78000000,2054.88000000,2062.56000000,3260.69070000,1774564199999999,6723822.80181700,42145,1351.77730000,2787330.93217800,0
1774564200000000,2062.56000000,2065.29000000,2058.86000000,2064.69000000,1315.82330000,1774565099999999,2713839.91823400,30971,727.88630000,1501425.76262900,0
1774565100000000,2064.69000000,2065.89000000,2062.65000000,2065.88000000,1284.92660000,1774565999999999,2652947.34707700,19153,768.33490000,1586423.26102000,0
1774566000000000,2065.89000000,2069.60000000,2062.04000000,2063.33000000,1447.92190000,1774566899999999,2991985.42714900,25752,809.69070000,1673126.59302400,0
1774566900000000,2063.34000000,2065.97000000,2058.70000000,2061.84000000,1234.83990000,1774567799999999,2545373.29623900,27915,502.38750000,1035586.00224100,0
1774567800000000,2061.83000000,2062.17000000,2056.35000000,2059.45000000,2314.85750000,1774568699999999,4767424.21294500,27354,773.87110000,1593760.69135500,0
1774568700000000,2059.45000000,2062.00000000,2058.70000000,2060.43000000,576.24720000,1774569599999999,1187311.61405800,14861,327.11760000,674027.31092100,0
1774569600000000,2060.43000000,2067.50000000,2058.13000000,2066.63000000,1946.33140000,1774570499999999,4015451.97116700,31283,1220.85970000,2519117.44132800,0
1774570500000000,2066.62000000,2067.66000000,2059.42000000,2060.39000000,1180.82630000,1774571399999999,2436450.22515000,36440,529.21790000,1092157.70285700,0
1774571400000000,2060.40000000,2065.97000000,2056.80000000,2062.49000000,1935.98970000,1774572299999999,3989643.35724700,36788,1364.43450000,2811877.39918700,0
1774572300000000,2062.49000000,2066.50000000,2059.68000000,2065.03000000,899.94390000,1774573199999999,1857057.90258300,24476,418.65230000,863952.00065300,0
1774573200000000,2065.03000000,2070.72000000,2063.33000000,2069.17000000,2605.42650000,1774574099999999,5386632.59181700,28602,1499.82980000,3101436.81952000,0
1774574100000000,2069.18000000,2072.41000000,2067.59000000,2071.57000000,1666.65410000,1774574999999999,3450917.73327900,23947,845.06990000,1749718.14690400,0
1774575000000000,2071.57000000,2073.46000000,2068.40000000,2070.89000000,661.23470000,1774575899999999,1369114.10283800,19188,321.97370000,666752.82197800,0
1774575900000000,2070.90000000,2074.59000000,2069.14000000,2074.20000000,1531.16710000,1774576799999999,3172178.59354500,21519,777.02520000,1610366.15401300,0
1774576800000000,2074.20000000,2077.19000000,2073.04000000,2073.05000000,1875.43090000,1774577699999999,3891931.35619700,28434,798.54610000,1657294.02735400,0
1774577700000000,2073.04000000,2073.27000000,2070.53000000,2073.16000000,791.52640000,1774578599999999,1639973.80634900,17024,458.32850000,949598.65318500,0
1774578600000000,2073.17000000,2075.97000000,2067.95000000,2069.50000000,820.34160000,1774579499999999,1699448.64616100,15692,301.71620000,625168.99379300,0
1774579500000000,2069.51000000,2070.77000000,2067.45000000,2068.28000000,608.60930000,1774580399999999,1259361.40285500,11005,316.35200000,654704.15205800,0
1774580400000000,2068.28000000,2069.20000000,2059.52000000,2061.88000000,2352.82710000,1774581299999999,4854141.70135700,24757,605.24890000,1248878.54756500,0
1774581300000000,2061.89000000,2064.35000000,2060.00000000,2063.45000000,793.50560000,1774582199999999,1636346.37242000,15562,381.31200000,786306.60393800,0
1774582200000000,2063.46000000,2065.64000000,2059.33000000,2063.40000000,1641.03300000,1774583099999999,3386134.50302100,17632,680.42970000,1403867.36637300,0
1774583100000000,2063.40000000,2063.40000000,2060.56000000,2061.48000000,1432.47660000,1774583999999999,2953410.04215000,13759,735.61370000,1516862.07154200,0
1774584000000000,2061.49000000,2062.01000000,2043.49000000,2046.73000000,7978.39020000,1774584899999999,16352083.50650900,62227,3151.40720000,6454982.27535500,0
1774584900000000,2046.73000000,2052.42000000,2044.88000000,2051.61000000,1878.81750000,1774585799999999,3850048.29986900,22029,858.33550000,1759301.10133700,0
1774585800000000,2051.62000000,2054.40000000,2050.40000000,2052.67000000,1021.38670000,1774586699999999,2096281.69756800,18430,550.86330000,1130576.40250700,0
1774586700000000,2052.68000000,2054.50000000,2052.43000000,2053.12000000,900.08920000,1774587599999999,1848362.90678400,15107,450.75590000,925615.96481700,0
1774587600000000,2053.11000000,2063.67000000,2052.28000000,2062.77000000,2026.54130000,1774588499999999,4170294.02371100,30002,1295.47760000,2666049.40218900,0
1774588500000000,2062.77000000,2066.31000000,2056.95000000,2058.85000000,1603.50540000,1774589399999999,3306564.60262600,28533,849.47540000,1752152.39825000,0
1774589400000000,2058.85000000,2062.87000000,2056.47000000,2058.58000000,767.65210000,1774590299999999,1581049.22472100,25458,322.20840000,663720.52442400,0
1774590300000000,2058.58000000,2061.71000000,2057.90000000,2061.20000000,1103.27480000,1774591199999999,2273146.52351800,15158,568.95310000,1172207.60153500,0
1774591200000000,2061.20000000,2063.70000000,2058.50000000,2063.70000000,1235.19740000,1774592099999999,2545409.63527700,17430,566.49450000,1167456.57777200,0
1774592100000000,2063.69000000,2067.85000000,2063.04000000,2064.88000000,3283.81430000,1774592999999999,6780095.40472600,21253,1634.12690000,3374189.02693400,0
1774593000000000,2064.87000000,2068.07000000,2063.55000000,2065.16000000,1182.54030000,1774593899999999,2442904.62380900,20249,761.71160000,1573520.82738500,0
1774593900000000,2065.15000000,2065.15000000,2061.39000000,2062.71000000,2449.08460000,1774594799999999,5053473.15437400,26857,1247.93510000,2574973.30141800,0
1774594800000000,2062.71000000,2069.52000000,2059.99000000,2067.94000000,2517.28740000,1774595699999999,5192163.46602300,32473,1675.68730000,3455990.80311400,0
1774595700000000,2067.94000000,2072.36000000,2066.59000000,2070.31000000,3632.87470000,1774596599999999,7518243.60641500,27335,2400.65290000,4968119.88048200,0
1774596600000000,2070.31000000,2071.82000000,2062.60000000,2067.82000000,11125.26650000,1774597499999999,23007433.98250300,49716,7673.24950000,15865390.87220300,0
1774597500000000,2067.83000000,2071.37000000,2064.75000000,2066.23000000,9412.47640000,1774598399999999,19472786.01633100,24924,6740.89300000,13945274.80207200,0
1774598400000000,2066.24000000,2069.60000000,2061.87000000,2063.37000000,4637.96960000,1774599299999999,9574658.06218400,28962,3666.39480000,7568554.53938900,0
1774599300000000,2063.37000000,2064.70000000,2054.71000000,2054.71000000,8445.85840000,1774600199999999,17391748.53089000,47035,6200.40610000,12768520.66698200,0
1774600200000000,2054.71000000,2057.68000000,2034.33000000,2043.27000000,10756.89960000,1774601099999999,21983511.81816500,109761,4790.56580000,9790632.75574000,0
1774601100000000,2043.27000000,2053.64000000,2043.12000000,2047.93000000,3742.85250000,1774601999999999,7664364.87052000,42453,2323.59900000,4757053.18517000,0
1774602000000000,2047.91000000,2049.62000000,2036.48000000,2041.68000000,4602.76640000,1774602899999999,9407587.61972400,46913,2310.60330000,4724794.67658400,0
1774602900000000,2041.69000000,2051.68000000,2041.53000000,2050.44000000,2162.55480000,1774603799999999,4425770.21223800,29556,1345.60170000,2754538.59838900,0
1774603800000000,2050.44000000,2050.45000000,2043.57000000,2044.40000000,1277.31990000,1774604699999999,2614346.48238700,25787,528.54920000,1081904.52534100,0
1774604700000000,2044.40000000,2047.00000000,2040.50000000,2041.08000000,1773.72780000,1774605599999999,3624740.64584100,26563,866.95800000,1771520.19579800,0
1774605600000000,2041.08000000,2043.94000000,2037.40000000,2040.01000000,1433.32610000,1774606499999999,2924875.18288500,33090,770.29110000,1572114.70772400,0
1774606500000000,2040.01000000,2044.52000000,2039.49000000,2043.16000000,1116.16160000,1774607399999999,2278486.31856400,23780,559.29530000,1142000.24990200,0
1774607400000000,2043.16000000,2044.27000000,2004.75000000,2011.40000000,21339.03580000,1774608299999999,43053761.29099300,154512,9455.21550000,19059483.18234500,0
1774608300000000,2011.39000000,2013.30000000,1986.30000000,1991.67000000,27046.48200000,1774609199999999,54039978.20364800,171281,12510.24930000,24994127.08652100,0
1774609200000000,1991.67000000,1995.80000000,1983.02000000,1994.52000000,11284.55340000,1774610099999999,22471326.07486800,110831,5186.43520000,10328871.99336700,0
1774610100000000,1994.52000000,1998.13000000,1992.92000000,1997.23000000,8405.71810000,1774610999999999,16773975.45745400,57234,2568.87790000,5126143.15870700,0
1774611000000000,1997.23000000,1998.44000000,1994.13000000,1995.11000000,2607.09670000,1774611899999999,5203030.70672400,36260,1270.26580000,2535340.08636700,0
1774611900000000,1995.11000000,1998.34000000,1990.00000000,1991.80000000,8642.55220000,1774612799999999,17226514.30662200,47758,2464.06780000,4913261.64363700,0
1774612800000000,1991.80000000,1994.85000000,1989.47000000,1991.16000000,10953.34190000,1774613699999999,21822295.80424500,41279,3108.91640000,6193345.24777300,0
1774613700000000,1991.15000000,1992.51000000,1986.61000000,1987.74000000,3124.05130000,1774614599999999,6216103.56894800,31865,1874.19300000,3729200.61320200,0
1774614600000000,1987.74000000,1989.48000000,1982.19000000,1988.31000000,4182.36050000,1774615499999999,8307121.89736000,51125,2018.62100000,4010334.06287400,0
1774615500000000,1988.31000000,1991.48000000,1984.39000000,1989.44000000,2320.43520000,1774616399999999,4613576.55287100,39314,1305.30180000,2596019.98548000,0
1774616400000000,1989.45000000,1993.20000000,1987.50000000,1990.51000000,3709.21140000,1774617299999999,7383218.93424400,36498,1187.07120000,2362875.27481100,0
1774617300000000,1990.52000000,1997.33000000,1989.96000000,1996.18000000,3133.40650000,1774618199999999,6250157.28180400,40512,1986.72550000,3962949.70003000,0
1774618200000000,1996.17000000,1997.42000000,1971.00000000,1987.65000000,13182.30440000,1774619099999999,26134675.12743500,154278,6061.39530000,12019954.74362800,0
1774619100000000,1987.65000000,1990.36000000,1974.25000000,1979.22000000,7584.16480000,1774619999999999,15029208.05760000,92081,3119.84830000,6186126.91364400,0
1774620000000000,1979.22000000,1989.17000000,1977.60000000,1986.87000000,6131.69730000,1774620899999999,12167734.15653100,89537,3675.87690000,7295551.82434800,0
1774620900000000,1986.86000000,1987.69000000,1970.93000000,1973.76000000,11232.07870000,1774621799999999,22212391.60382200,86364,4762.54870000,9425365.73684800,0
1774621800000000,1973.76000000,1981.58000000,1973.09000000,1978.71000000,4414.23580000,1774622699999999,8729991.63996500,65748,2689.20940000,5318652.75843700,0
1774622700000000,1978.72000000,1989.54000000,1975.90000000,1989.39000000,4306.85770000,1774623599999999,8547755.86937300,59368,2674.35840000,5307981.85366600,0
1774623600000000,1989.39000000,1994.52000000,1989.00000000,1990.01000000,5919.03510000,1774624499999999,11786081.07230700,57829,3573.79400000,7116290.69958400,0
1774624500000000,1990.00000000,2000.63000000,1983.42000000,1995.43000000,10288.54400000,1774625399999999,20492919.19024500,89362,5789.20070000,11530419.75153700,0
1774625400000000,1995.43000000,2010.45000000,1994.20000000,1999.81000000,11743.40460000,1774626299999999,23520262.69916000,88233,6879.33650000,13778787.45443700,0
1774626300000000,1999.81000000,2002.54000000,1989.15000000,1991.32000000,6648.24450000,1774627199999999,13257149.10099200,60953,3729.50550000,7437315.19739600,0
1774627200000000,1991.32000000,1991.32000000,1981.89000000,1987.31000000,6213.76620000,1774628099999999,12341526.64832500,69820,3108.34940000,6174295.28855200,0
1774628100000000,1987.32000000,1989.54000000,1981.44000000,1985.37000000,3846.04100000,1774628999999999,7636845.34168800,54258,2069.75720000,4110101.53586500,0
1774629000000000,1985.38000000,1989.34000000,1980.25000000,1987.19000000,3544.57930000,1774629899999999,7034173.38497600,52149,2183.27540000,4333441.15985700,0
1774629900000000,1987.19000000,1992.27000000,1984.51000000,1986.50000000,2160.80040000,1774630799999999,4296647.76127700,42628,1215.95790000,2418087.07717300,0
1774630800000000,1986.50000000,1997.60000000,1985.00000000,1993.81000000,3317.85390000,1774631699999999,6612461.24289200,54071,1948.93990000,3883751.51988200,0
1774631700000000,1993.81000000,1995.36000000,1982.57000000,1983.46000000,3147.64270000,1774632599999999,6254190.45703200,41412,1350.34130000,2682055.49065500,0
1774632600000000,1983.46000000,1984.85000000,1976.61000000,1976.93000000,4273.13960000,1774633499999999,8466085.54992700,41074,2015.74660000,3994939.01953000,0
1774633500000000,1976.93000000,1980.50000000,1974.90000000,1977.27000000,3038.25880000,1774634399999999,6008140.47562900,45446,1591.37620000,3147287.33701700,0
1774634400000000,1977.28000000,1982.87000000,1976.95000000,1978.94000000,2706.97910000,1774635299999999,5360989.66265200,44088,1326.01830000,2625393.97000600,0
1774635300000000,1978.95000000,1985.71000000,1974.48000000,1980.11000000,3566.50080000,1774636199999999,7061312.32983300,50476,2196.08730000,4348899.54439300,0
1774636200000000,1980.10000000,1984.87000000,1979.09000000,1982.13000000,3248.01860000,1774637099999999,6436028.92173400,38861,1528.30800000,3029322.02670800,0
1774637100000000,1982.13000000,1986.29000000,1981.79000000,1984.43000000,1626.31820000,1774637999999999,3227730.71202300,29732,1108.47530000,2200185.45296500,0
1774638000000000,1984.43000000,1985.05000000,1978.94000000,1982.17000000,5596.78080000,1774638899999999,11088062.98090400,34895,4339.35400000,8596865.59252100,0
1774638900000000,1982.16000000,1991.11000000,1981.52000000,1990.31000000,7283.71920000,1774639799999999,14476346.11340600,40975,5973.85750000,11872648.51870200,0
1774639800000000,1990.31000000,1997.73000000,1988.58000000,1989.67000000,9854.96860000,1774640699999999,19642503.79975200,45499,6326.47120000,12608597.15229600,0
1774640700000000,1989.68000000,1996.03000000,1987.82000000,1991.71000000,6925.36430000,1774641599999999,13790188.84188300,56620,4719.35930000,9397256.13335900,0
1774641600000000,1991.70000000,1996.31000000,1990.80000000,1993.24000000,2813.04770000,1774642499999999,5608591.86356000,30550,1052.85350000,2099196.53155000,0
1774642500000000,1993.25000000,1994.49000000,1980.00000000,1983.47000000,3498.45850000,1774643399999999,6951713.06572900,30095,1146.77300000,2278121.19200300,0
1774643400000000,1983.48000000,1984.75000000,1981.43000000,1982.30000000,1595.05800000,1774644299999999,3162863.97605100,21707,900.29240000,1785126.36545800,0
1774644300000000,1982.31000000,1988.61000000,1981.43000000,1986.04000000,1696.69630000,1774645199999999,3368788.99990000,21475,1083.26540000,2151082.16034400,0
1774645200000000,1986.05000000,1991.08000000,1986.05000000,1990.03000000,1117.08810000,1774646099999999,2222470.62018200,15314,571.09320000,1136130.24425900,0
1774646100000000,1990.04000000,1990.75000000,1987.50000000,1988.94000000,634.43550000,1774646999999999,1261876.40270700,11858,286.36030000,569568.95569700,0
1774647000000000,1988.95000000,1990.00000000,1984.36000000,1987.36000000,1234.10980000,1774647899999999,2452218.86142900,18925,666.30280000,1323982.06408100,0
1774647900000000,1987.36000000,1987.71000000,1984.40000000,1985.73000000,998.27360000,1774648799999999,1982514.76868600,19621,348.67540000,692525.92946500,0
1774648800000000,1985.74000000,1986.79000000,1981.95000000,1985.23000000,1066.52810000,1774649699999999,2116198.94250300,17576,482.52540000,957405.21373400,0
1774649700000000,1985.22000000,1987.23000000,1984.07000000,1984.94000000,739.21940000,1774650599999999,1467959.03282900,11548,336.68950000,668490.65427600,0
1774650600000000,1984.93000000,1986.22000000,1982.00000000,1985.66000000,534.00900000,1774651499999999,1059600.10080700,15733,287.76830000,571022.22237200,0
1774651500000000,1985.65000000,1986.51000000,1984.91000000,1985.52000000,381.10770000,1774652399999999,756773.08888500,11486,189.00090000,375305.84918000,0
1774652400000000,1985.51000000,1986.29000000,1980.54000000,1985.78000000,1843.60560000,1774653299999999,3655572.97517900,16338,564.80860000,1119782.12612600,0
1774653300000000,1985.78000000,1989.28000000,1984.47000000,1988.28000000,943.05980000,1774654199999999,1873700.35518700,13917,469.36350000,932756.87031300,0
1774654200000000,1988.27000000,1991.32000000,1988.13000000,1991.18000000,885.31460000,1774655099999999,1761587.90149300,13297,643.15430000,1279746.34082000,0
1774655100000000,1991.18000000,1993.85000000,1991.18000000,1992.75000000,1533.01000000,1774655999999999,3055110.50457100,18382,764.56280000,1523575.71861200,0
1774656000000000,1992.76000000,1993.59000000,1989.68000000,1989.69000000,851.04850000,1774656899999999,1695052.09273800,17218,389.55890000,775879.57224400,0
1774656900000000,1989.69000000,1992.56000000,1989.69000000,1992.09000000,759.14880000,1774657799999999,1511737.30356600,12988,472.43030000,940792.95479500,0
1774657800000000,1992.09000000,1995.16000000,1991.49000000,1993.91000000,1530.21480000,1774658699999999,3050471.92742900,15598,955.39930000,1904573.14838500,0
1774658700000000,1993.91000000,1994.32000000,1991.63000000,1992.59000000,869.38920000,1774659599999999,1732689.65320400,11792,447.79730000,892445.01447800,0
1774659600000000,1992.60000000,1992.70000000,1985.46000000,1986.97000000,3741.29990000,1774660499999999,7434325.05735800,23108,2642.02280000,5248853.96934500,0
1774660500000000,1986.96000000,1989.72000000,1986.96000000,1988.33000000,688.82770000,1774661399999999,1369633.72832000,10715,503.08770000,1000266.17612900,0
1774661400000000,1988.33000000,1990.98000000,1984.93000000,1988.21000000,2495.70840000,1774662299999999,4957362.49292400,21670,1855.39950000,3685213.28280500,0
1774662300000000,1988.22000000,1991.30000000,1988.22000000,1990.43000000,849.48540000,1774663199999999,1690270.50476300,13954,373.05990000,742305.52181400,0
1774663200000000,1990.43000000,1993.69000000,1990.28000000,1990.61000000,951.89020000,1774664099999999,1896470.44716900,14197,546.98700000,1089746.18223600,0
1774664100000000,1990.61000000,1991.48000000,1985.00000000,1985.49000000,1272.92740000,1774664999999999,2528815.93170300,15340,541.88700000,1076113.84392700,0
1774665000000000,1985.50000000,1986.96000000,1983.17000000,1986.62000000,841.89830000,1774665899999999,1671041.30690600,13682,395.73210000,785440.95786800,0
1774665900000000,1986.62000000,1987.33000000,1985.13000000,1987.32000000,472.00320000,1774666799999999,937678.00085500,7594,259.32560000,515178.13600500,0
1774666800000000,1987.32000000,1989.11000000,1987.13000000,1988.05000000,499.73600000,1774667699999999,993572.93537000,7870,268.72770000,534271.71567000,0
1774667700000000,1988.06000000,1990.37000000,1988.06000000,1990.37000000,464.43200000,1774668599999999,923996.75378500,6807,349.36850000,695126.47786900,0
1774668600000000,1990.37000000,1991.25000000,1988.86000000,1990.77000000,1235.92410000,1774669499999999,2459361.86103800,9948,1033.33750000,2056193.59943200,0
1774669500000000,1990.77000000,1990.79000000,1988.40000000,1989.19000000,471.88590000,1774670399999999,938744.93931400,9013,257.32070000,511892.31521200,0
1774670400000000,1989.19000000,1990.04000000,1987.30000000,1988.47000000,703.94560000,1774671299999999,1399612.32841900,7829,392.15960000,779693.76012800,0
1774671300000000,1988.47000000,1992.51000000,1988.33000000,1991.19000000,790.01180000,1774672199999999,1573049.75581200,10812,593.51220000,1181785.50852600,0
1774672200000000,1991.20000000,1991.77000000,1990.48000000,1991.08000000,342.25990000,1774673099999999,681452.81106300,5607,213.25920000,424592.05177600,0
1774673100000000,1991.08000000,1991.60000000,1989.60000000,1990.80000000,528.91410000,1774673999999999,1052966.97990000,6295,263.41600000,524389.91079200,0
1774674000000000,1990.80000000,1991.26000000,1988.32000000,1989.92000000,732.75870000,1774674899999999,1457862.76471000,6867,479.42890000,953827.01352000,0
1774674900000000,1989.93000000,1994.11000000,1989.32000000,1992.65000000,1157.39330000,1774675799999999,2305340.80679200,12637,817.95960000,1629166.11106900,0
1774675800000000,1992.64000000,1993.65000000,1992.10000000,1993.35000000,604.95140000,1774676699999999,1205627.72674700,8004,350.06890000,697665.49561200,0
1774676700000000,1993.34000000,1994.90000000,1993.34000000,1994.23000000,699.58940000,1774677599999999,1395155.93966000,8182,390.12270000,778025.69967200,0
1774677600000000,1994.22000000,1997.72000000,1993.39000000,1996.60000000,1051.56430000,1774678499999999,2098103.84829500,12339,737.99810000,1472439.15213700,0
1774678500000000,1996.59000000,2007.00000000,1996.59000000,2003.42000000,4563.41020000,1774679399999999,9137216.66876700,28639,3472.62830000,6951882.77794800,0
1774679400000000,2003.43000000,2004.78000000,2001.44000000,2001.45000000,1233.67200000,1774680299999999,2471212.33761500,9493,567.39190000,1136659.45121200,0
1774680300000000,2001.45000000,2002.97000000,2000.00000000,2000.95000000,1490.78930000,1774681199999999,2983871.57935600,12749,941.61100000,1884961.56180900,0
1774681200000000,2000.95000000,2004.78000000,2000.68000000,2004.42000000,883.10140000,1774682099999999,1768460.89656400,11431,537.95910000,1077233.00005500,0
1774682100000000,2004.41000000,2007.00000000,2004.40000000,2005.20000000,1119.66090000,1774682999999999,2245620.45921500,10676,686.41310000,1376703.68788500,0
1774683000000000,2005.20000000,2005.61000000,2004.09000000,2004.57000000,772.48320000,1774683899999999,1548691.83458900,9990,230.10630000,461301.34439400,0
1774683900000000,2004.58000000,2008.35000000,2004.03000000,2007.07000000,1643.96150000,1774684799999999,3297145.77404000,9715,1117.22360000,2240676.26056100,0
1774684800000000,2007.07000000,2008.34000000,2005.60000000,2005.86000000,1540.28560000,1774685699999999,3091313.60658600,10082,656.18980000,1316902.37775400,0
1774685700000000,2005.86000000,2007.47000000,2004.38000000,2004.39000000,520.19590000,1774686599999999,1043453.85690100,10270,273.14400000,547912.87076900,0
1774686600000000,2004.39000000,2004.57000000,2000.60000000,2001.40000000,857.62510000,1774687499999999,1717479.03398300,10712,346.84090000,694616.38077700,0
1774687500000000,2001.40000000,2002.78000000,1998.26000000,1999.24000000,1240.11610000,1774688399999999,2480477.43743100,12152,477.22840000,954634.64757300,0
1774688400000000,1999.24000000,1999.30000000,1995.60000000,1996.88000000,1514.79970000,1774689299999999,3025729.70075500,10937,819.51970000,1637043.29667000,0
1774689300000000,1996.89000000,1999.31000000,1995.61000000,1999.13000000,1145.52920000,1774690199999999,2288363.25696800,12171,747.92020000,1494158.13965400,0
1774690200000000,1999.14000000,1999.58000000,1996.77000000,1997.35000000,2213.49790000,1774691099999999,4422160.85761000,10391,629.95510000,1258527.60820700,0
1774691100000000,1997.35000000,1999.76000000,1997.35000000,1999.52000000,433.71580000,1774691999999999,866839.12125500,7005,294.56610000,588725.32572700,0
1774692000000000,1999.51000000,2004.57000000,1999.42000000,2000.33000000,1527.00390000,1774692899999999,3058371.16653000,13547,881.39730000,1765313.71513500,0
1774692900000000,2000.33000000,2001.27000000,1993.39000000,1994.69000000,1852.97000000,1774693799999999,3699771.98287300,14230,862.19280000,1722004.65037200,0
1774693800000000,1994.69000000,1996.45000000,1992.77000000,1994.51000000,1205.31820000,1774694699999999,2404281.26796300,12618,507.84870000,1013034.27939900,0
1774694700000000,1994.51000000,1997.03000000,1993.39000000,1996.69000000,954.17480000,1774695599999999,1904013.84862900,8777,625.78250000,1248809.82500700,0
1774695600000000,1996.69000000,1998.23000000,1995.86000000,1997.15000000,920.98260000,1774696499999999,1839000.03363700,8907,611.16600000,1220365.17013700,0
1774696500000000,1997.14000000,1997.63000000,1996.31000000,1997.44000000,371.89060000,1774697399999999,742634.35044700,4549,235.49430000,470269.65784000,0
1774697400000000,1997.44000000,1998.49000000,1996.53000000,1998.29000000,956.54160000,1774698299999999,1910542.89416500,7336,729.96840000,1458041.90273500,0
1774698300000000,1998.28000000,2000.56000000,1996.91000000,1997.64000000,982.97590000,1774699199999999,1964766.16796900,10605,650.81740000,1300843.46348600,0
1774699200000000,1997.64000000,2000.79000000,1995.81000000,2000.47000000,572.03290000,1774700099999999,1142738.91027100,9925,205.10740000,409804.35736300,0
1774700100000000,2000.46000000,2004.50000000,1999.83000000,2002.00000000,1785.73840000,1774700999999999,3575222.83395800,15008,1136.67180000,2275880.86279300,0
1774701000000000,2002.00000000,2002.12000000,1992.25000000,1995.75000000,2797.96250000,1774701899999999,5587136.34519400,20406,539.80360000,1077792.89525600,0
1774701900000000,1995.74000000,2001.45000000,1995.74000000,1999.67000000,1319.39220000,1774702799999999,2637854.86289100,13526,978.87730000,1956947.44218900,0
1774702800000000,1999.67000000,2003.09000000,1999.30000000,2002.39000000,2331.77800000,1774703699999999,4666868.20064300,13622,1696.34460000,3395237.48872000,0
1774703700000000,2002.38000000,2003.22000000,2000.68000000,2002.60000000,1848.03650000,1774704599999999,3699809.73581900,18016,970.81570000,1943491.62665400,0
1774704600000000,2002.60000000,2047.45000000,2002.59000000,2028.06000000,20085.65020000,1774705499999999,40698748.00617100,115298,12380.81820000,25074670.21752100,0
1774705500000000,2028.07000000,2033.23000000,2022.16000000,2026.40000000,6161.69940000,1774706399999999,12481861.05410700,61209,3648.15740000,7390283.79842000,0
1774706400000000,2026.39000000,2026.68000000,2019.35000000,2023.14000000,5288.62010000,1774707299999999,10698900.50705900,45909,3111.01360000,6295369.84663000,0
1774707300000000,2023.14000000,2027.05000000,2020.05000000,2024.83000000,1932.63700000,1774708199999999,3912246.09134500,27901,1099.37580000,2225904.17252700,0
1774708200000000,2024.82000000,2028.99000000,2022.05000000,2026.72000000,2224.27760000,1774709099999999,4505730.67745300,33451,1500.82140000,3040435.25293500,0
1774709100000000,2026.75000000,2028.44000000,2016.14000000,2020.84000000,4236.85730000,1774709999999999,8561040.99935400,35020,2166.36220000,4378384.05016000,0
1774710000000000,2020.83000000,2023.40000000,2018.40000000,2022.55000000,1468.78520000,1774710899999999,2966935.78103200,23540,689.84740000,1393577.73187500,0
1774710900000000,2022.56000000,2040.26000000,2022.01000000,2028.50000000,9187.58040000,1774711799999999,18673203.55179300,73789,5152.18940000,10469631.46383500,0
1774711800000000,2028.50000000,2031.48000000,2024.75000000,2028.46000000,2629.48150000,1774712699999999,5331391.08680100,30020,1195.03690000,2422989.70319800,0
1774712700000000,2028.45000000,2029.44000000,2023.76000000,2026.84000000,1339.56310000,1774713599999999,2713889.69557500,17332,656.75090000,1330576.83159400,0
1774713600000000,2026.84000000,2029.88000000,2024.91000000,2028.08000000,1298.62150000,1774714499999999,2632946.73425600,20026,859.10900000,1741720.71059300,0
1774714500000000,2028.07000000,2030.23000000,2025.86000000,2028.75000000,1368.18710000,1774715399999999,2775164.80536500,21624,824.33900000,1672057.63367800,0
1774715400000000,2028.74000000,2028.75000000,2023.36000000,2024.06000000,978.91710000,1774716299999999,1982576.94381100,17324,568.99400000,1152324.45506500,0
1774716300000000,2024.06000000,2025.93000000,2021.68000000,2024.78000000,1244.20130000,1774717199999999,2518204.83853800,16297,608.23060000,1231001.80131600,0
1774717200000000,2024.79000000,2027.15000000,2022.59000000,2024.02000000,879.67350000,1774718099999999,1780982.70989800,15323,433.99610000,878668.66311500,0
1774718100000000,2024.02000000,2024.03000000,2020.49000000,2021.31000000,845.51420000,1774718999999999,1709630.67471200,13684,362.16500000,732326.65204700,0
1774719000000000,2021.31000000,2025.02000000,2016.50000000,2021.37000000,2727.73290000,1774719899999999,5510755.37389800,24477,1403.08230000,2835212.42648800,0
1774719900000000,2021.37000000,2021.78000000,2019.21000000,2020.84000000,404.79300000,1774720799999999,817784.04366500,10292,129.88480000,262404.51996900,0
1774720800000000,2020.84000000,2024.66000000,2020.37000000,2024.55000000,474.74850000,1774721699999999,960231.53862900,10358,318.79510000,644814.90649700,0
1774721700000000,2024.54000000,2024.55000000,2021.89000000,2022.19000000,507.65050000,1774722599999999,1027053.02511400,5988,349.40040000,706852.57180200,0
1774722600000000,2022.19000000,2023.55000000,2020.68000000,2023.55000000,398.11430000,1774723499999999,805046.92727500,8181,157.52420000,318566.97051500,0
1774723500000000,2023.54000000,2023.54000000,2021.45000000,2021.80000000,250.12710000,1774724399999999,505837.26318800,7280,109.10150000,220622.09161600,0
1774724400000000,2021.79000000,2022.81000000,2017.01000000,2018.76000000,514.12520000,1774725299999999,1038578.32305100,9722,205.47610000,415272.16913200,0
1774725300000000,2018.77000000,2020.52000000,2017.99000000,2020.09000000,286.18250000,1774726199999999,577997.59059200,4290,156.95930000,317015.74307000,0
1774726200000000,2020.09000000,2020.76000000,2019.35000000,2019.71000000,191.04260000,1774727099999999,385882.55467400,5046,103.65690000,209365.37417300,0
1774727100000000,2019.71000000,2020.57000000,2019.12000000,2020.56000000,340.91910000,1774727999999999,688634.96856400,6799,213.27090000,430803.54814600,0
1774728000000000,2020.57000000,2026.04000000,2020.56000000,2025.74000000,1262.24660000,1774728899999999,2555124.21611600,13444,961.05460000,1945417.20763200,0
1774728900000000,2025.73000000,2026.48000000,2023.20000000,2023.49000000,472.05990000,1774729799999999,955939.34710500,8489,243.90140000,493965.04378600,0
1774729800000000,2023.50000000,2025.83000000,2022.26000000,2022.64000000,503.89580000,1774730699999999,1019917.91145100,7347,311.41200000,630342.81519300,0
1774730700000000,2022.65000000,2024.71000000,2022.65000000,2024.59000000,208.47560000,1774731599999999,421925.68115900,4333,138.69680000,280698.71650700,0
1774731600000000,2024.60000000,2025.56000000,2019.97000000,2022.44000000,849.94310000,1774732499999999,1719204.51727100,10596,267.00660000,539799.34672000,0
1774732500000000,2022.44000000,2022.79000000,2018.59000000,2019.64000000,755.03880000,1774733399999999,1525478.78703800,8487,151.99670000,307035.47532700,0
1774733400000000,2019.64000000,2019.93000000,2016.80000000,2019.50000000,614.58650000,1774734299999999,1240483.67270300,9340,235.12640000,474525.46265900,0
1774734300000000,2019.50000000,2019.51000000,2006.69000000,2009.61000000,3696.10260000,1774735199999999,7434162.69380000,35830,1399.65670000,2814701.10697600,0
1774735200000000,2009.61000000,2011.96000000,2005.88000000,2006.24000000,1920.64250000,1774736099999999,3858657.89653100,27592,650.38930000,1306971.44698500,0
1774736100000000,2006.24000000,2012.95000000,2005.38000000,2011.52000000,1374.25420000,1774736999999999,2762782.45091500,14883,845.62650000,1700440.00215600,0
1774737000000000,2011.52000000,2011.89000000,2008.92000000,2009.61000000,382.15960000,1774737899999999,768303.49518900,8035,151.68510000,304951.86729100,0
1774737900000000,2009.62000000,2013.14000000,2009.61000000,2011.89000000,749.13770000,1774738799999999,1507063.54241800,11590,466.41580000,938247.92944400,0
1774738800000000,2011.88000000,2011.88000000,1989.64000000,1995.20000000,5806.82400000,1774739699999999,11606275.44465700,50728,2084.75620000,4166029.14216200,0
1774739700000000,1995.20000000,1997.42000000,1990.03000000,1996.33000000,1689.22110000,1774740599999999,3368772.24496000,28278,901.83340000,1798867.64574800,0
1774740600000000,1996.34000000,1999.43000000,1995.00000000,1995.26000000,1029.41470000,1774741499999999,2056786.77425400,18832,612.29310000,1223434.13679400,0
1774741500000000,1995.26000000,1996.07000000,1992.64000000,1994.74000000,1045.25040000,1774742399999999,2084470.78537800,14275,592.35770000,1181213.19358600,0
1774742400000000,1994.74000000,1997.89000000,1993.89000000,1995.63000000,659.88430000,1774743299999999,1317177.67579400,17647,321.50960000,641732.93838100,0
1774743300000000,1995.63000000,1998.81000000,1991.52000000,1993.85000000,1213.43300000,1774744199999999,2420491.43191300,22750,625.60370000,1248049.65159600,0
1774744200000000,1993.85000000,1996.95000000,1992.64000000,1994.60000000,858.80460000,1774745099999999,1713341.65059700,16908,306.81990000,612110.48167100,0
1774745100000000,1994.60000000,2000.00000000,1994.52000000,1999.16000000,1309.90280000,1774745999999999,2616233.88939900,15524,818.71520000,1635460.21819500,0
1774746000000000,1999.16000000,2007.61000000,1997.78000000,2004.24000000,2230.73950000,1774746899999999,4469126.48136700,26590,1407.05360000,2818944.88921000,0
1774746900000000,2004.23000000,2006.00000000,2002.85000000,2004.19000000,651.13240000,1774747799999999,1305043.05854600,15535,350.39400000,702248.89454600,0
1774747800000000,2004.19000000,2004.70000000,1999.21000000,2002.33000000,880.85920000,1774748699999999,1763071.78985500,15606,380.32000000,761211.95594500,0
1774748700000000,2002.32000000,2005.28000000,2000.06000000,2005.08000000,616.46410000,1774749599999999,1234993.61531500,14514,341.57610000,684360.33642500,0
1774749600000000,2005.09000000,2006.30000000,2003.62000000,2006.05000000,1204.34350000,1774750499999999,2414526.52861700,14693,339.66400000,680979.99798400,0
1774750500000000,2006.04000000,2007.47000000,2004.72000000,2005.28000000,623.38780000,1774751399999999,1250499.19699400,13656,370.35060000,742942.71868900,0
1774751400000000,2005.28000000,2007.54000000,2002.55000000,2006.61000000,863.42800000,1774752299999999,1731379.14767100,15368,469.37980000,941371.38272900,0
1774752300000000,2006.61000000,2010.55000000,2005.86000000,2008.93000000,967.39470000,1774753199999999,1942943.78789600,14720,581.38310000,1167747.30792200,0
1774753200000000,2008.93000000,2009.65000000,2007.46000000,2007.82000000,676.26510000,1774754099999999,1358403.07241000,10154,340.28590000,683483.90029000,0
1774754100000000,2007.82000000,2019.65000000,2007.04000000,2013.73000000,2932.75700000,1774754999999999,5910601.89720700,36010,1880.79990000,3789577.89695000,0
1774755000000000,2013.74000000,2014.73000000,2011.14000000,2011.92000000,522.32770000,1774755899999999,1051189.96219400,11169,250.26960000,503654.87630600,0
1774755900000000,2011.92000000,2012.16000000,2010.61000000,2011.10000000,402.13710000,1774756799999999,808854.06150600,8784,178.64330000,359311.53797800,0
1774756800000000,2011.10000000,2012.72000000,2009.46000000,2012.16000000,597.79530000,1774757699999999,1202125.59216000,12198,257.34970000,517539.41967400,0
1774757700000000,2012.16000000,2012.16000000,2005.64000000,2006.14000000,1196.36760000,1774758599999999,2401965.36713800,16221,498.60250000,1001082.25512200,0
1774758600000000,2006.14000000,2007.59000000,2004.23000000,2005.65000000,804.01050000,1774759499999999,1612368.32356700,10178,242.19850000,485833.47008000,0
1774759500000000,2005.65000000,2006.74000000,2004.62000000,2005.85000000,377.52410000,1774760399999999,757220.45392000,9765,187.83940000,376768.79809800,0
1774760400000000,2005.84000000,2006.30000000,2000.69000000,2001.90000000,728.57140000,1774761299999999,1459281.04134800,14948,201.57850000,403804.97656500,0
1774761300000000,2001.89000000,2002.47000000,1997.67000000,2000.35000000,1219.19230000,1774762199999999,2438629.26670300,21796,461.31690000,922763.52278000,0
1774762200000000,2000.35000000,2002.55000000,2000.34000000,2001.74000000,334.70710000,1774763099999999,669877.77872400,10545,181.23730000,362712.19754100,0
1774763100000000,2001.75000000,2007.27000000,2001.63000000,2005.31000000,1039.50390000,1774763999999999,2084146.98525000,16153,704.97340000,1413387.16797700,0
1774764000000000,2005.31000000,2008.33000000,2005.02000000,2005.03000000,381.20320000,1774764899999999,764799.14623600,9432,185.02200000,371234.13657700,0
1774764900000000,2005.03000000,2006.91000000,2000.02000000,2001.99000000,805.62340000,1774765799999999,1613409.05759500,12898,363.18790000,727086.97844300,0
1774765800000000,2002.00000000,2004.01000000,2001.56000000,2003.61000000,853.92320000,1774766699999999,1710440.31780900,16736,612.83960000,1227594.99795600,0
1774766700000000,2003.61000000,2006.95000000,2003.57000000,2004.98000000,412.84900000,1774767599999999,827802.18583800,13302,267.02480000,535356.99069700,0
1774767600000000,2004.98000000,2004.98000000,2000.04000000,2002.74000000,803.03170000,1774768499999999,1607206.75372400,14969,463.90950000,928402.39055900,0
1774768500000000,2002.73000000,2004.20000000,2001.62000000,2004.20000000,694.28560000,1774769399999999,1390673.28231300,8722,414.35010000,830010.35257000,0
1774769400000000,2004.19000000,2005.65000000,2003.05000000,2004.09000000,1289.08600000,1774770299999999,2583516.99420700,12226,607.38750000,1217243.55738700,0
1774770300000000,2004.09000000,2009.91000000,2002.84000000,2006.14000000,1290.78540000,1774771199999999,2590060.70150600,12023,805.40140000,1616082.46631800,0
1774771200000000,2006.14000000,2007.50000000,2002.66000000,2003.74000000,860.85590000,1774772099999999,1726517.14357900,11723,331.93760000,665761.68432200,0
1774772100000000,2003.74000000,2005.02000000,2002.94000000,2004.92000000,619.70910000,1774772999999999,1241939.32718600,9274,245.65290000,492238.80060400,0
1774773000000000,2004.93000000,2006.40000000,2004.92000000,2005.35000000,494.87310000,1774773899999999,992572.77166800,9832,192.94800000,386967.12542400,0
1774773900000000,2005.35000000,2005.79000000,2003.28000000,2004.26000000,609.73010000,1774774799999999,1222107.26958300,8791,287.19340000,575645.63021900,0
1774774800000000,2004.26000000,2005.42000000,2000.29000000,2003.64000000,862.32200000,1774775699999999,1727099.03363200,15485,451.02000000,903208.18152200,0
1774775700000000,2003.64000000,2004.84000000,2001.03000000,2002.36000000,379.77340000,1774776599999999,760472.78273500,8013,226.50900000,453561.57258600,0
1774776600000000,2002.36000000,2003.73000000,1994.50000000,1998.69000000,3452.63850000,1774777499999999,6901486.17972600,22029,1596.15600000,3190408.88630800,0
1774777500000000,1998.70000000,2000.55000000,1998.70000000,1999.21000000,506.22100000,1774778399999999,1012163.49612500,8983,307.84610000,615475.91005600,0
1774778400000000,1999.20000000,1999.20000000,1995.35000000,1996.48000000,896.69210000,1774779299999999,1790475.66316700,15677,510.81080000,1019921.76018300,0
1774779300000000,1996.48000000,1996.58000000,1991.90000000,1994.05000000,1176.96630000,1774780199999999,2347278.75220000,18101,545.64950000,1088285.71354700,0
1774780200000000,1994.05000000,1996.57000000,1991.98000000,1995.83000000,730.68080000,1774781099999999,1457227.40621900,11387,428.81430000,855293.54609000,0
1774781100000000,1995.84000000,1997.83000000,1995.81000000,1995.89000000,625.09140000,1774781999999999,1248176.60452600,7965,302.99890000,605031.83251300,0
1774782000000000,1995.90000000,2007.66000000,1995.22000000,2002.76000000,1536.83560000,1774782899999999,3077346.91223900,23986,1183.64310000,2369879.85530000,0
1774782900000000,2002.76000000,2004.89000000,2000.80000000,2003.82000000,852.83220000,1774783799999999,1707876.27116300,14496,450.68850000,902521.48058800,0
1774783800000000,2003.81000000,2006.70000000,2003.05000000,2006.06000000,606.19540000,1774784699999999,1215640.25425900,15211,322.74430000,647219.32284900,0
1774784700000000,2006.06000000,2008.16000000,2002.47000000,2003.78000000,856.40620000,1774785599999999,1716687.88849800,16429,385.57450000,772917.59749500,0
1774785600000000,2003.78000000,2004.90000000,2001.99000000,2002.39000000,570.31210000,1774786499999999,1142444.06666400,10978,309.20840000,619372.22467700,0
1774786500000000,2002.38000000,2003.33000000,2001.54000000,2002.69000000,556.52630000,1774787399999999,1114438.17840600,8825,146.32480000,292977.67888700,0
1774787400000000,2002.70000000,2003.66000000,1997.82000000,1999.08000000,1105.39500000,1774788299999999,2211400.85089700,14692,417.77130000,835766.29279000,0
1774788300000000,1999.09000000,2003.11000000,1998.68000000,2001.68000000,490.16560000,1774789199999999,980812.63768400,9922,233.66900000,467622.34527800,0
1774789200000000,2001.68000000,2002.14000000,1983.56000000,1989.65000000,5272.28530000,1774790099999999,10489103.53516500,51054,2006.87290000,3993098.74647800,0
1774790100000000,1989.66000000,1993.41000000,1987.06000000,1991.17000000,1342.55760000,1774790999999999,2672845.14301200,18039,638.26200000,1270889.52758700,0
1774791000000000,1991.16000000,1993.40000000,1990.31000000,1992.05000000,698.78800000,1774791899999999,1391838.89860400,15190,353.87490000,704874.42651500,0
1774791900000000,1992.04000000,1992.60000000,1985.88000000,1987.09000000,1947.46910000,1774792799999999,3873688.34705900,17613,890.58340000,1771425.27130900,0
1774792800000000,1987.09000000,2002.35000000,1983.99000000,1995.45000000,3945.71680000,1774793699999999,7866165.54848000,38295,2525.47850000,5035883.04953000,0
1774793700000000,1995.45000000,1996.15000000,1991.00000000,1992.15000000,1191.44070000,1774794599999999,2374276.23918900,17543,324.37580000,646684.75362100,0
1774794600000000,1992.14000000,1995.12000000,1991.45000000,1995.11000000,610.49480000,1774795499999999,1217186.23554600,12817,376.57790000,750767.33361900,0
1774795500000000,1995.12000000,1995.12000000,1991.25000000,1994.17000000,998.31680000,1774796399999999,1989922.30949500,17630,467.15100000,930998.00999500,0
1774796400000000,1994.17000000,1998.98000000,1989.43000000,1993.62000000,2855.22120000,1774797299999999,5698253.03976300,32406,1762.81170000,3518483.56285400,0
1774797300000000,1993.62000000,1998.00000000,1986.32000000,1989.63000000,2005.89780000,1774798199999999,3996318.77306600,26877,1012.70630000,2018317.12526800,0
1774798200000000,1989.63000000,1991.77000000,1987.76000000,1990.93000000,932.12420000,1774799099999999,1854564.15757800,18356,488.41420000,971742.58102200,0
1774799100000000,1990.94000000,1994.32000000,1990.23000000,1992.97000000,709.95730000,1774799999999999,1414236.04731200,12845,540.02750000,1075674.76951800,0
1774800000000000,1992.98000000,1994.73000000,1992.03000000,1993.30000000,876.81100000,1774800899999999,1747924.03225800,15405,574.72070000,1145735.14931200,0
1774800900000000,1993.30000000,2003.61000000,1992.83000000,2001.00000000,3469.62780000,1774801799999999,6939247.73301500,37847,2214.11290000,4427689.21980800,0
1774801800000000,2001.00000000,2001.00000000,1997.10000000,1997.37000000,1222.38990000,1774802699999999,2443782.54372000,20860,372.36620000,744383.90302900,0
1774802700000000,1997.36000000,1999.67000000,1996.67000000,1997.82000000,922.03290000,1774803599999999,1842202.06952600,16904,394.24600000,787668.23386000,0
1774803600000000,1997.82000000,2000.21000000,1993.08000000,1994.14000000,1030.67130000,1774804499999999,2057842.86121800,16382,355.06750000,709000.51102700,0
1774804500000000,1994.15000000,1994.15000000,1987.60000000,1990.40000000,2427.09910000,1774805399999999,4831972.78799300,31243,1239.44220000,2467402.06962600,0
1774805400000000,1990.40000000,1997.42000000,1989.82000000,1996.76000000,710.86260000,1774806299999999,1417140.79041700,15759,484.08010000,965008.43706700,0
1774806300000000,1996.76000000,1996.82000000,1994.79000000,1995.10000000,513.59700000,1774807199999999,1024925.79400200,10309,273.07060000,544926.87779300,0
1774807200000000,1995.11000000,1996.21000000,1991.79000000,1993.92000000,636.01000000,1774808099999999,1267760.51735500,10753,310.32760000,618520.29403100,0
1774808100000000,1993.91000000,1995.98000000,1991.58000000,1993.59000000,733.42040000,1774808999999999,1462510.27870600,10742,366.31130000,730414.88532600,0
1774809000000000,1993.59000000,2002.00000000,1993.35000000,1998.61000000,1233.61940000,1774809899999999,2465296.81655000,14128,779.98460000,1558807.24826900,0
1774809900000000,1998.61000000,1998.96000000,1996.16000000,1997.33000000,911.91700000,1774810799999999,1821916.29330700,9854,380.13440000,759421.27166200,0
1774810800000000,1997.33000000,1998.25000000,1996.08000000,1998.08000000,402.59610000,1774811699999999,804196.99866700,6687,237.58190000,474567.22972700,0
1774811700000000,1998.07000000,2000.11000000,1997.00000000,1997.61000000,488.07950000,1774812599999999,975457.66645300,8445,229.67990000,459025.17154100,0
1774812600000000,1997.62000000,1999.41000000,1994.36000000,1995.26000000,886.71090000,1774813499999999,1770086.26221300,9668,654.97420000,1307413.99508600,0
1774813500000000,1995.25000000,1996.71000000,1994.62000000,1995.89000000,498.59090000,1774814399999999,994978.85126200,8281,238.73410000,476407.36174500,0
1774814400000000,1995.89000000,1999.40000000,1995.84000000,1997.32000000,732.61750000,1774815299999999,1463860.38322000,10617,460.94140000,921029.34240900,0
1774815300000000,1997.33000000,2009.48000000,1997.08000000,2006.16000000,2406.91860000,1774816199999999,4823311.51165300,25681,1766.77750000,3540409.62961700,0
1774816200000000,2006.17000000,2006.84000000,2001.63000000,2001.64000000,727.89330000,1774817099999999,1458984.07965900,9290,272.58720000,546403.81651300,0
1774817100000000,2001.64000000,2002.50000000,2000.60000000,2002.50000000,396.58750000,1774817999999999,793823.70679600,6607,188.58540000,377476.44118300,0
1774818000000000,2002.49000000,2005.04000000,2001.50000000,2002.20000000,739.19190000,1774818899999999,1480647.40630000,11314,349.84450000,700698.90197000,0
1774818900000000,2002.20000000,2005.51000000,2001.54000000,2004.08000000,627.05430000,1774819799999999,1256660.77568100,7965,373.94990000,749400.87025800,0
1774819800000000,2004.09000000,2007.24000000,2003.52000000,2004.68000000,688.85940000,1774820699999999,1381534.08221900,10188,406.08300000,814390.17204600,0
1774820700000000,2004.68000000,2007.01000000,2004.05000000,2006.51000000,475.28070000,1774821599999999,953166.82430000,11676,256.04190000,513507.17590700,0
1774821600000000,2006.51000000,2006.51000000,1988.32000000,1992.35000000,3801.81440000,1774822499999999,7584268.74756600,59895,1884.46640000,3759181.23041800,0
1774822500000000,1992.35000000,1998.03000000,1991.82000000,1994.64000000,1398.84350000,1774823399999999,2789990.62621700,28188,994.34570000,1983183.44610200,0
1774823400000000,1994.65000000,1995.20000000,1964.00000000,1966.91000000,14945.38950000,1774824299999999,29534249.24504900,81378,6023.59370000,11913102.57590500,0
1774824300000000,1966.94000000,1977.45000000,1938.82000000,1973.99000000,29877.76810000,1774825199999999,58368444.27687300,213388,16253.68050000,31748402.07577300,0
1774825200000000,1973.99000000,1994.67000000,1973.63000000,1986.29000000,8033.10500000,1774826099999999,15943280.50674500,126554,4794.83460000,9516160.42860400,0
1774826100000000,1986.29000000,1993.78000000,1981.49000000,1983.29000000,4741.71110000,1774826999999999,9424885.75248100,62905,2788.95970000,5543665.05922300,0
1774827000000000,1983.29000000,1987.31000000,1978.74000000,1985.79000000,4918.41130000,1774827899999999,9746776.43873100,52962,2978.14110000,5900980.69294200,0
1774827900000000,1985.80000000,1991.59000000,1975.50000000,1984.64000000,5509.04410000,1774828799999999,10924565.10993400,65729,3118.29330000,6181851.87748500,0
1774828800000000,1984.65000000,1986.96000000,1980.28000000,1983.62000000,3054.65020000,1774829699999999,6060018.90613500,50492,1561.90820000,3098504.13262500,0
1774829700000000,1983.63000000,2023.73000000,1981.83000000,2007.74000000,17250.78080000,1774830599999999,34674973.83954700,186439,10443.38030000,20986716.68566200,0
1774830600000000,2007.75000000,2013.32000000,1994.88000000,1998.73000000,4328.21990000,1774831499999999,8672002.79425300,80590,1917.75550000,3843248.80479600,0
1774831500000000,1998.73000000,2001.94000000,1991.84000000,1997.25000000,2858.40540000,1774832399999999,5708078.11497900,43001,1511.72430000,3018829.44611000,0
1774832400000000,1997.27000000,2007.72000000,1997.19000000,2001.20000000,2771.72160000,1774833299999999,5551647.74714600,50613,1624.11740000,3252598.13335500,0
1774833300000000,2001.22000000,2011.04000000,1998.68000000,2007.66000000,2528.53650000,1774834199999999,5071538.19511500,44861,1751.48420000,3513220.64223200,0
1774834200000000,2007.67000000,2013.22000000,2006.16000000,2010.26000000,2213.85720000,1774835099999999,4449760.38468300,38411,1178.03810000,2368121.35668000,0
1774835100000000,2010.22000000,2016.33000000,2009.26000000,2010.43000000,2151.22860000,1774835999999999,4329864.14440200,31672,1178.52710000,2372524.15497300,0
1774836000000000,2010.44000000,2019.55000000,2008.65000000,2018.81000000,2656.98300000,1774836899999999,5353807.09086700,38641,1593.71470000,3211500.63245100,0
1774836900000000,2018.82000000,2021.50000000,2012.71000000,2014.42000000,2147.39550000,1774837799999999,4329286.21222800,26528,1433.96870000,2891365.25759100,0
1774837800000000,2014.42000000,2020.21000000,2007.53000000,2019.19000000,2444.66530000,1774838699999999,4919693.51751100,33784,1131.94690000,2278849.47444900,0
1774838700000000,2019.19000000,2043.50000000,2018.80000000,2029.93000000,16281.70900000,1774839599999999,33109038.41209000,117505,9740.87820000,19805437.02621400,0
1774839600000000,2029.93000000,2033.79000000,2027.50000000,2029.59000000,2871.50530000,1774840499999999,5828393.78052300,37484,1837.36320000,3729512.66145600,0
1774840500000000,2029.58000000,2039.87000000,2028.87000000,2037.69000000,3221.37470000,1774841399999999,6555830.32080700,39749,1850.98680000,3767189.90961600,0
1774841400000000,2037.70000000,2038.86000000,2033.74000000,2035.62000000,1527.14870000,1774842299999999,3109194.03165700,30020,660.42450000,1344612.56656300,0
1774842300000000,2035.61000000,2042.07000000,2034.31000000,2035.88000000,1721.40450000,1774843199999999,3507903.64437100,28335,978.14020000,1993122.27987700,0
1774843200000000,2035.88000000,2048.35000000,2035.88000000,2044.39000000,4551.44620000,1774844099999999,9301645.51287200,47842,2817.78820000,5758617.59731500,0
1774844100000000,2044.38000000,2053.00000000,2042.49000000,2046.85000000,4188.86930000,1774844999999999,8579558.83632600,39890,2617.01880000,5360449.98562000,0
1774845000000000,2046.86000000,2050.86000000,2043.21000000,2044.00000000,1990.67860000,1774845899999999,4073137.32563200,27815,885.43470000,1812102.57055200,0
1774845900000000,2044.01000000,2050.50000000,2043.46000000,2048.39000000,1724.19730000,1774846799999999,3530167.80258100,23831,1019.30510000,2087046.79204100,0
1774846800000000,2048.39000000,2058.96000000,2048.15000000,2053.44000000,6879.51940000,1774847699999999,14131915.83715600,50048,3641.61530000,7482514.58977100,0
1774847700000000,2053.44000000,2056.48000000,2052.53000000,2054.56000000,3356.46440000,1774848599999999,6895657.64660700,33239,1523.04440000,3129168.46346100,0
1774848600000000,2054.56000000,2056.62000000,2048.77000000,2050.76000000,2764.78700000,1774849499999999,5673911.95178600,25712,938.74850000,1926825.59376800,0
1774849500000000,2050.75000000,2051.68000000,2045.14000000,2047.84000000,3018.16890000,1774850399999999,6182518.36370500,23661,1120.63270000,2295368.88462400,0
1774850400000000,2047.84000000,2052.00000000,2045.00000000,2045.39000000,2838.75590000,1774851299999999,5815092.34610000,30818,1148.03320000,2352239.94066600,0
1774851300000000,2045.38000000,2046.67000000,2043.29000000,2045.35000000,2726.81030000,1774852199999999,5576457.31768700,27244,1233.14630000,2521954.31905700,0
1774852200000000,2045.34000000,2048.06000000,2044.12000000,2047.46000000,1177.34620000,1774853099999999,2408793.58523600,18268,606.82380000,1241580.08207800,0
1774853100000000,2047.45000000,2049.36000000,2041.19000000,2042.46000000,1761.31770000,1774853999999999,3602891.93001100,21036,806.07920000,1649084.35892600,0
1774854000000000,2042.46000000,2049.31000000,2041.75000000,2046.99000000,1285.90030000,1774854899999999,2630320.03691300,19102,646.43620000,1322296.39205100,0
1774854900000000,2046.99000000,2048.06000000,2043.78000000,2044.49000000,1169.19040000,1774855799999999,2392517.48070900,16629,354.75180000,725911.60069200,0
1774855800000000,2044.50000000,2046.47000000,2041.54000000,2043.66000000,1537.98300000,1774856699999999,3144520.18990900,18957,498.43290000,1019041.48141200,0
1774856700000000,2043.66000000,2068.28000000,2043.66000000,2059.58000000,11289.47850000,1774857599999999,23242070.34694100,47824,6933.16700000,14269588.25077700,0
1774857600000000,2059.58000000,2067.21000000,2058.15000000,2063.09000000,5948.96350000,1774858499999999,12264304.34142800,40413,3180.62790000,6557123.92593200,0
1774858500000000,2063.09000000,2065.58000000,2059.21000000,2060.00000000,3705.34120000,1774859399999999,7641670.46870200,38625,1967.72660000,4057646.57538400,0
1774859400000000,2060.00000000,2075.00000000,2060.00000000,2066.62000000,5229.01760000,1774860299999999,10819740.07931300,44975,3131.17470000,6477959.92839800,0
1774860300000000,2066.62000000,2068.41000000,2062.32000000,2062.33000000,1922.47160000,1774861199999999,3969495.18702700,23112,976.88040000,2016722.59357800,0
1774861200000000,2062.32000000,2063.13000000,2059.13000000,2059.58000000,1674.05950000,1774862099999999,3450086.92617800,21209,511.00590000,1053232.40167800,0
1774862100000000,2059.57000000,2062.49000000,2055.69000000,2056.45000000,2753.30580000,1774862999999999,5668427.72643500,24656,1208.23390000,2487863.07099600,0
1774863000000000,2056.46000000,2057.62000000,2053.87000000,2055.77000000,2028.06540000,1774863899999999,4168779.37183100,21547,837.97210000,1722486.71352700,0
1774863900000000,2055.76000000,2057.17000000,2054.02000000,2055.16000000,1186.68040000,1774864799999999,2438977.02867900,16088,469.10820000,964230.48197400,0
1774864800000000,2055.16000000,2056.00000000,2052.20000000,2053.53000000,1730.41070000,1774865699999999,3554861.24055600,20872,705.18520000,1448798.99574400,0
1774865700000000,2053.54000000,2058.00000000,2052.95000000,2053.93000000,1335.99290000,1774866599999999,2746290.80861100,18904,737.05190000,1515119.88050500,0
1774866600000000,2053.93000000,2054.00000000,2048.14000000,2051.41000000,2080.54450000,1774867499999999,4267658.56782700,17534,1038.24630000,2129716.68567500,0
1774867500000000,2051.40000000,2058.30000000,2050.90000000,2057.78000000,1739.72080000,1774868399999999,3575319.42295000,24559,1252.35930000,2573849.03210300,0
1774868400000000,2057.78000000,2063.20000000,2057.78000000,2060.55000000,2077.18080000,1774869299999999,4279279.61696300,24265,1297.20760000,2672583.75393800,0
1774869300000000,2060.55000000,2081.65000000,2059.80000000,2066.46000000,9940.60070000,1774870199999999,20592683.65838800,75961,5380.14780000,11147479.08153500,0
1774870200000000,2066.46000000,2072.70000000,2065.29000000,2065.99000000,4371.62800000,1774871099999999,9042953.44717700,57353,1729.49690000,3578241.08519700,0
1774871100000000,2066.00000000,2075.05000000,2064.69000000,2071.28000000,2903.48530000,1774871999999999,6012808.37583800,41026,1660.42350000,3439310.49563600,0
1774872000000000,2071.29000000,2076.32000000,2069.61000000,2072.68000000,2200.84520000,1774872899999999,4562668.19303300,35191,1250.51870000,2592883.01863000,0
1774872900000000,2072.68000000,2074.92000000,2069.07000000,2070.85000000,1798.42200000,1774873799999999,3726333.91010100,35278,807.03670000,1672301.20505200,0
1774873800000000,2070.85000000,2078.89000000,2070.85000000,2074.29000000,2844.78280000,1774874699999999,5902388.61307900,34873,1443.49630000,2995567.45763900,0
1774874700000000,2074.29000000,2076.08000000,2072.19000000,2074.54000000,1350.46250000,1774875599999999,2801413.24281100,23848,743.01700000,1541318.46707500,0
1774875600000000,2074.54000000,2076.51000000,2070.76000000,2073.24000000,2125.16380000,1774876499999999,4406895.62172100,33030,1213.18060000,2515403.61068300,0
1774876500000000,2073.25000000,2085.00000000,2071.58000000,2073.84000000,5518.16450000,1774877399999999,11476822.37463000,45297,3416.05760000,7105180.66372400,0
1774877400000000,2073.84000000,2077.71000000,2066.78000000,2068.16000000,6147.37890000,1774878299999999,12736902.63369500,85082,3145.27420000,6518232.37061200,0
1774878300000000,2068.16000000,2073.30000000,2058.17000000,2060.92000000,5328.23970000,1774879199999999,11001406.21081600,68201,1890.50950000,3906273.49705700,0
1774879200000000,2060.93000000,2070.32000000,2058.16000000,2068.19000000,4932.23490000,1774880099999999,10187541.45917700,59932,3459.26300000,7147972.17830100,0
1774880100000000,2068.14000000,2068.93000000,2051.34000000,2053.97000000,4378.99700000,1774880999999999,9013761.34894600,64984,1555.07070000,3200243.32081400,0
1774881000000000,2053.97000000,2059.54000000,2044.25000000,2049.49000000,9514.18740000,1774881899999999,19515574.78766300,88998,3349.23230000,6870661.61255600,0
1774881900000000,2049.48000000,2076.16000000,2047.20000000,2071.64000000,8841.15590000,1774882799999999,18216675.44029700,107351,5270.84910000,10864124.53144100,0
1774882800000000,2071.65000000,2079.92000000,2065.22000000,2066.84000000,4849.62810000,1774883699999999,10044544.51354100,76390,2163.20020000,4481620.83770000,0
1774883700000000,2066.85000000,2070.75000000,2061.91000000,2067.80000000,2346.95080000,1774884599999999,4848425.91498000,43939,1169.53000000,2416330.41592400,0
1774884600000000,2067.80000000,2079.51000000,2065.71000000,2076.05000000,3795.10820000,1774885499999999,7869938.96999500,53456,2120.52630000,4397654.20188200,0
1774885500000000,2076.04000000,2079.61000000,2071.28000000,2074.53000000,4223.46050000,1774886399999999,8764650.79269300,40877,1373.86880000,2851985.97810000,0
1774886400000000,2074.53000000,2074.99000000,2066.66000000,2068.68000000,3534.02970000,1774887299999999,7312823.63901300,41411,1305.11060000,2699999.01823500,0
1774887300000000,2068.68000000,2069.50000000,2062.59000000,2064.30000000,2126.75350000,1774888199999999,4392613.15662500,35117,873.01330000,1803194.89818700,0
1774888200000000,2064.29000000,2067.51000000,2061.91000000,2065.01000000,2102.83720000,1774889099999999,4341120.97283500,34375,873.60170000,1803450.53168000,0
1774889100000000,2065.02000000,2067.36000000,2058.95000000,2066.18000000,3026.51750000,1774889999999999,6242544.61118200,38646,1517.72740000,3130498.40514300,0
1774890000000000,2066.18000000,2072.18000000,2059.59000000,2060.05000000,3616.69940000,1774890899999999,7469980.57396900,38401,1195.58420000,2470025.47402900,0
1774890900000000,2060.06000000,2060.41000000,2032.00000000,2041.19000000,9517.52520000,1774891799999999,19461240.98908100,85100,4123.21690000,8428212.28134500,0
1774891800000000,2041.19000000,2047.01000000,2036.28000000,2046.92000000,5324.93770000,1774892699999999,10869317.62691900,55187,3187.64590000,6507379.39888400,0
1774892700000000,2046.91000000,2050.42000000,2040.25000000,2041.80000000,2936.18840000,1774893599999999,6005174.39359500,39703,1556.21970000,3182765.41629000,0
1774893600000000,2041.79000000,2043.94000000,2034.88000000,2040.09000000,2764.04400000,1774894499999999,5636687.86346800,33873,1392.49430000,2839668.14850300,0
1774894500000000,2040.08000000,2044.11000000,2032.57000000,2035.88000000,4381.57090000,1774895399999999,8929166.16663100,36735,2470.48290000,5035823.27223200,0
1774895400000000,2035.89000000,2041.29000000,2030.82000000,2037.20000000,2910.89300000,1774896299999999,5923891.93930000,28559,1473.35940000,2998671.11493800,0
1774896300000000,2037.19000000,2039.64000000,2028.04000000,2032.61000000,3405.31840000,1774897199999999,6918345.04952900,38307,1561.98710000,3172814.99867900,0
1774897200000000,2032.60000000,2032.65000000,2015.00000000,2019.13000000,5905.46180000,1774898099999999,11941252.97408900,54919,2163.33160000,4375456.43476800,0
1774898100000000,2019.14000000,2021.60000000,2013.33000000,2016.01000000,3118.73800000,1774898999999999,6292676.70098100,43882,1508.14510000,3043930.36963100,0
1774899000000000,2016.02000000,2020.55000000,2014.22000000,2018.42000000,3399.01410000,1774899899999999,6858450.22227400,49779,1832.04560000,3696712.82687800,0
1774899900000000,2018.42000000,2026.80000000,2016.51000000,2023.70000000,2167.87770000,1774900799999999,4385272.22790000,42466,1373.04430000,2777481.91682400,0
1774900800000000,2023.70000000,2027.78000000,2023.41000000,2025.02000000,1718.88000000,1774901699999999,3481292.51431200,26353,860.78280000,1743431.55193300,0
1774901700000000,2025.03000000,2026.44000000,2021.49000000,2025.62000000,914.82340000,1774902599999999,1851702.80443900,16020,543.80150000,1100688.16381500,0
1774902600000000,2025.63000000,2025.95000000,2021.14000000,2024.75000000,1666.25530000,1774903499999999,3370540.02519400,20537,627.76650000,1269809.11316500,0
1774903500000000,2024.75000000,2026.46000000,2023.07000000,2023.20000000,1551.35760000,1774904399999999,3140843.53524200,13528,788.17420000,1595571.58725000,0
1774904400000000,2023.19000000,2039.37000000,2021.16000000,2038.64000000,4666.88500000,1774905299999999,9477553.64068900,39991,2933.75340000,5958563.19410600,0
1774905300000000,2038.64000000,2049.10000000,2035.99000000,2041.97000000,6029.37190000,1774906199999999,12321234.58362900,46901,3205.50160000,6549782.92019800,0
1774906200000000,2041.96000000,2046.69000000,2041.14000000,2044.00000000,1750.65270000,1774907099999999,3577354.30637900,25826,1075.55880000,2197701.93530100,0
1774907100000000,2044.01000000,2044.59000000,2035.76000000,2036.00000000,1953.49720000,1774907999999999,3984783.03050000,28824,829.73710000,1692459.50980600,0
1774908000000000,2036.00000000,2044.22000000,2032.25000000,2034.97000000,2337.99300000,1774908899999999,4764558.09309500,35313,1311.68310000,2673624.74665800,0
1774908900000000,2034.96000000,2039.56000000,2033.14000000,2037.12000000,1137.06070000,1774909799999999,2315896.31420100,21061,713.72620000,1453767.21753600,0
1774909800000000,2037.12000000,2037.12000000,2033.83000000,2035.51000000,987.26140000,1774910699999999,2009386.60981100,17782,627.67140000,1277395.29037300,0
1774910700000000,2035.52000000,2036.08000000,2029.51000000,2033.08000000,1211.09680000,1774911599999999,2461296.48107100,18445,403.72830000,820487.62151300,0
1774911600000000,2033.07000000,2033.07000000,2013.92000000,2021.00000000,6310.32230000,1774912499999999,12746948.38952600,69954,2797.86320000,5649710.23959900,0
1774912500000000,2021.00000000,2025.35000000,2020.00000000,2024.90000000,1276.60450000,1774913399999999,2583003.75793700,20293,544.18190000,1100846.04859600,0
1774913400000000,2024.91000000,2027.36000000,2023.16000000,2026.34000000,1016.54210000,1774914299999999,2058659.04116900,18177,554.28960000,1122633.26494300,0
1774914300000000,2026.34000000,2026.55000000,2023.15000000,2026.48000000,424.27350000,1774915199999999,859264.90630600,13214,198.68590000,402423.24332000,0
1774915200000000,2026.48000000,2027.81000000,2016.29000000,2020.88000000,1699.26720000,1774916099999999,3436198.05287800,38054,800.53800000,1619266.16558600,0
1774916100000000,2020.89000000,2027.34000000,2017.82000000,2026.97000000,2917.76170000,1774916999999999,5901522.35223300,39794,2104.53360000,4256699.76211200,0
1774917000000000,2026.97000000,2030.45000000,2023.45000000,2029.65000000,2236.16650000,1774917899999999,4532539.70504600,49440,1466.92210000,2973514.11838100,0
1774917900000000,2029.67000000,2041.04000000,2029.67000000,2036.65000000,4722.60390000,1774918799999999,9612625.20386000,69656,3157.47970000,6428028.36877300,0
1774918800000000,2036.65000000,2040.16000000,2032.27000000,2040.00000000,2212.40470000,1774919699999999,4506951.30191100,37778,1387.29310000,2825673.05709000,0
1774919700000000,2040.00000000,2062.80000000,2040.00000000,2061.21000000,7879.15650000,1774920599999999,16174282.67577400,89944,4951.98350000,10164303.48749200,0
1774920600000000,2061.21000000,2092.34000000,2058.02000000,2073.93000000,24677.78290000,1774921499999999,51322705.18938900,179667,13992.26710000,29094393.54818800,0
1774921500000000,2073.94000000,2076.88000000,2069.50000000,2073.00000000,3182.66240000,1774922399999999,6599011.57269600,54954,1837.05720000,3809506.13520300,0
1774922400000000,2072.99000000,2077.48000000,2067.25000000,2075.60000000,3095.06840000,1774923299999999,6417533.62497200,43420,1520.64270000,3153638.27314100,0
1774923300000000,2075.61000000,2082.92000000,2075.61000000,2077.62000000,2981.61400000,1774924199999999,6199509.40603000,39772,1806.05050000,3755459.27624300,0
1774924200000000,2077.62000000,2079.16000000,2072.25000000,2075.09000000,1934.13060000,1774925099999999,4013526.87695000,29535,735.25520000,1525500.04338100,0
1774925100000000,2075.08000000,2079.23000000,2072.10000000,2073.09000000,1797.95740000,1774925999999999,3731410.78836200,26202,984.71080000,2043542.72147700,0
1774926000000000,2073.08000000,2076.61000000,2068.12000000,2071.81000000,1968.11370000,1774926899999999,4079018.44552900,25782,1026.99570000,2128884.23242800,0
1774926900000000,2071.82000000,2073.01000000,2064.88000000,2066.92000000,1636.54710000,1774927799999999,3384500.31921300,23145,690.21250000,1427176.01508200,0
1774927800000000,2066.92000000,2069.70000000,2061.87000000,2064.09000000,1690.10680000,1774928699999999,3489877.96354900,24428,745.56340000,1539586.31114100,0
1774928700000000,2064.09000000,2069.32000000,2063.56000000,2066.71000000,1870.79640000,1774929599999999,3866068.51592600,22711,1284.44060000,2654137.93377400,0
1774929600000000,2066.71000000,2070.14000000,2062.88000000,2065.77000000,2513.13150000,1774930499999999,5192730.23492200,29673,1437.75260000,2970533.12587600,0
1774930500000000,2065.77000000,2072.24000000,2057.35000000,2060.45000000,2957.08390000,1774931399999999,6102212.41697400,27206,1226.11180000,2531761.64970600,0
1774931400000000,2060.45000000,2062.39000000,2057.06000000,2061.62000000,2724.07400000,1774932299999999,5612204.20635100,21515,700.25650000,1442462.95494200,0
1774932300000000,2061.63000000,2066.65000000,2059.89000000,2060.87000000,1573.29710000,1774933199999999,3246632.95083200,18112,626.06130000,1291896.35822400,0
1774933200000000,2060.87000000,2063.68000000,2055.20000000,2056.60000000,1653.69220000,1774934099999999,3405541.12001100,26393,732.14230000,1508033.99343600,0
1774934100000000,2056.60000000,2065.81000000,2054.77000000,2064.80000000,2678.29860000,1774934999999999,5519939.00981900,27107,1072.13750000,2209650.00187000,0
1774935000000000,2064.80000000,2067.50000000,2062.76000000,2065.21000000,1304.63850000,1774935899999999,2694740.19746800,23232,730.78730000,1509461.02843300,0
1774935900000000,2065.22000000,2069.00000000,2063.01000000,2064.31000000,1329.83210000,1774936799999999,2748577.49043300,18172,733.95860000,1517168.16767100,0
1774936800000000,2064.32000000,2064.95000000,2058.34000000,2059.06000000,1354.83130000,1774937699999999,2792562.90890300,23810,459.56520000,947085.85484600,0
1774937700000000,2059.05000000,2060.49000000,2055.48000000,2057.60000000,2115.02270000,1774938599999999,4354063.55526600,25833,641.86610000,1321311.46950700,0
1774938600000000,2057.61000000,2060.60000000,2055.20000000,2058.79000000,2371.46950000,1774939499999999,4879620.50279000,24216,845.28580000,1739470.51285500,0
1774939500000000,2058.78000000,2063.09000000,2058.74000000,2062.33000000,1263.16620000,1774940399999999,2603524.52323700,13526,782.82470000,1613462.37729900,0
1774940400000000,2062.33000000,2062.91000000,2050.00000000,2051.33000000,3587.84520000,1774941299999999,7379228.94453400,30321,1449.05180000,2980540.06627100,0
1774941300000000,2051.33000000,2052.16000000,2042.31000000,2050.47000000,4245.97590000,1774942199999999,8690565.42190000,46138,2199.65730000,4502566.55967700,0
1774942200000000,2050.46000000,2054.45000000,2048.58000000,2053.08000000,1865.57710000,1774943099999999,3827907.39970900,24860,944.74320000,1938402.63881000,0
1774943100000000,2053.07000000,2057.37000000,2053.07000000,2055.97000000,1311.64600000,1774943999999999,2696377.40890000,14087,755.83260000,1553815.87813200,0
1774944000000000,2055.98000000,2059.16000000,2051.50000000,2054.05000000,1757.23070000,1774944899999999,3613873.15647100,21490,972.12980000,1999666.93637800,0
1774944900000000,2054.05000000,2059.20000000,2052.34000000,2054.42000000,1483.28700000,1774945799999999,3049920.33191700,27068,682.19630000,1402657.52013900,0
1774945800000000,2054.43000000,2054.43000000,2039.44000000,2041.10000000,3633.32080000,1774946699999999,7431934.56855500,51369,1380.51360000,2823177.45068300,0
1774946700000000,2041.11000000,2044.10000000,2036.03000000,2040.10000000,3400.50710000,1774947599999999,6939655.78588800,44031,1519.20210000,3100712.20648700,0
1774947600000000,2040.11000000,2044.50000000,2033.00000000,2037.59000000,5265.24730000,1774948499999999,10732035.85296100,49300,2132.76550000,4348902.15017600,0
1774948500000000,2037.59000000,2038.59000000,2023.16000000,2026.39000000,9213.23930000,1774949399999999,18697212.77537900,75905,2606.78860000,5289552.09290100,0
1774949400000000,2026.40000000,2032.05000000,2025.00000000,2030.56000000,3244.58920000,1774950299999999,6579533.19931600,43687,1686.77380000,3420877.77809900,0
1774950300000000,2030.57000000,2030.69000000,2012.64000000,2018.37000000,5085.16150000,1774951199999999,10268184.43107700,67786,1680.72260000,3394411.12194400,0
1774951200000000,2018.37000000,2025.51000000,2017.18000000,2025.10000000,2278.26210000,1774952099999999,4605130.15832300,38778,1450.22640000,2931363.14797800,0
1774952100000000,2025.10000000,2028.80000000,2023.79000000,2026.22000000,1950.45210000,1774952999999999,3951941.19124500,30197,885.73800000,1794836.84492400,0
1774953000000000,2026.21000000,2027.52000000,2021.01000000,2023.87000000,2260.89430000,1774953899999999,4576410.17205600,31393,1176.78160000,2382071.35222600,0
1774953900000000,2023.87000000,2030.28000000,2023.24000000,2026.50000000,3263.57450000,1774954799999999,6614862.77582800,32151,1739.98580000,3526609.68410100,0
1774954800000000,2026.50000000,2035.97000000,2023.00000000,2033.79000000,6775.93920000,1774955699999999,13755063.65047300,69695,3916.08490000,7951070.43379100,0
1774955700000000,2033.78000000,2042.52000000,2032.05000000,2038.00000000,6972.67280000,1774956599999999,14211064.70629600,73396,3860.88010000,7868163.91901700,0
1774956600000000,2038.00000000,2044.51000000,2036.30000000,2042.35000000,3635.77780000,1774957499999999,7415230.78961400,38181,1908.30930000,3892307.88356100,0
1774957500000000,2042.35000000,2042.36000000,2037.31000000,2041.20000000,2559.38200000,1774958399999999,5219042.38289700,28874,977.78970000,1993745.14976000,0
1774958400000000,2041.21000000,2047.32000000,2036.95000000,2037.79000000,4104.71730000,1774959299999999,8384050.54361700,49938,1808.53540000,3694728.74750000,0
1774959300000000,2037.78000000,2052.82000000,2035.02000000,2051.54000000,4255.36540000,1774960199999999,8697125.55165600,64692,2389.85820000,4886295.38338800,0
1774960200000000,2051.54000000,2057.92000000,2049.02000000,2056.23000000,3235.80560000,1774961099999999,6645564.00565500,46536,1688.09600000,3466673.30326600,0
1774961100000000,2056.24000000,2057.74000000,2045.40000000,2047.78000000,3671.46830000,1774961999999999,7524775.62433500,43489,1648.01720000,3377292.18429300,0
1774962000000000,2047.78000000,2060.64000000,2047.78000000,2060.13000000,3394.04390000,1774962899999999,6976558.18083400,41788,1757.56870000,3612453.73113900,0
1774962900000000,2060.13000000,2065.00000000,2056.48000000,2058.39000000,2607.70250000,1774963799999999,5371827.94514300,35270,1229.98860000,2533906.28102600,0
1774963800000000,2058.39000000,2069.44000000,2057.52000000,2063.09000000,6514.60930000,1774964699999999,13441896.82090300,108580,2981.17170000,6151682.69313300,0
1774964700000000,2063.10000000,2079.88000000,2063.10000000,2075.37000000,8294.23700000,1774965599999999,17202088.64173800,94546,4284.29950000,8884682.36911700,0
1774965600000000,2075.37000000,2085.00000000,2068.17000000,2079.16000000,9866.45900000,1774966499999999,20496180.34469700,98933,5226.98230000,10864567.14644200,0
1774966500000000,2079.16000000,2092.00000000,2078.83000000,2086.69000000,11117.56180000,1774967399999999,23193376.82064600,99196,5875.38290000,12257809.93859800,0
1774967400000000,2086.69000000,2088.72000000,2063.44000000,2068.68000000,6191.20800000,1774968299999999,12844030.91935700,79529,2196.19930000,4555052.97349500,0
1774968300000000,2068.68000000,2068.68000000,2037.58000000,2045.94000000,11278.62370000,1774969199999999,23111466.31354300,131110,4249.50250000,8705102.66739500,0
1774969200000000,2045.94000000,2077.81000000,2045.65000000,2075.47000000,8806.39510000,1774970099999999,18165332.46473600,126299,5684.35750000,11725048.96229900,0
1774970100000000,2075.47000000,2076.85000000,2058.91000000,2060.51000000,5771.67190000,1774970999999999,11944116.69244200,93988,2495.87840000,5166822.91576700,0
1774971000000000,2060.50000000,2067.34000000,2056.69000000,2059.22000000,3473.20380000,1774971899999999,7161592.31362900,74020,1619.28260000,3339194.92109500,0
1774971900000000,2059.22000000,2064.93000000,2053.51000000,2054.85000000,3366.37560000,1774972799999999,6928494.61038600,67239,1919.35460000,3950783.94007500,0
1774972800000000,2054.85000000,2066.83000000,2054.29000000,2064.48000000,3551.28230000,1774973699999999,7322004.45009900,64928,1995.95250000,4115971.90969200,0
1774973700000000,2064.47000000,2071.08000000,2062.37000000,2066.24000000,1848.34440000,1774974599999999,3819409.09176900,48518,1191.70650000,2462702.70455100,0
1774974600000000,2066.23000000,2108.52000000,2061.42000000,2094.48000000,25399.15440000,1774975499999999,53177917.35440400,202848,15350.39200000,32127041.88032700,0
1774975500000000,2094.48000000,2103.64000000,2085.49000000,2091.70000000,15752.60210000,1774976399999999,32976893.27783200,201076,8256.24410000,17287993.73375500,0
1774976400000000,2091.70000000,2116.42000000,2088.88000000,2114.16000000,15843.69830000,1774977299999999,33272817.47775400,138721,9514.26680000,19977462.62455700,0
1774977300000000,2114.16000000,2124.03000000,2107.43000000,2108.08000000,14900.75940000,1774978199999999,31503719.12581700,143505,7340.35280000,15523644.83518600,0
1774978200000000,2108.07000000,2113.98000000,2094.50000000,2099.33000000,9948.76840000,1774979099999999,20925764.62666000,118141,4292.24790000,9028497.92539800,0
1774979100000000,2099.32000000,2103.15000000,2090.22000000,2093.36000000,10159.75120000,1774979999999999,21291768.13897400,84868,5232.61270000,10966228.03701400,0
1774980000000000,2093.35000000,2108.45000000,2093.35000000,2108.01000000,5373.65200000,1774980899999999,11298286.56690800,67392,3079.55340000,6474055.27846900,0
1774980900000000,2108.00000000,2115.14000000,2096.84000000,2102.43000000,7192.61130000,1774981799999999,15141156.93593600,69657,4365.08590000,9187492.07804300,0
1774981800000000,2102.43000000,2106.15000000,2098.01000000,2100.49000000,3341.41730000,1774982699999999,7020607.13847300,49189,2114.16600000,4441530.22687400,0
1774982700000000,2100.49000000,2103.99000000,2096.93000000,2099.89000000,2823.08060000,1774983599999999,5928093.14182200,36013,2002.79750000,4205626.10346700,0
1774983600000000,2099.88000000,2104.00000000,2097.98000000,2101.76000000,2169.33790000,1774984499999999,4557935.61065500,40540,1187.94530000,2496190.89029600,0
1774984500000000,2101.75000000,2104.00000000,2096.64000000,2098.21000000,2691.03050000,1774985399999999,5651613.31556700,38017,1153.56320000,2422718.61397600,0
1774985400000000,2098.21000000,2100.20000000,2092.23000000,2096.36000000,2377.00710000,1774986299999999,4981647.00137200,35976,1102.41440000,2310311.27188100,0
1774986300000000,2096.36000000,2099.65000000,2092.73000000,2096.54000000,2699.76760000,1774987199999999,5660745.03848900,53553,1622.76020000,3402695.96604600,0
1774987200000000,2096.54000000,2106.58000000,2096.32000000,2106.03000000,3313.31720000,1774988099999999,6962417.31412800,46582,2389.87370000,5021408.53753300,0
1774988100000000,2106.03000000,2106.88000000,2101.98000000,2103.71000000,1671.87950000,1774988999999999,3518246.92341700,21711,612.68200000,1289054.29012100,0
1774989000000000,2103.71000000,2107.90000000,2101.52000000,2104.61000000,2233.80310000,1774989899999999,4701914.50670400,25930,1221.74860000,2571500.68592800,0
1774989900000000,2104.61000000,2111.01000000,2103.09000000,2107.66000000,2175.93910000,1774990799999999,4584491.17277500,23736,1529.25540000,3222299.74157700,0
1774990800000000,2107.66000000,2107.68000000,2095.29000000,2097.37000000,3036.09420000,1774991699999999,6374537.30131100,32959,1338.87160000,2811378.65426200,0
1774991700000000,2097.38000000,2100.58000000,2093.12000000,2100.10000000,2248.83200000,1774992599999999,4715198.68315100,22795,1237.05700000,2594062.58762900,0
1774992600000000,2100.11000000,2103.74000000,2099.32000000,2101.35000000,1987.01980000,1774993499999999,4175296.87879600,25971,1143.47630000,2402860.30280700,0
1774993500000000,2101.36000000,2109.03000000,2099.47000000,2102.63000000,2146.05770000,1774994399999999,4516495.72862100,29337,981.65700000,2065813.56117800,0
1774994400000000,2102.64000000,2104.27000000,2094.07000000,2100.10000000,2177.59520000,1774995299999999,4570137.37557200,34192,906.71840000,1903321.16201500,0
1774995300000000,2100.09000000,2102.13000000,2096.96000000,2096.96000000,1385.68490000,1774996199999999,2909559.29105100,24127,665.16760000,1396716.92637200,0
1774996200000000,2096.95000000,2099.79000000,2088.35000000,2097.40000000,3044.64270000,1774997099999999,6373434.24322200,31700,1191.26500000,2493870.42786300,0
1774997100000000,2097.40000000,2097.41000000,2093.59000000,2096.51000000,1591.24230000,1774997999999999,3334734.67745600,18464,605.93180000,1269891.79297600,0
1774998000000000,2096.52000000,2100.20000000,2093.21000000,2096.84000000,1828.99460000,1774998899999999,3835831.30581600,23845,883.28620000,1852520.72857500,0
1774998900000000,2096.84000000,2106.09000000,2095.23000000,2100.51000000,3123.17010000,1774999799999999,6564060.10607000,41109,2196.06280000,4615211.39977200,0
1774999800000000,2100.50000000,2105.62000000,2100.09000000,2105.12000000,1377.58480000,1775000699999999,2897711.88813600,24259,910.56870000,1915337.54959200,0
1775000700000000,2105.13000000,2108.66000000,2101.06000000,2105.43000000,2403.07240000,1775001599999999,5059490.50945700,27200,1302.10150000,2741965.78199900,0
