1777593600000000,2257.51000000,2264.00000000,2257.21000000,2262.22000000,1417.06630000,1777594499999999,3205227.58749000,16108,1127.42360000,2550026.85746900,0
1777594500000000,2262.22000000,2266.00000000,2261.09000000,2262.09000000,1009.13790000,1777595399999999,2284279.88892100,12286,566.00250000,1281327.83254600,0
1777595400000000,2262.08000000,2263.95000000,2261.28000000,2263.70000000,551.44470000,1777596299999999,1247691.59518600,10356,283.45200000,641365.80919100,0
1777596300000000,2263.70000000,2265.63000000,2258.74000000,2260.00000000,835.49160000,1777597199999999,1890513.30959500,12264,371.45260000,840627.85768700,0
1777597200000000,2260.00000000,2265.21000000,2260.00000000,2263.78000000,557.50450000,1777598099999999,1261646.48450200,9830,280.51830000,634748.41735800,0
1777598100000000,2263.78000000,2265.58000000,2261.93000000,2262.56000000,615.11280000,1777598999999999,1392762.88665400,9162,258.50450000,585393.60497300,0
1777599000000000,2262.56000000,2266.02000000,2262.45000000,2265.86000000,1018.79730000,1777599899999999,2306462.79317300,9798,751.59920000,1701585.37601700,0
1777599900000000,2265.87000000,2270.56000000,2265.26000000,2267.75000000,2023.01560000,1777600799999999,4588863.40042600,20814,1199.24010000,2720185.52214300,0
1777600800000000,2267.75000000,2270.00000000,2265.73000000,2266.96000000,1009.96880000,1777601699999999,2290114.01726100,11307,475.98090000,1079429.38547300,0
1777601700000000,2266.97000000,2268.39000000,2265.00000000,2266.60000000,907.37900000,1777602599999999,2056515.83035200,7881,424.13290000,961303.59040200,0
1777602600000000,2266.61000000,2268.00000000,2265.02000000,2266.42000000,655.99200000,1777603499999999,1486960.37029400,7362,244.01100000,553121.01632500,0
1777603500000000,2266.42000000,2267.89000000,2265.30000000,2266.94000000,517.33640000,1777604399999999,1172588.35946100,7418,339.17330000,768757.62687700,0
1777604400000000,2266.94000000,2270.68000000,2266.25000000,2269.76000000,970.22100000,1777605299999999,2200862.19763400,10485,507.94540000,1152280.43635400,0
1777605300000000,2269.76000000,2295.00000000,2269.55000000,2284.93000000,11459.44810000,1777606199999999,26195011.62892400,94267,6289.07460000,14369561.44045000,0
1777606200000000,2284.93000000,2288.32000000,2279.52000000,2284.00000000,2163.24490000,1777607099999999,4942511.47879700,32641,958.78180000,2190988.19909600,0
1777607100000000,2283.99000000,2285.75000000,2281.74000000,2282.87000000,1213.53270000,1777607999999999,2771720.09636900,17860,577.80560000,1319768.06475700,0
1777608000000000,2282.87000000,2284.87000000,2281.13000000,2283.26000000,860.67940000,1777608899999999,1965208.22335100,14180,400.10220000,913527.50543500,0
1777608900000000,2283.26000000,2285.89000000,2277.56000000,2279.31000000,2360.52870000,1777609799999999,5387198.41978300,19376,675.06270000,1541085.40246900,0
1777609800000000,2279.31000000,2280.88000000,2277.70000000,2280.87000000,1047.04750000,1777610699999999,2386569.87490600,13677,337.25060000,768711.62061100,0
1777610700000000,2280.87000000,2281.31000000,2279.18000000,2280.12000000,850.25970000,1777611599999999,1938997.08268400,9317,350.21460000,798617.47899700,0
1777611600000000,2280.11000000,2286.75000000,2278.28000000,2284.55000000,914.42420000,1777612499999999,2087663.62281800,14062,533.17770000,1217325.56914900,0
1777612500000000,2284.55000000,2284.72000000,2282.10000000,2282.10000000,1078.51260000,1777613399999999,2462739.02374600,9205,406.80200000,928931.35574200,0
1777613400000000,2282.11000000,2284.02000000,2282.07000000,2284.02000000,411.94060000,1777614299999999,940378.19630300,6330,189.59160000,432786.72903500,0
1777614300000000,2284.02000000,2286.32000000,2282.96000000,2283.26000000,1083.29430000,1777615199999999,2475078.33401100,9004,296.69470000,677919.70097400,0
1777615200000000,2283.26000000,2286.66000000,2282.96000000,2284.84000000,1139.80910000,1777616099999999,2604429.38747600,11548,720.74990000,1646967.51025000,0
1777616100000000,2284.85000000,2286.41000000,2284.18000000,2284.26000000,829.37730000,1777616999999999,1895194.95508100,7558,264.10540000,603509.65580000,0
1777617000000000,2284.27000000,2285.72000000,2277.71000000,2280.38000000,1509.95250000,1777617899999999,3444265.98041100,16890,430.44880000,981966.06306700,0
1777617900000000,2280.37000000,2280.83000000,2272.09000000,2277.45000000,4650.84420000,1777618799999999,10586078.80574700,31774,1647.47610000,3751721.56603500,0
1777618800000000,2277.46000000,2279.76000000,2275.61000000,2277.59000000,1041.56400000,1777619699999999,2372231.72203400,13313,496.63900000,1131096.18737500,0
1777619700000000,2277.60000000,2278.72000000,2273.37000000,2274.14000000,1340.58270000,1777620599999999,3050356.65192500,15872,397.54610000,904642.50880100,0
1777620600000000,2274.13000000,2277.30000000,2273.14000000,2275.56000000,1982.24910000,1777621499999999,4510696.59727400,12626,775.79580000,1765264.83221200,0
1777621500000000,2275.56000000,2281.10000000,2275.56000000,2279.48000000,1810.80090000,1777622399999999,4127036.71257900,11960,970.71490000,2212327.30907000,0
1777622400000000,2279.50000000,2283.90000000,2277.44000000,2283.90000000,1154.45380000,1777623299999999,2632673.85118400,12951,782.16890000,1783838.43868200,0
1777623300000000,2283.90000000,2288.50000000,2283.15000000,2286.41000000,2575.34510000,1777624199999999,5887765.33661900,28487,1396.27140000,3191812.45690400,0
1777624200000000,2286.41000000,2286.99000000,2284.41000000,2284.97000000,972.41960000,1777625099999999,2222800.79070200,13237,431.27100000,985816.61081900,0
1777625100000000,2284.98000000,2287.11000000,2283.42000000,2286.92000000,1184.88480000,1777625999999999,2708364.98891100,9465,731.04200000,1671179.19000300,0
1777626000000000,2286.93000000,2287.10000000,2283.36000000,2285.60000000,1341.24180000,1777626899999999,3064917.42910100,13702,446.74140000,1020658.35109600,0
1777626900000000,2285.61000000,2285.61000000,2282.83000000,2284.58000000,723.01750000,1777627799999999,1651529.06443900,10558,299.01240000,682931.66595200,0
1777627800000000,2284.58000000,2284.58000000,2282.69000000,2283.79000000,617.47250000,1777628699999999,1409968.84381700,8290,332.25220000,758634.14607900,0
1777628700000000,2283.79000000,2283.79000000,2279.87000000,2282.07000000,923.76710000,1777629599999999,2107439.97003400,10164,348.78640000,795621.22409300,0
1777629600000000,2282.08000000,2282.08000000,2277.06000000,2278.74000000,1366.43150000,1777630499999999,3115836.26156500,10855,356.04440000,811530.47436300,0
1777630500000000,2278.74000000,2285.88000000,2278.73000000,2283.42000000,1181.64720000,1777631399999999,2697550.47282600,13652,732.44600000,1671974.75520600,0
1777631400000000,2283.42000000,2284.29000000,2279.92000000,2280.58000000,551.47670000,1777632299999999,1258374.27028300,8233,182.69320000,416761.46865300,0
1777632300000000,2280.58000000,2282.53000000,2280.24000000,2282.53000000,778.31830000,1777633199999999,1775751.22996800,6238,491.15040000,1120661.05259800,0
1777633200000000,2282.53000000,2283.90000000,2281.71000000,2283.90000000,544.40050000,1777634099999999,1242668.98926800,7928,241.74020000,551774.28672200,0
1777634100000000,2283.89000000,2293.00000000,2283.32000000,2284.82000000,2719.22140000,1777634999999999,6222492.99646400,23901,1157.74390000,2649613.02539300,0
1777635000000000,2284.83000000,2287.33000000,2284.38000000,2287.09000000,1093.08090000,1777635899999999,2498397.83714600,10941,513.98060000,1174803.80384600,0
1777635900000000,2287.09000000,2287.65000000,2283.37000000,2286.45000000,967.14020000,1777636799999999,2210478.27407100,11687,367.73670000,840407.12738000,0
1777636800000000,2286.46000000,2293.76000000,2284.15000000,2289.12000000,1928.77300000,1777637699999999,4413972.05453800,25598,996.51270000,2280759.63906600,0
1777637700000000,2289.12000000,2305.61000000,2288.92000000,2304.79000000,8200.88470000,1777638599999999,18857004.44517400,51948,5246.52320000,12061470.81457800,0
1777638600000000,2304.80000000,2311.49000000,2303.40000000,2304.07000000,8325.61550000,1777639499999999,19209767.87965400,52257,3959.39710000,9136189.30877600,0
1777639500000000,2304.07000000,2306.30000000,2301.16000000,2301.36000000,3512.61820000,1777640399999999,8092632.18647900,20381,1231.95810000,2838924.92228100,0
1777640400000000,2301.37000000,2315.07000000,2301.37000000,2311.79000000,4180.68750000,1777641299999999,9658128.73053400,36693,2499.57380000,5774344.47332200,0
1777641300000000,2311.79000000,2313.52000000,2307.23000000,2307.58000000,2168.34430000,1777642199999999,5009228.38274300,20360,763.55870000,1764098.31747300,0
1777642200000000,2307.59000000,2317.56000000,2305.89000000,2308.89000000,4169.85120000,1777643099999999,9640624.98338600,49254,2050.65520000,4741233.62363800,0
1777643100000000,2308.88000000,2324.00000000,2306.01000000,2318.22000000,9767.33710000,1777643999999999,22628337.56767600,65641,5414.57970000,12543979.90102800,0
1777644000000000,2318.22000000,2325.28000000,2316.59000000,2319.06000000,6596.24160000,1777644899999999,15307482.69942500,45296,3651.57960000,8474668.32316700,0
1777644900000000,2319.05000000,2321.00000000,2308.00000000,2309.28000000,6195.44440000,1777645799999999,14326569.62269000,34544,1127.44400000,2610019.22141600,0
1777645800000000,2309.26000000,2310.00000000,2301.42000000,2306.25000000,6042.97050000,1777646699999999,13930667.06681500,42496,3270.74940000,7538670.28573500,0
1777646700000000,2306.26000000,2311.88000000,2304.44000000,2308.04000000,1328.71450000,1777647599999999,3067661.27385200,25425,717.19870000,1655685.20161800,0
1777647600000000,2308.03000000,2310.52000000,2302.34000000,2309.87000000,2984.89480000,1777648499999999,6882601.89449300,33323,1568.29990000,3616781.88282800,0
1777648500000000,2309.86000000,2312.00000000,2307.08000000,2309.13000000,1326.85930000,1777649399999999,3064071.73019600,19505,457.54260000,1056740.28419300,0
1777649400000000,2309.13000000,2316.74000000,2309.01000000,2314.07000000,1990.75770000,1777650299999999,4605206.17709400,21747,1107.20240000,2561428.06694600,0
1777650300000000,2314.08000000,2314.52000000,2298.77000000,2307.64000000,6094.73020000,1777651199999999,14051234.53097000,41443,2635.22930000,6073343.52866900,0
1777651200000000,2307.64000000,2314.21000000,2305.21000000,2305.21000000,4747.70600000,1777652099999999,10968727.47389200,30759,1643.82800000,3798565.83584800,0
1777652100000000,2305.21000000,2308.68000000,2299.21000000,2303.27000000,5350.73820000,1777652999999999,12326794.98457700,39381,1805.40390000,4158807.67543000,0
1777653000000000,2303.26000000,2305.60000000,2299.40000000,2301.47000000,2726.25020000,1777653899999999,6276627.36371400,24568,1218.90830000,2806417.09957800,0
1777653900000000,2301.47000000,2305.78000000,2298.17000000,2301.94000000,1680.50580000,1777654799999999,3866788.13096500,21793,1090.69880000,2509512.54678300,0
1777654800000000,2301.95000000,2307.84000000,2298.71000000,2307.27000000,1364.54030000,1777655699999999,3141295.63510000,17580,781.54390000,1799251.57840000,0
1777655700000000,2307.27000000,2307.76000000,2301.97000000,2303.42000000,821.66520000,1777656599999999,1893716.90870800,14886,406.54690000,937047.00556200,0
1777656600000000,2303.43000000,2310.69000000,2302.12000000,2307.79000000,1200.29210000,1777657499999999,2769694.00963300,19968,656.84140000,1515595.85396100,0
1777657500000000,2307.80000000,2313.53000000,2306.23000000,2311.76000000,1805.37260000,1777658399999999,4170889.90780600,21921,1054.56250000,2436709.27942300,0
1777658400000000,2311.76000000,2312.50000000,2308.07000000,2308.72000000,1431.68800000,1777659299999999,3306927.01026600,21890,588.25180000,1358802.21862800,0
1777659300000000,2308.72000000,2311.38000000,2306.74000000,2310.40000000,827.88540000,1777660199999999,1911971.00241600,14154,516.24260000,1192372.11206900,0
1777660200000000,2310.39000000,2310.40000000,2304.98000000,2305.36000000,810.61610000,1777661099999999,1870438.46705300,16429,298.64240000,688944.33042900,0
1777661100000000,2305.36000000,2307.79000000,2303.45000000,2304.76000000,711.77300000,1777661999999999,1640887.43494300,10498,411.84390000,949399.99799100,0
1777662000000000,2304.77000000,2307.84000000,2303.58000000,2306.10000000,522.23900000,1777662899999999,1204213.63758500,11006,322.19500000,742926.47008700,0
1777662900000000,2306.11000000,2307.61000000,2302.20000000,2306.19000000,584.03630000,1777663799999999,1346098.28908600,9928,336.78710000,776234.67716800,0
1777663800000000,2306.19000000,2306.19000000,2304.10000000,2304.37000000,578.76550000,1777664699999999,1334022.68712400,12185,298.95050000,689033.64642000,0
1777664700000000,2304.38000000,2306.92000000,2303.85000000,2304.85000000,1236.43010000,1777665599999999,2850075.92455300,14528,376.10580000,866996.01272000,0
1777665600000000,2304.85000000,2305.86000000,2302.94000000,2303.95000000,489.90640000,1777666499999999,1128760.33079600,8848,254.06760000,585342.75578500,0
1777666500000000,2303.95000000,2304.23000000,2296.83000000,2299.81000000,2004.34610000,1777667399999999,4610045.51047600,15097,631.64260000,1452356.66998000,0
1777667400000000,2299.82000000,2299.86000000,2291.60000000,2294.20000000,2296.40800000,1777668299999999,5269484.24398300,19212,768.74390000,1763886.91327000,0
1777668300000000,2294.20000000,2295.60000000,2278.98000000,2285.19000000,4211.37600000,1777669199999999,9622445.02630500,43756,1300.80090000,2972495.24306300,0
1777669200000000,2285.18000000,2289.99000000,2283.58000000,2286.70000000,3541.38990000,1777670099999999,8099371.55932700,19403,1204.72630000,2755023.69044500,0
1777670100000000,2286.71000000,2291.74000000,2286.36000000,2290.22000000,1016.58940000,1777670999999999,2326964.64219300,12798,590.52920000,1351629.13198000,0
1777671000000000,2290.23000000,2294.25000000,2286.92000000,2289.24000000,1624.78550000,1777671899999999,3722253.08656700,14764,627.18770000,1437125.76567700,0
1777671900000000,2289.25000000,2292.76000000,2289.00000000,2292.68000000,460.77530000,1777672799999999,1055644.87904700,9325,276.18720000,632667.40203700,0
1777672800000000,2292.67000000,2296.63000000,2292.61000000,2295.91000000,659.51710000,1777673699999999,1513582.33572900,10291,331.29540000,760211.92785500,0
1777673700000000,2295.91000000,2299.35000000,2295.91000000,2296.91000000,1039.89650000,1777674599999999,2389864.84307500,9077,517.11110000,1188336.85300700,0
1777674600000000,2296.91000000,2297.67000000,2293.69000000,2294.87000000,694.02160000,1777675499999999,1592986.14917400,8469,369.06630000,847230.00416400,0
1777675500000000,2294.86000000,2295.38000000,2291.00000000,2293.50000000,983.10200000,1777676399999999,2255048.08096700,10037,661.32010000,1517131.06542200,0
1777676400000000,2293.50000000,2293.66000000,2291.39000000,2292.48000000,547.10680000,1777677299999999,1254322.89111200,8139,301.65080000,691551.69710600,0
1777677300000000,2292.48000000,2293.61000000,2289.00000000,2289.29000000,651.73420000,1777678199999999,1493378.72031900,7841,181.54700000,416028.27506400,0
1777678200000000,2289.29000000,2293.71000000,2289.29000000,2292.24000000,503.64600000,1777679099999999,1154144.67713000,6146,236.63060000,542156.24895200,0
1777679100000000,2292.25000000,2296.23000000,2292.25000000,2295.63000000,611.84660000,1777679999999999,1403732.63701000,8073,417.31750000,957437.64000400,0
1777680000000000,2295.63000000,2296.61000000,2294.00000000,2294.09000000,629.13480000,1777680899999999,1444158.21844000,8213,216.32240000,496551.66866300,0
1777680900000000,2294.09000000,2297.95000000,2292.91000000,2295.85000000,627.50360000,1777681799999999,1440573.06004000,9634,369.78990000,848872.16919900,0
1777681800000000,2295.84000000,2298.20000000,2294.31000000,2297.90000000,574.57380000,1777682699999999,1319166.46792300,9740,300.10250000,688947.54853300,0
1777682700000000,2297.89000000,2299.30000000,2295.65000000,2297.60000000,735.59940000,1777683599999999,1690320.92968600,11118,466.75150000,1072470.95921700,0
1777683600000000,2297.59000000,2299.94000000,2295.88000000,2298.86000000,692.79570000,1777684499999999,1591812.41844600,14125,367.11850000,843573.11742400,0
1777684500000000,2298.85000000,2298.85000000,2296.07000000,2297.52000000,551.96670000,1777685399999999,1267835.24576700,8976,295.15480000,677925.19905600,0
1777685400000000,2297.53000000,2300.98000000,2297.52000000,2298.86000000,994.25410000,1777686299999999,2286056.39736500,12019,661.66810000,1521446.82857100,0
1777686300000000,2298.85000000,2299.23000000,2297.81000000,2298.63000000,223.38240000,1777687199999999,513417.72310800,6035,135.58520000,311621.00560200,0
1777687200000000,2298.62000000,2299.31000000,2297.02000000,2297.20000000,493.76460000,1777688099999999,1134766.60641600,8087,220.38530000,506492.31571700,0
1777688100000000,2297.19000000,2298.11000000,2295.45000000,2295.87000000,523.72620000,1777688999999999,1202949.56372300,6999,256.92880000,590040.89966000,0
1777689000000000,2295.88000000,2300.29000000,2295.43000000,2298.91000000,327.66680000,1777689899999999,753127.96018500,7159,153.06050000,351772.65778600,0
1777689900000000,2298.91000000,2308.34000000,2298.91000000,2303.31000000,1808.45480000,1777690799999999,4166539.28626400,20861,1312.96150000,3024825.79689300,0
1777690800000000,2303.31000000,2305.42000000,2301.23000000,2301.84000000,813.55340000,1777691699999999,1873521.60315600,12373,420.04660000,967349.13015500,0
1777691700000000,2301.84000000,2307.43000000,2301.01000000,2305.37000000,911.90500000,1777692599999999,2102015.02838500,12875,662.22790000,1526578.03670400,0
1777692600000000,2305.37000000,2308.34000000,2303.49000000,2303.70000000,791.38400000,1777693499999999,1824827.90014900,10091,469.20980000,1081897.20070500,0
1777693500000000,2303.69000000,2306.05000000,2303.26000000,2304.44000000,251.69530000,1777694399999999,579964.66769300,7054,123.31350000,284133.25305100,0
1777694400000000,2304.43000000,2304.91000000,2301.11000000,2302.65000000,655.92380000,1777695299999999,1510438.23693000,9543,248.97370000,573397.65322800,0
1777695300000000,2302.64000000,2303.66000000,2301.99000000,2302.79000000,338.58840000,1777696199999999,779686.18791600,5693,128.14130000,295063.01755200,0
1777696200000000,2302.79000000,2304.06000000,2301.17000000,2301.51000000,327.28500000,1777697099999999,753555.15615800,6647,88.26230000,203221.22881400,0
1777697100000000,2301.52000000,2301.77000000,2299.59000000,2301.26000000,833.48530000,1777697999999999,1917523.67457000,8363,271.75800000,625160.78965200,0
1777698000000000,2301.26000000,2301.52000000,2298.00000000,2298.61000000,732.37200000,1777698899999999,1684392.96574900,10209,215.91330000,496532.50304800,0
1777698900000000,2298.61000000,2299.89000000,2296.62000000,2299.89000000,1289.41030000,1777699799999999,2963268.47326800,9877,268.35280000,616686.77561200,0
1777699800000000,2299.89000000,2301.22000000,2299.52000000,2300.21000000,597.05530000,1777700699999999,1373277.02033900,5500,300.84870000,691966.02108800,0
1777700700000000,2300.22000000,2300.84000000,2299.46000000,2299.47000000,378.38910000,1777701599999999,870330.35950600,5115,137.09100000,315313.28094800,0
1777701600000000,2299.46000000,2302.98000000,2299.46000000,2299.66000000,533.65690000,1777702499999999,1227919.24436000,5936,235.36070000,541513.94815000,0
1777702500000000,2299.66000000,2300.64000000,2297.09000000,2297.37000000,614.53760000,1777703399999999,1412685.89621800,6390,218.72780000,502856.62702700,0
1777703400000000,2297.37000000,2301.88000000,2297.37000000,2301.87000000,494.84950000,1777704299999999,1137939.87233300,5761,216.31470000,497410.48804400,0
1777704300000000,2301.88000000,2306.35000000,2301.87000000,2305.58000000,889.12310000,1777705199999999,2048696.68951500,8446,499.55180000,1150976.34758800,0
1777705200000000,2305.59000000,2306.16000000,2304.46000000,2304.76000000,594.27440000,1777706099999999,1369859.14773800,6522,252.20050000,581339.03593800,0
1777706100000000,2304.77000000,2306.01000000,2304.76000000,2305.48000000,327.39340000,1777706999999999,754774.87312700,5268,112.95380000,260386.87644900,0
1777707000000000,2305.48000000,2305.49000000,2302.02000000,2302.41000000,855.27960000,1777707899999999,1970246.38375000,9686,186.96300000,430744.60800000,0
1777707900000000,2302.41000000,2302.95000000,2301.01000000,2301.02000000,644.74170000,1777708799999999,1484117.12324700,7383,291.88690000,671888.54232100,0
1777708800000000,2301.01000000,2301.58000000,2299.05000000,2301.47000000,691.70220000,1777709699999999,1591225.28703700,5499,271.43870000,624449.65333800,0
1777709700000000,2301.48000000,2303.37000000,2300.62000000,2302.83000000,411.59320000,1777710599999999,947414.50130800,6504,178.40370000,410629.50242400,0
1777710600000000,2302.83000000,2304.44000000,2302.83000000,2304.03000000,396.30230000,1777711499999999,913098.14231100,5395,172.17950000,396690.48158000,0
1777711500000000,2304.04000000,2304.40000000,2302.96000000,2303.35000000,449.74200000,1777712399999999,1036182.11420800,4784,249.24770000,574257.94139900,0
1777712400000000,2303.34000000,2305.00000000,2303.34000000,2304.97000000,351.42250000,1777713299999999,809907.03028900,3742,133.01370000,306521.33601600,0
1777713300000000,2304.98000000,2306.17000000,2304.98000000,2305.70000000,561.83430000,1777714199999999,1295461.38676900,5444,302.10510000,696548.18013700,0
1777714200000000,2305.69000000,2307.78000000,2303.65000000,2306.03000000,805.21450000,1777715099999999,1856801.93436700,10945,281.84590000,649961.17708500,0
1777715100000000,2306.03000000,2306.04000000,2304.88000000,2305.13000000,427.36560000,1777715999999999,985275.37637200,5851,123.43130000,284553.05737000,0
1777716000000000,2305.13000000,2305.30000000,2303.87000000,2304.86000000,563.14400000,1777716899999999,1297858.39443600,6374,296.25920000,682799.48923000,0
1777716900000000,2304.86000000,2305.96000000,2303.68000000,2304.65000000,573.89030000,1777717799999999,1322667.82989000,5435,294.84930000,679582.11600400,0
1777717800000000,2304.64000000,2304.64000000,2302.41000000,2303.41000000,592.62720000,1777718699999999,1365182.15982200,7626,195.78050000,450957.55871800,0
1777718700000000,2303.41000000,2304.34000000,2302.97000000,2303.54000000,401.01620000,1777719599999999,923847.63680900,4099,175.02050000,403191.14485800,0
1777719600000000,2303.54000000,2303.54000000,2301.44000000,2301.60000000,588.93750000,1777720499999999,1355717.02143900,8775,226.57990000,521563.18990100,0
1777720500000000,2301.60000000,2304.99000000,2301.59000000,2304.70000000,531.25130000,1777721399999999,1224081.18486800,4673,238.23780000,548782.19199800,0
1777721400000000,2304.70000000,2304.71000000,2301.67000000,2302.64000000,631.31620000,1777722299999999,1453781.80136900,9629,161.97430000,372979.77929200,0
1777722300000000,2302.64000000,2302.64000000,2300.25000000,2302.10000000,421.10050000,1777723199999999,969049.94515400,5222,145.05190000,333780.47540900,0
1777723200000000,2302.09000000,2302.87000000,2301.36000000,2302.37000000,454.53740000,1777724099999999,1046447.64784600,4357,118.62630000,273086.72822000,0
1777724100000000,2302.38000000,2305.43000000,2302.24000000,2305.06000000,594.31070000,1777724999999999,1369247.49232600,6284,312.63890000,720270.36867200,0
1777725000000000,2305.05000000,2305.92000000,2303.28000000,2304.62000000,834.15480000,1777725899999999,1922784.09607800,6888,534.26570000,1231583.99715600,0
1777725900000000,2304.61000000,2304.63000000,2303.03000000,2303.52000000,416.23660000,1777726799999999,958988.18848600,3569,191.34940000,440853.82226200,0
1777726800000000,2303.53000000,2311.83000000,2303.53000000,2310.51000000,2529.11380000,1777727699999999,5839898.03905000,16165,1900.22870000,4387800.68964600,0
1777727700000000,2310.51000000,2310.51000000,2307.62000000,2307.63000000,573.13700000,1777728599999999,1323345.24652300,7993,194.08180000,448126.85047000,0
1777728600000000,2307.63000000,2309.22000000,2306.74000000,2309.19000000,558.97880000,1777729499999999,1289934.55420700,5956,331.06900000,763946.26798100,0
1777729500000000,2309.19000000,2309.22000000,2307.17000000,2308.08000000,841.39930000,1777730399999999,1942359.17757300,4841,243.39540000,561836.53098300,0
1777730400000000,2308.08000000,2308.59000000,2305.70000000,2305.89000000,533.99010000,1777731299999999,1232163.71719600,6748,266.70310000,615439.08357600,0
1777731300000000,2305.88000000,2308.38000000,2305.23000000,2306.40000000,901.05170000,1777732199999999,2077918.33855600,8144,496.51760000,1144959.46060100,0
1777732200000000,2306.41000000,2308.10000000,2305.63000000,2305.86000000,803.40270000,1777733099999999,1853374.30257200,6777,377.79050000,871524.69290200,0
1777733100000000,2305.86000000,2308.25000000,2305.85000000,2306.69000000,481.51300000,1777733999999999,1110832.09901100,5349,156.81200000,361741.93119100,0
1777734000000000,2306.69000000,2309.40000000,2306.55000000,2307.73000000,395.04760000,1777734899999999,911625.17759500,5743,195.91030000,452055.76829300,0
1777734900000000,2307.73000000,2307.74000000,2305.32000000,2306.63000000,500.74440000,1777735799999999,1154952.45875300,6469,261.53360000,603152.66398600,0
1777735800000000,2306.64000000,2308.06000000,2306.09000000,2307.68000000,649.86670000,1777736699999999,1499502.75296800,5330,340.74530000,786272.58023800,0
1777736700000000,2307.67000000,2310.10000000,2306.87000000,2309.19000000,604.37640000,1777737599999999,1395355.95371200,7181,395.61020000,913385.81534800,0
1777737600000000,2309.18000000,2312.36000000,2308.14000000,2311.24000000,1103.51430000,1777738499999999,2549386.04781300,13098,686.66400000,1586334.54423800,0
1777738500000000,2311.24000000,2313.98000000,2308.51000000,2309.07000000,1685.01630000,1777739399999999,3895418.45483200,17528,1011.42460000,2338509.97289900,0
1777739400000000,2309.07000000,2309.64000000,2307.96000000,2308.26000000,552.87890000,1777740299999999,1276533.09340000,7614,298.12630000,688333.71710500,0
1777740300000000,2308.26000000,2311.18000000,2308.25000000,2309.31000000,458.51630000,1777741199999999,1059212.55102200,6597,297.99070000,688359.17266200,0
1777741200000000,2309.31000000,2310.25000000,2308.61000000,2309.09000000,373.53710000,1777742099999999,862571.08600700,5804,249.11200000,575226.29122100,0
1777742100000000,2309.08000000,2309.16000000,2307.17000000,2307.28000000,374.33680000,1777742999999999,863951.20336500,4690,104.30880000,240748.50610000,0
1777743000000000,2307.28000000,2308.48000000,2306.19000000,2306.67000000,471.55920000,1777743899999999,1088082.22374700,5780,135.91560000,313630.64036900,0
1777743900000000,2306.67000000,2306.74000000,2305.69000000,2305.90000000,314.91460000,1777744799999999,726250.59859200,2714,85.37030000,196874.55881300,0
1777744800000000,2305.90000000,2306.58000000,2304.08000000,2306.43000000,1746.46790000,1777745699999999,4026821.25156900,9994,1286.52610000,2966548.08505000,0
1777745700000000,2306.44000000,2310.30000000,2306.32000000,2309.28000000,979.77220000,1777746599999999,2261518.26494200,8995,508.04760000,1172530.49044100,0
1777746600000000,2309.27000000,2311.57000000,2308.92000000,2309.58000000,766.36850000,1777747499999999,1770277.60082200,7603,305.03540000,704703.97376600,0
1777747500000000,2309.58000000,2311.00000000,2309.39000000,2310.30000000,489.68490000,1777748399999999,1131252.17164700,5429,149.18900000,344653.99293100,0
1777748400000000,2310.31000000,2312.48000000,2309.17000000,2312.14000000,551.74410000,1777749299999999,1274945.45257200,7817,390.08230000,901431.62203400,0
1777749300000000,2312.14000000,2312.15000000,2310.68000000,2311.10000000,314.59210000,1777750199999999,727191.43134700,4165,154.66270000,357471.14647300,0
1777750200000000,2311.10000000,2312.79000000,2310.30000000,2311.93000000,510.83770000,1777751099999999,1180693.31820200,5794,278.80580000,644338.62625100,0
1777751100000000,2311.94000000,2311.97000000,2310.87000000,2311.08000000,299.35080000,1777751999999999,691901.27970900,4344,138.37710000,319828.51554700,0
1777752000000000,2311.08000000,2311.08000000,2309.72000000,2309.73000000,194.99750000,1777752899999999,450476.88799100,2644,99.48210000,229814.30295800,0
1777752900000000,2309.72000000,2310.85000000,2309.59000000,2310.58000000,419.07220000,1777753799999999,968112.23059700,4326,168.61840000,389515.44832700,0
1777753800000000,2310.58000000,2311.84000000,2310.53000000,2310.73000000,558.92980000,1777754699999999,1291778.80763600,6485,300.62550000,694763.96341000,0
1777754700000000,2310.73000000,2311.61000000,2310.35000000,2311.58000000,311.94470000,1777755599999999,720868.42279000,3746,208.65320000,482146.94546400,0
1777755600000000,2311.59000000,2311.98000000,2310.79000000,2310.79000000,461.74950000,1777756499999999,1067337.14723000,5779,201.38350000,465496.45055000,0
1777756500000000,2310.80000000,2313.81000000,2310.79000000,2313.13000000,961.64410000,1777757399999999,2224027.53613300,5995,510.09350000,1179686.98619600,0
1777757400000000,2313.13000000,2343.60000000,2313.13000000,2328.31000000,13260.76020000,1777758299999999,30907536.22777700,79756,9334.85370000,21754523.76096700,0
1777758300000000,2328.32000000,2330.86000000,2324.80000000,2325.62000000,2466.39190000,1777759199999999,5739922.57379600,30992,1126.84470000,2622487.74736800,0
1777759200000000,2325.62000000,2327.93000000,2323.23000000,2325.40000000,1892.97670000,1777760099999999,4401717.80380200,20779,1054.81630000,2452723.69401300,0
1777760100000000,2325.39000000,2325.63000000,2317.88000000,2318.54000000,2767.77010000,1777760999999999,6421751.77556200,22532,1100.59620000,2553872.75190400,0
1777761000000000,2318.54000000,2325.00000000,2318.54000000,2321.64000000,1555.19090000,1777761899999999,3611256.65805800,18374,958.07530000,2224425.57202000,0
1777761900000000,2321.64000000,2328.36000000,2320.92000000,2327.00000000,2576.81090000,1777762799999999,5991219.25199200,22300,1589.31340000,3695335.23271500,0
1777762800000000,2326.99000000,2326.99000000,2321.95000000,2322.63000000,1047.19750000,1777763699999999,2433838.34832400,11568,417.76680000,970803.70837700,0
1777763700000000,2322.63000000,2323.22000000,2321.42000000,2322.60000000,489.59700000,1777764599999999,1136876.38744000,7270,267.94820000,622167.11657600,0
1777764600000000,2322.60000000,2323.69000000,2317.80000000,2318.10000000,1163.78530000,1777765499999999,2699885.48091200,8765,310.82630000,721218.18419700,0
1777765500000000,2318.10000000,2318.57000000,2313.98000000,2316.97000000,3338.51560000,1777766399999999,7735839.99789100,11933,2066.63660000,4789233.97232900,0
1777766400000000,2316.97000000,2317.69000000,2311.93000000,2313.48000000,2683.90040000,1777767299999999,6211424.85791300,16999,790.00410000,1828572.99863500,0
1777767300000000,2313.48000000,2315.94000000,2308.90000000,2315.93000000,1516.44610000,1777768199999999,3507563.95359800,16971,693.43050000,1604250.00190100,0
1777768200000000,2315.94000000,2317.20000000,2313.37000000,2314.01000000,743.94600000,1777769099999999,1722483.98388300,7544,320.09180000,741012.21158700,0
1777769100000000,2314.00000000,2314.73000000,2310.67000000,2313.98000000,898.10760000,1777769999999999,2077126.14339400,11355,328.59490000,759898.09863500,0
1777770000000000,2313.98000000,2314.09000000,2305.65000000,2309.44000000,1648.09910000,1777770899999999,3805546.82812500,20319,615.99730000,1422473.03431200,0
1777770900000000,2309.45000000,2310.43000000,2304.59000000,2307.48000000,1103.46720000,1777771799999999,2545498.21737300,12370,510.86770000,1178578.35266100,0
1777771800000000,2307.48000000,2307.49000000,2303.43000000,2304.67000000,1059.94380000,1777772699999999,2443285.99684900,11783,308.97920000,712075.09625300,0
1777772700000000,2304.68000000,2306.50000000,2303.49000000,2304.14000000,769.35870000,1777773599999999,1773199.27142700,10533,324.35760000,747572.04463300,0
1777773600000000,2304.14000000,2306.83000000,2299.38000000,2302.82000000,2197.20710000,1777774499999999,5059492.23745000,19307,795.45540000,1831833.97295400,0
1777774500000000,2302.83000000,2303.73000000,2299.62000000,2299.63000000,1013.87760000,1777775399999999,2332977.40717500,11653,390.16490000,897707.94386600,0
1777775400000000,2299.63000000,2302.94000000,2299.62000000,2300.71000000,715.18880000,1777776299999999,1645966.36264300,8076,321.44390000,739791.21329500,0
1777776300000000,2300.71000000,2304.83000000,2300.42000000,2303.41000000,738.21350000,1777777199999999,1700333.74672800,8695,446.95940000,1029438.16301900,0
1777777200000000,2303.41000000,2303.98000000,2300.43000000,2300.65000000,784.68990000,1777778099999999,1805999.06400400,7728,177.26990000,407972.52131800,0
1777778100000000,2300.64000000,2301.57000000,2300.00000000,2300.51000000,381.99940000,1777778999999999,878936.66371400,4769,134.54710000,309578.96925100,0
1777779000000000,2300.52000000,2304.00000000,2300.00000000,2300.36000000,2554.55230000,1777779899999999,5878034.65742300,7134,1078.21430000,2480574.22822300,0
1777779900000000,2300.37000000,2302.44000000,2300.36000000,2301.90000000,659.88230000,1777780799999999,1518844.51001500,7262,214.03690000,492588.76527000,0
1777780800000000,2301.90000000,2302.42000000,2297.59000000,2300.66000000,1267.10690000,1777781699999999,2913671.56229600,11759,411.96210000,947277.48244400,0
1777781700000000,2300.67000000,2303.97000000,2300.61000000,2303.69000000,744.61150000,1777782599999999,1714110.73557400,8174,384.61960000,885329.03507800,0
1777782600000000,2303.70000000,2304.37000000,2301.63000000,2301.71000000,500.83690000,1777783499999999,1153586.96170500,6405,224.69800000,517559.20985200,0
1777783500000000,2301.71000000,2302.56000000,2300.85000000,2301.53000000,506.82840000,1777784399999999,1166645.93768300,5157,333.80940000,768403.46968800,0
1777784400000000,2301.53000000,2305.56000000,2301.26000000,2304.00000000,699.74210000,1777785299999999,1612140.26270400,6877,480.68870000,1107497.48348100,0
1777785300000000,2303.99000000,2304.56000000,2302.06000000,2303.03000000,778.41690000,1777786199999999,1792797.79647800,5288,219.43920000,505463.75037300,0
1777786200000000,2303.04000000,2303.42000000,2302.02000000,2302.02000000,267.97800000,1777787099999999,617104.82670000,4282,120.32940000,277090.31646400,0
1777787100000000,2302.01000000,2304.52000000,2301.84000000,2304.11000000,235.19340000,1777787999999999,541799.17127800,3967,108.93010000,250933.18470100,0
1777788000000000,2304.11000000,2304.11000000,2301.33000000,2301.33000000,422.61930000,1777788899999999,973129.00323300,5485,131.68150000,303187.35597800,0
1777788900000000,2301.32000000,2301.75000000,2299.69000000,2301.00000000,921.84260000,1777789799999999,2121193.65834100,7322,537.38290000,1236599.37288000,0
1777789800000000,2301.01000000,2302.44000000,2300.99000000,2301.68000000,573.03670000,1777790699999999,1318954.46899200,3302,243.97390000,561513.81673500,0
1777790700000000,2301.68000000,2306.38000000,2301.68000000,2304.49000000,503.20700000,1777791599999999,1159600.45504100,6862,291.73230000,672254.10790300,0
1777791600000000,2304.50000000,2311.76000000,2304.42000000,2307.59000000,1412.03510000,1777792499999999,3260365.81127200,15346,927.59750000,2141791.39711900,0
1777792500000000,2307.58000000,2312.86000000,2307.58000000,2311.19000000,994.64940000,1777793399999999,2298247.85292700,9942,589.92610000,1363021.60458200,0
1777793400000000,2311.19000000,2314.01000000,2310.33000000,2310.34000000,803.60870000,1777794299999999,1858115.63555200,10103,396.38010000,916583.59500900,0
1777794300000000,2310.34000000,2311.36000000,2308.86000000,2309.28000000,589.81930000,1777795199999999,1362482.25360000,5456,294.88390000,681181.27863900,0
1777795200000000,2309.28000000,2312.67000000,2309.28000000,2310.99000000,404.22640000,1777796099999999,934118.32179600,6054,261.02290000,603174.77624600,0
1777796100000000,2310.99000000,2311.41000000,2308.79000000,2308.80000000,378.38260000,1777796999999999,874148.14141800,4428,139.22310000,321661.62110300,0
1777797000000000,2308.80000000,2310.29000000,2307.65000000,2310.17000000,667.22610000,1777797899999999,1540454.73120900,6629,234.84350000,542208.58807000,0
1777797900000000,2310.18000000,2310.85000000,2308.23000000,2308.28000000,420.54890000,1777798799999999,971200.44036700,6727,234.50710000,541550.13903000,0
1777798800000000,2308.29000000,2309.07000000,2307.49000000,2308.50000000,335.64440000,1777799699999999,774759.30136600,5764,187.78560000,433464.31781700,0
1777799700000000,2308.50000000,2313.46000000,2308.50000000,2312.36000000,1024.30430000,1777800599999999,2367535.23600600,9035,637.34600000,1473043.20399900,0
1777800600000000,2312.36000000,2322.27000000,2311.02000000,2316.15000000,3025.47050000,1777801499999999,7011242.44643400,22599,1858.08020000,4305164.78346000,0
1777801500000000,2316.16000000,2317.40000000,2315.17000000,2316.47000000,1599.97390000,1777802399999999,3706266.66390600,8189,873.57090000,2023528.92795500,0
1777802400000000,2316.48000000,2316.73000000,2311.84000000,2313.67000000,800.20480000,1777803299999999,1851976.10239900,8824,362.38310000,838632.31204100,0
1777803300000000,2313.67000000,2313.78000000,2311.32000000,2311.41000000,570.86500000,1777804199999999,1320174.77460900,5908,287.42960000,664631.46554900,0
1777804200000000,2311.41000000,2315.36000000,2311.41000000,2314.56000000,608.81670000,1777805099999999,1408892.25593500,7763,285.37620000,660405.70326500,0
1777805100000000,2314.56000000,2314.57000000,2311.44000000,2311.54000000,393.47550000,1777805999999999,909864.12031600,6053,182.01800000,420885.07452400,0
1777806000000000,2311.54000000,2316.34000000,2310.52000000,2314.52000000,1086.56300000,1777806899999999,2512689.89650000,10578,413.71700000,957029.08469800,0
1777806900000000,2314.52000000,2314.95000000,2313.54000000,2313.56000000,412.97270000,1777807799999999,955666.47331000,3552,291.15260000,673761.94316200,0
1777807800000000,2313.56000000,2324.18000000,2313.55000000,2321.61000000,2865.50800000,1777808699999999,6647513.14275600,22388,1935.36310000,4489392.78117300,0
1777808700000000,2321.61000000,2327.50000000,2319.42000000,2319.63000000,2960.94300000,1777809599999999,6879974.15444700,25441,1767.41320000,4107500.06608700,0
1777809600000000,2319.63000000,2332.61000000,2319.63000000,2329.46000000,4428.69310000,1777810499999999,10307114.76033200,31137,2676.37800000,6229204.44614400,0
1777810500000000,2329.46000000,2330.20000000,2325.08000000,2326.78000000,1993.90670000,1777811399999999,4639500.47514600,14894,970.42840000,2257747.32505000,0
1777811400000000,2326.79000000,2327.39000000,2323.94000000,2325.53000000,1273.20030000,1777812299999999,2960387.79242100,9439,686.51230000,1596238.21338600,0
1777812300000000,2325.52000000,2326.97000000,2323.39000000,2325.71000000,1391.25950000,1777813199999999,3235225.20005800,7505,627.17180000,1458536.59080400,0
1777813200000000,2325.71000000,2328.74000000,2324.66000000,2327.36000000,983.33730000,1777814099999999,2288277.40559200,9255,671.01300000,1561535.17480200,0
1777814100000000,2327.35000000,2327.70000000,2323.39000000,2325.00000000,936.90410000,1777814999999999,2179136.40837600,8762,541.02140000,1258516.64518100,0
1777815000000000,2325.00000000,2327.30000000,2320.61000000,2322.51000000,960.22800000,1777815899999999,2232045.04524900,14649,448.65100000,1042960.57630900,0
1777815900000000,2322.51000000,2324.48000000,2321.69000000,2322.21000000,736.06040000,1777816799999999,1709878.28468600,11204,332.44210000,772211.34791000,0
1777816800000000,2322.22000000,2326.60000000,2322.22000000,2325.87000000,662.35420000,1777817699999999,1539915.56634200,11693,347.27720000,807345.56535200,0
1777817700000000,2325.87000000,2326.60000000,2321.19000000,2324.64000000,1495.08200000,1777818599999999,3474019.37302100,12390,535.01810000,1243127.13707900,0
1777818600000000,2324.64000000,2326.00000000,2323.58000000,2326.00000000,533.88200000,1777819499999999,1241371.62845900,5441,202.99100000,471993.45142300,0
1777819500000000,2325.99000000,2329.60000000,2323.73000000,2328.28000000,1311.40410000,1777820399999999,3051897.57541500,13677,779.16050000,1813128.18171200,0
1777820400000000,2328.28000000,2330.63000000,2328.28000000,2328.56000000,1035.48680000,1777821299999999,2412020.69579700,14533,470.23310000,1095401.10659100,0
1777821300000000,2328.57000000,2332.55000000,2328.56000000,2331.38000000,1174.39780000,1777822199999999,2736724.12687900,13419,553.01330000,1288649.75718300,0
1777822200000000,2331.38000000,2333.91000000,2326.89000000,2327.41000000,1180.48660000,1777823099999999,2750022.25222500,17934,435.80080000,1015372.18602700,0
1777823100000000,2327.40000000,2329.13000000,2324.96000000,2328.44000000,1377.41020000,1777823999999999,3204958.00405200,17876,546.26090000,1271069.87428100,0
1777824000000000,2328.45000000,2330.99000000,2325.00000000,2325.39000000,1437.83570000,1777824899999999,3348050.27101900,15399,666.54210000,1552365.34112000,0
1777824900000000,2325.39000000,2328.19000000,2322.38000000,2328.03000000,1373.53640000,1777825799999999,3193010.61018700,12348,558.77060000,1299138.50201600,0
1777825800000000,2328.04000000,2335.00000000,2328.03000000,2330.41000000,2396.77410000,1777826699999999,5589014.32904600,20039,1692.50130000,3947116.39539700,0
1777826700000000,2330.42000000,2330.98000000,2328.10000000,2328.41000000,572.88530000,1777827599999999,1334454.87563400,9278,214.99920000,500803.67974700,0
1777827600000000,2328.40000000,2329.37000000,2324.11000000,2328.53000000,1155.28980000,1777828499999999,2687176.13546500,12890,438.74060000,1020313.13957800,0
1777828500000000,2328.53000000,2334.70000000,2328.52000000,2332.41000000,2344.90730000,1777829399999999,5469372.73267900,18015,1179.14820000,2749641.06287400,0
1777829400000000,2332.41000000,2335.35000000,2332.41000000,2333.51000000,1289.45750000,1777830299999999,3010320.74853100,10989,854.57200000,1995117.56368400,0
1777830300000000,2333.52000000,2333.61000000,2330.45000000,2331.85000000,819.10570000,1777831199999999,1909934.21287100,8652,306.20670000,713913.90189500,0
1777831200000000,2331.85000000,2332.72000000,2329.11000000,2329.80000000,909.20600000,1777832099999999,2119310.85318800,8153,299.05710000,697050.77806900,0
1777832100000000,2329.79000000,2333.60000000,2328.29000000,2332.43000000,574.76980000,1777832999999999,1339637.11720900,8046,304.23180000,709148.23924300,0
1777833000000000,2332.43000000,2332.50000000,2329.89000000,2331.21000000,331.02070000,1777833899999999,771610.35854200,5712,126.50190000,294848.93746800,0
1777833900000000,2331.21000000,2333.00000000,2330.75000000,2330.98000000,448.69400000,1777834799999999,1046209.69040400,3638,216.80130000,505471.38540700,0
1777834800000000,2330.98000000,2332.52000000,2330.00000000,2330.01000000,711.27260000,1777835699999999,1657882.30114100,6407,192.87340000,449540.12948200,0
1777835700000000,2330.01000000,2330.39000000,2328.47000000,2328.94000000,529.68930000,1777836599999999,1233802.41934500,6225,186.89410000,435292.85009700,0
1777836600000000,2328.95000000,2337.87000000,2328.94000000,2335.32000000,1616.89940000,1777837499999999,3775014.48551100,13067,952.44110000,2223112.42593900,0
1777837500000000,2335.32000000,2336.10000000,2333.09000000,2335.59000000,2684.78990000,1777838399999999,6266024.30155100,9524,2169.54460000,5062872.77210900,0
1777838400000000,2335.60000000,2336.48000000,2333.44000000,2333.59000000,981.65470000,1777839299999999,2292303.95409900,9831,323.45620000,755302.13687400,0
1777839300000000,2333.59000000,2339.78000000,2332.04000000,2335.25000000,1736.15960000,1777840199999999,4056372.86404200,16618,886.98910000,2072320.92153400,0
1777840200000000,2335.26000000,2344.35000000,2333.36000000,2336.30000000,7903.09850000,1777841099999999,18493106.55959100,40499,3452.62530000,8079228.62500400,0
1777841100000000,2336.31000000,2337.38000000,2328.28000000,2329.58000000,3822.67950000,1777841999999999,8908784.83771700,17538,2485.31170000,5791042.15424300,0
1777842000000000,2329.58000000,2334.18000000,2325.35000000,2332.89000000,2355.09410000,1777842899999999,5486183.57204300,18844,1106.55730000,2577964.13056000,0
1777842900000000,2332.88000000,2333.00000000,2330.04000000,2330.11000000,875.88200000,1777843799999999,2042462.15324600,9863,512.73480000,1195695.06952700,0
1777843800000000,2330.10000000,2332.15000000,2315.00000000,2320.09000000,2687.07470000,1777844699999999,6241641.11062900,28688,741.77040000,1723100.30181800,0
1777844700000000,2320.10000000,2324.63000000,2316.19000000,2324.27000000,2236.94020000,1777845599999999,5190211.37712500,25335,1185.82860000,2751602.59449400,0
1777845600000000,2324.27000000,2351.94000000,2324.26000000,2347.90000000,12250.10160000,1777846499999999,28682364.74856900,80466,6303.90000000,14763583.66250700,0
1777846500000000,2347.90000000,2356.92000000,2335.00000000,2338.66000000,8176.49270000,1777847399999999,19193884.29359000,70576,4058.93330000,9531701.58813800,0
1777847400000000,2338.67000000,2347.04000000,2335.03000000,2346.39000000,1748.56720000,1777848299999999,4093560.44790800,34317,1098.97820000,2572920.36866600,0
1777848300000000,2346.39000000,2351.68000000,2341.88000000,2343.89000000,3171.66770000,1777849199999999,7443123.95506100,35586,1565.56360000,3674811.27338200,0
1777849200000000,2343.89000000,2347.47000000,2336.68000000,2338.74000000,2255.95050000,1777850099999999,5282452.76708200,31030,836.71680000,1959848.97603400,0
1777850100000000,2338.75000000,2339.05000000,2321.63000000,2326.65000000,4101.71680000,1777850999999999,9553453.20870600,47901,1571.51300000,3659087.73027800,0
1777851000000000,2326.65000000,2329.00000000,2324.04000000,2324.33000000,4061.45010000,1777851899999999,9446527.59989900,33559,2837.14400000,6598078.68747300,0
1777851900000000,2324.32000000,2325.49000000,2319.96000000,2322.65000000,3794.13990000,1777852799999999,8813110.03453500,33292,1241.27090000,2883296.50566600,0
1777852800000000,2322.65000000,2322.65000000,2315.00000000,2317.90000000,4043.61350000,1777853699999999,9374653.22652100,44518,1459.74960000,3384061.04589600,0
1777853700000000,2317.89000000,2318.44000000,2309.24000000,2312.95000000,4990.23000000,1777854599999999,11542646.41432400,52503,1924.50200000,4451957.63141400,0
1777854600000000,2312.94000000,2315.95000000,2310.14000000,2312.28000000,1751.86540000,1777855499999999,4051453.46713600,28033,1066.42060000,2466224.15858100,0
1777855500000000,2312.29000000,2320.44000000,2312.29000000,2319.00000000,1562.86100000,1777856399999999,3620094.67436800,25826,1041.88150000,2413280.22020100,0
1777856400000000,2319.00000000,2321.60000000,2312.98000000,2316.95000000,1302.27970000,1777857299999999,3015932.33910100,26782,648.00730000,1500791.45800100,0
1777857300000000,2316.95000000,2320.35000000,2313.25000000,2320.18000000,1530.93760000,1777858199999999,3546611.23674400,24861,902.75470000,2091679.73416100,0
1777858200000000,2320.18000000,2340.17000000,2319.92000000,2327.21000000,7238.03910000,1777859099999999,16887770.08502200,82372,3017.67920000,7036126.05391500,0
1777859100000000,2327.21000000,2354.02000000,2326.81000000,2351.20000000,7610.64090000,1777859999999999,17838978.52106400,76976,4195.55900000,9834600.90120800,0
1777860000000000,2351.21000000,2362.35000000,2345.41000000,2360.33000000,12579.64250000,1777860899999999,29637611.19941700,116731,6618.34390000,15596698.65350900,0
1777860900000000,2360.34000000,2371.95000000,2356.34000000,2363.73000000,12007.15840000,1777861799999999,28406231.01183700,78485,6342.59740000,15004923.96666000,0
1777861800000000,2363.72000000,2383.66000000,2363.72000000,2380.64000000,16668.12740000,1777862699999999,39611877.74282600,96151,9218.52100000,21900457.00235400,0
1777862700000000,2380.65000000,2387.99000000,2374.09000000,2374.73000000,10933.94840000,1777863599999999,26043932.67505800,64418,3739.58510000,8911498.02757500,0
1777863600000000,2374.73000000,2387.11000000,2371.74000000,2385.25000000,15250.95220000,1777864499999999,36302997.03484800,59166,7780.41010000,18521264.93503700,0
1777864500000000,2385.26000000,2391.00000000,2378.94000000,2380.08000000,9564.20480000,1777865399999999,22824567.69707700,44096,5927.24890000,14151303.75229900,0
1777865400000000,2380.07000000,2385.35000000,2375.90000000,2378.90000000,4124.44120000,1777866299999999,9817113.53109100,33326,1584.20580000,3771166.46447000,0
1777866300000000,2378.90000000,2385.98000000,2377.56000000,2385.12000000,3169.05440000,1777867199999999,7550980.02604700,29331,1741.18420000,4148675.33294500,0
1777867200000000,2385.11000000,2388.48000000,2384.37000000,2385.98000000,4456.07760000,1777868099999999,10634830.89611600,33158,2263.61400000,5402391.38795200,0
1777868100000000,2385.98000000,2398.93000000,2384.65000000,2390.09000000,10116.73010000,1777868999999999,24208044.49779500,63264,5702.54310000,13647088.51651300,0
1777869000000000,2390.10000000,2393.90000000,2389.05000000,2392.19000000,3902.76960000,1777869899999999,9332628.56057400,32516,1706.30020000,4080527.66152300,0
1777869900000000,2392.19000000,2395.52000000,2389.44000000,2390.12000000,3107.35240000,1777870799999999,7435352.82427600,20583,1754.62510000,4198541.79787400,0
1777870800000000,2390.12000000,2391.28000000,2382.04000000,2384.36000000,3909.77170000,1777871699999999,9334756.68836000,27190,1261.68620000,3012626.83262600,0
1777871700000000,2384.35000000,2384.66000000,2376.27000000,2377.70000000,6667.45780000,1777872599999999,15873832.27643900,30102,1722.40880000,4100815.47070200,0
1777872600000000,2377.70000000,2381.64000000,2375.36000000,2380.33000000,3567.38960000,1777873499999999,8487394.12907100,21009,2006.50780000,4773704.42956900,0
1777873500000000,2380.33000000,2380.33000000,2375.26000000,2376.19000000,3270.47000000,1777874399999999,7773209.51803600,13316,1957.76460000,4652999.94464200,0
1777874400000000,2376.19000000,2378.42000000,2371.40000000,2372.09000000,3745.21570000,1777875299999999,8890168.00822600,26701,1067.66780000,2534760.04358400,0
1777875300000000,2372.08000000,2372.09000000,2354.20000000,2362.06000000,8421.52160000,1777876199999999,19906279.73105500,52627,3036.98750000,7175534.02731900,0
1777876200000000,2362.07000000,2366.13000000,2360.03000000,2363.90000000,4520.95170000,1777877099999999,10687442.32875000,32956,1960.88080000,4634698.35299800,0
1777877100000000,2363.91000000,2372.70000000,2363.91000000,2368.41000000,3439.50290000,1777877999999999,8150400.66355800,29888,1868.76520000,4427888.82621800,0
1777878000000000,2368.41000000,2372.43000000,2367.05000000,2372.07000000,2229.81850000,1777878899999999,5286047.90834900,25016,1536.58660000,3642584.38902800,0
1777878900000000,2372.07000000,2373.87000000,2368.40000000,2369.45000000,2735.07100000,1777879799999999,6484064.96207000,19407,1060.75350000,2514908.69486000,0
1777879800000000,2369.46000000,2369.60000000,2363.96000000,2368.04000000,2955.23510000,1777880699999999,6992853.50975500,26543,1473.92160000,3487344.85330100,0
1777880700000000,2368.03000000,2370.07000000,2362.51000000,2362.80000000,2375.18360000,1777881599999999,5618898.73927500,12489,1210.61230000,2864521.23914300,0
1777881600000000,2362.79000000,2365.11000000,2357.93000000,2363.83000000,2928.59230000,1777882499999999,6915517.00173300,20661,1451.27790000,3427503.02285700,0
1777882500000000,2363.82000000,2364.19000000,2358.46000000,2360.33000000,2803.86970000,1777883399999999,6618736.30113100,24180,1458.25770000,3442015.99613400,0
1777883400000000,2360.33000000,2362.86000000,2358.40000000,2360.67000000,1999.08190000,1777884299999999,4718589.13331700,20056,1099.63960000,2595476.18610400,0
1777884300000000,2360.66000000,2363.77000000,2357.30000000,2360.04000000,2127.08740000,1777885199999999,5021218.95158300,17327,786.20640000,1856070.40146400,0
1777885200000000,2360.04000000,2362.69000000,2358.04000000,2361.04000000,1567.59600000,1777886099999999,3700468.34018600,19666,860.05280000,2030341.15402700,0
1777886100000000,2361.03000000,2365.37000000,2360.99000000,2362.85000000,3011.27020000,1777886999999999,7116913.45623000,12335,1194.22190000,2822404.87344300,0
1777887000000000,2362.84000000,2370.58000000,2362.01000000,2369.68000000,2285.02060000,1777887899999999,5408852.35247100,22668,1616.14900000,3825452.77476600,0
1777887900000000,2369.67000000,2371.09000000,2366.00000000,2368.71000000,1743.74820000,1777888799999999,4131268.91355800,14757,960.65810000,2276078.29264700,0
1777888800000000,2368.72000000,2369.89000000,2323.12000000,2328.58000000,25853.06480000,1777889699999999,60379114.92392900,212875,11952.05470000,27881395.31325900,0
1777889700000000,2328.57000000,2329.08000000,2314.25000000,2324.18000000,14205.25740000,1777890599999999,32959950.85122400,137596,5659.47190000,13133584.91481500,0
1777890600000000,2324.18000000,2345.89000000,2321.67000000,2341.46000000,12893.86570000,1777891499999999,30147518.82281700,118969,7903.97140000,18478603.90143400,0
1777891500000000,2341.46000000,2344.00000000,2335.60000000,2338.36000000,4472.08840000,1777892399999999,10465638.33359200,45342,2293.02420000,5366669.08480300,0
1777892400000000,2338.35000000,2343.00000000,2337.07000000,2341.65000000,3420.80360000,1777893299999999,8005633.31918900,44735,1620.36620000,3792315.56386500,0
1777893300000000,2341.65000000,2343.62000000,2336.33000000,2337.05000000,2090.26880000,1777894199999999,4890430.63286900,28172,822.45430000,1924292.53139100,0
1777894200000000,2337.05000000,2339.05000000,2332.91000000,2334.14000000,2773.71190000,1777895099999999,6478549.13455600,34332,1018.52220000,2379033.73958100,0
1777895100000000,2334.14000000,2339.16000000,2333.97000000,2337.59000000,1555.70520000,1777895999999999,3635092.48466600,20891,880.54750000,2057517.50216800,0
1777896000000000,2337.59000000,2338.76000000,2333.04000000,2337.67000000,2410.61270000,1777896899999999,5630211.55458400,26888,748.98350000,1749703.76591700,0
1777896900000000,2337.67000000,2343.78000000,2335.43000000,2340.84000000,2382.22760000,1777897799999999,5575767.59001100,34574,1539.83480000,3604115.00505300,0
1777897800000000,2340.83000000,2341.69000000,2337.00000000,2341.38000000,1438.42410000,1777898699999999,3364957.46084100,21579,840.05770000,1965060.79030900,0
1777898700000000,2341.37000000,2342.27000000,2335.53000000,2335.53000000,1501.91750000,1777899599999999,3514050.14145200,17676,516.66270000,1208934.55279100,0
1777899600000000,2335.53000000,2341.00000000,2325.71000000,2337.23000000,8295.05910000,1777900499999999,19339083.43168200,65984,4201.31770000,9795974.70085800,0
1777900500000000,2337.22000000,2340.71000000,2336.33000000,2338.80000000,1984.23650000,1777901399999999,4641074.44270500,28022,1271.75440000,2974708.55000000,0
1777901400000000,2338.80000000,2344.53000000,2335.92000000,2336.60000000,4483.90970000,1777902299999999,10495642.85050100,64594,2663.35210000,6235973.73978500,0
1777902300000000,2336.60000000,2342.67000000,2333.84000000,2336.53000000,2984.76880000,1777903199999999,6978532.29394400,39171,1699.47680000,3974607.70575600,0
1777903200000000,2336.53000000,2341.96000000,2327.47000000,2340.64000000,5802.45910000,1777904099999999,13543284.10335300,73780,2907.37050000,6787836.81584100,0
1777904100000000,2340.63000000,2352.72000000,2340.01000000,2345.76000000,6962.02940000,1777904999999999,16334242.93527600,74959,3683.44070000,8641398.03330600,0
1777905000000000,2345.76000000,2358.68000000,2345.16000000,2352.77000000,6698.09050000,1777905899999999,15761403.52981600,63319,3533.64520000,8314775.91248300,0
1777905900000000,2352.77000000,2381.80000000,2352.77000000,2371.39000000,17094.64950000,1777906799999999,40547277.88133500,137406,9479.60430000,22479373.16374200,0
1777906800000000,2371.40000000,2374.38000000,2361.44000000,2366.51000000,13316.54300000,1777907699999999,31544638.33842400,106915,5732.99290000,13582295.07406500,0
1777907700000000,2366.51000000,2370.36000000,2339.21000000,2348.45000000,15279.00890000,1777908599999999,35920883.32943200,151112,6281.02600000,14760702.22776300,0
1777908600000000,2348.45000000,2354.10000000,2342.17000000,2353.69000000,4658.78380000,1777909499999999,10938044.17910800,75607,2554.76460000,5999207.97943900,0
1777909500000000,2353.68000000,2353.68000000,2336.01000000,2350.10000000,7922.47290000,1777910399999999,18587825.66938100,79250,4078.50630000,9570381.07626100,0
1777910400000000,2350.11000000,2352.14000000,2336.63000000,2340.60000000,5952.02310000,1777911299999999,13945114.06088800,81660,3069.51470000,7190587.61483600,0
1777911300000000,2340.59000000,2365.00000000,2337.04000000,2357.83000000,10633.71070000,1777912199999999,25046759.32700900,106814,5725.78590000,13485444.84376600,0
1777912200000000,2357.85000000,2362.70000000,2355.05000000,2359.32000000,3804.07270000,1777913099999999,8971264.82690800,54682,1894.51940000,4468490.29195200,0
1777913100000000,2359.32000000,2360.10000000,2351.76000000,2355.28000000,2801.84300000,1777913999999999,6601170.01286900,41539,1216.28090000,2865141.69891700,0
1777914000000000,2355.27000000,2365.00000000,2353.84000000,2363.70000000,7591.78030000,1777914899999999,17930203.91408600,56456,2581.91100000,6094530.15499400,0
1777914900000000,2363.70000000,2370.22000000,2360.89000000,2367.07000000,3684.44240000,1777915799999999,8720290.42999700,46985,2008.57490000,4753456.43371600,0
1777915800000000,2367.07000000,2370.00000000,2364.13000000,2367.32000000,2360.15230000,1777916699999999,5585776.64011900,30424,1420.75290000,3362303.81419400,0
1777916700000000,2367.32000000,2379.52000000,2366.74000000,2370.09000000,5217.44940000,1777917599999999,12389234.71878200,51573,3020.16940000,7172112.86256700,0
1777917600000000,2370.10000000,2374.86000000,2366.98000000,2372.07000000,3719.54390000,1777918499999999,8818802.70677100,30214,1723.64120000,4087516.48231000,0
1777918500000000,2372.06000000,2372.06000000,2359.26000000,2363.76000000,5267.81730000,1777919399999999,12460398.26877300,41451,2033.96040000,4813480.72865000,0
1777919400000000,2363.77000000,2366.29000000,2362.34000000,2362.69000000,1195.10460000,1777920299999999,2825609.08086800,23568,568.27250000,1343564.13739100,0
1777920300000000,2362.69000000,2362.70000000,2357.02000000,2361.41000000,2214.91240000,1777921199999999,5227428.37717300,25982,929.43990000,2193130.90656100,0
1777921200000000,2361.42000000,2364.35000000,2355.54000000,2362.46000000,2137.77660000,1777922099999999,5048613.59109800,34843,1191.03030000,2813094.96129200,0
1777922100000000,2362.46000000,2362.46000000,2355.42000000,2357.02000000,1427.88710000,1777922999999999,3367058.90018600,23046,561.99910000,1325080.85043800,0
1777923000000000,2357.03000000,2358.64000000,2353.52000000,2355.74000000,1569.76590000,1777923899999999,3698130.62439600,20383,602.77300000,1420004.56631100,0
1777923900000000,2355.75000000,2358.23000000,2354.34000000,2356.52000000,2723.16250000,1777924799999999,6416059.63353300,23774,1641.20430000,3866605.92602300,0
1777924800000000,2356.52000000,2357.30000000,2353.59000000,2356.67000000,1169.67970000,1777925699999999,2754817.15315700,12411,667.90590000,1572819.80111300,0
1777925700000000,2356.68000000,2359.12000000,2349.80000000,2352.50000000,2017.41060000,1777926599999999,4748809.58209000,21342,1163.76320000,2740156.66936400,0
1777926600000000,2352.49000000,2352.81000000,2347.77000000,2349.24000000,1051.38830000,1777927499999999,2470896.89230800,17145,370.02240000,869603.26287700,0
1777927500000000,2349.24000000,2352.01000000,2349.11000000,2350.15000000,866.69880000,1777928399999999,2037163.80914500,9592,469.58670000,1103796.05641200,0
1777928400000000,2350.14000000,2357.42000000,2350.14000000,2357.41000000,894.62770000,1777929299999999,2106787.87591400,13377,609.39790000,1435028.88989800,0
1777929300000000,2357.42000000,2361.66000000,2355.77000000,2359.16000000,1071.84170000,1777930199999999,2528858.87716200,12534,562.13830000,1326306.82114300,0
1777930200000000,2359.16000000,2362.55000000,2359.11000000,2361.03000000,801.89770000,1777931099999999,1893750.27656300,10960,383.84150000,906453.91434600,0
1777931100000000,2361.03000000,2364.59000000,2360.88000000,2360.89000000,1076.26740000,1777931999999999,2542696.67370000,14488,498.41080000,1177517.38705400,0
1777932000000000,2360.89000000,2365.91000000,2360.40000000,2363.98000000,1522.84680000,1777932899999999,3599865.47378200,21797,797.55040000,1885215.25704000,0
1777932900000000,2363.99000000,2365.56000000,2359.24000000,2359.89000000,1037.00510000,1777933799999999,2448819.64830100,16037,299.53560000,707535.15743300,0
1777933800000000,2359.88000000,2360.00000000,2355.00000000,2355.04000000,1181.30140000,1777934699999999,2785544.80006600,16729,328.01470000,773446.45678700,0
1777934700000000,2355.04000000,2359.75000000,2353.95000000,2354.58000000,1431.38840000,1777935599999999,3373845.40829700,12822,672.87530000,1586151.34547800,0
1777935600000000,2354.58000000,2354.58000000,2348.69000000,2350.68000000,1283.93690000,1777936499999999,3018519.78619800,17091,372.82950000,876392.60451600,0
1777936500000000,2350.68000000,2353.33000000,2348.65000000,2353.04000000,779.71930000,1777937399999999,1833172.64872300,11843,457.66990000,1076045.18877600,0
1777937400000000,2353.04000000,2353.04000000,2345.00000000,2345.15000000,1172.47400000,1777938299999999,2752156.04555000,18177,304.38080000,714318.87361400,0
1777938300000000,2345.14000000,2347.95000000,2344.83000000,2347.16000000,666.12990000,1777939199999999,1563061.19309700,11616,298.78990000,701066.91716800,0
1777939200000000,2347.17000000,2352.04000000,2344.93000000,2351.28000000,1203.97040000,1777940099999999,2828914.39380900,19767,724.30480000,1701870.97437800,0
1777940100000000,2351.27000000,2351.27000000,2348.14000000,2348.21000000,703.20160000,1777940999999999,1652122.69437800,13192,241.00220000,566207.78540400,0
1777941000000000,2348.22000000,2356.44000000,2348.21000000,2355.00000000,1390.94620000,1777941899999999,3273420.98018400,19676,807.23050000,1899494.01014600,0
1777941900000000,2355.01000000,2359.00000000,2354.58000000,2358.83000000,1517.71400000,1777942799999999,3577132.71624300,16777,623.93220000,1470729.93068700,0
1777942800000000,2358.83000000,2361.00000000,2355.10000000,2359.71000000,1179.79860000,1777943699999999,2782680.37209000,20396,632.26270000,1491477.18443500,0
1777943700000000,2359.70000000,2362.00000000,2359.14000000,2361.07000000,874.60570000,1777944599999999,2064629.42301000,14974,553.26980000,1306043.06457700,0
1777944600000000,2361.07000000,2363.81000000,2356.65000000,2361.98000000,1427.96280000,1777945499999999,3370990.46359900,20280,742.65880000,1753504.54325300,0
1777945500000000,2361.99000000,2364.49000000,2360.97000000,2361.82000000,1228.95940000,1777946399999999,2903399.56692000,13222,564.91470000,1334628.24592400,0
1777946400000000,2361.81000000,2373.33000000,2359.10000000,2369.21000000,3634.15280000,1777947299999999,8607049.81441500,33706,2209.13850000,5232219.39155200,0
1777947300000000,2369.21000000,2372.84000000,2365.93000000,2367.20000000,1711.18580000,1777948199999999,4053609.11481500,16651,712.18580000,1687295.46747100,0
1777948200000000,2367.20000000,2376.03000000,2367.07000000,2374.26000000,2367.75020000,1777949099999999,5615238.86399900,30755,1285.87950000,3049852.77864400,0
1777949100000000,2374.26000000,2377.80000000,2363.59000000,2367.72000000,2735.12430000,1777949999999999,6479574.39364800,32454,1340.38920000,3175412.32717100,0
1777950000000000,2367.72000000,2374.40000000,2364.71000000,2372.84000000,1139.29080000,1777950899999999,2699362.17378000,17001,716.89080000,1698861.55109600,0
1777950900000000,2372.83000000,2377.68000000,2370.80000000,2377.00000000,3722.01320000,1777951799999999,8843456.27909400,28596,1582.56580000,3759845.34705200,0
1777951800000000,2376.99000000,2389.38000000,2375.90000000,2385.59000000,14545.40180000,1777952699999999,34658434.88557100,57754,6195.90400000,14761373.93645200,0
1777952700000000,2385.58000000,2386.69000000,2380.68000000,2382.43000000,3987.57610000,1777953599999999,9501335.27751600,24308,1279.06570000,3047568.37019300,0
1777953600000000,2382.43000000,2386.00000000,2378.51000000,2380.08000000,3594.84440000,1777954499999999,8563019.77924400,33577,1467.75650000,3497166.44527600,0
1777954500000000,2380.08000000,2384.50000000,2379.23000000,2379.89000000,1657.77960000,1777955399999999,3948620.41237200,18306,699.60450000,1666425.63894800,0
1777955400000000,2379.89000000,2382.28000000,2378.40000000,2379.18000000,1789.78190000,1777956299999999,4259683.83307900,17195,923.36300000,2197576.51044400,0
1777956300000000,2379.18000000,2384.34000000,2376.04000000,2381.11000000,2385.20340000,1777957199999999,5678354.45269600,21358,1252.99960000,2983302.23261100,0
1777957200000000,2381.10000000,2381.71000000,2377.34000000,2379.44000000,2166.42530000,1777958099999999,5155173.45920700,21472,1297.57260000,3087630.46749500,0
1777958100000000,2379.44000000,2387.12000000,2378.06000000,2384.99000000,2915.52690000,1777958999999999,6949563.17953800,24023,1640.28330000,3910433.72854000,0
1777959000000000,2385.00000000,2390.74000000,2382.14000000,2382.27000000,4518.91480000,1777959899999999,10785690.67343700,36606,2451.35370000,5852518.30366400,0
1777959900000000,2382.28000000,2382.42000000,2376.88000000,2380.19000000,4009.94460000,1777960799999999,9541766.61325800,27139,1255.90490000,2988451.85614600,0
1777960800000000,2380.19000000,2381.51000000,2376.52000000,2377.90000000,3081.03300000,1777961699999999,7326617.73627900,22227,1218.52300000,2897629.42849000,0
1777961700000000,2377.91000000,2378.17000000,2367.35000000,2371.20000000,4631.25270000,1777962599999999,10986863.69984800,27401,1349.39860000,3200998.27306100,0
1777962600000000,2371.19000000,2376.00000000,2370.81000000,2373.58000000,2295.12720000,1777963499999999,5447743.87239200,20743,1107.54170000,2629152.44710000,0
1777963500000000,2373.59000000,2378.92000000,2373.59000000,2378.85000000,2303.47410000,1777964399999999,5473483.56095900,13329,1283.30510000,3049155.74701100,0
1777964400000000,2378.84000000,2382.95000000,2375.81000000,2381.36000000,3586.10120000,1777965299999999,8529052.94750500,26224,2197.50300000,5226587.32284900,0
1777965300000000,2381.36000000,2385.20000000,2379.63000000,2383.12000000,2297.94770000,1777966199999999,5475550.24846800,19114,1268.50600000,3022776.12346500,0
1777966200000000,2383.13000000,2388.56000000,2382.57000000,2385.76000000,4595.40740000,1777967099999999,10967385.17239600,28092,1958.09900000,4672423.34361000,0
1777967100000000,2385.76000000,2386.69000000,2379.50000000,2380.59000000,3210.17630000,1777967999999999,7647628.38258300,15195,1325.93940000,3159188.53870700,0
1777968000000000,2380.59000000,2384.62000000,2380.00000000,2384.03000000,1282.04760000,1777968899999999,3053303.21966500,8532,662.52630000,1577883.17774100,0
1777968900000000,2384.02000000,2384.53000000,2377.34000000,2378.34000000,2506.85630000,1777969799999999,5968159.85987500,10498,731.10430000,1740308.00207600,0
1777969800000000,2378.34000000,2380.00000000,2373.00000000,2373.99000000,2208.99640000,1777970699999999,5247881.12622400,11979,1102.26310000,2618195.69127800,0
1777970700000000,2373.99000000,2377.65000000,2373.99000000,2376.81000000,1060.81570000,1777971599999999,2520668.72882000,9303,527.08560000,1252379.88507500,0
1777971600000000,2376.82000000,2376.96000000,2368.90000000,2368.90000000,2057.04460000,1777972499999999,4879765.66999800,18400,431.91260000,1024629.40578500,0
1777972500000000,2368.91000000,2371.80000000,2367.46000000,2371.49000000,2073.04400000,1777973399999999,4912723.19011600,18147,960.18370000,2275686.10438100,0
1777973400000000,2371.49000000,2374.04000000,2366.76000000,2369.00000000,1478.74250000,1777974299999999,3504123.36250900,20783,703.36000000,1667021.45341700,0
1777974300000000,2369.00000000,2371.09000000,2367.17000000,2369.60000000,1382.15960000,1777975199999999,3274783.96140400,12807,718.75270000,1702976.73360700,0
1777975200000000,2369.60000000,2372.36000000,2367.30000000,2370.00000000,1902.37920000,1777976099999999,4508468.22263700,20152,1306.68420000,3096757.24394500,0
1777976100000000,2370.01000000,2375.58000000,2370.01000000,2374.42000000,1749.58700000,1777976999999999,4151111.11340700,16223,1231.48860000,2921762.71312800,0
1777977000000000,2374.42000000,2379.34000000,2374.00000000,2376.35000000,1810.44100000,1777977899999999,4303213.24743700,19310,1151.52780000,2736791.22814500,0
1777977900000000,2376.36000000,2378.49000000,2373.43000000,2378.41000000,1628.63780000,1777978799999999,3870868.20837900,15088,923.57190000,2195288.17027500,0
1777978800000000,2378.42000000,2379.34000000,2375.00000000,2378.37000000,1518.80700000,1777979699999999,3610789.31574400,16558,934.45440000,2221528.74644500,0
1777979700000000,2378.38000000,2379.33000000,2372.95000000,2378.08000000,1070.19470000,1777980599999999,2543347.18521900,22180,605.31370000,1438568.85064900,0
1777980600000000,2378.07000000,2383.49000000,2377.11000000,2380.89000000,3220.84700000,1777981499999999,7669388.67792800,22011,1085.17200000,2583583.26812200,0
1777981500000000,2380.90000000,2382.48000000,2374.91000000,2379.89000000,2430.35310000,1777982399999999,5781374.23277700,20214,1646.15840000,3916019.84311600,0
1777982400000000,2379.89000000,2383.48000000,2376.34000000,2382.38000000,2739.03410000,1777983299999999,6518948.72106200,26920,1725.98230000,4107888.75324800,0
1777983300000000,2382.38000000,2387.64000000,2381.68000000,2386.85000000,3446.80770000,1777984199999999,8221037.57985000,31983,1725.01420000,4114495.49176500,0
1777984200000000,2386.85000000,2389.66000000,2384.93000000,2388.78000000,3058.79390000,1777985099999999,7305028.90445400,28190,1601.01180000,3823668.02849800,0
1777985100000000,2388.79000000,2390.47000000,2385.81000000,2388.52000000,2485.72990000,1777985999999999,5936249.32106300,22988,1098.35160000,2623289.66091000,0
1777986000000000,2388.52000000,2397.61000000,2386.42000000,2395.15000000,9159.96070000,1777986899999999,21920916.23305700,63788,4788.70760000,11463443.83457800,0
1777986900000000,2395.15000000,2399.50000000,2388.75000000,2390.00000000,5752.72560000,1777987799999999,13773407.39996500,46347,2637.05480000,6317084.81099400,0
1777987800000000,2389.99000000,2395.00000000,2383.50000000,2389.64000000,5102.86240000,1777988699999999,12194555.47568400,67548,2548.56340000,6091463.90897400,0
1777988700000000,2389.65000000,2398.00000000,2383.64000000,2388.72000000,6427.90830000,1777989599999999,15380442.49106700,56639,3476.03700000,8319300.49499400,0
1777989600000000,2388.71000000,2392.36000000,2380.74000000,2381.81000000,6470.13070000,1777990499999999,15449241.91378500,57960,4030.76480000,9627373.78898600,0
1777990500000000,2381.82000000,2384.74000000,2369.17000000,2383.45000000,9551.91910000,1777991399999999,22705810.41707700,90173,4577.34880000,10882461.98568600,0
1777991400000000,2383.44000000,2387.02000000,2371.43000000,2377.07000000,7694.30600000,1777992299999999,18309505.32633000,47190,3454.76140000,8223843.55300300,0
1777992300000000,2377.07000000,2381.97000000,2373.48000000,2378.78000000,3506.81010000,1777993199999999,8337912.57660500,32670,1897.87430000,4513027.37904000,0
1777993200000000,2378.78000000,2387.93000000,2375.50000000,2383.68000000,4456.67970000,1777994099999999,10614647.32806800,39257,2659.93800000,6337000.52631900,0
1777994100000000,2383.68000000,2385.59000000,2380.24000000,2385.04000000,5047.95290000,1777994999999999,12031081.13753700,32276,1369.34890000,3263406.04024700,0
1777995000000000,2385.04000000,2386.44000000,2382.46000000,2385.40000000,1912.29190000,1777995899999999,4560727.62999400,27551,1062.91380000,2535036.00469000,0
1777995900000000,2385.41000000,2387.49000000,2380.72000000,2381.31000000,1994.59700000,1777996799999999,4754967.66183900,25246,772.54340000,1841678.11722700,0
1777996800000000,2381.30000000,2383.38000000,2379.36000000,2380.19000000,3458.53840000,1777997699999999,8234752.43719200,27794,1273.50500000,3032452.39529300,0
1777997700000000,2380.18000000,2382.64000000,2374.26000000,2376.45000000,3963.03360000,1777998599999999,9430490.71585100,29083,2606.50920000,6204277.53749900,0
1777998600000000,2376.44000000,2376.44000000,2361.00000000,2361.96000000,7145.77740000,1777999499999999,16913886.85274800,59785,2536.31740000,6001486.18207500,0
1777999500000000,2361.96000000,2369.75000000,2361.61000000,2365.94000000,3364.79500000,1778000399999999,7960525.70722000,25339,2338.96450000,5533115.77366100,0
1778000400000000,2365.94000000,2369.92000000,2359.71000000,2365.95000000,4317.51460000,1778001299999999,10207633.50857800,32609,2312.01350000,5467121.66519700,0
1778001300000000,2365.96000000,2368.65000000,2363.92000000,2365.98000000,1986.94000000,1778002199999999,4701708.11507300,24201,1153.78450000,2730100.96202200,0
1778002200000000,2365.99000000,2365.99000000,2360.72000000,2362.79000000,2224.36460000,1778003099999999,5254980.34674900,23286,705.57360000,1666954.36754600,0
1778003100000000,2362.79000000,2364.36000000,2361.03000000,2362.80000000,1278.48320000,1778003999999999,3021133.61171600,14305,574.54330000,1357616.18741000,0
1778004000000000,2362.81000000,2373.64000000,2362.81000000,2373.00000000,2633.38250000,1778004899999999,6235880.98365500,28372,2037.99030000,4826251.61086500,0
1778004900000000,2373.00000000,2373.33000000,2369.75000000,2372.10000000,2194.19160000,1778005799999999,5203486.80053400,21706,1272.94900000,3018631.83685100,0
1778005800000000,2372.08000000,2372.49000000,2369.40000000,2371.79000000,2727.36220000,1778006699999999,6465118.58860200,14929,745.18090000,1766541.75166000,0
1778006700000000,2371.78000000,2374.78000000,2370.76000000,2372.28000000,1155.25460000,1778007599999999,2741188.66737100,15536,724.66580000,1719560.12828600,0
1778007600000000,2372.28000000,2372.82000000,2369.48000000,2370.42000000,977.66780000,1778008499999999,2318320.82996000,12756,419.38100000,994459.55572800,0
1778008500000000,2370.43000000,2373.28000000,2369.33000000,2371.31000000,821.51000000,1778009399999999,1948539.86559400,13788,516.27930000,1224563.76661300,0
1778009400000000,2371.30000000,2374.31000000,2370.09000000,2374.23000000,1218.52080000,1778010299999999,2890848.18650200,15377,828.72680000,1966094.69653100,0
1778010300000000,2374.23000000,2376.73000000,2369.56000000,2371.94000000,1443.93650000,1778011199999999,3426491.32365300,18633,720.26710000,1709493.58211700,0
1778011200000000,2371.94000000,2382.37000000,2371.21000000,2380.47000000,3387.50050000,1778012099999999,8053470.41560300,29296,2293.05260000,5452039.14595700,0
1778012100000000,2380.47000000,2386.51000000,2378.40000000,2380.93000000,3987.36170000,1778012999999999,9501051.12959200,29104,2310.43370000,5506235.86794600,0
1778013000000000,2380.94000000,2387.00000000,2380.00000000,2383.99000000,3669.35830000,1778013899999999,8750211.76838100,25743,2078.09930000,4955213.00038500,0
1778013900000000,2383.99000000,2384.79000000,2381.98000000,2382.41000000,821.89480000,1778014799999999,1958479.38535700,10079,450.16050000,1072675.42944800,0
1778014800000000,2382.41000000,2388.54000000,2378.17000000,2378.17000000,3912.37750000,1778015699999999,9325898.53944000,24288,1962.96010000,4679713.15779400,0
1778015700000000,2378.17000000,2380.95000000,2374.33000000,2375.90000000,2545.80310000,1778016599999999,6055086.69570600,18454,1575.97920000,3748917.05437500,0
1778016600000000,2375.91000000,2375.91000000,2368.90000000,2371.78000000,1497.07100000,1778017499999999,3551487.93264300,24986,630.88540000,1496706.04886100,0
1778017500000000,2371.78000000,2377.90000000,2370.89000000,2375.43000000,1211.11900000,1778018399999999,2876737.97423600,21047,753.77520000,1790433.23754700,0
1778018400000000,2375.43000000,2381.68000000,2373.82000000,2375.01000000,1598.76030000,1778019299999999,3800873.02572100,25167,764.15630000,1816893.83119400,0
1778019300000000,2375.02000000,2379.65000000,2372.90000000,2376.77000000,982.64100000,1778020199999999,2334719.52480400,18489,544.45420000,1293602.93684500,0
1778020200000000,2376.77000000,2376.77000000,2354.34000000,2361.74000000,6619.31980000,1778021099999999,15648352.47194200,57741,1936.25260000,4576378.24979400,0
1778021100000000,2361.75000000,2375.35000000,2358.54000000,2367.51000000,4983.81600000,1778021999999999,11799614.59455900,48632,2615.45580000,6192600.32627700,0
1778022000000000,2367.51000000,2369.75000000,2363.65000000,2369.75000000,2258.20570000,1778022899999999,5344127.59714700,19618,668.91910000,1583040.43688400,0
1778022900000000,2369.75000000,2369.75000000,2357.69000000,2358.56000000,2931.03510000,1778023799999999,6928568.62876300,23487,791.21130000,1870667.07969600,0
1778023800000000,2358.55000000,2360.84000000,2355.00000000,2359.53000000,3017.06260000,1778024699999999,7110598.52841300,30892,1202.48770000,2834772.25958000,0
1778024700000000,2359.52000000,2363.62000000,2359.39000000,2360.77000000,1704.07430000,1778025599999999,4024285.48136800,17247,926.11120000,2186990.50402300,0
1778025600000000,2360.76000000,2365.90000000,2359.95000000,2364.37000000,3142.50580000,1778026499999999,7427135.73765600,32027,2209.82390000,5223231.16349900,0
1778026500000000,2364.37000000,2366.72000000,2357.01000000,2357.54000000,1912.61440000,1778027399999999,4515263.47368100,25016,896.43780000,2116177.49935800,0
1778027400000000,2357.54000000,2362.93000000,2357.26000000,2361.07000000,1250.68600000,1778028299999999,2952248.39276700,19801,784.57920000,1851983.61184700,0
1778028300000000,2361.06000000,2367.72000000,2355.00000000,2364.63000000,3364.80670000,1778029199999999,7940155.37121700,32617,1380.01720000,3260516.77815800,0
1778029200000000,2364.63000000,2369.00000000,2362.75000000,2368.86000000,3502.47870000,1778030099999999,8291367.21703100,23727,1507.60750000,3568706.30339800,0
1778030100000000,2368.87000000,2374.41000000,2368.33000000,2370.01000000,2642.82390000,1778030999999999,6267693.78659100,26529,1764.63080000,4184439.93993300,0
1778031000000000,2370.01000000,2373.36000000,2369.41000000,2370.35000000,1015.83360000,1778031899999999,2408499.67071100,21802,539.10380000,1278178.38359500,0
1778031900000000,2370.34000000,2376.99000000,2370.00000000,2373.19000000,1787.13810000,1778032799999999,4242029.14466800,27975,1065.25120000,2528851.20169100,0
1778032800000000,2373.20000000,2373.70000000,2368.92000000,2371.45000000,1279.72210000,1778033699999999,3034482.03230200,21984,511.38610000,1212616.67497100,0
1778033700000000,2371.45000000,2371.45000000,2363.27000000,2363.37000000,1058.89170000,1778034599999999,2506789.92438400,17853,287.51490000,680642.69476600,0
1778034600000000,2363.36000000,2366.28000000,2360.00000000,2364.12000000,1914.50660000,1778035499999999,4523508.20723300,20453,1003.81390000,2372082.90129000,0
1778035500000000,2364.11000000,2370.69000000,2363.86000000,2369.75000000,2286.09240000,1778036399999999,5413451.92921100,16703,1300.04100000,3078019.29705000,0
1778036400000000,2369.75000000,2373.31000000,2368.08000000,2368.38000000,2688.26220000,1778037299999999,6372947.43785200,24588,1572.41240000,3728034.13276600,0
1778037300000000,2368.39000000,2380.87000000,2368.13000000,2376.37000000,2947.27150000,1778038199999999,7000437.64349200,34968,1736.35110000,4124319.12717600,0
1778038200000000,2376.38000000,2379.84000000,2375.04000000,2376.35000000,1458.35950000,1778039099999999,3467438.86445200,24127,562.69820000,1337847.70832200,0
1778039100000000,2376.36000000,2377.90000000,2373.94000000,2376.80000000,802.81000000,1778039999999999,1907700.42989800,14810,389.28000000,925099.12816300,0
1778040000000000,2376.81000000,2379.40000000,2374.57000000,2377.27000000,1151.96220000,1778040899999999,2738720.71743500,19631,520.48160000,1237357.33914800,0
1778040900000000,2377.27000000,2377.90000000,2372.92000000,2372.92000000,1114.63150000,1778041799999999,2647696.49496800,16627,539.07210000,1280496.66724600,0
1778041800000000,2372.92000000,2373.03000000,2369.01000000,2371.40000000,1636.83710000,1778042699999999,3880218.21169100,22354,576.85780000,1367414.40493500,0
1778042700000000,2371.40000000,2373.68000000,2361.25000000,2366.08000000,4007.17070000,1778043599999999,9484834.64651200,27682,1792.21740000,4242127.06450600,0
1778043600000000,2366.08000000,2366.99000000,2362.56000000,2364.43000000,1232.10580000,1778044499999999,2914000.55100900,22502,537.86640000,1272014.99980500,0
1778044500000000,2364.43000000,2366.12000000,2363.00000000,2365.42000000,1195.92980000,1778045399999999,2828172.18160900,16355,495.93380000,1172817.65004700,0
1778045400000000,2365.42000000,2365.43000000,2355.00000000,2360.42000000,7307.26590000,1778046299999999,17241017.15697500,33189,2778.60480000,6554897.14421500,0
1778046300000000,2360.43000000,2365.26000000,2360.37000000,2365.03000000,1715.27670000,1778047199999999,4053413.98695000,12903,1207.58810000,2853626.02643400,0
1778047200000000,2365.03000000,2366.71000000,2361.46000000,2363.21000000,1658.28800000,1778048099999999,3921314.64472100,14611,1069.86500000,2530035.12331900,0
1778048100000000,2363.21000000,2366.55000000,2361.00000000,2365.51000000,1141.76600000,1778048999999999,2697487.15196000,15753,662.75620000,1565812.64871400,0
1778049000000000,2365.50000000,2370.45000000,2364.52000000,2370.45000000,1613.93980000,1778049899999999,3822265.87847000,19921,1135.59360000,2689618.51913500,0
1778049900000000,2370.45000000,2371.29000000,2368.16000000,2370.52000000,1897.33290000,1778050799999999,4496662.83809600,16376,1018.62060000,2414285.98404000,0
1778050800000000,2370.53000000,2373.75000000,2368.57000000,2370.04000000,3809.99670000,1778051699999999,9035105.77107000,24991,2656.34040000,6299754.82849100,0
1778051700000000,2370.05000000,2375.00000000,2369.53000000,2374.00000000,1292.58420000,1778052599999999,3066746.64588900,19171,611.75510000,1451539.35275100,0
1778052600000000,2374.00000000,2374.01000000,2370.15000000,2371.49000000,1222.78520000,1778053499999999,2900098.58271000,13737,632.11030000,1499154.01738600,0
1778053500000000,2371.49000000,2373.39000000,2369.63000000,2371.74000000,1516.80000000,1778054399999999,3597125.08659800,12118,717.71890000,1702116.74562500,0
1778054400000000,2371.74000000,2378.93000000,2369.16000000,2376.50000000,2902.50360000,1778055299999999,6894988.69134200,23363,1680.84950000,3993525.10949500,0
1778055300000000,2376.50000000,2377.90000000,2374.82000000,2377.89000000,1324.63200000,1778056199999999,3147884.77608500,13846,858.50320000,2040352.68039600,0
1778056200000000,2377.90000000,2386.35000000,2377.55000000,2382.48000000,5471.23450000,1778057099999999,13034252.22970900,39224,3355.55900000,7993755.24180000,0
1778057100000000,2382.48000000,2396.19000000,2380.00000000,2394.33000000,8756.46790000,1778057999999999,20921995.23317100,71733,5473.95870000,13082120.49497100,0
1778058000000000,2394.32000000,2396.22000000,2388.47000000,2391.46000000,9175.95700000,1778058899999999,21951464.18547500,44351,4278.64090000,10235371.13419100,0
1778058900000000,2391.47000000,2393.59000000,2384.80000000,2390.10000000,4205.45230000,1778059799999999,10045531.15415600,30678,1478.30800000,3531806.01605000,0
1778059800000000,2390.10000000,2418.39000000,2389.55000000,2417.76000000,26193.91570000,1778060699999999,63011772.78961900,109839,15274.27330000,36732874.51662700,0
1778060700000000,2417.76000000,2417.76000000,2406.55000000,2412.76000000,8143.05150000,1778061599999999,19622716.14580700,48864,4544.57580000,10948444.86188900,0
1778061600000000,2412.77000000,2413.78000000,2405.18000000,2411.14000000,4485.88530000,1778062499999999,10813143.82013900,42808,2179.47410000,5253660.54747800,0
1778062500000000,2411.14000000,2413.99000000,2408.85000000,2411.16000000,4079.37910000,1778063399999999,9837922.48788000,30292,2227.58050000,5371743.18988300,0
1778063400000000,2411.16000000,2414.43000000,2409.37000000,2409.63000000,4956.95420000,1778064299999999,11954979.62374800,34689,2740.02980000,6608009.77871600,0
1778064300000000,2409.63000000,2414.35000000,2408.00000000,2410.20000000,3670.67860000,1778065199999999,8849750.04654900,35687,1599.67540000,3856997.88528500,0
1778065200000000,2410.20000000,2414.42000000,2408.42000000,2413.57000000,3938.26130000,1778066099999999,9497903.89871900,40239,2100.83540000,5066408.93231600,0
1778066100000000,2413.58000000,2423.74000000,2413.56000000,2415.13000000,12165.97060000,1778066999999999,29436135.40368900,56484,6999.80600000,16933795.34497300,0
1778067000000000,2415.14000000,2418.94000000,2409.72000000,2410.00000000,9409.69510000,1778067899999999,22734081.66249100,39678,2906.26170000,7019135.49267500,0
1778067900000000,2410.01000000,2414.26000000,2408.34000000,2410.47000000,4921.00790000,1778068799999999,11864013.69972300,33502,2192.17880000,5285240.43637900,0
1778068800000000,2410.47000000,2412.44000000,2403.00000000,2403.01000000,7550.26800000,1778069699999999,18187241.76856600,44534,4576.64620000,11026834.83594100,0
1778069700000000,2403.01000000,2413.59000000,2400.72000000,2409.72000000,7619.97430000,1778070599999999,18336960.15322300,49534,3044.43600000,7329383.72780000,0
1778070600000000,2409.71000000,2412.20000000,2407.45000000,2409.10000000,2792.65140000,1778071499999999,6728878.48116500,23806,1188.03550000,2862703.27652700,0
1778071500000000,2409.11000000,2411.04000000,2400.55000000,2405.11000000,4319.23540000,1778072399999999,10391884.77776500,29545,1913.59950000,4604553.85486800,0
1778072400000000,2405.11000000,2405.11000000,2384.22000000,2389.72000000,14646.85760000,1778073299999999,35048898.69262000,84191,6893.42440000,16496755.08646200,0
1778073300000000,2389.72000000,2393.42000000,2380.41000000,2383.39000000,7316.19530000,1778074199999999,17460312.79871200,64551,2974.34230000,7100437.55319400,0
1778074200000000,2383.38000000,2387.67000000,2375.16000000,2377.37000000,9163.72930000,1778075099999999,21816461.52871900,100773,4201.98570000,10004670.42817100,0
1778075100000000,2377.37000000,2377.38000000,2365.01000000,2368.51000000,11424.78110000,1778075999999999,27065105.03096000,95357,5412.99540000,12822274.31687700,0
1778076000000000,2368.52000000,2369.34000000,2346.68000000,2358.21000000,23146.00180000,1778076899999999,54583429.28413500,116902,11020.62970000,25999904.83792700,0
1778076900000000,2358.21000000,2367.39000000,2354.46000000,2362.88000000,10747.44650000,1778077799999999,25377110.70969200,76680,4966.98740000,11728609.00491800,0
1778077800000000,2362.88000000,2369.98000000,2362.19000000,2369.90000000,9549.57260000,1778078699999999,22598046.47819700,59382,3637.64290000,8608740.10134300,0
1778078700000000,2369.90000000,2373.29000000,2357.09000000,2359.23000000,8334.29720000,1778079599999999,19699757.02963800,58922,2811.50860000,6645928.58336300,0
1778079600000000,2359.23000000,2361.98000000,2355.00000000,2357.13000000,6496.85940000,1778080499999999,15327836.22745400,37182,2442.70500000,5762279.07729400,0
1778080500000000,2357.13000000,2366.00000000,2356.79000000,2359.96000000,5639.54790000,1778081399999999,13323957.94474800,38971,2376.64490000,5616503.36446700,0
1778081400000000,2359.97000000,2362.51000000,2354.98000000,2359.68000000,5488.64070000,1778082299999999,12941744.54724800,36901,2333.06570000,5501794.82327300,0
1778082300000000,2359.68000000,2362.40000000,2356.86000000,2359.10000000,3226.48300000,1778083199999999,7613223.08518100,33404,1313.59170000,3099174.90547800,0
1778083200000000,2359.10000000,2367.47000000,2355.45000000,2363.45000000,4851.70940000,1778084099999999,11459734.28764400,34155,2409.98230000,5693102.29630000,0
1778084100000000,2363.46000000,2364.86000000,2351.61000000,2351.61000000,6399.18290000,1778084999999999,15085173.11715600,34097,2252.93520000,5313197.87158800,0
1778085000000000,2351.62000000,2359.80000000,2350.56000000,2358.89000000,3364.12780000,1778085899999999,7921680.25646400,31712,1609.58150000,3790041.40931100,0
1778085900000000,2358.88000000,2362.00000000,2357.19000000,2358.08000000,4387.53020000,1778086799999999,10349811.99616300,29780,1368.69460000,3229614.89604600,0
1778086800000000,2358.09000000,2360.99000000,2357.40000000,2359.50000000,2484.74910000,1778087699999999,5860828.30933200,23788,873.08390000,2059624.45277700,0
1778087700000000,2359.50000000,2359.50000000,2351.95000000,2353.80000000,3339.68810000,1778088599999999,7866572.87127300,19129,991.32450000,2334228.74486600,0
1778088600000000,2353.79000000,2354.71000000,2350.27000000,2353.09000000,3491.49480000,1778089499999999,8212371.08019100,23438,1171.29590000,2755122.74188600,0
1778089500000000,2353.09000000,2353.17000000,2347.71000000,2349.70000000,4245.26530000,1778090399999999,9978970.30008700,30331,1224.30140000,2877590.57193800,0
1778090400000000,2349.71000000,2351.01000000,2338.00000000,2349.46000000,9307.70930000,1778091299999999,21825829.49247300,51423,3566.75730000,8362247.08422700,0
1778091300000000,2349.47000000,2352.55000000,2344.88000000,2344.89000000,2981.93710000,1778092199999999,7005290.99503600,25478,1191.48100000,2799465.59391600,0
1778092200000000,2344.88000000,2348.07000000,2341.79000000,2346.19000000,3672.14720000,1778093099999999,8612909.50216500,25394,1656.29570000,3884141.87129900,0
1778093100000000,2346.19000000,2348.43000000,2343.46000000,2345.00000000,2055.28380000,1778093999999999,4822572.97922300,20587,651.19060000,1527875.40156400,0
1778094000000000,2345.00000000,2347.77000000,2343.23000000,2345.15000000,2450.73200000,1778094899999999,5747716.85147200,24745,891.61910000,2090948.56067800,0
1778094900000000,2345.15000000,2348.72000000,2343.00000000,2344.96000000,2082.82430000,1778095799999999,4884665.35956500,20489,787.48870000,1846846.17161400,0
1778095800000000,2344.97000000,2347.23000000,2342.14000000,2345.63000000,2223.19690000,1778096699999999,5211878.22704800,22325,959.64780000,2249785.73352500,0
1778096700000000,2345.63000000,2350.00000000,2345.28000000,2348.50000000,2485.10200000,1778097599999999,5834466.28422700,15969,1087.57280000,2553700.93039800,0
1778097600000000,2348.49000000,2354.69000000,2348.48000000,2353.20000000,3392.10610000,1778098499999999,7980217.97901400,20338,1276.81010000,3003612.02718500,0
1778098500000000,2353.21000000,2357.04000000,2351.05000000,2352.65000000,2896.75160000,1778099399999999,6819018.31174900,17932,1117.57960000,2631421.77057400,0
1778099400000000,2352.66000000,2352.80000000,2345.23000000,2347.58000000,3179.99380000,1778100299999999,7465651.76488500,22645,1332.89640000,3128760.40990200,0
1778100300000000,2347.58000000,2350.94000000,2345.43000000,2350.94000000,4015.36760000,1778101199999999,9425504.49577400,15686,945.39910000,2219193.34101100,0
1778101200000000,2350.94000000,2352.38000000,2345.83000000,2348.63000000,1798.37180000,1778102099999999,4226619.29258700,11090,539.22770000,1267160.98347100,0
1778102100000000,2348.64000000,2351.47000000,2348.62000000,2351.47000000,1692.81550000,1778102999999999,3978513.17362600,9903,454.24120000,1067508.06361400,0
1778103000000000,2351.47000000,2357.45000000,2350.09000000,2355.40000000,4644.67020000,1778103899999999,10930958.55775500,22475,1611.32850000,3792803.65426100,0
1778103900000000,2355.41000000,2356.00000000,2352.46000000,2354.52000000,2280.90110000,1778104799999999,5370682.15763900,24171,791.49970000,1863451.48094800,0
1778104800000000,2354.52000000,2355.05000000,2348.88000000,2350.64000000,2920.10600000,1778105699999999,6867935.91572700,28928,1232.79780000,2899818.16933100,0
1778105700000000,2350.64000000,2350.89000000,2344.99000000,2345.56000000,1911.43600000,1778106599999999,4486970.86325100,20978,504.30610000,1184005.77112700,0
1778106600000000,2345.57000000,2349.00000000,2345.56000000,2348.13000000,1685.26570000,1778107499999999,3956882.74826200,12814,447.51970000,1050720.70987100,0
1778107500000000,2348.13000000,2349.54000000,2345.13000000,2347.28000000,1559.72540000,1778108399999999,3661453.57205500,11963,484.90100000,1138331.05010500,0
1778108400000000,2347.28000000,2347.28000000,2338.28000000,2344.21000000,5497.50500000,1778109299999999,12873834.44196400,34404,2292.01800000,5365679.09918100,0
1778109300000000,2344.22000000,2349.41000000,2343.93000000,2349.40000000,2062.21240000,1778110199999999,4839993.49660600,13459,852.68120000,2001281.09692400,0
1778110200000000,2349.41000000,2349.96000000,2346.86000000,2348.99000000,1579.93160000,1778111099999999,3710325.66555500,10793,327.24000000,768498.95738800,0
1778111100000000,2348.98000000,2351.34000000,2347.30000000,2350.84000000,1894.41230000,1778111999999999,4451179.87327100,13393,640.77290000,1505577.54850400,0
1778112000000000,2350.84000000,2352.30000000,2348.16000000,2350.00000000,2378.34540000,1778112899999999,5590926.05775600,18519,714.62100000,1679890.76039600,0
1778112900000000,2350.00000000,2350.22000000,2344.72000000,2344.72000000,1852.23290000,1778113799999999,4347270.78462300,18616,452.61930000,1062226.86253000,0
1778113800000000,2344.72000000,2346.46000000,2334.94000000,2336.62000000,4089.92070000,1778114699999999,9573967.47698600,35554,1076.79800000,2520532.73731100,0
1778114700000000,2336.63000000,2339.08000000,2329.05000000,2329.65000000,5301.82440000,1778115599999999,12372727.86308300,45671,1925.59910000,4493720.19590300,0
1778115600000000,2329.66000000,2330.18000000,2314.16000000,2329.29000000,10425.31370000,1778116499999999,24210927.96962600,85143,3968.27390000,9219884.12270600,0
1778116500000000,2329.30000000,2332.04000000,2320.64000000,2332.03000000,3053.36730000,1778117399999999,7103697.73649900,39416,1312.71130000,3054961.96230800,0
1778117400000000,2332.03000000,2335.00000000,2328.31000000,2334.41000000,2642.55850000,1778118299999999,6164488.88397300,27420,1223.73490000,2854701.93155300,0
1778118300000000,2334.41000000,2334.51000000,2326.09000000,2327.41000000,2781.50980000,1778119199999999,6482197.08957700,28885,926.05010000,2158096.73613200,0
1778119200000000,2327.40000000,2327.95000000,2315.45000000,2315.70000000,6810.79220000,1778120099999999,15805405.97264500,43482,2447.26660000,5678237.51662900,0
1778120100000000,2315.71000000,2320.01000000,2313.89000000,2317.87000000,4758.83760000,1778120999999999,11024918.92791000,39430,2268.01770000,5254282.72562000,0
1778121000000000,2317.88000000,2321.24000000,2315.99000000,2317.52000000,4328.72220000,1778121899999999,10035986.22146200,29509,1861.89370000,4316697.26356800,0
1778121900000000,2317.53000000,2323.77000000,2315.45000000,2321.88000000,3540.84290000,1778122799999999,8215649.22968700,26410,1462.46740000,3393275.89839400,0
1778122800000000,2321.89000000,2323.38000000,2319.13000000,2319.82000000,4400.97990000,1778123699999999,10214802.70757600,25036,1774.54090000,4118737.77223900,0
1778123700000000,2319.82000000,2322.21000000,2315.74000000,2320.20000000,2233.89160000,1778124599999999,5180505.10836400,21055,903.92780000,2096355.72335800,0
1778124600000000,2320.20000000,2323.39000000,2318.45000000,2323.29000000,1752.00580000,1778125499999999,4065660.50864000,19588,986.45770000,2289267.47276200,0
1778125500000000,2323.29000000,2326.20000000,2321.66000000,2322.39000000,3153.17240000,1778126399999999,7329229.33467000,19676,2080.24960000,4836215.66199300,0
1778126400000000,2322.39000000,2324.88000000,2317.80000000,2324.03000000,3700.02570000,1778127299999999,8588953.32928100,25745,2150.53970000,4992552.27199700,0
1778127300000000,2324.02000000,2327.31000000,2323.79000000,2326.25000000,2607.01640000,1778128199999999,6064326.97890700,18568,1169.02800000,2719391.88970600,0
1778128200000000,2326.25000000,2327.39000000,2322.90000000,2324.10000000,2074.90730000,1778129099999999,4824368.30945500,17168,673.48330000,1565977.42508800,0
1778129100000000,2324.11000000,2327.52000000,2324.10000000,2327.51000000,2035.58840000,1778129999999999,4735239.19777400,13301,727.17420000,1691572.51325700,0
1778130000000000,2327.51000000,2333.61000000,2327.02000000,2331.27000000,3660.62840000,1778130899999999,8530864.98276800,21268,1796.96240000,4187912.59967700,0
1778130900000000,2331.28000000,2332.64000000,2329.50000000,2331.83000000,2402.24520000,1778131799999999,5598871.48093300,15432,931.96310000,2171766.45413900,0
1778131800000000,2331.84000000,2333.97000000,2329.66000000,2331.30000000,3275.05960000,1778132699999999,7635553.99019000,18336,1169.54410000,2726560.32540700,0
1778132700000000,2331.30000000,2331.72000000,2329.13000000,2331.08000000,1632.98600000,1778133599999999,3805463.65493900,10911,422.93710000,985556.07934100,0
1778133600000000,2331.08000000,2331.08000000,2321.39000000,2321.84000000,3917.56680000,1778134499999999,9116325.63338100,19848,1090.11310000,2535524.20493800,0
1778134500000000,2321.83000000,2323.64000000,2320.00000000,2323.64000000,3191.70170000,1778135399999999,7409660.18299200,22950,1268.70330000,2945319.34505200,0
1778135400000000,2323.65000000,2337.00000000,2323.65000000,2336.23000000,3539.69640000,1778136299999999,8256159.02915600,31054,1756.80550000,4097006.53132800,0
1778136300000000,2336.24000000,2338.57000000,2332.65000000,2337.13000000,3360.41670000,1778137199999999,7849847.09135200,24360,1477.26070000,3451093.39351400,0
1778137200000000,2337.14000000,2343.53000000,2336.72000000,2343.33000000,4340.13270000,1778138099999999,10155489.31265800,31149,1797.20920000,4204829.30846500,0
1778138100000000,2343.33000000,2344.99000000,2339.26000000,2340.23000000,3947.80630000,1778138999999999,9243532.25562700,23541,1376.43430000,3223010.06293500,0
1778139000000000,2340.24000000,2346.89000000,2339.95000000,2345.35000000,4536.22910000,1778139899999999,10634484.33703400,24584,2040.66210000,4784442.52820500,0
1778139900000000,2345.36000000,2346.74000000,2341.72000000,2344.59000000,3296.00320000,1778140799999999,7727223.12462900,14981,1390.10710000,3259024.07408800,0
1778140800000000,2344.59000000,2346.60000000,2341.24000000,2341.78000000,3567.08160000,1778141699999999,8361285.29241400,17907,1714.37970000,4018437.62049500,0
1778141700000000,2341.78000000,2342.01000000,2335.29000000,2337.62000000,4580.63460000,1778142599999999,10709710.50868200,31666,1915.27740000,4477951.86402600,0
1778142600000000,2337.62000000,2340.96000000,2333.88000000,2334.42000000,3252.66400000,1778143499999999,7599078.07327200,27664,1261.42730000,2946757.03313300,0
1778143500000000,2334.41000000,2339.45000000,2332.00000000,2333.73000000,3720.17990000,1778144399999999,8687862.98394300,25434,1605.42420000,3749939.37393800,0
1778144400000000,2333.73000000,2335.53000000,2331.42000000,2335.53000000,3329.63250000,1778145299999999,7769394.60573700,20199,1127.62640000,2630995.60897100,0
1778145300000000,2335.53000000,2337.11000000,2328.76000000,2331.18000000,3852.21900000,1778146199999999,8986055.13725700,27351,1440.25270000,3359543.91273500,0
1778146200000000,2331.18000000,2333.76000000,2326.83000000,2328.25000000,4261.33610000,1778147099999999,9931278.43909800,37245,1832.73290000,4271306.61601200,0
1778147100000000,2328.25000000,2330.40000000,2327.24000000,2329.05000000,2476.56070000,1778147999999999,5767520.49444600,19573,812.11550000,1891240.84474600,0
1778148000000000,2329.04000000,2331.63000000,2322.22000000,2325.54000000,3500.55400000,1778148899999999,8148871.41023300,27189,1081.26300000,2517294.81870800,0
1778148900000000,2325.55000000,2328.39000000,2317.35000000,2318.60000000,4134.68770000,1778149799999999,9605710.12084600,32780,1461.67310000,3396340.35773800,0
1778149800000000,2318.61000000,2328.01000000,2318.16000000,2328.01000000,3035.45070000,1778150699999999,7052679.36429100,26299,1446.40640000,3360957.71060500,0
1778150700000000,2328.01000000,2329.40000000,2326.03000000,2326.78000000,2925.77410000,1778151599999999,6809639.35948400,19433,910.60110000,2119414.72407700,0
1778151600000000,2326.78000000,2331.27000000,2325.45000000,2329.28000000,2722.24260000,1778152499999999,6339604.69444000,28626,1014.04150000,2361531.37372800,0
1778152500000000,2329.28000000,2330.98000000,2327.83000000,2328.07000000,2495.08610000,1778153399999999,5811913.07744600,17578,838.97130000,1954137.36747800,0
1778153400000000,2328.06000000,2331.59000000,2328.03000000,2330.59000000,3043.67280000,1778154299999999,7092630.28646400,18370,1446.43990000,3370675.06209600,0
1778154300000000,2330.58000000,2331.17000000,2325.57000000,2329.94000000,3242.00540000,1778155199999999,7550277.85458400,25551,1250.70830000,2912561.69038600,0
1778155200000000,2329.94000000,2336.09000000,2329.04000000,2335.81000000,3375.50220000,1778156099999999,7875016.55749800,25493,1552.20320000,3620922.07663300,0
1778156100000000,2335.82000000,2337.13000000,2332.04000000,2333.06000000,3327.43630000,1778156999999999,7765472.46360600,29382,1342.11770000,3132001.95319800,0
1778157000000000,2333.06000000,2336.11000000,2331.67000000,2333.22000000,2864.01430000,1778157899999999,6683280.56346300,20160,1066.80670000,2489214.08943500,0
1778157900000000,2333.23000000,2334.66000000,2330.54000000,2333.01000000,2818.94200000,1778158799999999,6575419.42604200,23494,1199.75570000,2798487.66147400,0
1778158800000000,2333.02000000,2333.02000000,2322.56000000,2324.07000000,5212.44800000,1778159699999999,12130385.81543900,38468,2006.41330000,4669037.37400600,0
1778159700000000,2324.08000000,2329.95000000,2322.98000000,2324.94000000,5167.10880000,1778160599999999,12021446.13833800,31683,2218.01880000,5160533.78762900,0
1778160600000000,2324.94000000,2324.94000000,2314.80000000,2314.81000000,13982.00380000,1778161499999999,32412819.99051700,82260,7060.42160000,16364101.90935700,0
1778161500000000,2314.81000000,2317.59000000,2305.40000000,2314.32000000,14650.10800000,1778162399999999,33848393.76055000,104112,5237.20360000,12103541.80343700,0
1778162400000000,2314.32000000,2318.75000000,2307.76000000,2316.76000000,4486.03140000,1778163299999999,10377586.01321800,64851,2077.57780000,4806554.57739900,0
1778163300000000,2316.76000000,2317.15000000,2308.57000000,2309.78000000,11948.64940000,1778164199999999,27618494.75612500,56327,3670.33450000,8483209.96092400,0
1778164200000000,2309.78000000,2310.60000000,2289.51000000,2296.59000000,20851.91190000,1778165099999999,47909591.50164500,117852,7643.57580000,17557592.29741200,0
1778165100000000,2296.58000000,2302.09000000,2294.62000000,2298.98000000,9494.63070000,1778165999999999,21826303.45519000,44365,3461.30730000,7955927.56191300,0
1778166000000000,2298.98000000,2304.52000000,2295.99000000,2298.50000000,4937.58760000,1778166899999999,11357120.64217800,50178,2465.79810000,5671660.30534400,0
1778166900000000,2298.49000000,2301.09000000,2285.95000000,2291.19000000,13164.87480000,1778167799999999,30180412.06587700,80327,5282.11680000,12103195.34768500,0
1778167800000000,2291.19000000,2298.81000000,2289.32000000,2296.01000000,6576.40440000,1778168699999999,15097516.56897100,42410,2674.43120000,6139018.95231400,0
1778168700000000,2296.01000000,2298.44000000,2292.49000000,2294.82000000,6649.29860000,1778169599999999,15264325.64314600,44401,2769.11940000,6356805.14312100,0
1778169600000000,2294.82000000,2295.15000000,2287.10000000,2290.05000000,8369.91620000,1778170499999999,19174664.15085700,59885,2842.91250000,6513022.50421800,0
1778170500000000,2290.02000000,2298.20000000,2285.37000000,2297.35000000,8900.79890000,1778171399999999,20396061.88394600,58797,3795.19820000,8697935.54612300,0
1778171400000000,2297.35000000,2297.92000000,2290.81000000,2294.91000000,5534.50400000,1778172299999999,12696382.26216600,39234,1663.52130000,3816048.74882300,0
1778172300000000,2294.91000000,2296.05000000,2289.61000000,2291.81000000,5195.97460000,1778173199999999,11918108.77134100,33800,1368.69540000,3139821.59549100,0
1778173200000000,2291.81000000,2295.20000000,2290.59000000,2293.55000000,5020.29520000,1778174099999999,11510645.59215000,29968,1583.55320000,3630646.87266300,0
1778174100000000,2293.54000000,2295.20000000,2280.10000000,2288.25000000,9821.16580000,1778174999999999,22471621.55728600,67493,3667.06870000,8390291.67689700,0
1778175000000000,2288.25000000,2293.09000000,2286.30000000,2291.73000000,6698.28160000,1778175899999999,15340644.65147200,51488,2247.71860000,5147250.36722400,0
1778175900000000,2291.73000000,2301.25000000,2289.20000000,2299.60000000,6838.91540000,1778176799999999,15696007.45754800,45187,2617.17210000,6008131.38214600,0
1778176800000000,2299.61000000,2304.00000000,2297.71000000,2300.07000000,6830.56310000,1778177699999999,15716788.37606500,53886,2620.91250000,6030941.60671900,0
1778177700000000,2300.08000000,2301.93000000,2299.19000000,2299.39000000,5975.39520000,1778178599999999,13746068.38428300,28773,2080.75060000,4786599.34870900,0
1778178600000000,2299.38000000,2304.00000000,2294.39000000,2295.98000000,6195.59530000,1778179499999999,14256595.07298500,38699,2394.07490000,5509360.02387300,0
1778179500000000,2295.98000000,2299.62000000,2291.27000000,2296.19000000,4858.79500000,1778180399999999,11152925.99823800,43365,2453.90500000,5632449.35758500,0
1778180400000000,2296.18000000,2296.92000000,2290.23000000,2295.27000000,3757.14360000,1778181299999999,8616709.01486200,29657,2088.43950000,4789744.44931000,0
1778181300000000,2295.27000000,2296.15000000,2290.00000000,2290.69000000,3122.67310000,1778182199999999,7158031.71561700,32967,1259.84950000,2887655.49829000,0
1778182200000000,2290.69000000,2296.44000000,2290.61000000,2293.70000000,4260.02820000,1778183099999999,9772540.10784500,26960,1381.63360000,3169139.42368100,0
1778183100000000,2293.69000000,2297.09000000,2287.88000000,2295.98000000,7377.43680000,1778183999999999,16915170.39803300,47879,2326.97310000,5335153.75413000,0
1778184000000000,2295.98000000,2302.57000000,2293.73000000,2295.01000000,9766.62840000,1778184899999999,22437987.33125000,46154,2778.47180000,6383923.10869300,0
1778184900000000,2295.02000000,2296.08000000,2292.77000000,2294.43000000,6750.85700000,1778185799999999,15489380.41494500,19743,1199.05400000,2751043.85915400,0
1778185800000000,2294.42000000,2294.42000000,2287.94000000,2290.00000000,10624.04270000,1778186699999999,24339024.41717600,36694,2438.60530000,5585898.38217800,0
1778186700000000,2290.01000000,2290.74000000,2288.08000000,2289.10000000,6859.33030000,1778187599999999,15703882.69381700,21428,1592.92870000,3646653.62854500,0
1778187600000000,2289.10000000,2290.47000000,2281.29000000,2286.46000000,4859.00100000,1778188499999999,11104447.33625000,27889,1270.60160000,2904005.27513200,0
1778188500000000,2286.46000000,2293.83000000,2285.34000000,2293.82000000,2675.85570000,1778189399999999,6128354.18675400,13279,1131.40590000,2591635.97877800,0
1778189400000000,2293.83000000,2294.29000000,2290.23000000,2290.62000000,3011.36120000,1778190299999999,6903381.34686700,18526,944.80460000,2165741.91246800,0
1778190300000000,2290.61000000,2292.60000000,2287.67000000,2287.68000000,2252.86840000,1778191199999999,5161008.18068100,22098,853.26910000,1954762.64094300,0
1778191200000000,2287.68000000,2289.36000000,2281.04000000,2287.77000000,6958.33340000,1778192099999999,15896746.96529200,52734,3051.70970000,6971997.26533800,0
1778192100000000,2287.77000000,2290.24000000,2286.12000000,2286.12000000,3813.79720000,1778192999999999,8724906.38590600,28202,1299.33450000,2972373.20011600,0
1778193000000000,2286.12000000,2288.73000000,2281.57000000,2283.63000000,3293.90070000,1778193899999999,7526992.41437300,26564,1008.25010000,2303607.12692200,0
1778193900000000,2283.63000000,2288.18000000,2283.04000000,2287.03000000,2358.31160000,1778194799999999,5390783.63081900,16160,752.30670000,1719377.16992000,0
1778194800000000,2287.03000000,2291.49000000,2286.11000000,2289.69000000,2759.59310000,1778195699999999,6316541.78895700,19352,1242.70660000,2844592.36112000,0
1778195700000000,2289.69000000,2290.77000000,2286.75000000,2289.35000000,2031.33560000,1778196599999999,4650284.72173500,12973,714.95870000,1636817.10888700,0
1778196600000000,2289.35000000,2291.42000000,2287.25000000,2291.42000000,1978.68280000,1778197499999999,4530365.33489900,12756,584.68460000,1338748.50165400,0
1778197500000000,2291.42000000,2293.24000000,2290.52000000,2291.06000000,2101.49550000,1778198399999999,4816064.23319100,13259,755.34330000,1731011.37308500,0
1778198400000000,2291.06000000,2294.04000000,2290.83000000,2293.30000000,2782.10110000,1778199299999999,6378495.75836600,20385,1135.27300000,2602790.68701900,0
1778199300000000,2293.30000000,2294.28000000,2289.68000000,2290.47000000,2723.10110000,1778200199999999,6241695.09381600,22505,923.06290000,2115670.00729200,0
1778200200000000,2290.47000000,2291.22000000,2287.21000000,2287.94000000,2027.75500000,1778201099999999,4641870.36751900,15571,506.15420000,1158747.10120800,0
1778201100000000,2287.94000000,2287.95000000,2283.66000000,2286.83000000,2464.32090000,1778201999999999,5632234.83600600,15285,969.07290000,2214654.66582000,0
1778202000000000,2286.83000000,2289.31000000,2282.88000000,2283.09000000,2226.13410000,1778202899999999,5088605.96021700,18522,711.66430000,1626754.10985400,0
1778202900000000,2283.08000000,2285.91000000,2280.28000000,2285.71000000,2960.70470000,1778203799999999,6761336.55071500,20452,1024.76690000,2340350.08089400,0
1778203800000000,2285.72000000,2287.82000000,2284.11000000,2285.74000000,2115.18070000,1778204699999999,4835391.07454900,13532,735.26810000,1680847.94113300,0
1778204700000000,2285.74000000,2287.22000000,2283.16000000,2285.06000000,2777.17860000,1778205599999999,6344522.10839900,14690,1209.36950000,2762738.27876700,0
1778205600000000,2285.06000000,2285.71000000,2273.00000000,2277.84000000,7395.86840000,1778206499999999,16847930.24623300,49412,3008.20450000,6852177.03065000,0
1778206500000000,2277.85000000,2277.95000000,2268.00000000,2276.35000000,6231.45190000,1778207399999999,14157143.51844200,42050,2323.22040000,5278195.46908800,0
1778207400000000,2276.36000000,2283.17000000,2275.31000000,2279.49000000,2894.02790000,1778208299999999,6597209.96617600,31326,1370.07960000,3123281.90802600,0
1778208300000000,2279.49000000,2282.15000000,2277.00000000,2279.15000000,2166.01090000,1778209199999999,4937748.34732600,18178,794.72670000,1811509.01686900,0
1778209200000000,2279.15000000,2279.15000000,2265.61000000,2273.13000000,7817.11520000,1778210099999999,17744820.83068100,55750,2684.28570000,6093756.34825400,0
1778210100000000,2273.13000000,2279.52000000,2272.76000000,2278.80000000,3321.82510000,1778210999999999,7565341.02251000,24077,1468.04650000,3343150.49844800,0
1778211000000000,2278.79000000,2281.35000000,2278.79000000,2280.78000000,2604.42030000,1778211899999999,5938187.19130000,18275,1251.46810000,2853341.45135700,0
1778211900000000,2280.79000000,2281.60000000,2278.76000000,2278.76000000,1861.83020000,1778212799999999,4245253.76094400,13271,490.04120000,1117361.19313000,0
1778212800000000,2278.77000000,2282.96000000,2278.76000000,2282.51000000,2226.80550000,1778213699999999,5079818.72271100,15614,832.11170000,1898189.44794100,0
1778213700000000,2282.51000000,2284.54000000,2281.09000000,2282.58000000,2599.79800000,1778214599999999,5934593.87377700,15108,1059.69890000,2419070.75194800,0
1778214600000000,2282.59000000,2282.86000000,2276.50000000,2277.65000000,2941.82090000,1778215499999999,6703293.07400300,16247,1089.10180000,2481255.52236500,0
1778215500000000,2277.65000000,2282.54000000,2277.65000000,2281.63000000,1879.07110000,1778216399999999,4285052.71759900,11337,683.71370000,1558934.01457700,0
1778216400000000,2281.63000000,2282.48000000,2280.00000000,2280.97000000,2483.52870000,1778217299999999,5664577.75539700,12293,952.76970000,2172971.44340400,0
1778217300000000,2280.98000000,2282.54000000,2279.00000000,2280.27000000,2141.69460000,1778218199999999,4883866.40352900,11980,828.03350000,1888142.90430300,0
1778218200000000,2280.27000000,2283.54000000,2280.27000000,2283.31000000,1841.15680000,1778219099999999,4201790.36411400,13628,610.54950000,1393275.68098000,0
1778219100000000,2283.30000000,2284.00000000,2275.97000000,2275.97000000,5166.87790000,1778219999999999,11776729.57990400,23505,873.59750000,1991583.34615000,0
1778220000000000,2275.98000000,2277.22000000,2270.00000000,2276.18000000,11254.73670000,1778220899999999,25587435.08369200,39188,2881.52370000,6551206.84431800,0
1778220900000000,2276.18000000,2278.50000000,2275.01000000,2275.02000000,7294.40170000,1778221799999999,16608879.41220000,24345,2013.40380000,4584692.41422100,0
1778221800000000,2275.02000000,2277.22000000,2268.60000000,2275.73000000,10481.88430000,1778222699999999,23822889.87450700,30311,2484.86610000,5647570.34009500,0
1778222700000000,2275.74000000,2276.24000000,2273.01000000,2275.22000000,2317.24720000,1778223599999999,5270946.34864600,17532,871.86510000,1983131.67453400,0
1778223600000000,2275.23000000,2275.23000000,2267.69000000,2268.51000000,3282.06310000,1778224499999999,7451765.41826000,27956,1281.17010000,2908549.26044200,0
1778224500000000,2268.51000000,2271.92000000,2267.15000000,2270.73000000,3367.14580000,1778225399999999,7642485.28410200,28964,1645.78660000,3735422.14285100,0
1778225400000000,2270.72000000,2280.04000000,2270.72000000,2279.53000000,8239.17410000,1778226299999999,18754770.44547300,29916,5645.52360000,12850567.57602300,0
1778226300000000,2279.54000000,2282.69000000,2279.00000000,2281.35000000,6376.05850000,1778227199999999,14542831.22628000,21716,4009.96380000,9146099.21017300,0
1778227200000000,2281.37000000,2283.21000000,2280.15000000,2281.72000000,4492.58320000,1778228099999999,10248339.63270900,16392,2455.84700000,5602288.91068100,0
1778228100000000,2281.71000000,2283.05000000,2280.72000000,2281.48000000,3760.60980000,1778228999999999,8580357.58554700,17753,1873.99050000,4275821.39611100,0
1778229000000000,2281.47000000,2286.51000000,2281.47000000,2285.45000000,4249.57350000,1778229899999999,9708369.99825000,17495,1636.16910000,3737478.72040400,0
1778229900000000,2285.45000000,2289.13000000,2283.56000000,2283.56000000,4707.62490000,1778230799999999,10762025.90511100,23816,1591.94410000,3639446.72713400,0
1778230800000000,2283.56000000,2289.22000000,2280.35000000,2289.20000000,3010.74920000,1778231699999999,6877990.79489200,20952,1278.75270000,2922062.17694900,0
1778231700000000,2289.20000000,2292.12000000,2287.02000000,2287.62000000,3573.34070000,1778232599999999,8180692.99364200,16881,1578.21650000,3613168.22925500,0
1778232600000000,2287.62000000,2288.40000000,2285.58000000,2285.70000000,3078.28250000,1778233499999999,7039276.67078600,17282,1606.88270000,3674550.33739500,0
1778233500000000,2285.70000000,2285.71000000,2281.78000000,2284.34000000,5353.36730000,1778234399999999,12226137.77931200,22775,1996.40930000,4558529.01159700,0
1778234400000000,2284.34000000,2287.78000000,2281.75000000,2282.98000000,3588.74580000,1778235299999999,8200274.43900400,23493,2083.93350000,4761662.93786800,0
1778235300000000,2282.99000000,2285.13000000,2281.17000000,2283.70000000,3454.63330000,1778236199999999,7887209.94917100,18822,1890.89400000,4316903.25218500,0
1778236200000000,2283.71000000,2290.24000000,2283.69000000,2290.15000000,3890.63820000,1778237099999999,8900996.83150300,21452,2137.89700000,4890820.70537900,0
1778237100000000,2290.14000000,2290.96000000,2287.07000000,2287.94000000,4797.49050000,1778237999999999,10982536.24453500,25172,2607.43760000,5968740.40077700,0
1778238000000000,2287.95000000,2292.50000000,2287.95000000,2290.81000000,6423.83310000,1778238899999999,14714622.17603400,35418,4262.98750000,9765183.03350700,0
1778238900000000,2290.80000000,2294.52000000,2290.13000000,2292.91000000,4521.09050000,1778239799999999,10363968.95753100,25263,3025.57550000,6935707.54174100,0
1778239800000000,2292.92000000,2294.18000000,2289.90000000,2290.49000000,2888.29330000,1778240699999999,6619969.85150800,17274,1608.42960000,3686516.75150600,0
1778240700000000,2290.49000000,2298.01000000,2290.49000000,2295.38000000,3928.28150000,1778241599999999,9012723.47319900,22851,2381.82600000,5464434.96364900,0
1778241600000000,2295.38000000,2297.12000000,2290.57000000,2293.41000000,2731.08320000,1778242499999999,6265377.60091300,23933,980.89010000,2250169.47424300,0
1778242500000000,2293.41000000,2294.15000000,2289.24000000,2293.20000000,3248.81490000,1778243399999999,7445759.20222800,20075,1092.65780000,2504013.59365100,0
1778243400000000,2293.20000000,2302.00000000,2289.54000000,2291.24000000,6200.97860000,1778244299999999,14224806.94531400,42400,3021.91380000,6934828.42632100,0
1778244300000000,2291.23000000,2291.24000000,2282.46000000,2284.53000000,4254.16410000,1778245199999999,9729489.72699700,33830,1439.55720000,3291528.77371200,0
1778245200000000,2284.53000000,2287.00000000,2275.05000000,2276.12000000,6056.29560000,1778246099999999,13813824.19351500,45933,2197.54920000,5013119.77421500,0
1778246100000000,2276.12000000,2279.77000000,2273.12000000,2273.85000000,7236.18690000,1778246999999999,16480607.93717000,40115,2229.51360000,5078577.12051200,0
1778247000000000,2273.86000000,2279.09000000,2269.96000000,2272.01000000,9037.80860000,1778247899999999,20557638.86485100,72992,4444.45620000,10108998.17592200,0
1778247900000000,2272.02000000,2277.53000000,2271.29000000,2276.46000000,6138.50950000,1778248799999999,13965919.49149500,51463,3109.81400000,7075019.35214600,0
1778248800000000,2276.46000000,2285.48000000,2275.00000000,2281.24000000,8195.01690000,1778249699999999,18688356.24663900,63184,3963.35160000,9039266.88972400,0
1778249700000000,2281.25000000,2292.66000000,2280.10000000,2281.48000000,8394.07190000,1778250599999999,19195025.79970700,75465,3028.12200000,6925257.30867400,0
1778250600000000,2281.49000000,2288.99000000,2273.32000000,2287.90000000,6046.33270000,1778251499999999,13795921.19355100,66716,2558.00020000,5838376.99938400,0
1778251500000000,2287.90000000,2289.99000000,2282.97000000,2285.72000000,3004.68220000,1778252399999999,6869821.66325900,31756,1105.85230000,2528421.32226500,0
1778252400000000,2285.72000000,2288.02000000,2280.00000000,2281.28000000,3080.02060000,1778253299999999,7031920.49045100,36777,1229.99710000,2808224.30076500,0
1778253300000000,2281.28000000,2282.38000000,2275.00000000,2277.72000000,4484.79940000,1778254199999999,10216673.37400600,44960,1421.10330000,3237316.60589400,0
1778254200000000,2277.72000000,2287.00000000,2274.94000000,2285.14000000,2985.27380000,1778255099999999,6812412.67760400,38832,1377.22950000,3143115.90624900,0
1778255100000000,2285.15000000,2294.44000000,2284.57000000,2293.20000000,4107.30320000,1778255999999999,9407935.12771000,46252,2240.30260000,5131492.53939100,0
1778256000000000,2293.20000000,2294.37000000,2288.67000000,2290.38000000,3767.43370000,1778256899999999,8631341.11491400,40212,1669.63900000,3825058.93554000,0
1778256900000000,2290.38000000,2293.11000000,2288.49000000,2290.01000000,2988.53660000,1778257799999999,6845140.27905300,24743,1421.57420000,3255898.05867400,0
1778257800000000,2290.01000000,2291.99000000,2286.42000000,2291.67000000,3675.38950000,1778258699999999,8412555.38574900,27113,1591.76180000,3643168.53296400,0
1778258700000000,2291.67000000,2292.67000000,2289.30000000,2289.93000000,3022.63700000,1778259599999999,6923917.08261800,21045,1032.08430000,2364125.01963800,0
1778259600000000,2289.93000000,2298.23000000,2289.39000000,2295.85000000,4076.51780000,1778260499999999,9355833.46238500,35338,2090.02210000,4797202.41573200,0
1778260500000000,2295.86000000,2302.47000000,2295.70000000,2301.62000000,5265.66800000,1778261399999999,12105735.53837500,34596,2449.09790000,5629991.62774200,0
1778261400000000,2301.62000000,2315.00000000,2301.62000000,2309.99000000,8320.77750000,1778262299999999,19215916.72657700,71131,4354.49220000,10055557.82543100,0
1778262300000000,2310.00000000,2315.63000000,2300.70000000,2304.86000000,5935.61030000,1778263199999999,13709210.15733700,39722,2317.22170000,5354425.25445200,0
1778263200000000,2304.87000000,2313.05000000,2304.87000000,2312.44000000,5691.26790000,1778264099999999,13148971.84380000,35909,2452.77560000,5666943.23220800,0
1778264100000000,2312.45000000,2320.53000000,2309.83000000,2318.49000000,6264.22030000,1778264999999999,14512523.19373800,37480,3622.88240000,8393436.86088800,0
1778265000000000,2318.49000000,2321.22000000,2315.59000000,2318.35000000,4716.69060000,1778265899999999,10935675.54096000,25507,2281.77810000,5290940.19750500,0
1778265900000000,2318.34000000,2321.04000000,2313.11000000,2313.49000000,2981.83340000,1778266799999999,6911697.61173400,24153,951.54890000,2205972.16292700,0
1778266800000000,2313.49000000,2319.49000000,2312.48000000,2317.50000000,4777.44950000,1778267699999999,11062668.46058400,26038,1876.02600000,4343629.92863700,0
1778267700000000,2317.51000000,2320.36000000,2314.46000000,2315.47000000,4670.32940000,1778268599999999,10821645.75846800,22791,1340.01370000,3105069.54451600,0
1778268600000000,2315.48000000,2318.98000000,2314.63000000,2315.99000000,6117.72030000,1778269499999999,14175271.01704600,22477,1724.36570000,3995133.09212200,0
1778269500000000,2315.99000000,2316.53000000,2313.72000000,2316.05000000,4212.43880000,1778270399999999,9752385.20526800,18934,1168.98390000,2706389.92976400,0
1778270400000000,2316.06000000,2317.00000000,2311.78000000,2313.28000000,3412.63350000,1778271299999999,7897091.48930200,15656,789.21940000,1826266.54776300,0
1778271300000000,2313.28000000,2314.44000000,2310.52000000,2312.30000000,8974.95410000,1778272199999999,20751756.60922500,21973,1780.60760000,4117075.14750500,0
1778272200000000,2312.30000000,2312.32000000,2307.11000000,2308.41000000,10186.73180000,1778273099999999,23530478.72477100,22517,1432.25610000,3308217.99999800,0
1778273100000000,2308.41000000,2309.91000000,2305.36000000,2306.65000000,3843.30150000,1778273999999999,8869540.65302200,13086,834.91950000,1926774.44575600,0
1778274000000000,2306.64000000,2308.92000000,2304.21000000,2305.64000000,3314.14780000,1778274899999999,7643405.79533400,14418,862.89130000,1990011.47030000,0
1778274900000000,2305.65000000,2310.13000000,2305.53000000,2308.76000000,3808.61680000,1778275799999999,8791647.06466300,14524,1101.49960000,2542194.59563300,0
1778275800000000,2308.77000000,2314.13000000,2308.76000000,2313.90000000,3714.74450000,1778276699999999,8587666.49548600,17433,1352.58780000,3127010.39549800,0
1778276700000000,2313.91000000,2314.94000000,2310.34000000,2314.63000000,3240.99700000,1778277599999999,7496605.57656200,17557,759.30800000,1756179.90763400,0
1778277600000000,2314.62000000,2319.15000000,2314.31000000,2317.71000000,4105.51310000,1778278499999999,9511088.91338700,24434,1501.80300000,3479032.96251300,0
1778278500000000,2317.71000000,2318.68000000,2312.95000000,2313.10000000,3249.20160000,1778279399999999,7522075.70074900,16505,669.39440000,1549953.03690900,0
1778279400000000,2313.11000000,2315.03000000,2311.99000000,2312.07000000,2784.62230000,1778280299999999,6441989.28479100,13154,653.60810000,1512079.76287700,0
1778280300000000,2312.08000000,2313.05000000,2310.26000000,2310.98000000,2593.63510000,1778281199999999,5995725.49495300,10783,488.73930000,1129831.85175700,0
1778281200000000,2310.98000000,2310.98000000,2307.00000000,2307.00000000,2744.55680000,1778282099999999,6337316.04594200,11685,410.20480000,947049.36046000,0
1778282100000000,2307.01000000,2309.78000000,2306.11000000,2308.01000000,3025.82710000,1778282999999999,6983435.87478500,13179,683.87900000,1578357.89101900,0
1778283000000000,2308.01000000,2308.01000000,2303.19000000,2304.70000000,3516.15520000,1778283899999999,8105610.98710400,13806,515.94730000,1189024.35596200,0
1778283900000000,2304.70000000,2307.40000000,2304.01000000,2307.06000000,2852.02900000,1778284799999999,6577582.51786600,9462,766.98010000,1768650.35959600,0
1778284800000000,2307.07000000,2307.11000000,2304.19000000,2306.31000000,2756.38640000,1778285699999999,6354866.38543300,11962,739.02680000,1703931.93076100,0
1778285700000000,2306.32000000,2310.78000000,2306.06000000,2308.33000000,3012.79550000,1778286599999999,6954786.60079100,13009,963.55330000,2224477.83748900,0
1778286600000000,2308.34000000,2311.93000000,2308.34000000,2310.36000000,2839.40630000,1778287499999999,6560775.27282900,11804,827.07800000,1910998.62748700,0
1778287500000000,2310.36000000,2312.03000000,2307.37000000,2308.55000000,2943.36580000,1778288399999999,6799046.04454300,13339,766.09630000,1769534.31022600,0
1778288400000000,2308.55000000,2313.37000000,2308.23000000,2313.36000000,3045.26660000,1778289299999999,7034540.41400800,11625,947.92920000,2190185.98304500,0
1778289300000000,2313.36000000,2314.40000000,2309.22000000,2311.42000000,2106.34820000,1778290199999999,4868270.61036900,10572,675.99870000,1562564.70089900,0
1778290200000000,2311.43000000,2316.61000000,2311.17000000,2315.63000000,2569.21290000,1778291099999999,5947534.38100600,14394,1143.46040000,2646942.99641300,0
1778291100000000,2315.64000000,2318.45000000,2314.13000000,2314.22000000,3136.94900000,1778291999999999,7267200.20311500,18550,1437.45830000,3330087.46412500,0
1778292000000000,2314.23000000,2318.41000000,2313.80000000,2316.77000000,1944.23990000,1778292899999999,4503352.81410800,13666,778.26570000,1802865.39365400,0
1778292900000000,2316.78000000,2317.00000000,2314.20000000,2316.27000000,2891.03100000,1778293799999999,6695032.12311800,11744,883.46050000,2046093.12224900,0
1778293800000000,2316.28000000,2320.30000000,2316.27000000,2317.93000000,2289.25980000,1778294699999999,5308200.71320300,13449,1299.24130000,3012614.82645700,0
1778294700000000,2317.93000000,2318.28000000,2316.59000000,2317.07000000,2343.64230000,1778295599999999,5430837.54468000,8922,753.67610000,1746460.73086100,0
1778295600000000,2317.07000000,2319.16000000,2315.01000000,2318.22000000,1352.31990000,1778296499999999,3133616.90219400,9692,527.22500000,1221727.32442100,0
1778296500000000,2318.21000000,2320.77000000,2316.00000000,2316.83000000,2276.92410000,1778297399999999,5278028.34015500,12929,756.96770000,1754835.11686500,0
1778297400000000,2316.83000000,2316.84000000,2312.60000000,2313.65000000,2056.93340000,1778298299999999,4760373.82933700,11107,739.43600000,1711333.44903200,0
1778298300000000,2313.64000000,2316.35000000,2313.15000000,2315.33000000,1604.63770000,1778299199999999,3714458.45687800,8241,632.29620000,1463748.73055400,0
1778299200000000,2315.33000000,2325.33000000,2315.33000000,2321.41000000,4251.75760000,1778300099999999,9871672.23559700,25985,2495.43800000,5793263.80019900,0
1778300100000000,2321.40000000,2321.53000000,2315.88000000,2316.76000000,7151.71240000,1778300999999999,16576546.76497700,19519,762.17330000,1766466.81749700,0
1778301000000000,2316.76000000,2317.30000000,2312.71000000,2313.38000000,7601.74140000,1778301899999999,17600718.63565200,18279,1052.51990000,2436743.87277700,0
1778301900000000,2313.37000000,2314.79000000,2311.27000000,2312.35000000,8179.62960000,1778302799999999,18923839.09803600,21865,1331.67330000,3080645.79182700,0
1778302800000000,2312.35000000,2314.62000000,2310.90000000,2313.81000000,1859.49660000,1778303699999999,4300707.23204300,10425,769.88060000,1780459.57711300,0
1778303700000000,2313.81000000,2317.25000000,2313.27000000,2315.56000000,1497.22590000,1778304599999999,3467341.19757300,8018,542.42190000,1256057.63849100,0
1778304600000000,2315.57000000,2318.29000000,2315.10000000,2317.15000000,1497.39410000,1778305499999999,3469830.87504600,6260,796.48430000,1845658.33184800,0
1778305500000000,2317.15000000,2317.15000000,2314.51000000,2314.82000000,1064.31680000,1778306399999999,2464289.11959100,6198,419.37150000,970919.32082400,0
1778306400000000,2314.82000000,2319.16000000,2314.80000000,2318.58000000,3348.71250000,1778307299999999,7760659.27694200,10404,2194.80570000,5086314.61056900,0
1778307300000000,2318.58000000,2318.59000000,2315.36000000,2316.99000000,3213.81210000,1778308199999999,7444565.17751800,12101,2370.95080000,5491999.20078100,0
1778308200000000,2316.99000000,2319.59000000,2313.46000000,2315.07000000,1913.95270000,1778309099999999,4433306.81162300,13702,1077.88780000,2496610.45520400,0
1778309100000000,2315.06000000,2315.58000000,2312.95000000,2314.35000000,1831.43430000,1778309999999999,4238257.20822600,11088,986.66980000,2283273.78011200,0
1778310000000000,2314.35000000,2315.94000000,2311.34000000,2313.05000000,2124.36800000,1778310899999999,4915559.19837100,12643,1175.73890000,2720571.61368000,0
1778310900000000,2313.05000000,2318.56000000,2313.04000000,2316.20000000,2110.16180000,1778311799999999,4886987.62119400,9068,1351.37500000,3129500.47038100,0
1778311800000000,2316.19000000,2317.74000000,2315.33000000,2315.99000000,2388.60270000,1778312699999999,5532959.27000100,8013,1427.03370000,3305714.84693400,0
1778312700000000,2315.99000000,2316.00000000,2314.15000000,2314.69000000,1726.77250000,1778313599999999,3997733.42235000,5626,890.64290000,2061918.97604800,0
1778313600000000,2314.69000000,2319.16000000,2314.23000000,2318.64000000,2253.66100000,1778314499999999,5222690.21290600,7945,1261.48370000,2922795.66740700,0
1778314500000000,2318.64000000,2319.73000000,2318.03000000,2319.05000000,3400.88810000,1778315399999999,7885775.68180100,10662,2194.13010000,5087618.83792900,0
1778315400000000,2319.06000000,2320.53000000,2317.20000000,2317.80000000,2148.50820000,1778316299999999,4982489.27701700,11856,934.82390000,2167965.33435200,0
1778316300000000,2317.81000000,2317.81000000,2316.29000000,2317.16000000,895.27350000,1778317199999999,2074357.73710500,6436,249.39530000,577812.06408000,0
1778317200000000,2317.16000000,2317.52000000,2315.00000000,2315.34000000,1299.68560000,1778318099999999,3010814.64580900,6948,529.51880000,1226719.34908900,0
1778318100000000,2315.33000000,2315.33000000,2311.37000000,2313.19000000,2481.31150000,1778318999999999,5739724.99682700,14222,842.60590000,1948916.12563500,0
1778319000000000,2313.18000000,2315.23000000,2312.95000000,2313.61000000,1588.52030000,1778319899999999,3675947.89566400,8343,429.43540000,993659.58661100,0
1778319900000000,2313.61000000,2313.99000000,2312.16000000,2313.28000000,1377.44060000,1778320799999999,3186257.52061600,7603,412.65550000,954516.29627000,0
1778320800000000,2313.28000000,2313.29000000,2310.24000000,2312.86000000,1859.56450000,1778321699999999,4298891.23426900,10742,522.02420000,1206810.26067700,0
1778321700000000,2312.87000000,2314.55000000,2310.96000000,2311.68000000,1202.72870000,1778322599999999,2781374.60763600,6916,421.28380000,974144.77475400,0
1778322600000000,2311.68000000,2315.03000000,2311.58000000,2314.08000000,959.81290000,1778323499999999,2220534.62632800,4685,325.27200000,752445.48688400,0
1778323500000000,2314.08000000,2314.08000000,2312.36000000,2312.50000000,756.48580000,1778324399999999,1749768.53788800,4090,149.83260000,346576.91545500,0
1778324400000000,2312.49000000,2315.40000000,2312.49000000,2314.56000000,1514.53200000,1778325299999999,3504660.32310100,5572,531.63350000,1230321.89971500,0
1778325300000000,2314.56000000,2315.45000000,2313.59000000,2315.20000000,1139.29590000,1778326199999999,2637050.12215700,5708,288.95030000,668800.34107500,0
1778326200000000,2315.19000000,2315.56000000,2313.54000000,2313.55000000,1513.96750000,1778327099999999,3504454.76442300,5228,186.01970000,430583.74597500,0
1778327100000000,2313.54000000,2315.38000000,2313.54000000,2314.57000000,1268.05190000,1778327999999999,2934392.32246700,5660,547.03390000,1265770.63958200,0
1778328000000000,2314.56000000,2317.08000000,2314.08000000,2314.19000000,1372.41890000,1778328899999999,3177921.98821400,8887,481.64130000,1115326.04089400,0
1778328900000000,2314.18000000,2318.27000000,2313.24000000,2316.85000000,2043.77300000,1778329799999999,4734331.07683000,9658,1074.35740000,2489185.43839500,0
1778329800000000,2316.85000000,2316.85000000,2314.34000000,2315.28000000,859.70520000,1778330699999999,1990550.66780000,7934,205.28100000,475278.49813800,0
1778330700000000,2315.28000000,2316.68000000,2315.02000000,2316.54000000,943.40920000,1778331599999999,2185151.16405500,5733,314.93540000,729431.07653200,0
1778331600000000,2316.54000000,2316.55000000,2315.08000000,2315.68000000,980.52930000,1778332499999999,2270821.08177300,8175,272.45440000,630916.40311700,0
1778332500000000,2315.68000000,2316.01000000,2313.02000000,2314.05000000,1427.03850000,1778333399999999,3303029.65829200,8059,490.74470000,1135867.92862000,0
1778333400000000,2314.05000000,2314.77000000,2311.69000000,2313.01000000,1271.51780000,1778334299999999,2941549.83469900,8035,374.65550000,866760.54320500,0
1778334300000000,2313.01000000,2314.35000000,2312.15000000,2314.34000000,1094.24920000,1778335199999999,2531190.08333500,5156,411.57720000,952056.74513200,0
1778335200000000,2314.34000000,2315.32000000,2312.61000000,2313.61000000,1048.54570000,1778336099999999,2426119.01575000,9910,640.90980000,1482930.82514600,0
1778336100000000,2313.60000000,2313.67000000,2305.77000000,2308.03000000,3434.69670000,1778336999999999,7929698.65220900,27253,1249.04870000,2883624.57213200,0
1778337000000000,2308.03000000,2309.07000000,2305.21000000,2308.84000000,2180.22100000,1778337899999999,5030015.77750700,18609,1059.64860000,2444847.49766700,0
1778337900000000,2308.83000000,2311.40000000,2305.90000000,2308.27000000,1583.61980000,1778338799999999,3655570.27040000,12266,696.22660000,1607265.26637500,0
1778338800000000,2308.27000000,2309.68000000,2300.00000000,2304.12000000,3724.18450000,1778339699999999,8580249.74046100,28123,1361.53960000,3136988.96063200,0
1778339700000000,2304.12000000,2311.06000000,2304.11000000,2310.90000000,2375.39970000,1778340599999999,5482252.73744900,17988,1401.33770000,3234437.97871900,0
1778340600000000,2310.90000000,2316.87000000,2310.32000000,2313.83000000,3706.02070000,1778341499999999,8573591.67915100,28067,2321.72860000,5370913.98029800,0
1778341500000000,2313.84000000,2317.64000000,2313.84000000,2317.63000000,3060.45060000,1778342399999999,7088428.71141500,19914,2051.47220000,4751439.24710800,0
1778342400000000,2317.64000000,2321.91000000,2315.29000000,2321.00000000,4280.18980000,1778343299999999,9927640.14973000,22996,3120.14070000,7237231.25567700,0
1778343300000000,2320.99000000,2325.28000000,2319.62000000,2319.90000000,4126.64210000,1778344199999999,9584449.71224500,26201,2533.53650000,5884177.78932200,0
1778344200000000,2319.89000000,2321.79000000,2317.18000000,2320.58000000,4335.33280000,1778345099999999,10057268.92108800,28907,1410.89690000,3273000.09623400,0
1778345100000000,2320.58000000,2321.04000000,2318.19000000,2319.99000000,2723.84520000,1778345999999999,6320006.60246300,18492,730.82220000,1695543.10990500,0
1778346000000000,2320.00000000,2333.61000000,2320.00000000,2330.33000000,8919.38700000,1778346899999999,20771255.08736100,60910,5404.82310000,12584957.41876700,0
1778346900000000,2330.34000000,2332.00000000,2326.38000000,2331.87000000,4298.53790000,1778347799999999,10013272.49583500,28125,2081.65610000,4849104.31796100,0
1778347800000000,2331.87000000,2333.27000000,2330.49000000,2330.49000000,4756.91080000,1778348699999999,11092121.89831700,22525,1438.17670000,3353738.49113000,0
1778348700000000,2330.50000000,2331.01000000,2326.90000000,2329.45000000,3124.65650000,1778349599999999,7277501.34646100,16367,938.72920000,2186296.49872300,0
1778349600000000,2329.46000000,2332.97000000,2329.27000000,2330.06000000,2515.70710000,1778350499999999,5865064.99349500,16478,939.50400000,2190403.83774500,0
1778350500000000,2330.07000000,2338.37000000,2329.50000000,2336.76000000,4458.23230000,1778351399999999,10407770.51192300,30564,2312.76830000,5399630.12069000,0
1778351400000000,2336.77000000,2337.93000000,2331.01000000,2331.33000000,2475.80730000,1778352299999999,5778885.01388600,18633,733.68020000,1712839.64967600,0
1778352300000000,2331.33000000,2331.34000000,2328.80000000,2330.22000000,1798.79930000,1778353199999999,4191473.58470200,11988,483.93230000,1127594.54842700,0
1778353200000000,2330.23000000,2331.65000000,2328.81000000,2329.98000000,2699.50630000,1778354099999999,6291294.46813700,11949,1507.60880000,3513773.52092300,0
1778354100000000,2329.98000000,2329.99000000,2326.54000000,2328.54000000,2292.69360000,1778354999999999,5338219.52620400,12243,1042.43220000,2427109.91635000,0
1778355000000000,2328.55000000,2328.85000000,2327.34000000,2328.36000000,1464.09280000,1778355899999999,3408713.67132300,9866,248.82730000,579297.77377800,0
1778355900000000,2328.35000000,2333.10000000,2327.45000000,2332.01000000,2647.30750000,1778356799999999,6170495.52112400,13346,1134.65160000,2644797.47781600,0
1778356800000000,2332.02000000,2332.81000000,2327.97000000,2327.98000000,1517.14300000,1778357699999999,3535426.11998100,9701,304.39780000,709400.50707900,0
1778357700000000,2327.98000000,2329.69000000,2327.64000000,2328.73000000,1669.71030000,1778358599999999,3888432.03195100,9457,657.74930000,1531947.29793200,0
1778358600000000,2328.73000000,2330.12000000,2327.26000000,2329.48000000,1394.16750000,1778359499999999,3246667.13531100,8859,359.08060000,836253.49182900,0
1778359500000000,2329.47000000,2330.06000000,2328.68000000,2329.18000000,1321.34100000,1778360399999999,3077969.86852900,7679,170.14870000,396350.45784100,0
1778360400000000,2329.17000000,2331.51000000,2329.00000000,2330.62000000,1721.79710000,1778361299999999,4012249.26477400,8685,422.18820000,983750.13009500,0
1778361300000000,2330.63000000,2331.19000000,2328.62000000,2330.49000000,1414.73570000,1778362199999999,3296142.22015800,8223,381.92840000,889734.60668500,0
1778362200000000,2330.49000000,2330.92000000,2329.23000000,2329.88000000,1452.08300000,1778363099999999,3383205.48079200,7537,289.02280000,673372.61476300,0
1778363100000000,2329.89000000,2331.55000000,2328.92000000,2330.82000000,1504.90130000,1778363999999999,3507343.35956700,11221,322.21010000,750909.98239200,0
1778364000000000,2330.82000000,2331.55000000,2329.47000000,2330.15000000,1884.07370000,1778364899999999,4391085.40249200,12758,701.39310000,1634794.45340600,0
1778364900000000,2330.15000000,2331.99000000,2330.14000000,2330.98000000,1748.94150000,1778365799999999,4077277.67084800,7636,646.95130000,1508192.93552300,0
1778365800000000,2330.98000000,2333.47000000,2327.22000000,2332.43000000,1973.07750000,1778366699999999,4598561.62542000,16085,706.83590000,1647260.98537800,0
1778366700000000,2332.44000000,2333.07000000,2329.47000000,2329.89000000,1262.03240000,1778367599999999,2942121.00413900,8971,271.27150000,632376.05396100,0
1778367600000000,2329.89000000,2331.96000000,2327.50000000,2328.25000000,1752.20200000,1778368499999999,4081357.08352200,12543,475.96590000,1108596.09713900,0
1778368500000000,2328.25000000,2328.25000000,2325.78000000,2326.39000000,1546.02180000,1778369399999999,3597553.98437700,9959,321.73320000,748607.25058900,0
1778369400000000,2326.38000000,2326.99000000,2324.70000000,2324.87000000,1741.23510000,1778370299999999,4049829.06600500,10263,350.82110000,816006.89849900,0
1778370300000000,2324.87000000,2328.08000000,2324.86000000,2326.44000000,1914.72820000,1778371199999999,4455518.84784800,8876,766.80210000,1784135.40486100,0
1778371200000000,2326.43000000,2328.07000000,2323.93000000,2327.08000000,2328.24030000,1778372099999999,5415471.34711100,15112,826.64390000,1922723.02958200,0
1778372100000000,2327.07000000,2329.71000000,2326.68000000,2327.42000000,1585.86930000,1778372999999999,3691942.20727400,10265,482.52120000,1123344.17501400,0
1778373000000000,2327.41000000,2328.59000000,2325.52000000,2327.24000000,1889.06830000,1778373899999999,4396018.09851300,12912,530.68720000,1234703.26424700,0
1778373900000000,2327.24000000,2327.35000000,2321.16000000,2323.89000000,2110.64550000,1778374799999999,4906021.95801100,15492,551.29140000,1281390.92756400,0
1778374800000000,2323.90000000,2323.90000000,2321.30000000,2322.26000000,2678.08440000,1778375699999999,6219652.51825100,14696,628.99470000,1460545.34654100,0
1778375700000000,2322.26000000,2324.41000000,2319.26000000,2319.96000000,2829.93240000,1778376599999999,6568575.81144200,15870,805.54790000,1869618.80771900,0
1778376600000000,2319.96000000,2321.77000000,2318.33000000,2319.95000000,1903.92080000,1778377499999999,4417083.76794400,14767,485.28860000,1125859.22931900,0
1778377500000000,2319.96000000,2324.97000000,2319.95000000,2323.67000000,2043.78790000,1778378399999999,4747211.47323400,12788,733.56330000,1703698.51326800,0
1778378400000000,2323.68000000,2323.68000000,2320.08000000,2321.59000000,1630.94870000,1778379299999999,3786782.81926500,11617,401.39090000,931891.84486400,0
1778379300000000,2321.60000000,2327.25000000,2321.04000000,2325.96000000,2077.80400000,1778380199999999,4830072.88548100,10092,760.45890000,1767893.03307500,0
1778380200000000,2325.96000000,2327.23000000,2324.32000000,2326.19000000,1721.34570000,1778381099999999,4003331.20927900,11116,554.40480000,1289338.71919900,0
1778381100000000,2326.20000000,2328.00000000,2325.50000000,2327.94000000,1767.38720000,1778381999999999,4112737.50774400,10748,679.19870000,1580490.25085300,0
1778382000000000,2327.94000000,2329.71000000,2327.04000000,2328.13000000,2056.92460000,1778382899999999,4789326.21314300,13275,751.79280000,1750569.15480200,0
1778382900000000,2328.14000000,2328.29000000,2325.41000000,2325.67000000,1606.30480000,1778383799999999,3737171.49932500,10797,414.00950000,963246.67848300,0
1778383800000000,2325.67000000,2332.91000000,2323.70000000,2328.87000000,3058.28990000,1778384699999999,7123286.28931200,17323,1372.65700000,3198001.33445800,0
1778384700000000,2328.87000000,2329.96000000,2327.41000000,2327.76000000,1989.58280000,1778385599999999,4632490.93992100,14610,714.47580000,1663448.49532100,0
1778385600000000,2327.75000000,2328.66000000,2326.10000000,2327.37000000,2694.43540000,1778386499999999,6270413.76456700,17055,602.30820000,1401666.24674600,0
1778386500000000,2327.37000000,2329.25000000,2326.20000000,2329.24000000,1960.98170000,1778387399999999,4564389.92110500,13120,494.80270000,1151704.04405100,0
1778387400000000,2329.24000000,2330.98000000,2327.70000000,2327.70000000,1549.52700000,1778388299999999,3610180.05101700,9953,583.39350000,1359232.39244600,0
1778388300000000,2327.70000000,2329.41000000,2327.03000000,2328.27000000,1511.19020000,1778389199999999,3518319.86606100,8549,606.58090000,1412112.22162600,0
1778389200000000,2328.28000000,2328.84000000,2326.72000000,2328.26000000,1573.61690000,1778390099999999,3663293.05146300,12764,543.51730000,1265299.46832500,0
1778390100000000,2328.26000000,2330.00000000,2328.00000000,2328.93000000,1555.36310000,1778390999999999,3622793.93158900,9753,539.16890000,1255812.12200700,0
1778391000000000,2328.93000000,2329.99000000,2328.00000000,2328.02000000,1475.74680000,1778391899999999,3437090.65562600,9410,433.76650000,1010267.38608500,0
1778391900000000,2328.01000000,2328.79000000,2326.51000000,2327.30000000,1640.20080000,1778392799999999,3817720.78358400,9664,452.55900000,1053309.28808400,0
1778392800000000,2327.30000000,2329.02000000,2327.15000000,2329.01000000,2047.16770000,1778393699999999,4766420.06680100,10515,868.76640000,2022581.21442100,0
1778393700000000,2329.01000000,2329.02000000,2326.65000000,2326.65000000,1815.05270000,1778394599999999,4225196.99422400,10105,449.51670000,1046377.66143900,0
1778394600000000,2326.65000000,2330.75000000,2326.65000000,2329.12000000,1942.84720000,1778395499999999,4524710.94515300,10954,793.63810000,1848262.46080800,0
1778395500000000,2329.11000000,2330.30000000,2328.62000000,2329.30000000,1163.61620000,1778396399999999,2710444.52627400,6646,364.03590000,847965.26972100,0
1778396400000000,2329.31000000,2332.09000000,2327.55000000,2327.55000000,1971.90190000,1778397299999999,4594234.90886400,11496,719.33040000,1676244.21832500,0
1778397300000000,2327.55000000,2330.64000000,2327.55000000,2329.49000000,1329.42170000,1778398199999999,3096758.26959300,7987,416.05260000,969077.08341100,0
1778398200000000,2329.48000000,2330.37000000,2328.36000000,2329.01000000,1555.77660000,1778399099999999,3623520.61329700,8439,435.30550000,1013840.57454700,0
1778399100000000,2329.02000000,2329.73000000,2327.36000000,2327.36000000,1177.50570000,1778399999999999,2741786.42386500,6019,215.30900000,501358.94175200,0
1778400000000000,2327.36000000,2331.22000000,2326.16000000,2328.61000000,1847.05590000,1778400899999999,4300136.76924000,9906,760.26780000,1770108.73144900,0
1778400900000000,2328.60000000,2331.83000000,2327.69000000,2330.53000000,2285.77870000,1778401799999999,5325452.39281100,15241,1202.09760000,2800447.77744300,0
1778401800000000,2330.53000000,2331.69000000,2328.97000000,2329.16000000,2166.87100000,1778402699999999,5048649.12689100,11631,704.66600000,1641844.30047900,0
1778402700000000,2329.16000000,2330.16000000,2328.90000000,2330.15000000,1369.79510000,1778403599999999,3191299.66578400,5923,509.76910000,1187626.13135300,0
1778403600000000,2330.16000000,2333.59000000,2329.83000000,2330.75000000,2484.66710000,1778404499999999,5793179.47035700,17705,943.65090000,2200226.44205500,0
1778404500000000,2330.75000000,2330.95000000,2329.18000000,2329.18000000,1240.26400000,1778405399999999,2889735.47666000,7419,272.07610000,633929.36799000,0
1778405400000000,2329.18000000,2329.75000000,2327.22000000,2327.49000000,1301.29730000,1778406299999999,3030005.40697900,8727,265.20020000,617549.03465400,0
1778406300000000,2327.50000000,2328.91000000,2326.92000000,2328.22000000,1286.84260000,1778407199999999,2995782.01420800,7321,309.81930000,721218.52348500,0
1778407200000000,2328.23000000,2328.82000000,2324.01000000,2324.73000000,2418.91270000,1778408099999999,5626286.26363800,17037,789.56520000,1836501.10420300,0
1778408100000000,2324.72000000,2326.90000000,2323.41000000,2326.33000000,1864.77300000,1778408999999999,4335640.12015700,15014,649.08820000,1509038.54707900,0
1778409000000000,2326.33000000,2326.89000000,2323.38000000,2324.11000000,1318.43030000,1778409899999999,3065754.77412800,11200,267.12020000,621116.19091900,0
1778409900000000,2324.11000000,2326.14000000,2323.49000000,2325.46000000,1744.39970000,1778410799999999,4055395.72777100,9696,505.83460000,1175903.19997800,0
1778410800000000,2325.46000000,2327.42000000,2323.34000000,2324.17000000,2171.16010000,1778411699999999,5048539.76863600,11954,924.89080000,2150673.70282900,0
1778411700000000,2324.16000000,2325.51000000,2319.00000000,2322.00000000,2438.06690000,1778412599999999,5661361.47121200,18612,680.28770000,1579784.78580100,0
1778412600000000,2322.00000000,2322.42000000,2320.29000000,2321.30000000,1544.12450000,1778413499999999,3584472.15251200,9261,487.88710000,1132554.00831500,0
1778413500000000,2321.29000000,2323.29000000,2321.21000000,2322.58000000,1397.56030000,1778414399999999,3245028.26920200,8010,608.68410000,1413281.13923300,0
1778414400000000,2322.59000000,2323.89000000,2320.87000000,2323.59000000,1255.97560000,1778415299999999,2916726.46607100,10214,521.57180000,1211356.43416200,0
1778415300000000,2323.59000000,2325.06000000,2322.74000000,2324.21000000,1338.34120000,1778416199999999,3110337.79381000,10424,480.77810000,1117401.90797000,0
1778416200000000,2324.22000000,2325.35000000,2322.62000000,2323.88000000,1853.10500000,1778417099999999,4306146.88779500,10521,529.20990000,1229646.20972200,0
1778417100000000,2323.88000000,2324.40000000,2323.03000000,2324.12000000,1394.47340000,1778417999999999,3240118.00563800,7559,346.53610000,805193.88126600,0
1778418000000000,2324.12000000,2328.77000000,2323.28000000,2328.48000000,2380.40580000,1778418899999999,5536256.17524300,14378,1192.51620000,2773517.53418100,0
1778418900000000,2328.48000000,2331.99000000,2326.84000000,2329.47000000,4087.70480000,1778419799999999,9523243.80676600,17375,1910.14580000,4450170.47663300,0
1778419800000000,2329.47000000,2330.77000000,2328.00000000,2329.34000000,2653.79840000,1778420699999999,6181821.76324500,16785,662.85490000,1544042.72230400,0
1778420700000000,2329.33000000,2330.33000000,2328.42000000,2329.80000000,2697.05690000,1778421599999999,6282685.54984600,13754,821.57850000,1913705.86865900,0
1778421600000000,2329.80000000,2330.88000000,2328.00000000,2328.72000000,2305.00800000,1778422499999999,5369479.67568800,13154,429.50720000,1000557.94500500,0
1778422500000000,2328.72000000,2328.72000000,2326.94000000,2327.58000000,2145.79340000,1778423399999999,4995461.65593400,9565,471.01400000,1096524.07713000,0
1778423400000000,2327.57000000,2335.00000000,2327.41000000,2330.43000000,4030.66380000,1778424299999999,9396622.58981300,17367,1819.41310000,4242445.92356500,0
1778424300000000,2330.43000000,2332.56000000,2327.14000000,2330.90000000,3299.28560000,1778425199999999,7688433.71789400,20492,1050.25030000,2447572.58477500,0
1778425200000000,2330.90000000,2337.66000000,2330.90000000,2335.28000000,4862.29880000,1778426099999999,11352023.85357100,33277,2149.28700000,5017871.80211900,0
1778426100000000,2335.27000000,2335.45000000,2333.50000000,2334.45000000,3364.69950000,1778426999999999,7855238.08986300,15582,897.50130000,2095208.23407200,0
1778427000000000,2334.44000000,2343.81000000,2334.44000000,2341.73000000,5888.57860000,1778427899999999,13774860.32145100,38251,3321.98390000,7771518.40854900,0
1778427900000000,2341.73000000,2351.66000000,2340.62000000,2347.56000000,8369.78870000,1778428799999999,19647774.42047200,52264,5406.92450000,12692978.59056300,0
1778428800000000,2347.56000000,2350.85000000,2344.86000000,2346.30000000,4626.62390000,1778429699999999,10864304.55963700,30330,2469.21320000,5798513.95920700,0
1778429700000000,2346.31000000,2346.67000000,2340.11000000,2345.35000000,2527.09740000,1778430599999999,5922204.58451500,21256,1277.90520000,2994509.57807200,0
1778430600000000,2345.35000000,2350.00000000,2344.29000000,2346.21000000,3180.98680000,1778431499999999,7464551.05173400,23178,1434.51560000,3366488.91282800,0
1778431500000000,2346.21000000,2350.00000000,2345.41000000,2350.00000000,7414.44210000,1778432399999999,17420148.76648800,21519,5665.23210000,13310862.71530400,0
1778432400000000,2349.99000000,2355.00000000,2345.40000000,2348.00000000,79965.42020000,1778433299999999,187842940.31794300,65834,74444.96360000,174868714.12946100,0
1778433300000000,2348.00000000,2357.94000000,2347.99000000,2355.86000000,21999.87410000,1778434199999999,51715342.58824600,52792,15050.44750000,35365015.58850600,0
1778434200000000,2355.85000000,2359.60000000,2352.71000000,2356.00000000,5226.06720000,1778435099999999,12312329.98683000,24497,3324.90750000,7833696.20166400,0
1778435100000000,2356.00000000,2368.00000000,2354.40000000,2364.10000000,7343.87510000,1778435999999999,17350942.03221700,40123,4197.51560000,9915372.68623600,0
1778436000000000,2364.11000000,2366.79000000,2363.39000000,2365.50000000,3639.11120000,1778436899999999,8605373.21476500,23713,1641.72860000,3882161.43095200,0
1778436900000000,2365.50000000,2365.50000000,2361.05000000,2361.84000000,4023.77130000,1778437799999999,9507670.05582500,20131,1677.18680000,3962529.25075000,0
1778437800000000,2361.84000000,2363.54000000,2356.75000000,2356.76000000,1921.21090000,1778438699999999,4532996.44231500,15530,890.78840000,2101616.48143900,0
1778438700000000,2356.76000000,2359.92000000,2356.63000000,2358.54000000,1577.43460000,1778439599999999,3720028.31213800,11770,933.96250000,2202510.16846700,0
1778439600000000,2358.53000000,2358.82000000,2351.25000000,2357.81000000,2903.59670000,1778440499999999,6839246.42523400,23585,1339.18020000,3154427.29793400,0
1778440500000000,2357.81000000,2366.73000000,2357.59000000,2366.65000000,3561.10550000,1778441399999999,8416481.77114100,25316,2275.04660000,5376537.34212000,0
1778441400000000,2366.65000000,2366.79000000,2362.75000000,2365.07000000,2584.34830000,1778442299999999,6111641.27704300,17591,1182.42000000,2796107.16877500,0
1778442300000000,2365.06000000,2365.58000000,2359.37000000,2365.54000000,1929.59460000,1778443199999999,4559696.30110000,15466,955.17100000,2257135.00432500,0
1778443200000000,2365.54000000,2369.86000000,2353.75000000,2354.76000000,4513.34450000,1778444099999999,10671530.42053700,39253,1968.70120000,4656957.76511700,0
1778444100000000,2354.76000000,2356.80000000,2346.52000000,2353.55000000,5846.86510000,1778444999999999,13749010.55096800,46073,3032.81240000,7131694.04811300,0
1778445000000000,2353.55000000,2353.55000000,2335.29000000,2335.31000000,6376.64220000,1778445899999999,14948963.66411700,56553,1836.34880000,4305856.08625300,0
1778445900000000,2335.32000000,2335.57000000,2311.83000000,2328.76000000,14196.42880000,1778446799999999,33003399.84255800,139208,5629.29660000,13085955.68131000,0
1778446800000000,2328.76000000,2334.78000000,2324.02000000,2325.98000000,6118.20130000,1778447699999999,14252907.88614600,61947,2614.75150000,6092580.66138000,0
1778447700000000,2325.99000000,2335.00000000,2324.87000000,2335.00000000,3435.73720000,1778448599999999,8006291.16137100,36917,1492.81540000,3478736.79405000,0
1778448600000000,2335.00000000,2336.85000000,2329.83000000,2335.54000000,3977.29740000,1778449499999999,9284732.07738600,35582,1947.29620000,4546014.36287400,0
1778449500000000,2335.54000000,2336.36000000,2330.68000000,2330.80000000,1832.68680000,1778450399999999,4276519.94177500,21999,743.66880000,1735046.53511700,0
1778450400000000,2330.79000000,2347.13000000,2327.92000000,2342.82000000,5452.80770000,1778451299999999,12759234.61664300,86111,3050.78470000,7139057.65804900,0
1778451300000000,2342.82000000,2362.03000000,2340.04000000,2355.36000000,8284.05730000,1778452199999999,19477547.78053500,79437,4680.19790000,11004459.47402300,0
1778452200000000,2355.36000000,2374.05000000,2352.08000000,2366.51000000,11617.27840000,1778453099999999,27486835.10498100,104241,6304.72700000,14915115.45855300,0
1778453100000000,2366.51000000,2377.64000000,2366.51000000,2373.78000000,8314.39070000,1778453999999999,19726587.11283200,70829,4054.06080000,9618949.91950700,0
1778454000000000,2373.78000000,2382.53000000,2373.78000000,2379.10000000,9841.54700000,1778454899999999,23412304.78017600,79353,5929.81880000,14108232.01762400,0
1778454900000000,2379.10000000,2381.17000000,2370.28000000,2374.45000000,4365.86770000,1778455799999999,10368563.94171800,47359,1898.55750000,4509348.15297800,0
1778455800000000,2374.46000000,2380.22000000,2371.92000000,2378.77000000,4636.35170000,1778456699999999,11020993.17711200,42413,2537.13570000,6031573.81015900,0
1778456700000000,2378.77000000,2379.64000000,2367.95000000,2371.27000000,3839.33370000,1778457599999999,9108533.72023400,33315,1537.21860000,3647135.87037100,0
1778457600000000,2371.26000000,2374.92000000,2363.05000000,2363.12000000,4114.49930000,1778458499999999,9747493.57031700,45020,1842.14770000,4366024.42266700,0
1778458500000000,2363.13000000,2363.38000000,2350.68000000,2355.57000000,8350.41260000,1778459399999999,19666741.61259500,77991,3118.10530000,7342191.96666000,0
1778459400000000,2355.57000000,2363.65000000,2351.28000000,2354.55000000,3170.03120000,1778460299999999,7476819.68064200,38728,1328.57790000,3133841.20933600,0
1778460300000000,2354.54000000,2357.34000000,2344.59000000,2352.35000000,3688.75530000,1778461199999999,8671272.29733900,58952,1925.56310000,4527389.12946700,0
1778461200000000,2352.36000000,2360.00000000,2345.33000000,2356.19000000,2774.66100000,1778462099999999,6525089.11542100,49708,1642.07450000,3862635.02286000,0
1778462100000000,2356.20000000,2365.58000000,2354.58000000,2362.06000000,2833.73220000,1778462999999999,6694183.15389300,43325,1712.97920000,4046158.25354100,0
1778463000000000,2362.07000000,2365.21000000,2357.25000000,2358.54000000,2143.43170000,1778463899999999,5059029.85172800,36342,1019.71580000,2406944.86568700,0
1778463900000000,2358.54000000,2362.00000000,2355.25000000,2358.54000000,1542.00660000,1778464799999999,3636922.68047300,25643,596.93110000,1408148.22655700,0
1778464800000000,2358.54000000,2360.79000000,2352.62000000,2355.02000000,1323.43700000,1778465699999999,3118704.17598200,32001,608.61870000,1434223.00437100,0
1778465700000000,2355.02000000,2355.02000000,2347.16000000,2350.19000000,2726.67590000,1778466599999999,6409407.61954300,36788,1182.41150000,2778977.19239600,0
1778466600000000,2350.18000000,2350.71000000,2343.51000000,2344.87000000,4163.84460000,1778467499999999,9765886.06939300,35849,1432.10070000,3359037.67230100,0
1778467500000000,2344.88000000,2347.03000000,2343.38000000,2345.39000000,1066.22920000,1778468399999999,2500585.52067300,21373,554.53440000,1300535.50625800,0
1778468400000000,2345.40000000,2345.40000000,2326.35000000,2327.04000000,7069.09120000,1778469299999999,16508021.54420500,60879,2248.43830000,5251330.18122200,0
1778469300000000,2327.04000000,2331.98000000,2322.78000000,2325.69000000,5826.42980000,1778470199999999,13558743.65296500,52030,2486.52510000,5787124.53234000,0
1778470200000000,2325.69000000,2329.87000000,2320.01000000,2329.66000000,6152.70610000,1778471099999999,14307232.22930900,44679,3404.57700000,7918259.74295100,0
1778471100000000,2329.66000000,2330.81000000,2327.86000000,2330.56000000,3378.32790000,1778471999999999,7870004.80473500,19365,1649.33500000,3842005.57954900,0
1778472000000000,2330.56000000,2331.33000000,2326.66000000,2328.65000000,3464.43640000,1778472899999999,8069318.46253500,28823,1462.16280000,3405458.83700300,0
1778472900000000,2328.65000000,2332.33000000,2328.65000000,2331.85000000,1949.56590000,1778473799999999,4544076.60622600,15443,923.20610000,2151891.87439400,0
1778473800000000,2331.85000000,2335.00000000,2330.88000000,2335.00000000,3181.35580000,1778474699999999,7423980.81565900,18786,1649.72790000,3849761.85350600,0
1778474700000000,2334.99000000,2335.99000000,2330.00000000,2332.85000000,2267.41940000,1778475599999999,5292122.11024900,18457,862.80340000,2013590.26307500,0
1778475600000000,2332.85000000,2335.16000000,2332.05000000,2333.40000000,1928.93470000,1778476499999999,4501962.98373100,14730,715.51480000,1669920.00282000,0
1778476500000000,2333.40000000,2338.71000000,2333.15000000,2337.66000000,2668.27420000,1778477399999999,6234872.36258600,12023,1052.99020000,2460240.87870900,0
1778477400000000,2337.66000000,2340.49000000,2334.10000000,2334.32000000,2828.05100000,1778478299999999,6610538.19836700,18500,1469.98030000,3435893.46538800,0
1778478300000000,2334.32000000,2337.65000000,2333.64000000,2335.30000000,2409.40600000,1778479199999999,5627449.13443600,16391,1076.55260000,2514182.05432200,0
1778479200000000,2335.29000000,2340.10000000,2333.48000000,2337.42000000,2427.93840000,1778480099999999,5673626.84379400,16694,961.88710000,2248228.30750100,0
1778480100000000,2337.43000000,2340.77000000,2335.02000000,2339.47000000,1841.78470000,1778480999999999,4306380.40809300,18595,895.29510000,2093112.18439600,0
1778481000000000,2339.46000000,2342.44000000,2331.81000000,2333.12000000,2849.61270000,1778481899999999,6660694.39121600,23035,1025.11510000,2397512.26026800,0
1778481900000000,2333.13000000,2334.39000000,2330.05000000,2333.48000000,2096.33220000,1778482799999999,4888876.20220600,15535,550.46200000,1283765.78290300,0
1778482800000000,2333.49000000,2333.49000000,2329.17000000,2330.35000000,1243.10020000,1778483699999999,2897541.70349500,17150,410.61670000,957026.75841500,0
1778483700000000,2330.35000000,2333.39000000,2328.45000000,2330.14000000,1366.82920000,1778484599999999,3185865.32651900,14761,369.45930000,861218.24053200,0
1778484600000000,2330.14000000,2331.46000000,2328.25000000,2329.04000000,1500.64300000,1778485499999999,3496203.81057500,15231,550.36550000,1282230.07518800,0
1778485500000000,2329.04000000,2331.50000000,2328.88000000,2330.54000000,1285.59220000,1778486399999999,2995863.97385200,9645,654.14670000,1524306.90084500,0
1778486400000000,2330.55000000,2332.77000000,2326.66000000,2330.58000000,2052.10830000,1778487299999999,4780480.40999000,17935,933.84940000,2175490.55867200,0
1778487300000000,2330.57000000,2333.84000000,2327.81000000,2327.81000000,2317.79360000,1778488199999999,5404203.25218600,21741,1064.10270000,2481159.75496800,0
1778488200000000,2327.81000000,2334.52000000,2326.86000000,2333.87000000,1167.06380000,1778489099999999,2720634.44548900,23184,548.26080000,1278127.13946300,0
1778489100000000,2333.88000000,2334.66000000,2329.68000000,2330.48000000,1612.05450000,1778489999999999,3760840.74619100,13606,902.92830000,2106601.44924200,0
1778490000000000,2330.48000000,2336.63000000,2330.26000000,2336.62000000,1393.65670000,1778490899999999,3253306.85130900,18018,959.04760000,2238878.55932000,0
1778490900000000,2336.63000000,2337.31000000,2335.49000000,2336.00000000,921.54540000,1778491799999999,2153136.32156500,14237,436.79480000,1020558.60250500,0
1778491800000000,2336.00000000,2336.82000000,2333.03000000,2335.02000000,842.44740000,1778492699999999,1967294.66700800,12347,317.43910000,741337.33216300,0
1778492700000000,2335.02000000,2338.61000000,2334.73000000,2336.08000000,952.50080000,1778493599999999,2225517.13063000,12986,479.27180000,1119779.82784200,0
1778493600000000,2336.07000000,2339.24000000,2334.97000000,2336.74000000,1390.24620000,1778494499999999,3249232.76265100,18938,632.35570000,1477920.12652000,0
1778494500000000,2336.74000000,2339.90000000,2336.11000000,2337.52000000,1585.38240000,1778495399999999,3706635.98087600,15158,762.45850000,1782673.75570500,0
1778495400000000,2337.51000000,2337.95000000,2330.00000000,2332.50000000,1478.73050000,1778496299999999,3450651.81214900,19998,441.63880000,1030584.63034800,0
1778496300000000,2332.50000000,2334.34000000,2329.93000000,2329.94000000,1015.92550000,1778497199999999,2369233.48060500,14797,324.02090000,755666.55888900,0
1778497200000000,2329.93000000,2332.45000000,2327.43000000,2330.83000000,1313.37660000,1778498099999999,3061281.74395600,16381,348.47750000,812152.58400900,0
1778498100000000,2330.83000000,2335.00000000,2330.74000000,2333.40000000,1372.26810000,1778498999999999,3201823.23470400,15255,436.14660000,1017442.25495600,0
1778499000000000,2333.40000000,2335.80000000,2333.40000000,2335.28000000,870.19240000,1778499899999999,2031708.34224100,13872,473.77230000,1106128.21468000,0
1778499900000000,2335.27000000,2335.80000000,2332.04000000,2335.80000000,1053.79390000,1778500799999999,2459741.12254500,14237,404.30880000,943764.92421100,0
1778500800000000,2335.80000000,2336.49000000,2329.22000000,2330.13000000,1492.61290000,1778501699999999,3482415.46600300,19877,440.19990000,1027009.71665900,0
1778501700000000,2330.13000000,2338.89000000,2329.43000000,2337.02000000,1906.32560000,1778502599999999,4450560.52534400,23980,867.43850000,2025570.40465600,0
1778502600000000,2337.01000000,2338.86000000,2332.91000000,2333.05000000,1708.80170000,1778503499999999,3992035.07183300,24324,649.57580000,1517729.35799700,0
1778503500000000,2333.04000000,2335.30000000,2328.79000000,2329.50000000,2033.21330000,1778504399999999,4738876.32448500,24541,1003.36590000,2338138.89243900,0
1778504400000000,2329.51000000,2332.86000000,2329.06000000,2331.22000000,1386.24440000,1778505299999999,3230878.31658300,18205,679.26340000,1583206.13663100,0
1778505300000000,2331.23000000,2332.21000000,2325.56000000,2327.57000000,2020.85740000,1778506199999999,4706459.95579400,25354,666.05600000,1551079.51777100,0
1778506200000000,2327.57000000,2329.56000000,2314.77000000,2326.06000000,9487.29180000,1778507099999999,22018486.06805100,95146,3957.68610000,9186813.16784900,0
1778507100000000,2326.06000000,2327.52000000,2320.00000000,2322.32000000,2925.61370000,1778507999999999,6796800.98193400,47025,1184.55600000,2751990.16655700,0
1778508000000000,2322.31000000,2328.80000000,2322.03000000,2326.28000000,2739.75310000,1778508899999999,6373562.82928900,46474,1141.31840000,2654981.55311400,0
1778508900000000,2326.29000000,2327.00000000,2312.91000000,2313.13000000,3846.88540000,1778509799999999,8926617.83909000,45562,1560.88920000,3624018.63697900,0
1778509800000000,2313.13000000,2317.58000000,2304.00000000,2312.69000000,8407.22620000,1778510699999999,19425150.22416900,90854,3435.56190000,7939726.98443200,0
1778510700000000,2312.68000000,2317.97000000,2309.82000000,2316.48000000,3313.74160000,1778511599999999,7666621.90452900,42223,1465.64460000,3391491.56435100,0
1778511600000000,2316.48000000,2323.26000000,2313.40000000,2321.16000000,2506.96590000,1778512499999999,5809663.54017900,38586,1248.26810000,2892927.75845000,0
1778512500000000,2321.17000000,2334.65000000,2319.41000000,2332.73000000,4257.26780000,1778513399999999,9907791.64748400,54475,2183.88740000,5083726.73975300,0
1778513400000000,2332.72000000,2335.60000000,2327.04000000,2327.92000000,4147.62490000,1778514299999999,9668857.25533900,39671,2065.03980000,4814828.59987700,0
1778514300000000,2327.91000000,2334.99000000,2326.68000000,2333.48000000,2107.80000000,1778515199999999,4913275.25466500,27651,847.66390000,1975823.74992900,0
1778515200000000,2333.48000000,2341.21000000,2330.62000000,2339.82000000,4328.81580000,1778516099999999,10114728.38781600,50614,2106.93770000,4923565.19720100,0
1778516100000000,2339.82000000,2341.00000000,2334.91000000,2336.83000000,4568.65560000,1778516999999999,10685498.74371600,41469,2220.75560000,5193896.24497600,0
1778517000000000,2336.83000000,2339.05000000,2327.38000000,2329.78000000,3611.88410000,1778517899999999,8429810.02823800,50194,1099.17240000,2565913.79269800,0
1778517900000000,2329.78000000,2334.26000000,2329.33000000,2329.78000000,2502.18440000,1778518799999999,5833729.87958600,30222,885.57470000,2064618.15160000,0
1778518800000000,2329.79000000,2330.68000000,2323.68000000,2327.78000000,2967.83620000,1778519699999999,6905047.22721800,35875,1252.19820000,2913371.74571700,0
1778519700000000,2327.77000000,2330.74000000,2327.55000000,2329.57000000,1785.74170000,1778520599999999,4159309.23333700,22505,857.24430000,1996588.39970800,0
1778520600000000,2329.58000000,2341.60000000,2327.94000000,2340.13000000,2921.14570000,1778521499999999,6818398.50324100,27098,1751.66470000,4089198.77282000,0
1778521500000000,2340.13000000,2343.83000000,2336.44000000,2336.71000000,2790.81350000,1778522399999999,6529096.71785800,25731,922.74730000,2159167.26565300,0
1778522400000000,2336.71000000,2343.73000000,2336.13000000,2340.89000000,3297.24690000,1778523299999999,7718908.04751300,24898,1549.35850000,3626876.56292800,0
1778523300000000,2340.89000000,2342.20000000,2335.89000000,2341.49000000,2409.00820000,1778524199999999,5634396.30499100,21696,850.33570000,1988683.33737400,0
1778524200000000,2341.49000000,2344.35000000,2339.00000000,2339.01000000,2836.35910000,1778525099999999,6640170.18124200,24116,1079.18960000,2526777.34486400,0
1778525100000000,2339.00000000,2343.77000000,2334.55000000,2335.35000000,2255.81470000,1778525999999999,5278011.47151900,23374,926.21790000,2167301.63070800,0
1778526000000000,2335.35000000,2339.71000000,2331.92000000,2338.38000000,2074.43160000,1778526899999999,4847240.97432800,23878,698.20050000,1631652.54963300,0
1778526900000000,2338.39000000,2343.00000000,2336.96000000,2337.16000000,1749.87560000,1778527799999999,4093924.20204200,21839,771.12500000,1804440.59536000,0
1778527800000000,2337.16000000,2344.00000000,2337.16000000,2341.50000000,1764.95350000,1778528699999999,4130787.73701700,18657,887.94230000,2078381.76308100,0
1778528700000000,2341.50000000,2341.76000000,2338.82000000,2340.43000000,1521.09800000,1778529599999999,3559752.89888900,15003,603.72690000,1412834.57746200,0
1778529600000000,2340.44000000,2345.44000000,2336.27000000,2338.07000000,4487.24370000,1778530499999999,10503093.16130900,34813,1668.02000000,3904607.27864200,0
1778530500000000,2338.08000000,2340.00000000,2336.56000000,2338.37000000,1093.84160000,1778531399999999,2558126.70923700,15686,496.11560000,1160173.10271400,0
1778531400000000,2338.38000000,2341.32000000,2336.37000000,2337.97000000,1092.71110000,1778532299999999,2555983.77056600,16187,448.57320000,1049161.57112800,0
1778532300000000,2337.97000000,2341.32000000,2337.38000000,2338.15000000,919.77380000,1778533199999999,2151144.79466000,12242,503.92180000,1178464.87366600,0
1778533200000000,2338.16000000,2340.81000000,2337.50000000,2340.49000000,929.16370000,1778534099999999,2173353.32645700,12452,492.88060000,1152827.57129700,0
1778534100000000,2340.48000000,2340.78000000,2336.36000000,2337.37000000,931.54240000,1778534999999999,2178270.07803700,9603,413.74000000,967312.77264000,0
1778535000000000,2337.36000000,2341.30000000,2337.19000000,2340.34000000,1444.20560000,1778535899999999,3378506.85993300,14523,841.43490000,1968334.26471600,0
1778535900000000,2340.35000000,2342.49000000,2338.02000000,2340.71000000,1816.41360000,1778536799999999,4251416.61833800,21092,889.80610000,2082472.62126400,0
1778536800000000,2340.71000000,2345.68000000,2340.01000000,2342.14000000,1640.28580000,1778537699999999,3843753.60819800,25810,949.48700000,2225041.84986100,0
1778537700000000,2342.13000000,2343.26000000,2336.63000000,2338.80000000,1752.28210000,1778538599999999,4099531.49080700,18413,776.86120000,1817060.96165900,0
1778538600000000,2338.80000000,2341.00000000,2338.65000000,2340.77000000,1104.14100000,1778539499999999,2583696.10962700,11026,548.47270000,1283346.51970600,0
1778539500000000,2340.76000000,2345.00000000,2339.85000000,2341.43000000,1370.85870000,1778540399999999,3211178.15615200,14721,849.21220000,1989287.41797200,0
1778540400000000,2341.43000000,2341.44000000,2337.87000000,2339.31000000,877.79200000,1778541299999999,2053108.83699000,13772,443.49780000,1037270.46859500,0
1778541300000000,2339.31000000,2339.64000000,2335.64000000,2336.36000000,847.24500000,1778542199999999,1980298.39157700,10739,410.31590000,959034.69596500,0
1778542200000000,2336.36000000,2342.23000000,2335.08000000,2341.27000000,1077.56910000,1778543099999999,2520981.56854500,15372,634.31950000,1484090.25101400,0
1778543100000000,2341.27000000,2342.00000000,2339.58000000,2339.87000000,930.26200000,1778543999999999,2177523.81232100,11863,416.94400000,975990.28915500,0
1778544000000000,2339.88000000,2340.85000000,2335.88000000,2336.32000000,1244.89660000,1778544899999999,2910671.63772300,19597,772.73110000,1806834.84085600,0
1778544900000000,2336.31000000,2337.95000000,2333.54000000,2335.09000000,1334.56950000,1778545799999999,3116555.95228800,17831,647.64060000,1512363.82017700,0
1778545800000000,2335.10000000,2336.34000000,2332.13000000,2332.14000000,1564.71740000,1778546699999999,3652740.14788800,17261,731.70960000,1708230.78433300,0
1778546700000000,2332.15000000,2336.00000000,2332.14000000,2333.54000000,939.71230000,1778547599999999,2193776.23413400,14295,627.34360000,1464518.88604300,0
1778547600000000,2333.54000000,2335.66000000,2325.89000000,2325.89000000,2235.24100000,1778548499999999,5206629.90704200,32080,1020.54700000,2377417.55336100,0
1778548500000000,2325.90000000,2327.36000000,2319.03000000,2323.67000000,3359.28220000,1778549399999999,7803651.27202000,40699,1729.87610000,4019180.77147800,0
1778549400000000,2323.67000000,2323.72000000,2295.01000000,2308.64000000,16672.43090000,1778550299999999,38456516.78652900,107444,6370.73450000,14693896.39957600,0
1778550300000000,2308.64000000,2315.89000000,2306.73000000,2311.41000000,4983.39430000,1778551199999999,11519182.91569200,47274,3032.64940000,7009839.51468400,0
1778551200000000,2311.40000000,2317.00000000,2309.37000000,2315.81000000,2303.23170000,1778552099999999,5330568.54903200,29778,1478.43430000,3421729.27074500,0
1778552100000000,2315.80000000,2315.81000000,2307.20000000,2314.84000000,3429.04890000,1778552999999999,7929220.21863100,24226,1611.89960000,3727312.02080300,0
1778553000000000,2314.84000000,2315.07000000,2308.00000000,2310.00000000,1773.06200000,1778553899999999,4097901.13351200,17551,850.73980000,1966302.90737100,0
1778553900000000,2310.01000000,2315.89000000,2310.01000000,2315.89000000,1210.85440000,1778554799999999,2801397.93304900,13978,755.48270000,1747962.72149400,0
1778554800000000,2315.89000000,2317.31000000,2311.60000000,2313.24000000,1635.04140000,1778555699999999,3785170.15824400,17402,897.25670000,2077543.81917100,0
1778555700000000,2313.24000000,2313.73000000,2310.64000000,2311.57000000,1231.97830000,1778556599999999,2848546.26528100,12932,433.48400000,1002294.41522200,0
1778556600000000,2311.57000000,2313.79000000,2311.53000000,2313.13000000,1105.62020000,1778557499999999,2556774.60415400,12287,346.49970000,801249.36909400,0
1778557500000000,2313.13000000,2313.13000000,2307.20000000,2309.37000000,1769.40850000,1778558399999999,4085879.12929300,17870,569.90630000,1315834.03240200,0
1778558400000000,2309.36000000,2309.74000000,2306.88000000,2306.91000000,1399.34540000,1778559299999999,3229955.02055900,15659,580.07380000,1338895.94694700,0
1778559300000000,2306.91000000,2312.67000000,2305.65000000,2312.08000000,1626.47230000,1778560199999999,3757392.37988400,10417,599.38760000,1384977.47304700,0
1778560200000000,2312.08000000,2314.06000000,2311.83000000,2311.85000000,1314.14630000,1778561099999999,3039246.16159300,6624,511.59510000,1183233.28490000,0
1778561100000000,2311.85000000,2314.49000000,2310.01000000,2310.92000000,1004.54710000,1778561999999999,2322478.77951700,9114,351.70560000,813137.23394800,0
1778562000000000,2310.92000000,2313.23000000,2309.74000000,2311.01000000,1901.98470000,1778562899999999,4396453.76031800,7941,779.39070000,1801770.94962000,0
1778562900000000,2311.01000000,2313.85000000,2310.76000000,2313.07000000,927.05070000,1778563799999999,2143916.86212400,5972,510.38950000,1180428.39534800,0
1778563800000000,2313.06000000,2314.08000000,2309.86000000,2312.27000000,1508.40580000,1778564699999999,3486820.10750400,10578,554.49690000,1281934.63536700,0
1778564700000000,2312.27000000,2313.07000000,2310.12000000,2310.12000000,1822.44470000,1778565599999999,4213572.65638700,11215,321.31870000,742878.34903900,0
1778565600000000,2310.13000000,2311.99000000,2308.69000000,2311.92000000,1481.94440000,1778566499999999,3423668.78457100,12007,568.82540000,1314288.86140600,0
1778566500000000,2311.91000000,2313.84000000,2310.33000000,2310.43000000,1697.53110000,1778567399999999,3925524.05429700,11307,572.53920000,1323993.18164700,0
1778567400000000,2310.44000000,2310.77000000,2306.13000000,2306.61000000,2064.04100000,1778568299999999,4763541.27287800,17575,602.13310000,1389623.99448500,0
1778568300000000,2306.60000000,2308.22000000,2302.63000000,2303.89000000,2865.49700000,1778569199999999,6602935.65190500,18862,1205.38590000,2777321.39099800,0
1778569200000000,2303.90000000,2304.82000000,2295.15000000,2303.39000000,6264.06620000,1778570099999999,14400234.11334700,38219,2733.86850000,6284014.55558700,0
1778570100000000,2303.40000000,2304.20000000,2299.04000000,2300.87000000,1841.94950000,1778570999999999,4240254.92655700,18292,725.04580000,1669019.34306700,0
1778571000000000,2300.88000000,2301.70000000,2296.95000000,2296.96000000,2397.06480000,1778571899999999,5512153.13548200,17148,929.66090000,2137990.88254900,0
1778571900000000,2296.96000000,2300.10000000,2291.63000000,2295.20000000,5265.22170000,1778572799999999,12093484.57093500,22202,2420.89770000,5561196.26054100,0
1778572800000000,2295.20000000,2296.27000000,2285.00000000,2285.01000000,10527.79780000,1778573699999999,24104667.67877600,47016,4053.67860000,9281587.10664000,0
1778573700000000,2285.02000000,2288.85000000,2280.00000000,2287.64000000,6692.38260000,1778574599999999,15290849.69205800,40112,3011.14820000,6880235.80533300,0
1778574600000000,2287.65000000,2292.34000000,2287.40000000,2292.19000000,3259.63550000,1778575499999999,7465912.26348200,22517,1967.06110000,4505702.93473700,0
1778575500000000,2292.20000000,2292.72000000,2285.99000000,2288.01000000,5320.61570000,1778576399999999,12172224.11316300,23619,3265.94890000,7469750.13808100,0
1778576400000000,2288.00000000,2288.93000000,2283.24000000,2284.05000000,4422.34860000,1778577299999999,10105941.45413100,23832,2710.37630000,6192705.25039500,0
1778577300000000,2284.05000000,2285.00000000,2281.10000000,2284.96000000,3033.32440000,1778578199999999,6925477.10969200,20442,1277.43030000,2916646.49607600,0
1778578200000000,2284.96000000,2294.57000000,2284.96000000,2294.00000000,2561.58850000,1778579099999999,5870515.39959800,25010,1536.22730000,3520272.66798300,0
1778579100000000,2293.99000000,2295.30000000,2290.00000000,2292.84000000,1083.99580000,1778579999999999,2484771.59917700,15608,516.60990000,1184090.90436200,0
1778580000000000,2292.84000000,2293.88000000,2291.48000000,2291.78000000,1126.96750000,1778580899999999,2583804.29548300,15057,532.13690000,1220044.10298800,0
1778580900000000,2291.78000000,2292.76000000,2288.47000000,2289.23000000,1285.02620000,1778581799999999,2942812.02808000,15689,409.11530000,936997.81414400,0
1778581800000000,2289.24000000,2290.42000000,2283.03000000,2284.99000000,6852.20230000,1778582699999999,15661974.78269000,26267,2494.36310000,5700821.64358600,0
1778582700000000,2284.99000000,2287.05000000,2281.42000000,2286.20000000,5152.08590000,1778583599999999,11770564.51631000,22399,2427.38740000,5545638.03411900,0
1778583600000000,2286.21000000,2287.09000000,2278.57000000,2283.49000000,4623.45960000,1778584499999999,10553455.86856600,41902,1981.72090000,4525079.62628800,0
1778584500000000,2283.49000000,2284.60000000,2278.96000000,2283.48000000,1308.17270000,1778585399999999,2984930.85148200,25771,591.27550000,1349091.08678900,0
1778585400000000,2283.48000000,2287.08000000,2283.48000000,2286.89000000,1693.77410000,1778586299999999,3870626.89527500,18234,925.69300000,2115472.06688300,0
1778586300000000,2286.89000000,2287.07000000,2284.20000000,2287.01000000,1449.42100000,1778587199999999,3313636.30023600,16134,609.64320000,1393753.96283400,0
1778587200000000,2287.02000000,2288.85000000,2282.32000000,2288.09000000,2007.23750000,1778588099999999,4587352.04793000,23695,1024.85560000,2342183.89905100,0
1778588100000000,2288.09000000,2291.17000000,2285.79000000,2291.11000000,1701.53380000,1778588999999999,3893957.55928800,23766,884.52540000,2024392.76829300,0
1778589000000000,2291.12000000,2294.01000000,2281.14000000,2286.80000000,5390.83000000,1778589899999999,12335570.85181400,72617,2367.95870000,5419027.69295700,0
1778589900000000,2286.80000000,2289.88000000,2285.57000000,2288.97000000,1609.64380000,1778590799999999,3683472.79304600,24507,820.22880000,1876990.58021700,0
1778590800000000,2288.97000000,2292.51000000,2287.69000000,2287.78000000,2353.69850000,1778591699999999,5391281.40693200,30855,942.54980000,2159092.70808000,0
1778591700000000,2287.89000000,2288.27000000,2283.00000000,2285.02000000,2204.03060000,1778592599999999,5036793.64748700,32638,735.22680000,1680209.67648700,0
1778592600000000,2285.02000000,2285.67000000,2275.01000000,2280.11000000,5841.15990000,1778593499999999,13318783.39786300,83343,2557.39030000,5831152.83902700,0
1778593500000000,2280.11000000,2283.93000000,2268.88000000,2271.99000000,7581.96670000,1778594399999999,17246161.04857100,82398,2683.17320000,6104877.37940100,0
1778594400000000,2271.99000000,2280.38000000,2269.51000000,2279.41000000,3375.04360000,1778595299999999,7680310.29719000,56086,1895.55930000,4313921.99766500,0
1778595300000000,2279.41000000,2281.89000000,2271.36000000,2273.66000000,3731.75160000,1778596199999999,8499356.41004800,51106,1562.70940000,3560273.97611900,0
1778596200000000,2273.65000000,2280.26000000,2262.37000000,2277.57000000,7825.46510000,1778597099999999,17758550.98067900,88926,3614.41370000,8206704.90457900,0
1778597100000000,2277.57000000,2277.57000000,2265.53000000,2269.18000000,3529.14480000,1778597999999999,8010864.35634000,55776,1537.77020000,3490472.14735400,0
1778598000000000,2269.18000000,2274.38000000,2266.76000000,2272.40000000,2288.28370000,1778598899999999,5195698.02093200,41799,1117.50920000,2537508.16510200,0
1778598900000000,2272.40000000,2272.40000000,2256.67000000,2259.59000000,8602.66890000,1778599799999999,19455971.35433600,77709,2994.98910000,6773865.08240900,0
1778599800000000,2259.58000000,2268.57000000,2259.56000000,2263.97000000,3288.07170000,1778600699999999,7442980.52063500,48259,1365.63150000,3091222.02178800,0
1778600700000000,2263.96000000,2267.02000000,2260.18000000,2261.85000000,2334.74800000,1778601599999999,5283946.89941200,35295,1019.99130000,2308379.60286100,0
1778601600000000,2261.86000000,2268.90000000,2259.48000000,2268.00000000,2688.75160000,1778602499999999,6089191.84621000,41181,1542.08930000,3493351.32860700,0
1778602500000000,2268.01000000,2271.24000000,2265.05000000,2268.00000000,1987.47530000,1778603399999999,4508184.94349700,32058,872.00800000,1978136.24040100,0
1778603400000000,2268.01000000,2268.75000000,2262.66000000,2264.81000000,1716.33430000,1778604299999999,3889055.35368900,31113,661.27220000,1498365.83782600,0
1778604300000000,2264.80000000,2265.99000000,2256.27000000,2263.83000000,4980.43860000,1778605199999999,11261425.51556400,57224,2129.41050000,4814831.56874200,0
1778605200000000,2263.83000000,2270.56000000,2263.83000000,2270.48000000,1712.43830000,1778606099999999,3884047.54560900,29377,980.40500000,2223510.13802500,0
1778606100000000,2270.49000000,2275.83000000,2270.49000000,2275.00000000,2321.57240000,1778606999999999,5278764.10797200,31786,1226.75740000,2788996.21829400,0
1778607000000000,2275.01000000,2278.00000000,2274.29000000,2277.08000000,1290.37960000,1778607899999999,2936399.32003400,19558,746.23750000,1698105.78868500,0
1778607900000000,2277.09000000,2277.81000000,2274.24000000,2276.59000000,1072.90500000,1778608799999999,2441966.71463700,17045,390.01310000,887727.17621200,0
1778608800000000,2276.60000000,2279.08000000,2274.67000000,2277.33000000,1926.57820000,1778609699999999,4387069.66686700,21294,1039.46310000,2367062.10452100,0
1778609700000000,2277.34000000,2278.70000000,2276.27000000,2277.68000000,1314.68950000,1778610599999999,2993788.76508700,18274,453.19260000,1032083.72045200,0
1778610600000000,2277.68000000,2283.00000000,2277.47000000,2281.79000000,1702.94730000,1778611499999999,3884104.02407500,18039,1090.08670000,2486076.24622600,0
1778611500000000,2281.80000000,2284.60000000,2278.79000000,2279.30000000,1784.99540000,1778612399999999,4072968.60950200,22216,811.06410000,1850922.35014200,0
1778612400000000,2279.31000000,2285.92000000,2279.15000000,2284.30000000,1204.20610000,1778613299999999,2748985.06522400,19425,797.24120000,1820023.76586700,0
1778613300000000,2284.31000000,2285.28000000,2281.55000000,2282.43000000,953.76860000,1778614199999999,2177850.39141200,13963,456.69060000,1042734.80711200,0
1778614200000000,2282.44000000,2287.00000000,2282.44000000,2283.09000000,1544.49750000,1778615099999999,3529004.52504700,17865,756.69190000,1728909.38532500,0
1778615100000000,2283.09000000,2287.43000000,2283.09000000,2285.09000000,1534.95610000,1778615999999999,3507478.23526100,18525,686.91170000,1569538.43043600,0
1778616000000000,2285.10000000,2287.39000000,2283.94000000,2285.15000000,1424.70170000,1778616899999999,3256403.18880500,15734,508.75530000,1162721.74841600,0
1778616900000000,2285.16000000,2286.19000000,2284.11000000,2285.32000000,447.99850000,1778617799999999,1023868.30986200,8006,197.74230000,451884.39638800,0
1778617800000000,2285.32000000,2285.33000000,2281.86000000,2283.65000000,1041.71030000,1778618699999999,2378474.87563200,11966,375.69120000,857653.11636000,0
1778618700000000,2283.66000000,2285.07000000,2281.32000000,2285.04000000,764.88520000,1778619599999999,1746630.67275300,8887,320.42450000,731696.13546700,0
1778619600000000,2285.05000000,2287.47000000,2283.82000000,2285.83000000,835.68180000,1778620499999999,1910347.35354600,9789,480.34260000,1098031.10799300,0
1778620500000000,2285.83000000,2287.33000000,2285.16000000,2286.65000000,799.36330000,1778621399999999,1827409.93454100,7229,497.65330000,1137604.06076200,0
1778621400000000,2286.66000000,2287.64000000,2284.15000000,2284.82000000,1015.36190000,1778622299999999,2320712.85172800,13347,371.31580000,848582.75819200,0
1778622300000000,2284.81000000,2286.33000000,2282.81000000,2285.40000000,757.00960000,1778623199999999,1728987.03802300,12730,321.69620000,734685.45924800,0
1778623200000000,2285.41000000,2291.37000000,2285.41000000,2286.44000000,2106.54690000,1778624099999999,4821632.36527300,26482,1297.78870000,2970478.32058300,0
1778624100000000,2286.45000000,2289.22000000,2285.80000000,2285.81000000,621.82710000,1778624999999999,1422169.00080200,11711,185.12710000,423433.56004500,0
1778625000000000,2285.81000000,2286.95000000,2283.99000000,2284.55000000,925.92570000,1778625899999999,2116088.60802000,12026,232.06580000,530301.89517500,0
1778625900000000,2284.56000000,2284.73000000,2282.24000000,2282.34000000,716.31360000,1778626799999999,1635888.53326600,11041,129.13760000,294891.85457800,0
1778626800000000,2282.34000000,2284.18000000,2279.18000000,2280.18000000,920.11280000,1778627699999999,2099568.50490100,14306,266.13670000,607338.41209600,0
1778627700000000,2280.18000000,2283.52000000,2279.78000000,2282.88000000,999.33620000,1778628599999999,2279492.97417300,12848,528.69210000,1205903.53542100,0
1778628600000000,2282.88000000,2283.15000000,2276.78000000,2278.10000000,1935.29130000,1778629499999999,4409106.74275000,15264,341.07800000,777190.97135700,0
1778629500000000,2278.11000000,2278.11000000,2273.88000000,2274.96000000,1699.82980000,1778630399999999,3867862.69063000,16051,589.16500000,1340389.49516700,0
1778630400000000,2274.97000000,2278.43000000,2273.34000000,2277.60000000,1065.32990000,1778631299999999,2424596.63071000,26032,467.21060000,1063353.23140100,0
1778631300000000,2277.60000000,2286.79000000,2277.31000000,2283.28000000,1456.96080000,1778632199999999,3326497.29546200,28106,963.38150000,2199374.90053100,0
1778632200000000,2283.28000000,2286.46000000,2282.25000000,2284.44000000,1121.48700000,1778633099999999,2562233.83143600,16819,538.97990000,1231351.49512900,0
1778633100000000,2284.45000000,2284.57000000,2280.44000000,2281.56000000,1138.57580000,1778633999999999,2598563.49665600,16532,369.11490000,842310.71533800,0
1778634000000000,2281.56000000,2292.29000000,2280.99000000,2289.13000000,2324.75670000,1778634899999999,5317612.30719300,32092,1556.11010000,3559579.66433600,0
1778634900000000,2289.13000000,2294.00000000,2286.89000000,2291.76000000,2566.69590000,1778635799999999,5879701.13143900,32615,1313.80170000,3009687.28532000,0
1778635800000000,2291.77000000,2295.00000000,2290.01000000,2292.55000000,1662.16190000,1778636699999999,3810386.51989800,29791,655.02490000,1501713.13287300,0
1778636700000000,2292.55000000,2295.29000000,2288.65000000,2289.98000000,1783.34760000,1778637599999999,4087182.26110300,23671,867.72300000,1989016.07673600,0
1778637600000000,2289.99000000,2293.74000000,2286.96000000,2292.23000000,1385.35630000,1778638499999999,3171544.39646000,22477,624.71030000,1430279.03450200,0
1778638500000000,2292.22000000,2299.89000000,2291.00000000,2295.05000000,2867.06850000,1778639399999999,6583764.54732200,31512,1625.04550000,3732249.50727600,0
1778639400000000,2295.06000000,2296.86000000,2293.89000000,2295.28000000,1409.78160000,1778640299999999,3235399.82786900,16999,669.69300000,1536899.77350800,0
1778640300000000,2295.29000000,2296.00000000,2292.59000000,2293.99000000,1061.38580000,1778641199999999,2434562.54275100,17687,368.17140000,844453.07511200,0
1778641200000000,2293.99000000,2296.73000000,2292.44000000,2293.42000000,806.81970000,1778642099999999,1851391.55550800,15620,351.57440000,806778.33251600,0
1778642100000000,2293.42000000,2298.78000000,2293.42000000,2297.78000000,1745.17680000,1778642999999999,4007609.55055400,18028,1073.15040000,2464576.20143400,0
1778643000000000,2297.79000000,2302.93000000,2297.42000000,2302.27000000,1832.11630000,1778643899999999,4213862.68826500,22864,1112.27140000,2558227.13711000,0
1778643900000000,2302.27000000,2303.77000000,2300.81000000,2301.77000000,1402.69150000,1778644799999999,3228973.50675500,19835,535.48480000,1232723.15044900,0
1778644800000000,2301.76000000,2304.42000000,2300.00000000,2300.20000000,1472.31460000,1778645699999999,3388873.75736200,15752,784.66920000,1806283.32529800,0
1778645700000000,2300.20000000,2302.00000000,2298.47000000,2301.47000000,1160.43460000,1778646599999999,2669455.17668000,12518,530.87240000,1221448.99426600,0
1778646600000000,2301.47000000,2307.66000000,2301.47000000,2304.83000000,2240.99420000,1778647499999999,5166874.36407800,24437,1041.24570000,2400627.25030400,0
1778647500000000,2304.82000000,2309.00000000,2303.56000000,2306.67000000,793.95570000,1778648399999999,1831410.69959600,13421,463.37560000,1068959.22024300,0
1778648400000000,2306.68000000,2307.48000000,2303.68000000,2303.71000000,2044.57870000,1778649299999999,4713831.70547400,13748,371.02290000,855378.51137700,0
1778649300000000,2303.70000000,2303.70000000,2300.46000000,2301.97000000,1448.64260000,1778650199999999,3334604.70263900,13211,383.23890000,882146.09183000,0
1778650200000000,2301.96000000,2301.99000000,2297.00000000,2297.01000000,1454.82910000,1778651099999999,3343972.01017300,10548,265.08650000,609421.76536500,0
1778651100000000,2297.01000000,2299.73000000,2295.63000000,2297.76000000,1059.42340000,1778651999999999,2434314.72674700,10219,426.39830000,979833.57058100,0
1778652000000000,2297.77000000,2303.53000000,2297.26000000,2303.53000000,1166.08720000,1778652899999999,2682850.49236800,13696,723.94360000,1665786.83272400,0
1778652900000000,2303.53000000,2305.00000000,2301.28000000,2303.59000000,1271.22140000,1778653799999999,2927944.87537400,13749,807.90910000,1860809.86390100,0
1778653800000000,2303.60000000,2304.85000000,2301.95000000,2304.84000000,1242.42550000,1778654699999999,2861668.11946300,11308,655.27940000,1509278.70035400,0
1778654700000000,2304.85000000,2305.13000000,2301.21000000,2301.84000000,722.94130000,1778655599999999,1665222.37280300,10258,296.92090000,684040.33774500,0
1778655600000000,2301.84000000,2303.03000000,2300.00000000,2301.31000000,611.84270000,1778656499999999,1408044.48436600,10250,284.61440000,655019.15210400,0
1778656500000000,2301.31000000,2302.50000000,2296.95000000,2298.70000000,1162.16220000,1778657399999999,2672302.49880500,13400,496.75190000,1142280.11770600,0
1778657400000000,2298.71000000,2301.04000000,2297.66000000,2300.94000000,1167.14790000,1778658299999999,2683157.77480300,10737,514.12040000,1181983.16431900,0
1778658300000000,2300.93000000,2301.67000000,2298.43000000,2301.07000000,1223.60690000,1778659199999999,2814038.21946800,7387,600.88770000,1381964.93565900,0
1778659200000000,2301.07000000,2303.76000000,2301.07000000,2301.85000000,1476.40230000,1778660099999999,3399097.48513400,9578,702.40120000,1617138.05427800,0
1778660100000000,2301.86000000,2305.86000000,2301.85000000,2303.03000000,2067.91630000,1778660999999999,4763953.94793900,16890,1528.03130000,3520224.80461200,0
1778661000000000,2303.02000000,2315.56000000,2300.73000000,2313.68000000,4261.06000000,1778661899999999,9843350.29214700,38986,2973.00920000,6867699.51545100,0
1778661900000000,2313.68000000,2316.96000000,2312.19000000,2316.64000000,3497.35040000,1778662799999999,8097162.21309600,22566,1748.74100000,4048695.29107100,0
1778662800000000,2316.65000000,2322.44000000,2314.45000000,2319.40000000,5926.39430000,1778663699999999,13746227.96586300,30618,3776.96660000,8760549.26803400,0
1778663700000000,2319.41000000,2322.06000000,2317.16000000,2318.15000000,2384.44800000,1778664599999999,5529831.24610300,15904,1041.81160000,2416122.41153700,0
1778664600000000,2318.15000000,2323.36000000,2318.15000000,2321.56000000,2546.22990000,1778665499999999,5910225.70546500,20028,1431.41460000,3322387.30198000,0
1778665500000000,2321.56000000,2322.60000000,2319.21000000,2321.19000000,1318.48960000,1778666399999999,3060291.80412000,10538,461.68120000,1071634.63652300,0
1778666400000000,2321.18000000,2321.60000000,2314.49000000,2314.93000000,1874.08820000,1778667299999999,4343323.41882200,17452,674.13760000,1562172.56250500,0
1778667300000000,2314.94000000,2316.98000000,2309.32000000,2309.84000000,1959.99040000,1778668199999999,4533214.95671000,17416,758.59660000,1754924.01839700,0
1778668200000000,2309.84000000,2311.23000000,2305.55000000,2306.95000000,1889.13230000,1778669099999999,4361933.99491900,19121,815.02600000,1881970.44621300,0
1778669100000000,2306.96000000,2310.00000000,2306.01000000,2308.46000000,1491.35110000,1778669999999999,3442619.26542600,15453,882.25870000,2036594.02603400,0
1778670000000000,2308.46000000,2308.91000000,2299.00000000,2300.80000000,3406.30310000,1778670899999999,7842262.79607000,36236,1687.93180000,3886124.80342700,0
1778670900000000,2300.80000000,2305.56000000,2299.00000000,2301.14000000,2121.46700000,1778671799999999,4885212.93674400,26188,1259.15440000,2899693.58714600,0
1778671800000000,2301.14000000,2306.69000000,2300.88000000,2306.68000000,1938.33160000,1778672699999999,4466844.72421700,18014,1411.02720000,3251726.24916200,0
1778672700000000,2306.68000000,2307.80000000,2300.00000000,2301.82000000,1495.75860000,1778673599999999,3445373.38012700,19446,859.23520000,1979639.78986400,0
1778673600000000,2301.83000000,2307.54000000,2301.23000000,2305.46000000,1906.90980000,1778674499999999,4395327.91866800,20514,1348.36240000,3108065.30435200,0
1778674500000000,2305.46000000,2306.88000000,2292.55000000,2298.24000000,3857.84390000,1778675399999999,8865415.80978200,38049,1764.34500000,4053958.82734400,0
1778675400000000,2298.24000000,2298.45000000,2270.01000000,2281.78000000,13529.27170000,1778676299999999,30858647.30713100,127488,4969.68250000,11338645.94517900,0
1778676300000000,2281.78000000,2286.68000000,2280.78000000,2284.35000000,2510.22110000,1778677199999999,5732206.62718300,34235,1467.63510000,3351520.35685000,0
1778677200000000,2284.35000000,2288.31000000,2283.58000000,2285.90000000,2494.11850000,1778678099999999,5703603.05494200,28659,1502.29780000,3435660.57017200,0
1778678100000000,2285.89000000,2287.49000000,2279.64000000,2279.75000000,2456.74100000,1778678999999999,5611093.63257100,24734,1262.30020000,2883982.24134200,0
1778679000000000,2279.74000000,2283.97000000,2267.00000000,2270.62000000,7684.98200000,1778679899999999,17471154.28948000,71190,2912.26010000,6623099.77726800,0
1778679900000000,2270.62000000,2270.62000000,2258.51000000,2262.80000000,12832.83940000,1778680799999999,29039958.15650800,76766,6576.32350000,14881851.78014800,0
1778680800000000,2262.80000000,2266.91000000,2251.05000000,2263.52000000,11735.57720000,1778681699999999,26508604.24269700,54723,6435.95290000,14540795.27331900,0
1778681700000000,2263.51000000,2270.97000000,2261.50000000,2268.05000000,6392.52820000,1778682599999999,14493947.66215100,29525,2948.86600000,6683762.97220800,0
1778682600000000,2268.05000000,2268.89000000,2264.57000000,2265.35000000,3461.24250000,1778683499999999,7845419.62006600,30111,1944.42080000,4407486.73428500,0
1778683500000000,2265.35000000,2269.00000000,2262.08000000,2267.39000000,2138.58990000,1778684399999999,4845020.43161800,23834,1137.47160000,2577467.86599600,0
1778684400000000,2267.39000000,2270.25000000,2256.46000000,2257.65000000,4285.84480000,1778685299999999,9700308.25240200,36131,1638.33390000,3710663.02647500,0
1778685300000000,2257.64000000,2259.93000000,2251.50000000,2253.62000000,4805.37220000,1778686199999999,10839073.93818200,39927,1947.42870000,4393707.47917700,0
1778686200000000,2253.61000000,2256.50000000,2251.39000000,2252.45000000,3540.19130000,1778687099999999,7978484.95263100,30365,1726.24360000,3890396.70178200,0
1778687100000000,2252.46000000,2253.47000000,2234.13000000,2236.49000000,17787.46990000,1778687999999999,39909632.46569300,72228,6344.41340000,14234130.92460400,0
1778688000000000,2236.48000000,2245.97000000,2235.48000000,2245.27000000,14584.29040000,1778688899999999,32687162.17364800,53167,7643.04650000,17129353.02302300,0
1778688900000000,2245.27000000,2250.89000000,2242.74000000,2249.27000000,4837.48970000,1778689799999999,10869753.73403900,31584,2661.38590000,5981547.89611800,0
1778689800000000,2249.27000000,2253.35000000,2247.07000000,2252.15000000,2811.31690000,1778690699999999,6329294.32143400,23945,1452.26770000,3269924.49462500,0
1778690700000000,2252.14000000,2253.26000000,2249.39000000,2250.75000000,1735.52860000,1778691599999999,3906850.98219200,14342,868.99930000,1956345.47143400,0
1778691600000000,2250.75000000,2256.17000000,2250.75000000,2254.45000000,1988.26610000,1778692499999999,4482045.05258500,19747,1150.12420000,2592543.82507500,0
1778692500000000,2254.46000000,2259.00000000,2252.52000000,2257.51000000,2128.47530000,1778693399999999,4802158.41788500,19690,1089.39770000,2457963.72085100,0
1778693400000000,2257.51000000,2257.87000000,2254.57000000,2257.35000000,1684.22450000,1778694299999999,3800160.49970000,11511,575.84670000,1299259.09157100,0
1778694300000000,2257.36000000,2261.77000000,2256.40000000,2258.31000000,3544.00320000,1778695199999999,8006957.75668200,19173,1431.46120000,3233896.16518400,0
1778695200000000,2258.32000000,2263.34000000,2258.32000000,2262.20000000,4163.22800000,1778696099999999,9414816.02856800,19552,2028.77510000,4587882.14778500,0
1778696100000000,2262.20000000,2268.49000000,2261.16000000,2265.64000000,5831.77840000,1778696999999999,13213303.35816900,21368,3480.84980000,7886219.01101600,0
1778697000000000,2265.64000000,2267.40000000,2262.42000000,2262.43000000,2293.33810000,1778697899999999,5196314.19792000,15947,894.36680000,2026843.82479500,0
1778697900000000,2262.42000000,2263.08000000,2258.73000000,2259.68000000,2072.09640000,1778698799999999,4684518.74161500,18133,807.28700000,1825173.00278200,0
1778698800000000,2259.67000000,2260.71000000,2253.01000000,2255.29000000,2223.70750000,1778699699999999,5017543.78207400,19016,653.89400000,1475552.85962300,0
1778699700000000,2255.28000000,2255.31000000,2250.56000000,2254.18000000,1871.19380000,1778700599999999,4216863.00100500,15915,496.54620000,1118995.83636200,0
1778700600000000,2254.17000000,2259.18000000,2254.11000000,2255.85000000,1922.57830000,1778701499999999,4337469.75618300,12303,912.38700000,2058314.25716100,0
1778701500000000,2255.85000000,2257.33000000,2254.41000000,2256.53000000,1567.77480000,1778702399999999,3536489.82878900,12049,733.83220000,1655110.36159300,0
1778702400000000,2256.53000000,2261.50000000,2256.43000000,2258.95000000,2193.86320000,1778703299999999,4953970.75192100,12501,1088.57260000,2458349.92167700,0
1778703300000000,2258.94000000,2262.51000000,2258.94000000,2260.24000000,1028.55450000,1778704199999999,2325167.80101200,9708,647.93770000,1464598.60518800,0
1778704200000000,2260.24000000,2263.99000000,2260.23000000,2263.35000000,775.49410000,1778705099999999,1754743.57048900,8489,402.65230000,911079.55375200,0
1778705100000000,2263.35000000,2264.46000000,2261.92000000,2263.75000000,880.95790000,1778705999999999,1993661.15288100,7005,282.28570000,638840.99508300,0
1778706000000000,2263.76000000,2264.07000000,2253.70000000,2257.79000000,1575.18500000,1778706899999999,3556012.32626200,13070,515.65710000,1163843.42764500,0
1778706900000000,2257.79000000,2257.79000000,2255.07000000,2255.48000000,760.16440000,1778707799999999,1715379.43900000,7411,274.77880000,620025.21684000,0
1778707800000000,2255.48000000,2257.66000000,2255.29000000,2257.01000000,697.36610000,1778708699999999,1573757.84688200,7482,347.88400000,785023.24541200,0
1778708700000000,2257.01000000,2259.43000000,2254.91000000,2255.79000000,650.45770000,1778709599999999,1468248.42806400,11204,253.06010000,571268.09213700,0
1778709600000000,2255.80000000,2257.30000000,2251.00000000,2256.01000000,1413.61040000,1778710499999999,3186144.04219600,20254,651.12920000,1467499.31948200,0
1778710500000000,2256.00000000,2256.01000000,2251.69000000,2253.98000000,753.00430000,1778711399999999,1696790.80520200,10317,285.76820000,643959.14973200,0
1778711400000000,2253.98000000,2257.50000000,2252.49000000,2257.50000000,861.82480000,1778712299999999,1943170.95443200,10737,482.56460000,1088158.13481500,0
1778712300000000,2257.49000000,2260.55000000,2257.35000000,2259.60000000,1185.01940000,1778713199999999,2676904.71101600,10227,587.60270000,1327410.57731400,0
1778713200000000,2259.59000000,2261.50000000,2258.42000000,2260.22000000,896.74570000,1778714099999999,2026679.16166200,13541,490.37280000,1108212.28827200,0
1778714100000000,2260.23000000,2261.79000000,2255.32000000,2257.61000000,1447.80810000,1778714999999999,3271085.47157200,12676,735.98310000,1663195.52494100,0
1778715000000000,2257.60000000,2258.68000000,2254.83000000,2257.33000000,569.39090000,1778715899999999,1285002.02329500,9005,330.23030000,745248.84338800,0
1778715900000000,2257.33000000,2259.31000000,2256.25000000,2258.65000000,560.21680000,1778716799999999,1265009.73931700,6299,247.86820000,559687.65476500,0
1778716800000000,2258.66000000,2266.14000000,2258.14000000,2266.14000000,1789.84120000,1778717699999999,4050109.60600400,22545,1187.26130000,2686433.72518000,0
1778717700000000,2266.14000000,2267.69000000,2262.61000000,2263.81000000,1253.77820000,1778718599999999,2840261.16179100,18751,770.14130000,1744888.34573000,0
1778718600000000,2263.81000000,2268.69000000,2263.81000000,2267.92000000,2233.84680000,1778719499999999,5064008.91212300,19871,891.73610000,2021603.03650400,0
1778719500000000,2267.92000000,2269.37000000,2265.64000000,2266.58000000,1209.29080000,1778720399999999,2742609.65094800,15675,485.52020000,1100933.51986200,0
1778720400000000,2266.58000000,2269.37000000,2264.32000000,2265.86000000,1401.10540000,1778721299999999,3176094.85696800,17770,466.53390000,1057610.31017600,0
1778721300000000,2265.86000000,2265.86000000,2261.75000000,2262.72000000,882.68440000,1778722199999999,1998610.11203600,18742,313.99940000,710961.89717600,0
1778722200000000,2262.73000000,2264.33000000,2259.90000000,2262.98000000,999.75850000,1778723099999999,2261475.81972100,17846,419.98690000,950090.91582200,0
1778723100000000,2262.99000000,2267.17000000,2260.64000000,2264.91000000,1065.04810000,1778723999999999,2412042.92596900,19887,565.35120000,1280397.17927900,0
1778724000000000,2264.90000000,2266.75000000,2261.72000000,2261.89000000,3570.30890000,1778724899999999,8082162.78133800,21256,657.38410000,1488320.59261800,0
1778724900000000,2261.89000000,2263.58000000,2260.62000000,2263.57000000,827.90100000,1778725799999999,1872869.48733900,9703,358.14410000,810151.41669700,0
1778725800000000,2263.57000000,2263.57000000,2259.20000000,2260.95000000,849.46430000,1778726699999999,1920947.56073700,10983,213.89230000,483659.29743900,0
1778726700000000,2260.95000000,2261.11000000,2247.71000000,2251.53000000,2947.58750000,1778727599999999,6640771.83335400,35342,938.21310000,2113998.78158800,0
1778727600000000,2251.54000000,2255.00000000,2243.08000000,2249.35000000,2331.94220000,1778728499999999,5242669.03432000,34387,1011.40810000,2274376.20348100,0
1778728500000000,2249.35000000,2251.85000000,2239.34000000,2250.31000000,3405.03650000,1778729399999999,7641616.18592700,42514,1548.57440000,3477074.07775100,0
1778729400000000,2250.31000000,2252.56000000,2244.93000000,2247.35000000,1266.73610000,1778730299999999,2848416.75065900,26492,628.71770000,1413805.56802900,0
1778730300000000,2247.36000000,2247.36000000,2238.64000000,2242.14000000,2361.43140000,1778731199999999,5294975.69966300,32554,770.49750000,1727751.65612000,0
1778731200000000,2242.14000000,2249.67000000,2239.54000000,2249.66000000,1308.69170000,1778732099999999,2939574.09844000,19645,854.58890000,1919805.48104200,0
1778732100000000,2249.67000000,2253.66000000,2248.67000000,2251.71000000,1084.42330000,1778732999999999,2441765.82630300,14080,644.48190000,1451198.25195200,0
1778733000000000,2251.70000000,2254.35000000,2251.38000000,2253.67000000,845.02840000,1778733899999999,1903724.86387600,10775,510.40030000,1149869.84510900,0
1778733900000000,2253.67000000,2258.25000000,2252.39000000,2256.70000000,1901.17680000,1778734799999999,4288252.53925700,19485,1026.68270000,2315816.82863000,0
1778734800000000,2256.69000000,2258.62000000,2255.74000000,2256.83000000,1025.96240000,1778735699999999,2316030.42256200,17612,391.73980000,884298.80174700,0
1778735700000000,2256.83000000,2261.50000000,2255.53000000,2261.46000000,1921.91760000,1778736599999999,4342663.01256600,17361,879.60650000,1987164.57719300,0
1778736600000000,2261.46000000,2265.00000000,2261.45000000,2263.97000000,2266.52770000,1778737499999999,5130792.46436700,23578,1267.51860000,2869341.61954900,0
1778737500000000,2263.97000000,2273.71000000,2263.97000000,2268.44000000,5133.75530000,1778738399999999,11646430.91077000,36524,3386.57580000,7682626.75510600,0
1778738400000000,2268.44000000,2275.20000000,2267.75000000,2273.93000000,3709.46570000,1778739299999999,8427545.98251300,29103,2187.19120000,4968940.39081900,0
1778739300000000,2273.93000000,2274.30000000,2270.01000000,2270.01000000,1571.73740000,1778740199999999,3571251.73880400,19513,494.78560000,1124291.31389300,0
1778740200000000,2270.01000000,2271.06000000,2266.86000000,2269.36000000,1956.09810000,1778741099999999,4438263.30391800,16383,671.11100000,1522622.56298400,0
1778741100000000,2269.36000000,2269.78000000,2267.37000000,2267.71000000,858.67650000,1778741999999999,1948221.62606500,10697,333.67840000,757009.26535700,0
1778742000000000,2267.72000000,2270.24000000,2263.88000000,2264.91000000,1256.16570000,1778742899999999,2847606.38083500,16037,554.51070000,1257327.02757800,0
1778742900000000,2264.90000000,2268.00000000,2264.25000000,2266.51000000,961.82270000,1778743799999999,2179613.82313700,10918,489.97030000,1110344.56431500,0
1778743800000000,2266.52000000,2270.79000000,2266.48000000,2269.60000000,1345.79440000,1778744699999999,3054463.54905800,13516,874.25310000,1984136.08957500,0
1778744700000000,2269.61000000,2269.61000000,2265.18000000,2265.48000000,1456.29000000,1778745599999999,3303280.52543900,10624,824.96630000,1871321.88838200,0
1778745600000000,2265.49000000,2269.79000000,2262.05000000,2268.38000000,1963.93910000,1778746499999999,4448993.15014000,16714,968.49980000,2194815.30206700,0
1778746500000000,2268.38000000,2269.29000000,2265.56000000,2266.47000000,2758.92230000,1778747399999999,6254766.85050700,15476,2079.42270000,4714021.68548500,0
1778747400000000,2266.47000000,2270.99000000,2266.47000000,2268.84000000,1069.33130000,1778748299999999,2426259.34688900,15031,636.27180000,1443581.24443100,0
1778748300000000,2268.85000000,2269.10000000,2265.45000000,2266.36000000,1618.96100000,1778749199999999,3670360.23262300,12006,351.35560000,796487.83274100,0
1778749200000000,2266.35000000,2267.72000000,2264.23000000,2264.48000000,2248.25850000,1778750099999999,5093670.46401300,20371,1258.69480000,2851518.90827600,0
1778750100000000,2264.47000000,2264.71000000,2259.63000000,2261.22000000,1954.93710000,1778750999999999,4423127.88010500,14935,991.79810000,2244079.34599400,0
1778751000000000,2261.21000000,2261.22000000,2252.76000000,2256.50000000,2800.09800000,1778751899999999,6318460.10400400,27468,1158.57750000,2614038.35681000,0
1778751900000000,2256.50000000,2258.45000000,2254.56000000,2257.80000000,1307.14410000,1778752799999999,2949418.23804700,13799,711.64920000,1605786.87140100,0
1778752800000000,2257.80000000,2264.88000000,2257.02000000,2261.12000000,2764.87420000,1778753699999999,6249669.84153600,27803,1600.89880000,3618820.40454600,0
1778753700000000,2261.12000000,2265.51000000,2261.11000000,2263.86000000,1630.69020000,1778754599999999,3691372.81226200,18998,859.30130000,1945047.95977100,0
1778754600000000,2263.86000000,2263.87000000,2255.84000000,2257.52000000,1527.48490000,1778755499999999,3451698.02632200,19572,609.22010000,1376786.46022000,0
1778755500000000,2257.52000000,2263.54000000,2257.52000000,2262.14000000,1192.70980000,1778756399999999,2697138.79349500,14414,677.14530000,1531170.73184100,0
1778756400000000,2262.13000000,2264.00000000,2259.11000000,2259.12000000,970.04970000,1778757299999999,2194402.79415100,14142,544.89340000,1232788.69774600,0
1778757300000000,2259.12000000,2261.50000000,2255.31000000,2257.00000000,1731.30360000,1778758199999999,3908098.12034700,18193,952.01840000,2148821.06237300,0
1778758200000000,2257.01000000,2257.66000000,2253.93000000,2254.15000000,1725.53330000,1778759099999999,3892432.69788500,18723,778.11900000,1755264.53921200,0
1778759100000000,2254.14000000,2260.46000000,2252.53000000,2253.81000000,3760.87330000,1778759999999999,8484676.68108700,21757,2927.84400000,6606468.29977800,0
1778760000000000,2253.81000000,2255.72000000,2252.00000000,2252.88000000,1456.30750000,1778760899999999,3282525.03669100,23551,802.27810000,1808349.05164800,0
1778760900000000,2252.89000000,2255.06000000,2248.00000000,2254.08000000,2203.21620000,1778761799999999,4960203.60634600,21535,797.98910000,1796688.78164700,0
1778761800000000,2254.08000000,2263.24000000,2253.46000000,2259.66000000,2620.90960000,1778762699999999,5919695.29434400,36933,1476.33100000,3334420.02242200,0
1778762700000000,2259.66000000,2261.71000000,2259.12000000,2261.48000000,1955.94110000,1778763599999999,4421912.01706700,19946,683.57740000,1545404.96318700,0
1778763600000000,2261.48000000,2264.00000000,2259.42000000,2262.69000000,2135.55520000,1778764499999999,4830880.38641800,33552,979.61540000,2216047.21591500,0
1778764500000000,2262.69000000,2265.32000000,2256.10000000,2261.24000000,3517.60820000,1778765399999999,7955246.71486000,41194,1269.02590000,2870217.70288100,0
1778765400000000,2261.24000000,2261.60000000,2249.40000000,2255.80000000,5890.17320000,1778766299999999,13276769.80254500,67027,2287.48130000,5155576.98639900,0
1778766300000000,2255.80000000,2261.99000000,2248.43000000,2249.42000000,3932.72360000,1778767199999999,8874279.55364500,58231,1661.53880000,3750345.10352400,0
1778767200000000,2249.42000000,2259.07000000,2246.13000000,2256.79000000,3592.73840000,1778768099999999,8089416.68384000,62110,1713.85090000,3860427.08611500,0
1778768100000000,2256.80000000,2269.00000000,2256.04000000,2264.89000000,4438.13940000,1778768999999999,10048836.81362900,67398,2662.78570000,6029178.29499200,0
1778769000000000,2264.90000000,2271.74000000,2263.34000000,2270.99000000,3799.29340000,1778769899999999,8620243.75127400,45429,2469.44190000,5603308.12880500,0
1778769900000000,2271.00000000,2289.00000000,2271.00000000,2286.99000000,10844.42940000,1778770799999999,24753445.40266800,95735,6465.55950000,14752668.38012300,0
1778770800000000,2287.00000000,2291.24000000,2280.63000000,2283.36000000,5992.16910000,1778771699999999,13693043.64551700,65661,2030.69030000,4641029.06884300,0
1778771700000000,2283.35000000,2292.79000000,2281.83000000,2287.84000000,4893.86100000,1778772599999999,11195903.96709600,45719,2678.93290000,6128479.15617000,0
1778772600000000,2287.85000000,2290.73000000,2282.56000000,2288.42000000,3237.16240000,1778773499999999,7401138.82807200,35748,1546.14090000,3535350.08286900,0
1778773500000000,2288.43000000,2299.70000000,2288.04000000,2298.48000000,8241.55670000,1778774399999999,18916630.36829300,57253,4922.11730000,11296888.89114100,0
1778774400000000,2298.48000000,2313.00000000,2296.33000000,2308.15000000,8400.37140000,1778775299999999,19357934.34451100,79236,5078.92650000,11705151.24652300,0
1778775300000000,2308.15000000,2309.52000000,2303.02000000,2306.47000000,5510.83810000,1778776199999999,12710375.35772700,47338,2727.13660000,6289696.53723000,0
1778776200000000,2306.48000000,2312.95000000,2301.86000000,2310.52000000,5301.41740000,1778777099999999,12229519.92413600,43975,2742.23680000,6326696.33940300,0
1778777100000000,2310.52000000,2318.66000000,2293.96000000,2316.36000000,9383.12700000,1778777999999999,21640408.92364800,79524,5308.01600000,12251921.24163200,0
1778778000000000,2316.35000000,2319.33000000,2308.88000000,2309.67000000,6501.36300000,1778778899999999,15054839.20049600,86949,3082.43800000,7138571.20466800,0
1778778900000000,2309.67000000,2309.74000000,2296.57000000,2298.60000000,6825.72570000,1778779799999999,15709739.04460100,76241,2450.86410000,5638537.85694300,0
1778779800000000,2298.60000000,2308.88000000,2296.72000000,2306.19000000,3268.70900000,1778780699999999,7530971.00310900,46453,1993.82530000,4593781.45414800,0
1778780700000000,2306.19000000,2314.92000000,2306.19000000,2308.18000000,4034.99510000,1778781599999999,9325616.81414600,35603,2005.94030000,4636644.96227200,0
1778781600000000,2308.17000000,2315.48000000,2303.00000000,2315.46000000,3820.34030000,1778782499999999,8824326.10488400,41272,1925.14400000,4447880.21013100,0
1778782500000000,2315.46000000,2316.78000000,2311.12000000,2314.77000000,3694.81930000,1778783399999999,8553902.21163000,29672,2148.69160000,4974330.19076700,0
1778783400000000,2314.78000000,2314.78000000,2306.97000000,2308.15000000,2413.23950000,1778784299999999,5574248.07046000,27054,955.41490000,2206331.60854100,0
1778784300000000,2308.15000000,2312.13000000,2307.17000000,2309.63000000,1956.77230000,1778785199999999,4518743.30571800,24358,1132.69070000,2615549.83803100,0
1778785200000000,2309.64000000,2312.22000000,2304.84000000,2305.89000000,3034.13850000,1778786099999999,7006045.51220900,27691,1193.17620000,2755312.47304800,0
1778786100000000,2305.89000000,2306.15000000,2297.50000000,2297.69000000,3237.96420000,1778786999999999,7454277.39181000,29632,1106.75990000,2548335.74153800,0
1778787000000000,2297.69000000,2303.05000000,2297.62000000,2299.92000000,2047.87630000,1778787899999999,4710066.57889500,24809,1055.35180000,2427077.57526300,0
1778787900000000,2299.91000000,2301.06000000,2297.67000000,2298.34000000,1848.47090000,1778788799999999,4250349.10308700,23357,820.92560000,1887544.07490200,0
1778788800000000,2298.34000000,2301.43000000,2293.47000000,2293.48000000,2133.83080000,1778789699999999,4904049.37158200,24206,1029.84460000,2367330.99861700,0
1778789700000000,2293.47000000,2297.02000000,2288.89000000,2290.84000000,3587.68600000,1778790599999999,8221486.83631900,34514,1148.20910000,2631359.47754100,0
1778790600000000,2290.84000000,2293.18000000,2288.70000000,2293.18000000,1485.03730000,1778791499999999,3401774.73529200,17613,802.17040000,1837823.20304900,0
1778791500000000,2293.17000000,2298.79000000,2293.17000000,2298.08000000,1337.26540000,1778792399999999,3070418.13144100,15316,947.86680000,2176273.51894400,0
1778792400000000,2298.08000000,2299.16000000,2292.90000000,2293.03000000,1464.75720000,1778793299999999,3362908.78452700,14521,582.96420000,1338586.41868800,0
1778793300000000,2293.04000000,2296.42000000,2290.00000000,2295.20000000,2440.18190000,1778794199999999,5596020.62258000,16282,1500.97880000,3442884.09068500,0
1778794200000000,2295.21000000,2300.27000000,2294.95000000,2298.64000000,2232.00630000,1778795099999999,5128207.03764200,17708,1712.77140000,3934646.28986700,0
1778795100000000,2298.63000000,2299.01000000,2296.06000000,2297.19000000,732.18390000,1778795999999999,1682267.05463200,12749,350.32940000,804828.72860600,0
1778796000000000,2297.20000000,2300.25000000,2295.20000000,2300.07000000,957.37180000,1778796899999999,2199635.69446500,22140,440.54850000,1012213.35257600,0
1778796900000000,2300.06000000,2300.06000000,2295.57000000,2296.54000000,1314.92610000,1778797799999999,3020496.35611600,12691,544.62130000,1250771.27770400,0
1778797800000000,2296.54000000,2300.60000000,2296.33000000,2299.51000000,1030.57650000,1778798699999999,2369440.49615000,14464,686.98110000,1579410.66191500,0
1778798700000000,2299.50000000,2301.67000000,2297.68000000,2298.16000000,1123.61680000,1778799599999999,2583742.49753100,9834,755.12750000,1736404.80309300,0
1778799600000000,2298.16000000,2298.16000000,2290.44000000,2293.49000000,2203.67810000,1778800499999999,5054391.37254400,17647,1035.95650000,2375535.40515100,0
1778800500000000,2293.49000000,2297.20000000,2290.84000000,2296.37000000,1486.07150000,1778801399999999,3408866.78445000,13960,927.06090000,2126648.05098000,0
1778801400000000,2296.36000000,2296.54000000,2291.73000000,2292.05000000,985.81190000,1778802299999999,2261273.73918000,14052,219.82240000,504212.68862300,0
1778802300000000,2292.06000000,2292.06000000,2280.18000000,2283.25000000,4109.47660000,1778803199999999,9388524.83937700,32953,1167.07780000,2664990.10469100,0
1778803200000000,2283.26000000,2291.92000000,2281.78000000,2291.92000000,2346.65320000,1778804099999999,5366524.34668400,26627,1409.41080000,3223531.02786800,0
1778804100000000,2291.92000000,2293.65000000,2289.75000000,2293.08000000,1776.83490000,1778804999999999,4072503.74129500,25552,653.97250000,1498921.54124100,0
1778805000000000,2293.07000000,2300.29000000,2284.27000000,2287.45000000,3432.22120000,1778805899999999,7869355.96193500,40379,1496.13670000,3430663.69349000,0
1778805900000000,2287.45000000,2292.59000000,2287.43000000,2291.39000000,1801.37730000,1778806799999999,4125458.76400300,26614,910.76910000,2085959.91002700,0
1778806800000000,2291.39000000,2294.74000000,2290.38000000,2291.84000000,1726.67140000,1778807699999999,3958983.36668600,26427,629.52130000,1443469.49091200,0
1778807700000000,2291.83000000,2294.27000000,2286.02000000,2286.30000000,2014.37280000,1778808599999999,4612254.92968800,27744,685.74740000,1570397.99892200,0
1778808600000000,2286.31000000,2290.00000000,2279.57000000,2285.43000000,4693.86910000,1778809499999999,10720555.42462300,40100,1246.83700000,2847463.26930900,0
1778809500000000,2285.43000000,2285.83000000,2274.06000000,2275.45000000,5618.52150000,1778810399999999,12801914.86518000,35259,1153.06440000,2626531.71496000,0
1778810400000000,2275.46000000,2278.12000000,2267.00000000,2268.89000000,6327.34400000,1778811299999999,14380436.53268600,56439,1822.30590000,4142256.78776800,0
1778811300000000,2268.88000000,2271.33000000,2263.51000000,2264.49000000,5275.22470000,1778812199999999,11955500.83734900,40545,1258.31990000,2851977.07897000,0
1778812200000000,2264.49000000,2272.65000000,2260.45000000,2271.76000000,5521.33240000,1778813099999999,12506894.76252100,37755,1817.12150000,4117022.84422200,0
1778813100000000,2271.77000000,2279.26000000,2270.06000000,2276.37000000,4063.29630000,1778813999999999,9244719.65543900,33001,1439.57370000,3275426.16517800,0
1778814000000000,2276.37000000,2279.64000000,2271.39000000,2274.62000000,3233.08920000,1778814899999999,7356122.71536200,22994,543.58710000,1237089.41402500,0
1778814900000000,2274.61000000,2276.97000000,2272.70000000,2276.59000000,3137.37980000,1778815799999999,7138191.62904000,15868,735.54340000,1673520.09455500,0
1778815800000000,2276.59000000,2276.66000000,2267.98000000,2271.64000000,3739.41890000,1778816699999999,8494304.82584100,29538,858.02770000,1948608.33916000,0
1778816700000000,2271.64000000,2274.06000000,2269.56000000,2273.34000000,2239.41210000,1778817599999999,5086832.45564100,14515,609.92950000,1385722.07231700,0
1778817600000000,2273.35000000,2273.91000000,2269.09000000,2271.38000000,1258.37270000,1778818499999999,2858339.82288200,18226,518.52900000,1177714.97580200,0
1778818500000000,2271.38000000,2273.47000000,2266.78000000,2268.44000000,1084.39320000,1778819399999999,2461392.92648800,17592,527.64470000,1197775.83471400,0
1778819400000000,2268.43000000,2270.91000000,2266.79000000,2267.51000000,1035.08890000,1778820299999999,2348308.03243600,17176,454.77360000,1031706.52844600,0
1778820300000000,2267.52000000,2268.42000000,2262.74000000,2263.33000000,2012.93670000,1778821199999999,4559372.75426300,19293,636.04300000,1441002.13983700,0
1778821200000000,2263.33000000,2266.09000000,2261.49000000,2266.09000000,3005.42590000,1778822099999999,6803325.79841600,29715,1430.36800000,3238136.96612800,0
1778822100000000,2266.08000000,2267.00000000,2262.66000000,2263.74000000,1359.58480000,1778822999999999,3079177.34154800,21196,716.75850000,1623177.92510400,0
1778823000000000,2263.74000000,2264.17000000,2237.95000000,2246.91000000,16743.84740000,1778823899999999,37626475.52970400,95341,5432.76650000,12198229.28575600,0
1778823900000000,2246.90000000,2249.70000000,2242.01000000,2245.41000000,4189.04220000,1778824799999999,9407340.59104500,44022,2184.05060000,4904888.99040600,0
1778824800000000,2245.40000000,2250.60000000,2243.80000000,2248.50000000,2846.88840000,1778825699999999,6400590.68745000,35984,1502.77740000,3378810.38051300,0
1778825700000000,2248.51000000,2253.22000000,2247.34000000,2253.22000000,2620.43010000,1778826599999999,5897028.40292200,24576,1388.10760000,3124115.77131000,0
1778826600000000,2253.22000000,2256.11000000,2252.47000000,2255.80000000,1772.90480000,1778827499999999,3996919.12784600,20075,900.02630000,2029290.78616700,0
1778827500000000,2255.80000000,2256.92000000,2254.11000000,2255.35000000,1014.47100000,1778828399999999,2288267.02916400,16760,474.03220000,1069260.57719300,0
1778828400000000,2255.36000000,2262.15000000,2253.63000000,2262.08000000,1726.40180000,1778829299999999,3896855.05291700,20629,1186.75240000,2679281.28471500,0
1778829300000000,2262.09000000,2271.64000000,2258.59000000,2267.02000000,4200.00100000,1778830199999999,9516894.20427400,34539,2749.95860000,6231762.74628800,0
1778830200000000,2267.02000000,2267.11000000,2263.51000000,2266.45000000,3360.78330000,1778831099999999,7613023.78411300,23495,1079.72760000,2445905.49401700,0
1778831100000000,2266.45000000,2267.71000000,2264.88000000,2265.11000000,2076.45160000,1778831999999999,4706121.75552900,11421,981.75190000,2225120.01240200,0
1778832000000000,2265.11000000,2265.42000000,2258.66000000,2260.53000000,2548.86780000,1778832899999999,5763673.55178400,18101,1249.33630000,2825099.68226000,0
1778832900000000,2260.53000000,2260.53000000,2253.00000000,2253.98000000,3845.04890000,1778833799999999,8678445.94135900,36705,1957.69260000,4418716.17033600,0
1778833800000000,2253.99000000,2258.66000000,2250.00000000,2257.80000000,3349.51110000,1778834699999999,7553759.39985400,37921,1532.48260000,3455765.88537800,0
1778834700000000,2257.81000000,2258.09000000,2254.48000000,2257.56000000,1184.57880000,1778835599999999,2672589.82235500,16862,618.83980000,1396216.41619000,0
1778835600000000,2257.56000000,2260.00000000,2255.28000000,2255.86000000,1177.61730000,1778836499999999,2658319.54272300,17246,673.10580000,1519617.38110200,0
1778836500000000,2255.85000000,2257.97000000,2253.21000000,2257.88000000,1243.46890000,1778837399999999,2803787.89064500,22417,740.32860000,1669305.72467600,0
1778837400000000,2257.89000000,2259.43000000,2253.00000000,2253.21000000,1048.91170000,1778838299999999,2367355.90463000,19947,449.89710000,1015554.63965800,0
1778838300000000,2253.21000000,2255.28000000,2250.82000000,2254.50000000,2072.76540000,1778839199999999,4670960.83404100,25805,917.71610000,2067945.60213700,0
1778839200000000,2254.50000000,2259.00000000,2252.35000000,2258.58000000,1404.79970000,1778840099999999,3168556.89481100,23261,853.48640000,1925213.96943400,0
1778840100000000,2258.58000000,2258.58000000,2253.40000000,2254.45000000,1176.25770000,1778840999999999,2653450.53027500,16655,525.19600000,1184637.86968500,0
1778841000000000,2254.45000000,2256.78000000,2253.02000000,2256.78000000,1645.63210000,1778841899999999,3709780.63207300,18903,923.49500000,2081674.13368500,0
1778841900000000,2256.77000000,2264.49000000,2255.85000000,2262.44000000,3641.81450000,1778842799999999,8236276.62196600,36101,1802.31680000,4075696.12245900,0
1778842800000000,2262.44000000,2263.95000000,2257.56000000,2260.43000000,1613.94740000,1778843699999999,3647513.74622600,17627,683.20810000,1543967.46259600,0
1778843700000000,2260.43000000,2262.37000000,2258.04000000,2260.21000000,1174.41380000,1778844599999999,2654289.69426800,13180,797.45890000,1802141.48667300,0
1778844600000000,2260.21000000,2260.82000000,2257.77000000,2258.66000000,1591.59150000,1778845499999999,3595817.52103300,12707,700.79670000,1583200.76417600,0
1778845500000000,2258.66000000,2262.06000000,2257.26000000,2257.57000000,2052.42530000,1778846399999999,4638117.73154100,15310,998.96790000,2257714.57424600,0
1778846400000000,2257.56000000,2258.13000000,2251.85000000,2251.85000000,2693.55040000,1778847299999999,6075190.46137400,27380,1035.72210000,2335955.30176100,0
1778847300000000,2251.86000000,2260.72000000,2251.14000000,2258.93000000,1686.43690000,1778848199999999,3805706.02669200,24991,906.19480000,2045056.38363900,0
1778848200000000,2258.92000000,2258.92000000,2253.54000000,2253.71000000,1737.14750000,1778849099999999,3918578.95975600,21382,726.73900000,1639321.66420700,0
1778849100000000,2253.70000000,2255.26000000,2251.78000000,2254.29000000,1238.77730000,1778849999999999,2791803.13114300,18254,491.31930000,1107218.14988100,0
1778850000000000,2254.29000000,2254.29000000,2245.08000000,2247.43000000,3709.46940000,1778850899999999,8338676.56664500,43773,1244.16100000,2795879.22605700,0
1778850900000000,2247.44000000,2250.84000000,2245.02000000,2247.47000000,2642.43220000,1778851799999999,5940327.73123000,29884,1164.98210000,2618781.55694300,0
1778851800000000,2247.47000000,2247.71000000,2224.00000000,2224.74000000,17900.48840000,1778852699999999,39994429.15942900,171439,6251.04980000,13964577.99142200,0
1778852700000000,2224.73000000,2231.41000000,2210.31000000,2213.68000000,18160.60390000,1778853599999999,40309422.93557600,162859,8075.53730000,17924291.64637900,0
1778853600000000,2213.69000000,2223.64000000,2205.11000000,2220.89000000,18493.18370000,1778854499999999,40923101.98168800,149703,8940.40570000,19789214.09206500,0
1778854500000000,2220.89000000,2223.79000000,2211.35000000,2213.44000000,7091.49310000,1778855399999999,15734394.01930700,78839,2816.29050000,6251180.48694900,0
1778855400000000,2213.44000000,2218.57000000,2210.20000000,2213.86000000,3769.25240000,1778856299999999,8347597.48203100,67502,1810.98670000,4011084.38994900,0
1778856300000000,2213.85000000,2216.97000000,2207.61000000,2213.35000000,7269.78780000,1778857199999999,16073855.71953300,72808,2805.22390000,6202766.02772900,0
1778857200000000,2213.35000000,2217.00000000,2209.79000000,2215.69000000,3286.12200000,1778858099999999,7273397.12638700,54431,1838.73000000,4070165.53030100,0
1778858100000000,2215.69000000,2221.57000000,2212.88000000,2215.53000000,3302.66410000,1778858999999999,7322343.10355100,39218,1964.65760000,4356438.91428000,0
1778859000000000,2215.54000000,2220.94000000,2215.54000000,2218.34000000,2793.00500000,1778859899999999,6196564.55499000,46889,1494.21690000,3314779.72400500,0
1778859900000000,2218.34000000,2223.96000000,2215.83000000,2222.85000000,2555.44810000,1778860799999999,5675335.82806200,39853,1564.33660000,3474320.02740100,0
1778860800000000,2222.86000000,2224.61000000,2220.93000000,2224.05000000,2726.59540000,1778861699999999,6060795.72564900,38517,1370.00090000,3045348.08164200,0
1778861700000000,2224.04000000,2229.54000000,2223.00000000,2228.33000000,3837.63540000,1778862599999999,8542246.08127800,35308,2499.85690000,5564612.76969700,0
1778862600000000,2228.33000000,2231.11000000,2224.66000000,2225.08000000,2407.67810000,1778863499999999,5362578.66492400,24538,1161.50090000,2587224.14064300,0
1778863500000000,2225.08000000,2225.61000000,2218.90000000,2224.59000000,2604.38640000,1778864399999999,5788152.01875500,30260,910.00800000,2022859.39782900,0
1778864400000000,2224.59000000,2232.88000000,2224.26000000,2227.15000000,2244.63320000,1778865299999999,5002750.33489400,28618,1312.26320000,2924581.23536200,0
1778865300000000,2227.15000000,2230.87000000,2224.97000000,2227.59000000,2963.80930000,1778866199999999,6602541.95881600,25118,1933.87050000,4308222.27297700,0
1778866200000000,2227.58000000,2230.16000000,2226.52000000,2228.05000000,2176.50560000,1778867099999999,4850219.89075000,23341,711.73350000,1586159.91420600,0
1778867100000000,2228.06000000,2229.96000000,2227.18000000,2229.47000000,1449.48660000,1778867999999999,3230216.87150200,16123,758.86770000,1691146.89463700,0
1778868000000000,2229.47000000,2232.86000000,2229.47000000,2231.96000000,1670.89750000,1778868899999999,3728327.77097900,26164,994.46210000,2218973.28178600,0
1778868900000000,2231.97000000,2232.53000000,2225.21000000,2228.99000000,1983.57090000,1778869799999999,4419851.19434500,28726,1057.97010000,2357533.04906800,0
1778869800000000,2228.98000000,2229.88000000,2224.97000000,2228.33000000,1327.94700000,1778870699999999,2958242.96763900,24162,493.78500000,1099977.36436400,0
1778870700000000,2228.34000000,2229.08000000,2225.59000000,2228.36000000,1733.38050000,1778871599999999,3861456.62787800,20150,1092.22640000,2433167.14731600,0
1778871600000000,2228.35000000,2228.42000000,2222.67000000,2223.75000000,1878.19320000,1778872499999999,4179340.97119400,24651,655.90010000,1459259.36326300,0
1778872500000000,2223.75000000,2225.73000000,2223.19000000,2225.07000000,993.04680000,1778873399999999,2208974.42854300,17730,473.46160000,1053189.13087500,0
1778873400000000,2225.08000000,2228.28000000,2223.24000000,2223.60000000,1272.72610000,1778874299999999,2833236.17883300,17943,558.60990000,1243715.81775700,0
1778874300000000,2223.60000000,2225.40000000,2222.27000000,2223.35000000,1584.04700000,1778875199999999,3522663.11340800,22825,672.94150000,1496476.06922300,0
1778875200000000,2223.35000000,2226.13000000,2219.38000000,2223.28000000,1590.78040000,1778876099999999,3536870.70883000,25366,732.67610000,1629130.25938500,0
1778876100000000,2223.29000000,2225.20000000,2219.70000000,2225.20000000,1017.29260000,1778876999999999,2260706.49140900,15240,574.80260000,1277385.25165600,0
1778877000000000,2225.21000000,2225.81000000,2219.50000000,2220.63000000,1594.20260000,1778877899999999,3541874.45032100,15767,574.12800000,1275109.91128600,0
1778877900000000,2220.62000000,2220.63000000,2216.99000000,2220.14000000,2006.22090000,1778878799999999,4451478.25762300,20276,700.48120000,1554278.32217200,0
1778878800000000,2220.13000000,2225.08000000,2220.00000000,2224.64000000,836.29250000,1778879699999999,1858692.13823600,9953,554.90140000,1233162.18860900,0
1778879700000000,2224.64000000,2224.65000000,2220.42000000,2221.00000000,997.36630000,1778880599999999,2216284.94781400,9697,403.00660000,895387.48477400,0
1778880600000000,2221.00000000,2221.71000000,2219.22000000,2220.94000000,849.21070000,1778881499999999,1885485.02843600,11982,374.86140000,832321.37319100,0
1778881500000000,2220.93000000,2221.15000000,2215.00000000,2216.99000000,2596.75480000,1778882399999999,5760133.47440200,32317,741.19480000,1643938.81695000,0
1778882400000000,2217.00000000,2222.31000000,2216.99000000,2220.77000000,1244.32960000,1778883299999999,2762413.86671800,17788,608.45860000,1350646.38639000,0
1778883300000000,2220.76000000,2222.69000000,2219.74000000,2221.03000000,686.24830000,1778884199999999,1524335.19185500,9747,427.02940000,948514.49081200,0
1778884200000000,2221.03000000,2223.64000000,2220.96000000,2222.99000000,632.68120000,1778885099999999,1405956.94655800,9850,412.45820000,916564.80533000,0
1778885100000000,2222.98000000,2225.01000000,2222.87000000,2224.18000000,2453.83050000,1778885999999999,5458410.03280300,7728,825.92380000,1836870.34908200,0
1778886000000000,2224.18000000,2224.26000000,2223.00000000,2223.21000000,595.55540000,1778886899999999,1324237.00502500,8473,272.68340000,606284.86199200,0
1778886900000000,2223.21000000,2225.88000000,2222.88000000,2225.07000000,810.60230000,1778887799999999,1803359.56796900,10881,542.78400000,1207469.83018300,0
1778887800000000,2225.07000000,2226.27000000,2223.31000000,2226.26000000,674.35890000,1778888699999999,1500356.55912400,10254,438.28020000,975144.55920500,0
1778888700000000,2226.26000000,2226.29000000,2224.46000000,2224.66000000,740.72800000,1778889599999999,1648274.74386000,10465,354.09010000,787900.84735200,0
1778889600000000,2224.65000000,2228.36000000,2223.81000000,2228.35000000,910.09430000,1778890499999999,2025898.92965600,12155,596.90270000,1328855.97870000,0
1778890500000000,2228.36000000,2231.51000000,2226.74000000,2230.51000000,1506.36640000,1778891399999999,3358322.97662600,13638,894.20160000,1993646.57809000,0
1778891400000000,2230.52000000,2231.07000000,2228.17000000,2228.17000000,455.91570000,1778892299999999,1016671.84271600,9490,231.42880000,516093.90630100,0
1778892300000000,2228.18000000,2229.04000000,2226.29000000,2227.00000000,429.43000000,1778893199999999,956675.71536700,8845,230.34150000,513142.73367500,0
1778893200000000,2226.99000000,2228.72000000,2226.24000000,2228.69000000,536.34570000,1778894099999999,1194655.98251900,9091,280.96520000,625820.95447100,0
1778894100000000,2228.69000000,2230.12000000,2224.30000000,2224.30000000,1038.63310000,1778894999999999,2313148.82945900,15306,264.91080000,590112.26222600,0
1778895000000000,2224.31000000,2225.81000000,2223.53000000,2224.31000000,540.00140000,1778895899999999,1201410.89001100,12230,194.18290000,432033.99604300,0
1778895900000000,2224.32000000,2230.85000000,2224.31000000,2229.62000000,865.30500000,1778896799999999,1928255.97110800,14067,639.75540000,1425603.63837800,0
1778896800000000,2229.62000000,2231.50000000,2228.83000000,2230.53000000,1228.65230000,1778897699999999,2740230.25417200,11657,839.60570000,1872561.65069300,0
1778897700000000,2230.53000000,2230.62000000,2228.01000000,2228.62000000,513.01130000,1778898599999999,1143639.68835600,9243,238.71860000,532157.39622200,0
1778898600000000,2228.62000000,2229.46000000,2227.00000000,2228.29000000,385.14040000,1778899499999999,858127.75273800,11295,228.18970000,508433.70629200,0
1778899500000000,2228.29000000,2230.43000000,2227.69000000,2229.91000000,438.35520000,1778900399999999,976946.19864800,8007,205.46610000,457935.76550100,0
1778900400000000,2229.91000000,2230.64000000,2229.57000000,2229.88000000,907.12880000,1778901299999999,2022853.87817800,8448,578.18080000,1289311.59050900,0
1778901300000000,2229.89000000,2230.40000000,2229.19000000,2230.36000000,643.78070000,1778902199999999,1435596.69367900,5972,262.60630000,585583.60032000,0
1778902200000000,2230.36000000,2230.37000000,2227.40000000,2227.40000000,319.53450000,1778903099999999,712353.69226900,7554,107.13440000,238878.94958300,0
1778903100000000,2227.40000000,2228.63000000,2227.11000000,2228.01000000,459.13700000,1778903999999999,1022877.59992500,8345,196.41750000,437579.01819700,0
1778904000000000,2228.00000000,2228.96000000,2225.97000000,2225.97000000,485.21210000,1778904899999999,1080705.61865200,10383,206.91330000,460886.44636100,0
1778904900000000,2225.97000000,2227.07000000,2225.15000000,2225.16000000,512.02870000,1778905799999999,1139964.97365400,6315,237.63670000,529097.95044300,0
1778905800000000,2225.16000000,2225.66000000,2218.35000000,2223.35000000,2156.49940000,1778906699999999,4791397.95464700,21470,849.61350000,1887732.82646100,0
1778906700000000,2223.35000000,2226.38000000,2222.93000000,2225.98000000,1017.33120000,1778907599999999,2263016.01998600,8374,664.02360000,1477112.93207700,0
1778907600000000,2225.99000000,2226.28000000,2222.69000000,2226.02000000,736.34560000,1778908499999999,1638346.28448500,10152,342.60970000,762278.68915000,0
1778908500000000,2226.02000000,2227.13000000,2225.15000000,2226.53000000,554.31390000,1778909399999999,1233830.78974400,5151,268.02660000,596635.00996700,0
1778909400000000,2226.54000000,2227.13000000,2224.05000000,2225.76000000,548.86880000,1778910299999999,1221521.35289800,9827,349.41030000,777549.85245500,0
1778910300000000,2225.76000000,2227.02000000,2224.51000000,2225.37000000,471.92690000,1778911199999999,1050607.20469500,7846,246.63930000,549072.13697100,0
1778911200000000,2225.38000000,2226.89000000,2222.00000000,2222.79000000,752.12370000,1778912099999999,1673105.29127200,13424,366.78360000,815988.98779000,0
1778912100000000,2222.79000000,2223.21000000,2218.46000000,2220.29000000,2401.41800000,1778912999999999,5330929.80358400,20415,1224.96270000,2719211.43496600,0
1778913000000000,2220.29000000,2222.05000000,2215.66000000,2216.48000000,1622.39140000,1778913899999999,3599149.31715400,20999,831.02230000,1843857.35519100,0
1778913900000000,2216.47000000,2218.61000000,2209.70000000,2215.45000000,3279.23390000,1778914799999999,7262922.10183000,33519,1508.04530000,3340967.23161600,0
1778914800000000,2215.46000000,2215.81000000,2182.36000000,2191.79000000,20297.35170000,1778915699999999,44567323.64716200,94518,8115.14410000,17799768.46440800,0
1778915700000000,2191.79000000,2195.53000000,2182.00000000,2192.71000000,11867.74920000,1778916599999999,25964538.27426800,95469,6947.09390000,15194148.87246300,0
1778916600000000,2192.71000000,2200.51000000,2189.01000000,2198.18000000,4205.49440000,1778917499999999,9234655.51222900,42422,2392.75900000,5255275.37498300,0
1778917500000000,2198.19000000,2198.44000000,2193.32000000,2194.81000000,1952.29270000,1778918399999999,4286218.91568500,13674,939.80360000,2063174.07200700,0
1778918400000000,2194.81000000,2196.87000000,2194.14000000,2194.14000000,2000.63070000,1778919299999999,4392043.36326100,12347,1317.75330000,2892822.74753000,0
1778919300000000,2194.15000000,2195.73000000,2192.01000000,2194.99000000,852.24830000,1778920199999999,1869997.09130400,13324,370.52950000,813032.06181600,0
1778920200000000,2195.00000000,2196.40000000,2192.78000000,2195.05000000,2567.40260000,1778921099999999,5634056.00617700,18462,499.71190000,1096839.05700800,0
1778921100000000,2195.05000000,2195.23000000,2192.68000000,2193.26000000,607.86470000,1778921999999999,1333601.95971000,11640,262.00520000,574817.50852200,0
1778922000000000,2193.26000000,2193.85000000,2183.39000000,2186.10000000,2969.47810000,1778922899999999,6498047.31250300,24500,626.73750000,1371682.16993100,0
1778922900000000,2186.10000000,2187.02000000,2162.60000000,2170.34000000,18369.08560000,1778923799999999,39899719.73055100,124967,7985.51110000,17337456.05398100,0
1778923800000000,2170.35000000,2177.92000000,2169.72000000,2175.44000000,4242.58390000,1778924699999999,9223676.45949600,33578,1891.77250000,4113591.73643100,0
1778924700000000,2175.45000000,2177.50000000,2171.01000000,2173.57000000,2307.63670000,1778925599999999,5017716.11157200,25806,848.20300000,1844554.83646200,0
1778925600000000,2173.57000000,2174.33000000,2167.39000000,2171.48000000,4143.92680000,1778926499999999,8993798.71874600,46433,1510.55780000,3278278.26667300,0
1778926500000000,2171.47000000,2172.93000000,2162.55000000,2166.67000000,5745.75750000,1778927399999999,12455717.10007200,34661,1830.15690000,3966659.38293300,0
1778927400000000,2166.68000000,2175.00000000,2166.67000000,2171.13000000,6157.56710000,1778928299999999,13369582.85306700,29166,2590.84840000,5624874.68028400,0
1778928300000000,2171.13000000,2174.35000000,2170.17000000,2173.85000000,2835.19710000,1778929199999999,6159026.97507000,15994,1205.23220000,2617882.71778400,0
1778929200000000,2173.85000000,2179.15000000,2173.85000000,2177.13000000,3363.35420000,1778930099999999,7322649.63343200,22613,1486.12390000,3235474.80907400,0
1778930100000000,2177.13000000,2179.15000000,2175.61000000,2178.40000000,2572.70370000,1778930999999999,5601947.49349300,14481,1056.10330000,2299789.37269500,0
1778931000000000,2178.40000000,2181.00000000,2177.50000000,2178.93000000,5454.64400000,1778931899999999,11887360.39098800,15504,3762.52640000,8199650.85536200,0
1778931900000000,2178.93000000,2179.08000000,2175.97000000,2176.10000000,1998.81910000,1778932799999999,4351389.14890100,11688,1202.70200000,2617894.33032100,0
1778932800000000,2176.11000000,2178.51000000,2175.35000000,2176.94000000,2623.76080000,1778933699999999,5711436.29629600,11650,1884.45750000,4101882.63001400,0
1778933700000000,2176.94000000,2178.80000000,2173.18000000,2175.77000000,3791.88270000,1778934599999999,8248410.92739500,22722,1644.89350000,3577691.05119900,0
1778934600000000,2175.77000000,2178.27000000,2175.65000000,2178.23000000,834.35100000,1778935499999999,1816508.99911400,8385,451.48890000,982884.82244900,0
1778935500000000,2178.23000000,2179.26000000,2176.50000000,2176.50000000,763.19520000,1778936399999999,1662245.77710200,7485,293.17900000,638588.99821500,0
1778936400000000,2176.50000000,2176.83000000,2172.65000000,2173.14000000,2185.31090000,1778937299999999,4752239.10962900,14014,1036.60120000,2253769.43677900,0
1778937300000000,2173.14000000,2177.71000000,2172.30000000,2177.07000000,1968.31970000,1778938199999999,4281463.68574800,16375,965.52460000,2100107.35683800,0
1778938200000000,2177.07000000,2180.00000000,2173.52000000,2177.46000000,2080.00380000,1778939099999999,4527306.33714900,17201,1257.92240000,2738093.60659100,0
1778939100000000,2177.46000000,2178.60000000,2176.11000000,2177.12000000,2542.16420000,1778939999999999,5536248.31258400,10711,734.01010000,1598190.69612800,0
1778940000000000,2177.12000000,2179.57000000,2173.51000000,2175.37000000,4058.07390000,1778940899999999,8825714.24148900,18199,1376.46470000,2995128.15092100,0
1778940900000000,2175.38000000,2178.28000000,2174.20000000,2176.71000000,1550.62290000,1778941799999999,3374116.36114100,12720,888.02770000,1932301.53805100,0
1778941800000000,2176.71000000,2182.56000000,2176.71000000,2182.56000000,1848.31620000,1778942699999999,4028154.93117100,15908,1184.62030000,2582042.38355500,0
1778942700000000,2182.56000000,2188.16000000,2178.10000000,2179.93000000,3673.74790000,1778943599999999,8016091.43609500,30771,1807.70310000,3945653.65452600,0
1778943600000000,2179.92000000,2183.79000000,2178.13000000,2179.08000000,2495.45950000,1778944499999999,5441925.94872900,16599,783.87540000,1709519.08435900,0
1778944500000000,2179.09000000,2180.16000000,2176.90000000,2177.86000000,2211.01410000,1778945399999999,4816612.07338800,12962,513.89990000,1119543.56209500,0
1778945400000000,2177.86000000,2182.51000000,2177.86000000,2182.20000000,2766.98430000,1778946299999999,6034140.62937300,14183,1191.55880000,2598202.41050100,0
1778946300000000,2182.20000000,2183.51000000,2179.11000000,2180.00000000,2771.77610000,1778947199999999,6046501.69234700,13651,1033.35830000,2254480.68228900,0
1778947200000000,2180.00000000,2183.52000000,2175.60000000,2176.17000000,3562.74170000,1778948099999999,7762937.68832400,22497,1252.37960000,2729372.28695800,0
1778948100000000,2176.18000000,2179.18000000,2174.80000000,2177.45000000,3590.96550000,1778948999999999,7818068.01055300,15577,1478.03060000,3218005.33223400,0
1778949000000000,2177.46000000,2177.82000000,2170.50000000,2171.96000000,3530.14390000,1778949899999999,7676962.66633600,20417,975.61470000,2121627.19787800,0
1778949900000000,2171.95000000,2175.28000000,2171.95000000,2174.11000000,3043.72500000,1778950799999999,6616496.27685500,12058,1082.17500000,2352427.21290900,0
1778950800000000,2174.11000000,2177.69000000,2174.11000000,2176.88000000,1000.79110000,1778951699999999,2178012.86076100,9344,562.83460000,1224865.27971200,0
1778951700000000,2176.88000000,2178.91000000,2175.84000000,2178.70000000,888.04760000,1778952599999999,1933890.19107800,10239,477.81700000,1040544.27092900,0
1778952600000000,2178.69000000,2179.55000000,2178.02000000,2179.33000000,549.88180000,1778953499999999,1198174.56306300,5930,376.39000000,820134.26161700,0
1778953500000000,2179.34000000,2180.79000000,2178.39000000,2178.91000000,1006.63700000,1778954399999999,2193709.23950700,8159,533.35060000,1162312.74530400,0
1778954400000000,2178.91000000,2180.87000000,2177.63000000,2178.47000000,664.13560000,1778955299999999,1447227.49927200,8540,396.65680000,864327.97255000,0
1778955300000000,2178.47000000,2178.87000000,2176.36000000,2178.25000000,708.09750000,1778956199999999,1542133.76855600,6488,499.01410000,1086840.40110800,0
1778956200000000,2178.25000000,2180.34000000,2177.98000000,2179.20000000,574.77690000,1778957099999999,1252379.51737800,6253,326.57070000,711509.71438200,0
1778957100000000,2179.20000000,2185.22000000,2179.19000000,2181.35000000,1930.52290000,1778957999999999,4212241.50696400,11556,1566.27190000,3417222.32799700,0
1778958000000000,2181.35000000,2181.59000000,2180.53000000,2180.82000000,397.42790000,1778958899999999,866814.84291000,5357,243.63000000,531361.03054700,0
1778958900000000,2180.83000000,2181.35000000,2179.66000000,2181.25000000,384.87960000,1778959799999999,839316.50599800,5249,216.15790000,471382.33543800,0
1778959800000000,2181.24000000,2181.24000000,2180.33000000,2180.68000000,406.02420000,1778960699999999,885398.28610400,4465,244.85190000,533930.85836600,0
1778960700000000,2180.68000000,2182.77000000,2179.23000000,2179.57000000,937.33030000,1778961599999999,2044175.17506400,9525,519.54620000,1133117.70325900,0
1778961600000000,2179.57000000,2182.90000000,2179.57000000,2182.06000000,466.08420000,1778962499999999,1016832.53457800,6415,333.73310000,728009.48039200,0
1778962500000000,2182.07000000,2182.84000000,2181.98000000,2181.99000000,423.51390000,1778963399999999,924308.80621900,5373,279.41600000,609819.32052300,0
1778963400000000,2181.98000000,2182.19000000,2179.97000000,2180.76000000,538.34420000,1778964299999999,1174138.16912200,8094,237.89480000,518835.46485800,0
1778964300000000,2180.76000000,2182.08000000,2180.57000000,2181.45000000,443.67550000,1778965199999999,967811.37183200,4469,259.85640000,566796.56446000,0
1778965200000000,2181.45000000,2183.54000000,2180.94000000,2182.69000000,476.67440000,1778966099999999,1040273.35454300,6054,306.25160000,668344.45108500,0
1778966100000000,2182.68000000,2182.68000000,2181.01000000,2181.85000000,429.66820000,1778966999999999,937445.44200200,5350,152.99520000,333791.69889500,0
1778967000000000,2181.86000000,2182.73000000,2181.38000000,2182.68000000,522.38730000,1778967899999999,1139950.50016500,6207,319.90910000,698083.84601200,0
1778967900000000,2182.68000000,2183.44000000,2182.00000000,2182.39000000,448.98510000,1778968799999999,980038.42189300,6122,263.95570000,576149.92191900,0
1778968800000000,2182.39000000,2183.28000000,2179.77000000,2181.82000000,723.27670000,1778969699999999,1577587.62869500,12820,324.88930000,708666.05392700,0
1778969700000000,2181.81000000,2183.08000000,2181.81000000,2182.47000000,356.29020000,1778970599999999,777613.29782200,4870,214.85490000,468910.47455600,0
1778970600000000,2182.47000000,2182.47000000,2181.16000000,2181.71000000,275.38120000,1778971499999999,600842.46515500,4123,113.38000000,247366.64490200,0
1778971500000000,2181.71000000,2181.78000000,2180.28000000,2180.47000000,497.38170000,1778972399999999,1084786.87477800,5675,169.57360000,369840.63199900,0
1778972400000000,2180.46000000,2180.67000000,2179.35000000,2180.40000000,606.17380000,1778973299999999,1321594.99565100,5793,183.18680000,399384.87296000,0
1778973300000000,2180.40000000,2182.90000000,2180.40000000,2182.08000000,473.56750000,1778974199999999,1033190.52259200,6682,310.84120000,678113.93580500,0
1778974200000000,2182.08000000,2182.68000000,2181.48000000,2181.98000000,352.90430000,1778975099999999,770071.77353400,5633,208.73090000,455457.54941400,0
1778975100000000,2181.99000000,2183.03000000,2180.11000000,2180.77000000,686.84270000,1778975999999999,1498175.24557700,8548,337.98310000,737144.19482800,0
1778976000000000,2180.77000000,2185.60000000,2180.76000000,2184.17000000,971.65970000,1778976899999999,2122115.52026200,13974,608.81730000,1329615.47535900,0
1778976900000000,2184.18000000,2184.98000000,2182.30000000,2183.76000000,608.84910000,1778977799999999,1329464.62470000,9472,332.23360000,725423.82690100,0
1778977800000000,2183.76000000,2184.20000000,2181.01000000,2181.23000000,492.42640000,1778978699999999,1074923.46258400,9011,187.81410000,409901.64183100,0
1778978700000000,2181.24000000,2182.07000000,2174.08000000,2177.59000000,2725.17840000,1778979599999999,5933675.34896400,18035,780.37460000,1700129.01446100,0
1778979600000000,2177.60000000,2183.60000000,2174.49000000,2181.71000000,1694.81370000,1778980499999999,3693386.48901300,24654,1032.59400000,2250094.60259200,0
1778980500000000,2181.72000000,2181.96000000,2175.91000000,2177.76000000,886.62920000,1778981399999999,1931897.70534700,12265,289.57890000,630837.85662000,0
1778981400000000,2177.76000000,2177.97000000,2167.98000000,2170.73000000,3420.43830000,1778982299999999,7430947.27472700,35884,1113.13610000,2418208.09925600,0
1778982300000000,2170.73000000,2174.77000000,2169.17000000,2169.18000000,3611.71390000,1778983199999999,7842451.73179500,21737,2269.92060000,4928433.99004700,0
1778983200000000,2169.17000000,2175.65000000,2169.17000000,2172.62000000,1089.23320000,1778984099999999,2366574.72897700,19579,614.51020000,1335079.85369300,0
1778984100000000,2172.61000000,2175.30000000,2171.44000000,2175.05000000,663.98280000,1778984999999999,1443123.95479300,11718,439.88880000,956031.38068100,0
1778985000000000,2175.06000000,2176.25000000,2173.55000000,2174.69000000,946.22770000,1778985899999999,2058163.34456700,12961,499.37880000,1086174.86687300,0
1778985900000000,2174.70000000,2175.34000000,2172.23000000,2174.50000000,1106.02680000,1778986799999999,2403940.01744200,10732,637.03730000,1384545.21462700,0
1778986800000000,2174.51000000,2178.75000000,2174.26000000,2177.43000000,985.42370000,1778987699999999,2145182.00599300,13505,669.48470000,1457314.45555500,0
1778987700000000,2177.42000000,2179.26000000,2177.09000000,2178.29000000,830.16370000,1778988599999999,1808298.87046500,10191,399.46700000,870140.16500300,0
1778988600000000,2178.28000000,2182.23000000,2178.25000000,2180.06000000,1071.81000000,1778989499999999,2337089.38645700,14967,478.38650000,1043000.04331500,0
1778989500000000,2180.07000000,2184.50000000,2180.00000000,2181.70000000,1212.86830000,1778990399999999,2647276.51770100,8800,811.13590000,1770518.33779200,0
1778990400000000,2181.71000000,2184.99000000,2181.14000000,2182.88000000,823.63310000,1778991299999999,1798024.98411000,12985,467.61780000,1020827.33603600,0
1778991300000000,2182.89000000,2188.00000000,2182.84000000,2185.83000000,1354.44050000,1778992199999999,2960060.99704300,11381,908.27560000,1985022.65754500,0
1778992200000000,2185.83000000,2190.37000000,2183.74000000,2188.29000000,1905.40120000,1778993099999999,4167958.47792600,14602,1165.12550000,2548587.51113900,0
1778993100000000,2188.30000000,2189.73000000,2187.31000000,2187.61000000,1523.69460000,1778993999999999,3335013.10174700,11681,822.84670000,1800879.75789700,0
1778994000000000,2187.61000000,2195.00000000,2187.09000000,2191.14000000,2159.03320000,1778994899999999,4730614.09417100,15480,1709.27320000,3745019.23352700,0
1778994900000000,2191.14000000,2191.14000000,2188.57000000,2188.57000000,1140.13880000,1778995799999999,2496767.62226000,10070,618.06910000,1353580.81382200,0
1778995800000000,2188.58000000,2189.88000000,2187.49000000,2188.20000000,926.35700000,1778996699999999,2027581.31684200,7233,554.58370000,1213903.49433200,0
1778996700000000,2188.20000000,2189.12000000,2185.63000000,2185.91000000,637.36810000,1778997599999999,1394025.37031000,8238,232.42200000,508352.96135700,0
1778997600000000,2185.91000000,2188.00000000,2185.91000000,2186.92000000,704.07690000,1778998499999999,1539730.94300400,9959,325.65990000,712189.61442300,0
1778998500000000,2186.91000000,2187.35000000,2181.70000000,2184.01000000,1595.09820000,1778999399999999,3483090.02762900,15987,473.81750000,1034787.97648800,0
1778999400000000,2184.00000000,2185.49000000,2182.43000000,2182.47000000,665.80530000,1779000299999999,1454474.75559000,7694,217.11970000,474259.42173500,0
1779000300000000,2182.48000000,2185.02000000,2182.47000000,2185.02000000,815.44140000,1779001199999999,1780937.99480900,6187,483.69010000,1056461.88198300,0
1779001200000000,2185.02000000,2185.41000000,2183.95000000,2184.18000000,393.75310000,1779002099999999,860185.32053200,7632,178.39230000,389693.74926700,0
1779002100000000,2184.19000000,2186.52000000,2182.53000000,2184.90000000,632.55700000,1779002999999999,1381622.05666400,8824,284.92530000,622444.61832900,0
1779003000000000,2184.90000000,2188.49000000,2184.01000000,2185.84000000,729.27820000,1779003899999999,1594600.20529000,12985,460.10600000,1006026.85195000,0
1779003900000000,2185.84000000,2186.98000000,2185.83000000,2186.64000000,1294.91160000,1779004799999999,2831350.83480600,6526,483.43750000,1056919.43549500,0
1779004800000000,2186.63000000,2187.06000000,2185.43000000,2185.49000000,600.87570000,1779005699999999,1313752.48033000,5765,228.65800000,499943.71946500,0
1779005700000000,2185.49000000,2185.49000000,2183.12000000,2184.56000000,1010.26520000,1779006599999999,2206704.24251300,9137,661.20850000,1444219.90731800,0
1779006600000000,2184.56000000,2186.61000000,2184.34000000,2185.94000000,578.25690000,1779007499999999,1263418.11259200,6316,448.38960000,979629.97966100,0
1779007500000000,2185.94000000,2186.17000000,2185.21000000,2185.95000000,443.34870000,1779008399999999,969048.12395100,5213,168.31840000,367905.46135100,0
1779008400000000,2185.95000000,2189.27000000,2185.91000000,2188.80000000,498.93070000,1779009299999999,1091504.74755800,6536,320.99690000,702219.93939600,0
1779009300000000,2188.81000000,2190.00000000,2188.15000000,2189.29000000,1075.92590000,1779010199999999,2355006.28905900,8285,409.41630000,896155.71024800,0
1779010200000000,2189.28000000,2189.29000000,2186.99000000,2187.80000000,636.23830000,1779011099999999,1392019.45613500,5619,201.60350000,441068.01110700,0
1779011100000000,2187.80000000,2191.38000000,2187.80000000,2190.23000000,678.07980000,1779011999999999,1485104.12723100,8222,504.58890000,1105115.30342300,0
1779012000000000,2190.22000000,2197.22000000,2190.22000000,2194.52000000,2286.64150000,1779012899999999,5016870.73530600,26732,1468.84740000,3222512.90514300,0
1779012900000000,2194.52000000,2198.14000000,2193.64000000,2195.64000000,1251.67230000,1779013799999999,2747761.59647800,18349,790.67320000,1735750.01772000,0
1779013800000000,2195.64000000,2197.70000000,2193.75000000,2194.61000000,901.47940000,1779014699999999,1978896.36692000,13644,491.58610000,1079117.24883100,0
1779014700000000,2194.61000000,2194.83000000,2192.55000000,2194.28000000,1177.06430000,1779015599999999,2582237.37941600,10304,606.52360000,1330594.84406900,0
1779015600000000,2194.29000000,2194.72000000,2190.66000000,2190.67000000,807.95250000,1779016499999999,1771382.76027300,12450,272.44750000,597335.33999200,0
1779016500000000,2190.67000000,2191.09000000,2188.36000000,2188.61000000,1367.82020000,1779017399999999,2995225.86934900,10892,347.50330000,760921.81515500,0
1779017400000000,2188.62000000,2194.17000000,2188.00000000,2192.67000000,1278.30200000,1779018299999999,2801720.76368000,15444,612.52700000,1342539.45264500,0
1779018300000000,2192.66000000,2193.41000000,2191.09000000,2192.00000000,997.92440000,1779019199999999,2187631.32445000,8349,645.11230000,1414250.07514000,0
1779019200000000,2192.00000000,2193.58000000,2191.34000000,2192.59000000,562.60150000,1779020099999999,1233424.84798200,7184,186.97250000,409908.68825900,0
1779020100000000,2192.58000000,2194.50000000,2191.84000000,2193.91000000,872.10570000,1779020999999999,1912878.53777100,9720,301.46170000,661192.45017500,0
1779021000000000,2193.91000000,2197.89000000,2193.79000000,2197.12000000,1566.89710000,1779021899999999,3441377.70548600,14324,789.77900000,1734536.62460300,0
1779021900000000,2197.13000000,2198.04000000,2193.58000000,2194.30000000,962.55100000,1779022799999999,2113341.41851100,11111,323.06330000,709273.07448500,0
1779022800000000,2194.30000000,2194.93000000,2190.60000000,2190.75000000,1173.65190000,1779023699999999,2573326.67741900,13702,381.27400000,836008.22330500,0
1779023700000000,2190.76000000,2191.96000000,2187.29000000,2191.95000000,1777.93960000,1779024599999999,3893803.36468600,14615,671.46520000,1470891.53514000,0
1779024600000000,2191.96000000,2194.39000000,2190.79000000,2193.37000000,765.46420000,1779025499999999,1678410.88407700,10749,429.97230000,942784.69096600,0
1779025500000000,2193.37000000,2194.72000000,2190.40000000,2192.12000000,1106.46700000,1779026399999999,2426493.61660700,13203,553.93500000,1214860.46793100,0
1779026400000000,2192.12000000,2192.39000000,2187.40000000,2187.77000000,1281.04830000,1779027299999999,2804853.79143200,16054,420.05060000,919666.18264100,0
1779027300000000,2187.78000000,2189.62000000,2178.39000000,2187.53000000,3849.12520000,1779028199999999,8404515.98603800,44315,1512.11770000,3302111.23718100,0
1779028200000000,2187.53000000,2188.80000000,2183.45000000,2185.34000000,856.92260000,1779029099999999,1872863.12526600,18737,338.97140000,740823.47987300,0
1779029100000000,2185.35000000,2188.32000000,2185.35000000,2186.64000000,765.31560000,1779029999999999,1673711.56447100,10664,441.18210000,964856.23468700,0
1779030000000000,2186.64000000,2188.84000000,2184.65000000,2187.01000000,827.81120000,1779030899999999,1810668.30166000,12371,458.26050000,1002458.48621700,0
1779030900000000,2187.01000000,2187.02000000,2181.20000000,2183.03000000,993.14040000,1779031799999999,2168553.30205300,18851,427.34930000,933081.73619600,0
1779031800000000,2183.04000000,2186.80000000,2183.03000000,2185.67000000,852.46440000,1779032699999999,1862811.13309400,12466,443.30440000,968665.57065700,0
1779032700000000,2185.67000000,2187.26000000,2185.48000000,2186.51000000,667.78100000,1779033599999999,1460059.76949700,9623,332.98490000,728043.63343800,0
1779033600000000,2186.51000000,2189.12000000,2185.00000000,2185.35000000,725.85380000,1779034499999999,1587403.96960800,11382,366.25240000,800978.88673200,0
1779034500000000,2185.36000000,2186.98000000,2183.53000000,2186.65000000,623.36220000,1779035399999999,1362318.43042100,11422,311.30500000,680339.32537600,0
1779035400000000,2186.64000000,2187.95000000,2185.84000000,2187.33000000,627.35650000,1779036299999999,1371867.12791900,10951,327.03480000,715138.16001700,0
1779036300000000,2187.34000000,2187.34000000,2182.15000000,2182.51000000,850.83280000,1779037199999999,1858097.62000500,12718,315.81240000,689720.14856500,0
1779037200000000,2182.52000000,2183.71000000,2177.95000000,2178.96000000,1338.38760000,1779038099999999,2918711.03669100,23579,552.23240000,1204626.77884200,0
1779038100000000,2178.95000000,2180.61000000,2176.63000000,2179.61000000,1030.43060000,1779038999999999,2245541.77206900,15563,578.93810000,1261714.08899100,0
1779039000000000,2179.62000000,2182.53000000,2176.89000000,2182.52000000,1055.48410000,1779039899999999,2299726.68680400,17997,591.35820000,1288514.45909600,0
1779039900000000,2182.53000000,2184.95000000,2181.28000000,2183.67000000,865.11750000,1779040799999999,1888755.27752600,9377,532.55170000,1162660.87659700,0
1779040800000000,2183.68000000,2187.77000000,2182.90000000,2183.76000000,878.93690000,1779041699999999,1921099.72655700,12397,481.81550000,1053184.00470900,0
1779041700000000,2183.76000000,2184.40000000,2179.13000000,2183.88000000,704.90360000,1779042599999999,1537697.72754300,10775,252.01310000,549828.67936600,0
1779042600000000,2183.89000000,2185.70000000,2183.09000000,2183.62000000,572.70970000,1779043499999999,1251241.42052700,7622,351.31430000,767624.89196700,0
1779043500000000,2183.62000000,2188.50000000,2182.74000000,2188.49000000,584.81380000,1779044399999999,1278252.02841100,12360,402.85280000,880526.29258500,0
1779044400000000,2188.50000000,2190.36000000,2187.56000000,2188.57000000,548.44120000,1779045299999999,1200464.49712300,11120,343.59440000,752083.14031700,0
1779045300000000,2188.57000000,2191.61000000,2187.96000000,2188.85000000,589.77250000,1779046199999999,1291489.77778500,9735,407.74550000,892944.12370900,0
1779046200000000,2188.84000000,2193.54000000,2188.76000000,2192.18000000,667.86670000,1779047099999999,1463512.45760800,11289,397.06440000,870115.88529700,0
1779047100000000,2192.18000000,2193.62000000,2190.56000000,2192.53000000,703.96560000,1779047999999999,1543553.80574900,8635,334.58710000,733626.69859500,0
1779048000000000,2192.54000000,2193.68000000,2188.87000000,2190.05000000,899.52130000,1779048899999999,1970737.05839800,9068,401.40660000,879424.87954100,0
1779048900000000,2190.05000000,2190.06000000,2186.98000000,2188.92000000,667.15010000,1779049799999999,1460255.49019800,9429,369.78200000,809354.77508600,0
1779049800000000,2188.91000000,2190.90000000,2187.80000000,2189.46000000,570.56710000,1779050699999999,1249156.17916600,7930,350.15880000,766634.40554900,0
1779050700000000,2189.47000000,2189.82000000,2188.49000000,2189.55000000,317.81480000,1779051599999999,695828.24438600,4022,140.67100000,307982.34369800,0
1779051600000000,2189.55000000,2189.62000000,2187.24000000,2189.45000000,324.26500000,1779052499999999,709678.62143400,5868,158.88600000,347717.88098000,0
1779052500000000,2189.44000000,2192.89000000,2188.80000000,2192.14000000,713.82610000,1779053399999999,1564002.12597700,8341,502.64970000,1101202.01742800,0
1779053400000000,2192.14000000,2194.82000000,2191.40000000,2192.84000000,680.91710000,1779054299999999,1493233.51474000,11863,399.40280000,875935.12639700,0
1779054300000000,2192.85000000,2193.29000000,2191.80000000,2191.81000000,581.39410000,1779055199999999,1274808.53571700,6853,345.68170000,757949.85865400,0
1779055200000000,2191.80000000,2191.80000000,2178.98000000,2183.70000000,3353.22030000,1779056099999999,7324910.41091700,45935,1217.52380000,2660157.38248400,0
1779056100000000,2183.70000000,2185.22000000,2177.22000000,2181.38000000,3525.08910000,1779056999999999,7685443.81571200,31596,1681.40920000,3665035.52770800,0
1779057000000000,2181.37000000,2184.63000000,2178.39000000,2182.32000000,1863.07430000,1779057899999999,4065318.11758700,25339,803.02620000,1752244.12634100,0
1779057900000000,2182.31000000,2182.38000000,2174.01000000,2179.69000000,2298.53510000,1779058799999999,5005461.28401000,30974,758.65200000,1652264.77025900,0
1779058800000000,2179.70000000,2179.70000000,2170.29000000,2174.28000000,2655.57520000,1779059699999999,5773541.59731000,38546,1052.97360000,2289378.01204300,0
1779059700000000,2174.27000000,2176.74000000,2167.00000000,2171.00000000,3749.20480000,1779060599999999,8137749.53026300,46980,1662.44040000,3609605.38200600,0
1779060600000000,2171.00000000,2172.98000000,2091.48000000,2121.04000000,53866.78780000,1779061499999999,114501734.33908200,196792,23945.15230000,50888962.25242800,0
1779061500000000,2121.04000000,2131.78000000,2116.77000000,2131.00000000,12591.14000000,1779062399999999,26751967.81274300,138252,6722.78810000,14285788.16899300,0
1779062400000000,2131.00000000,2132.00000000,2112.01000000,2120.78000000,12513.10610000,1779063299999999,26522085.31331700,125561,4571.67580000,9688838.12048400,0
1779063300000000,2120.78000000,2126.25000000,2108.78000000,2113.40000000,7776.82740000,1779064199999999,16473370.33645400,82302,2467.02250000,5226629.76579800,0
1779064200000000,2113.39000000,2115.92000000,2104.99000000,2109.37000000,8615.00630000,1779065099999999,18188161.42363000,87554,3225.45820000,6809379.26028800,0
1779065100000000,2109.36000000,2115.47000000,2107.00000000,2115.46000000,4543.64040000,1779065999999999,9591084.81360600,59780,2359.14830000,4980369.65413900,0
1779066000000000,2115.47000000,2120.32000000,2112.21000000,2113.14000000,4459.72750000,1779066899999999,9435390.60775400,57804,2369.99930000,5014851.10885500,0
1779066900000000,2113.13000000,2113.96000000,2106.50000000,2111.16000000,3247.02750000,1779067799999999,6853719.26396000,62716,1352.00570000,2853843.88150300,0
1779067800000000,2111.16000000,2113.23000000,2109.57000000,2110.95000000,4123.36920000,1779068699999999,8705379.43553200,47981,1759.26510000,3714654.32816700,0
1779068700000000,2110.96000000,2121.33000000,2107.36000000,2117.54000000,4509.50580000,1779069599999999,9535157.04352200,42119,1532.13810000,3241110.38996600,0
1779069600000000,2117.54000000,2124.00000000,2115.85000000,2123.54000000,2348.97040000,1779070499999999,4982318.30547300,33555,1357.22910000,2878771.63960100,0
1779070500000000,2123.55000000,2123.82000000,2118.16000000,2120.31000000,2490.24890000,1779071399999999,5282174.35451300,25820,998.26180000,2117250.98562700,0
1779071400000000,2120.31000000,2121.41000000,2114.79000000,2117.71000000,2209.10420000,1779072299999999,4677996.98856500,24883,909.44500000,1925893.30743600,0
1779072300000000,2117.71000000,2120.35000000,2112.78000000,2116.64000000,2122.57510000,1779073199999999,4491684.65852100,25705,1017.88640000,2154273.43984600,0
1779073200000000,2116.65000000,2123.91000000,2116.27000000,2118.07000000,2415.78440000,1779074099999999,5122549.98456700,24767,1262.00820000,2676106.88512200,0
1779074100000000,2118.07000000,2121.18000000,2117.56000000,2119.95000000,1783.42540000,1779074999999999,3780023.68793900,16830,1226.40530000,2599359.32126600,0
1779075000000000,2119.95000000,2121.85000000,2115.89000000,2121.09000000,1862.59820000,1779075899999999,3946367.39102300,27092,769.54650000,1630656.39891900,0
1779075900000000,2121.09000000,2121.65000000,2116.78000000,2118.44000000,1914.01450000,1779076799999999,4055783.11221800,20580,545.53160000,1156118.05397000,0
1779076800000000,2118.44000000,2122.52000000,2117.68000000,2121.96000000,2124.96170000,1779077699999999,4504064.27729300,21232,657.12870000,1393088.67909300,0
1779077700000000,2121.96000000,2122.18000000,2114.24000000,2115.78000000,2381.74910000,1779078599999999,5043008.10808400,22013,883.89490000,1871084.79860200,0
1779078600000000,2115.78000000,2122.06000000,2114.75000000,2122.06000000,1257.69750000,1779079499999999,2663371.20085100,14588,656.12300000,1389637.20560500,0
1779079500000000,2122.08000000,2125.50000000,2120.24000000,2124.85000000,1073.30790000,1779080399999999,2278750.55072700,17133,645.73750000,1371087.79793200,0
1779080400000000,2124.85000000,2125.83000000,2122.61000000,2123.73000000,1325.86710000,1779081299999999,2816411.95840200,16822,742.44250000,1577170.18470300,0
1779081300000000,2123.73000000,2124.72000000,2119.70000000,2124.04000000,1748.11500000,1779082199999999,3708895.08417800,19638,630.32970000,1337564.63735200,0
1779082200000000,2124.03000000,2125.38000000,2117.61000000,2119.60000000,2271.32410000,1779083099999999,4819554.08339000,23696,711.56850000,1509672.08062800,0
1779083100000000,2119.60000000,2121.22000000,2117.00000000,2118.25000000,1108.47150000,1779083999999999,2349504.96248100,16228,477.95580000,1013195.60066100,0
1779084000000000,2118.25000000,2121.00000000,2111.51000000,2118.54000000,3053.63110000,1779084899999999,6462210.50622600,32951,1304.32250000,2761283.52993400,0
1779084900000000,2118.54000000,2121.00000000,2110.00000000,2113.23000000,3179.14410000,1779085799999999,6724116.98495200,31768,1189.78440000,2517259.70652200,0
1779085800000000,2113.22000000,2117.97000000,2110.25000000,2117.76000000,1688.26980000,1779086699999999,3569664.95955600,24419,789.02380000,1668714.21356300,0
1779086700000000,2117.76000000,2119.99000000,2116.91000000,2119.03000000,1127.70400000,1779087599999999,2389385.16528000,14500,650.84080000,1378991.19930800,0
1779087600000000,2119.04000000,2121.89000000,2116.06000000,2117.60000000,1121.00270000,1779088499999999,2375645.23886800,19685,561.46110000,1190097.14939600,0
1779088500000000,2117.61000000,2121.26000000,2112.07000000,2120.02000000,1789.62060000,1779089399999999,3788380.98781600,25865,961.87430000,2036666.32360600,0
1779089400000000,2120.03000000,2123.99000000,2115.43000000,2116.06000000,3263.31400000,1779090299999999,6917306.01703100,25943,2153.87470000,4565986.11451700,0
1779090300000000,2116.05000000,2122.35000000,2116.03000000,2120.82000000,3621.81790000,1779091199999999,7678859.79699800,13843,2327.04350000,4933060.48694000,0
1779091200000000,2120.82000000,2124.05000000,2120.81000000,2121.15000000,2006.03050000,1779092099999999,4257201.63540800,13605,1311.54370000,2783329.75865900,0
1779092100000000,2121.15000000,2122.95000000,2120.14000000,2121.14000000,1321.05430000,1779092999999999,2802512.77208300,14005,506.58490000,1074665.15796900,0
1779093000000000,2121.14000000,2121.67000000,2118.00000000,2118.32000000,1299.47660000,1779093899999999,2753771.56673200,17090,456.20580000,966812.06994800,0
1779093900000000,2118.31000000,2122.01000000,2117.48000000,2121.57000000,1703.31880000,1779094799999999,3610905.22745700,15218,851.15220000,1804710.95220700,0
1779094800000000,2121.57000000,2121.93000000,2116.03000000,2118.32000000,1582.26960000,1779095699999999,3351120.96031300,16228,686.61330000,1454263.49468600,0
1779095700000000,2118.31000000,2119.64000000,2116.92000000,2117.95000000,668.51320000,1779096599999999,1416276.36882800,10195,280.41960000,594040.70056800,0
1779096600000000,2117.96000000,2120.34000000,2116.34000000,2117.70000000,1127.09670000,1779097499999999,2387715.35470800,11447,516.47830000,1094110.70664000,0
1779097500000000,2117.71000000,2119.08000000,2116.73000000,2116.88000000,884.97110000,1779098399999999,1873897.51150100,8664,570.58990000,1208092.19962300,0
1779098400000000,2116.88000000,2117.59000000,2112.65000000,2113.95000000,2021.02880000,1779099299999999,4273968.86897700,22380,1061.39610000,2244448.92956000,0
1779099300000000,2113.95000000,2116.84000000,2113.63000000,2115.82000000,1332.17600000,1779100199999999,2818523.96820400,13294,631.56670000,1336171.64840000,0
1779100200000000,2115.82000000,2117.50000000,2113.35000000,2114.20000000,1841.75450000,1779101099999999,3895194.46999700,14317,560.64510000,1185789.60987600,0
1779101100000000,2114.21000000,2117.32000000,2114.21000000,2114.55000000,1139.97850000,1779101999999999,2412607.28145100,11088,623.61310000,1319793.08936700,0
1779102000000000,2114.56000000,2115.01000000,2110.50000000,2113.33000000,1960.99640000,1779102899999999,4144227.08837500,19759,1087.01500000,2297456.46851000,0
1779102900000000,2113.34000000,2115.97000000,2112.87000000,2114.72000000,1390.91180000,1779103799999999,2941003.97248000,11018,818.85900000,1731330.90223700,0
1779103800000000,2114.72000000,2139.75000000,2113.22000000,2136.78000000,8474.40510000,1779104699999999,18041620.71680600,84276,4762.36750000,10135976.98761600,0
1779104700000000,2136.79000000,2137.55000000,2132.15000000,2133.90000000,4084.41860000,1779105599999999,8717927.41690400,36739,2563.76420000,5472123.24361000,0
1779105600000000,2133.90000000,2148.18000000,2133.90000000,2143.91000000,8657.51550000,1779106499999999,18550036.80731400,70954,4298.19820000,9207468.26784000,0
1779106500000000,2143.90000000,2150.45000000,2142.11000000,2144.92000000,5449.15060000,1779107399999999,11698755.19598200,45888,2964.88560000,6365174.88280500,0
1779107400000000,2144.92000000,2155.55000000,2142.92000000,2155.02000000,6341.64190000,1779108299999999,13637545.48875500,57883,3504.08430000,7534744.31091800,0
1779108300000000,2155.03000000,2157.24000000,2149.71000000,2151.01000000,5175.53550000,1779109199999999,11143437.59551700,49333,2221.30010000,4782492.90196600,0
1779109200000000,2151.02000000,2151.41000000,2145.01000000,2147.87000000,3635.98680000,1779110099999999,7808271.04260200,42273,1274.03970000,2735620.37784400,0
1779110100000000,2147.88000000,2147.88000000,2142.45000000,2142.74000000,2318.95500000,1779110999999999,4974226.13715900,27488,842.82800000,1807802.34604500,0
1779111000000000,2142.74000000,2142.86000000,2120.25000000,2125.78000000,13352.96100000,1779111899999999,28444668.42853100,144169,5641.04900000,12016668.24810200,0
1779111900000000,2125.79000000,2137.35000000,2122.67000000,2130.91000000,5869.95230000,1779112799999999,12506440.85940800,86248,2854.51540000,6082211.32170900,0
1779112800000000,2130.90000000,2130.90000000,2123.29000000,2124.44000000,5003.33940000,1779113699999999,10639977.63150400,70678,1982.59280000,4216204.36985500,0
1779113700000000,2124.44000000,2128.11000000,2114.94000000,2117.05000000,7589.44030000,1779114599999999,16086164.34304200,89063,3716.89090000,7878249.06127700,0
1779114600000000,2117.05000000,2119.00000000,2098.01000000,2113.71000000,13063.10960000,1779115499999999,27558836.91236800,129970,5324.26780000,11234141.47168000,0
1779115500000000,2113.71000000,2114.90000000,2106.67000000,2110.32000000,5988.67010000,1779116399999999,12636450.14777200,70341,3187.27190000,6725811.35123800,0
1779116400000000,2110.32000000,2111.30000000,2095.51000000,2103.93000000,12450.37960000,1779117299999999,26173614.19248400,124733,5618.72990000,11811809.46055800,0
1779117300000000,2103.92000000,2103.92000000,2095.53000000,2097.71000000,8902.78050000,1779118199999999,18685474.91359500,76386,3756.76660000,7884627.84622900,0
1779118200000000,2097.70000000,2108.75000000,2093.77000000,2107.27000000,6147.78870000,1779119099999999,12924535.28531500,67339,3306.24700000,6952834.48380200,0
1779119100000000,2107.26000000,2110.65000000,2103.67000000,2107.48000000,3778.32560000,1779119999999999,7961862.17571600,42493,1833.44830000,3863172.47380600,0
1779120000000000,2107.49000000,2111.19000000,2101.56000000,2107.18000000,4458.40010000,1779120899999999,9387867.57421500,48173,1957.10340000,4121872.31818300,0
1779120900000000,2107.17000000,2111.00000000,2092.60000000,2093.46000000,5454.35260000,1779121799999999,11462979.68628000,57805,2219.27850000,4665706.81941100,0
1779121800000000,2093.46000000,2100.05000000,2090.56000000,2098.73000000,5154.95770000,1779122699999999,10803307.01128700,62733,2370.86580000,4968829.46902400,0
1779122700000000,2098.73000000,2102.27000000,2097.46000000,2097.71000000,3184.63400000,1779123599999999,6686942.57104600,39356,1368.02010000,2872357.99586100,0
1779123600000000,2097.71000000,2107.85000000,2095.33000000,2102.43000000,2965.70400000,1779124499999999,6236116.62826000,41662,1578.23480000,3318772.85449300,0
1779124500000000,2102.42000000,2107.28000000,2102.42000000,2107.28000000,2118.73150000,1779125399999999,4461169.96045300,35837,1214.08930000,2556435.94820300,0
1779125400000000,2107.28000000,2108.21000000,2103.39000000,2107.45000000,1558.62760000,1779126299999999,3282980.06543000,28698,884.11870000,1862371.05108300,0
1779126300000000,2107.46000000,2110.19000000,2106.06000000,2108.21000000,3818.78320000,1779127199999999,8051127.57987400,27104,1322.38140000,2788025.25810700,0
1779127200000000,2108.21000000,2109.12000000,2100.42000000,2100.72000000,2247.27380000,1779128099999999,4728777.62275400,28935,1195.53100000,2516015.95288200,0
1779128100000000,2100.72000000,2100.72000000,2077.23000000,2088.36000000,19815.48900000,1779128999999999,41366596.01343600,107018,10577.21090000,22084384.41236000,0
1779129000000000,2088.37000000,2092.12000000,2084.53000000,2087.16000000,3950.84340000,1779129899999999,8251648.67727400,52721,1685.27740000,3520147.56375400,0
1779129900000000,2087.17000000,2090.37000000,2079.86000000,2081.32000000,3591.02150000,1779130799999999,7486146.27666800,52124,1287.90280000,2685328.83017200,0
1779130800000000,2081.31000000,2113.55000000,2079.64000000,2105.64000000,15907.42420000,1779131699999999,33446022.35975200,175822,8757.20510000,18409553.51022700,0
1779131700000000,2105.64000000,2109.59000000,2102.21000000,2105.70000000,4774.92380000,1779132599999999,10055793.74576900,56469,2240.46300000,4718355.00939600,0
1779132600000000,2105.69000000,2117.32000000,2105.01000000,2116.66000000,5592.33810000,1779133499999999,11807888.87241500,57148,3655.07440000,7717448.96162300,0
1779133500000000,2116.65000000,2128.49000000,2116.15000000,2125.07000000,9013.74100000,1779134399999999,19132313.22400500,85275,5058.07480000,10735060.70862600,0
1779134400000000,2125.07000000,2129.84000000,2122.89000000,2127.39000000,3647.74880000,1779135299999999,7757378.44207000,41624,1901.82480000,4044506.73250400,0
1779135300000000,2127.39000000,2129.42000000,2124.77000000,2128.67000000,1879.16510000,1779136199999999,3997147.72971000,23584,1083.66890000,2305150.12711000,0
1779136200000000,2128.67000000,2131.03000000,2122.28000000,2122.29000000,2448.12170000,1779137099999999,5203487.91536800,27442,1091.61220000,2320511.05930900,0
1779137100000000,2122.29000000,2122.49000000,2115.01000000,2117.61000000,2640.72510000,1779137999999999,5593254.46978400,29200,1072.82830000,2272128.67293000,0
1779138000000000,2117.62000000,2124.39000000,2114.59000000,2121.70000000,2419.39360000,1779138899999999,5127019.57939100,28185,1441.71760000,3055372.60762000,0
1779138900000000,2121.69000000,2133.11000000,2121.69000000,2130.87000000,3515.95830000,1779139799999999,7481644.64347300,29072,2593.75240000,5519202.47141300,0
1779139800000000,2130.88000000,2142.67000000,2130.88000000,2137.62000000,6452.20650000,1779140699999999,13786631.64586600,52764,3879.55710000,8288665.49597500,0
1779140700000000,2137.63000000,2139.31000000,2133.39000000,2137.38000000,1936.57380000,1779141599999999,4137671.67070300,25214,1066.93290000,2279526.97698900,0
1779141600000000,2137.39000000,2139.20000000,2133.17000000,2136.71000000,3779.90960000,1779142499999999,8075961.69004100,26715,2171.15010000,4638717.15743100,0
1779142500000000,2136.70000000,2142.57000000,2135.57000000,2139.66000000,3221.31670000,1779143399999999,6892660.17767700,23743,1838.25030000,3932815.13265100,0
1779143400000000,2139.66000000,2141.85000000,2134.11000000,2135.01000000,2707.80260000,1779144299999999,5791328.32633500,20244,1431.58230000,3062188.66636700,0
1779144300000000,2135.02000000,2136.03000000,2130.50000000,2135.74000000,2576.88920000,1779145199999999,5495678.35320300,19170,1080.84860000,2305472.65880100,0
1779145200000000,2135.73000000,2139.17000000,2135.19000000,2135.20000000,1175.12290000,1779146099999999,2511715.70644300,18690,699.78360000,1495713.72475400,0
1779146100000000,2135.19000000,2135.38000000,2132.84000000,2132.84000000,1296.44250000,1779146999999999,2766179.90108700,10099,889.94170000,1898770.45958100,0
1779147000000000,2132.84000000,2134.58000000,2130.42000000,2134.57000000,1601.13100000,1779147899999999,3414121.97512500,13949,981.54530000,2093021.69230100,0
1779147900000000,2134.58000000,2134.58000000,2127.75000000,2130.08000000,1337.77800000,1779148799999999,2849133.42904800,15475,613.97370000,1307553.48037600,0
1779148800000000,2130.08000000,2134.40000000,2128.44000000,2132.79000000,1988.84210000,1779149699999999,4237721.02706600,29972,1223.49950000,2606994.68825900,0
1779149700000000,2132.78000000,2146.95000000,2131.76000000,2139.73000000,3416.92510000,1779150599999999,7313487.89297600,44935,2134.01900000,4567598.08459400,0
1779150600000000,2139.73000000,2141.45000000,2135.49000000,2137.65000000,1068.54470000,1779151499999999,2285043.53852400,22049,578.33600000,1236886.71652400,0
1779151500000000,2137.65000000,2142.53000000,2135.82000000,2135.88000000,1278.46140000,1779152399999999,2734676.15759900,22562,787.23890000,1684223.33397300,0
1779152400000000,2135.88000000,2138.40000000,2132.01000000,2135.61000000,1663.42160000,1779153299999999,3551123.51353400,37801,967.39240000,2065340.85109600,0
1779153300000000,2135.62000000,2135.92000000,2123.71000000,2125.82000000,2845.33530000,1779154199999999,6056910.03002100,44859,1302.37720000,2771765.84539700,0
1779154200000000,2125.82000000,2133.00000000,2124.16000000,2131.20000000,2363.51740000,1779155099999999,5032334.30221100,38978,1487.64540000,3167347.82312500,0
1779155100000000,2131.20000000,2131.33000000,2124.92000000,2124.92000000,1386.53520000,1779155999999999,2949680.56723800,25887,723.44250000,1539044.97121100,0
1779156000000000,2124.92000000,2126.56000000,2118.60000000,2125.31000000,2259.12600000,1779156899999999,4795067.89287700,37901,1102.92490000,2341850.64265800,0
1779156900000000,2125.31000000,2135.67000000,2123.94000000,2131.42000000,2581.39520000,1779157799999999,5498112.33099000,34776,1798.74850000,3830554.95800700,0
1779157800000000,2131.42000000,2131.49000000,2125.64000000,2126.36000000,1305.56460000,1779158699999999,2779110.59097500,22135,475.76550000,1012752.67498400,0
1779158700000000,2126.36000000,2128.20000000,2122.40000000,2123.31000000,1500.06750000,1779159599999999,3186364.79529700,22091,491.21730000,1043617.07269000,0
1779159600000000,2123.30000000,2128.89000000,2122.06000000,2128.88000000,998.65090000,1779160499999999,2122632.44822800,20266,535.89820000,1139060.57204100,0
1779160500000000,2128.88000000,2132.90000000,2126.49000000,2128.23000000,1493.70350000,1779161399999999,3181180.07001200,19457,906.47110000,1930781.98435800,0
1779161400000000,2128.24000000,2132.73000000,2128.23000000,2132.69000000,1625.10480000,1779162299999999,3462666.16679800,17090,696.19860000,1483529.22399800,0
1779162300000000,2132.69000000,2134.61000000,2130.91000000,2131.30000000,889.83540000,1779163199999999,1898131.99485600,15120,591.07300000,1260851.31701900,0
1779163200000000,2131.30000000,2136.65000000,2129.38000000,2135.49000000,1919.14760000,1779164099999999,4093315.16091100,26614,1164.92840000,2484893.01441800,0
1779164100000000,2135.49000000,2135.88000000,2128.22000000,2129.80000000,924.14520000,1779164999999999,1969439.43787000,16852,324.66250000,692145.75845600,0
1779165000000000,2129.81000000,2134.47000000,2129.60000000,2133.38000000,647.57260000,1779165899999999,1380793.90753000,10423,415.94330000,886800.37999800,0
1779165900000000,2133.39000000,2135.28000000,2133.39000000,2133.88000000,1137.57390000,1779166799999999,2428139.24656500,10531,518.88730000,1107480.94188100,0
1779166800000000,2133.88000000,2134.52000000,2128.49000000,2130.98000000,1241.42100000,1779167699999999,2647315.54142200,13251,528.01380000,1126102.79107800,0
1779167700000000,2130.98000000,2131.03000000,2123.61000000,2129.88000000,1813.07880000,1779168599999999,3857648.54442100,22788,823.34370000,1751989.71050600,0
1779168600000000,2129.88000000,2136.97000000,2128.50000000,2132.88000000,2262.08520000,1779169499999999,4824577.25581000,22767,1284.78270000,2740601.49884100,0
1779169500000000,2132.87000000,2137.74000000,2132.38000000,2135.21000000,2068.24140000,1779170399999999,4417125.28664800,14231,942.51710000,2012880.62982300,0
1779170400000000,2135.21000000,2136.61000000,2133.44000000,2136.23000000,1756.63600000,1779171299999999,3750180.47416200,18120,866.52070000,1849989.78869700,0
1779171300000000,2136.23000000,2137.13000000,2132.71000000,2135.25000000,1495.53150000,1779172199999999,3193515.75713100,15711,816.16230000,1742828.51345900,0
1779172200000000,2135.25000000,2140.31000000,2134.11000000,2139.91000000,1389.37980000,1779173099999999,2969490.43221100,20215,782.98930000,1673924.66911900,0
1779173100000000,2139.91000000,2139.91000000,2137.02000000,2137.52000000,902.87580000,1779173999999999,1930512.36645300,12050,343.16460000,733736.17439000,0
1779174000000000,2137.52000000,2141.55000000,2135.29000000,2138.88000000,1571.28660000,1779174899999999,3359261.43578600,21705,822.33000000,1758461.27474500,0
1779174900000000,2138.89000000,2140.83000000,2137.10000000,2138.49000000,1055.14240000,1779175799999999,2256982.33525000,16032,713.20640000,1525642.67513400,0
1779175800000000,2138.49000000,2143.16000000,2138.18000000,2142.23000000,2330.16650000,1779176699999999,4986919.50015400,21296,1488.18050000,3184771.10552000,0
1779176700000000,2142.24000000,2145.00000000,2140.27000000,2140.97000000,2158.85180000,1779177599999999,4625834.11788400,15274,1065.26010000,2282578.23979100,0
1779177600000000,2140.97000000,2141.40000000,2133.72000000,2135.18000000,1954.22200000,1779178499999999,4177072.72025000,16724,775.23320000,1657009.05454800,0
1779178500000000,2135.17000000,2137.79000000,2131.01000000,2134.14000000,1718.48120000,1779179399999999,3667476.96381000,23050,770.59580000,1644636.78999700,0
1779179400000000,2134.14000000,2141.29000000,2133.28000000,2137.47000000,1894.44470000,1779180299999999,4047786.59068900,21132,1314.08320000,2807374.91591800,0
1779180300000000,2137.46000000,2138.76000000,2133.07000000,2133.72000000,1507.20260000,1779181199999999,3219060.32805300,15880,671.14410000,1433655.79917000,0
1779181200000000,2133.72000000,2134.50000000,2131.27000000,2131.99000000,932.39190000,1779182099999999,1988765.88049900,13392,297.51320000,634597.66494600,0
1779182100000000,2131.99000000,2131.99000000,2114.75000000,2115.91000000,5699.25740000,1779182999999999,12090870.58788200,46211,1495.05130000,3170719.26959200,0
1779183000000000,2115.90000000,2119.02000000,2112.16000000,2115.88000000,3552.29110000,1779183899999999,7516668.40085900,35316,2068.40340000,4377388.30558900,0
1779183900000000,2115.87000000,2116.50000000,2111.25000000,2114.49000000,1910.85280000,1779184799999999,4040086.63814900,22764,654.55090000,1383852.73212800,0
1779184800000000,2114.49000000,2115.89000000,2108.98000000,2115.34000000,2503.89530000,1779185699999999,5290807.10187900,28996,719.49610000,1520304.68584600,0
1779185700000000,2115.35000000,2116.50000000,2113.00000000,2116.50000000,1249.68430000,1779186599999999,2642790.36355000,14969,425.92930000,900854.39289000,0
1779186600000000,2116.49000000,2121.96000000,2109.22000000,2109.73000000,3645.55090000,1779187499999999,7711299.26886100,42698,1250.02540000,2645347.64740100,0
1779187500000000,2109.74000000,2120.45000000,2106.77000000,2118.36000000,3004.64600000,1779188399999999,6349295.60804300,34564,1300.91270000,2750483.36512500,0
1779188400000000,2118.37000000,2120.24000000,2117.37000000,2118.27000000,1363.53120000,1779189299999999,2889213.70780600,19125,447.95870000,949116.97581900,0
1779189300000000,2118.27000000,2119.23000000,2112.99000000,2114.82000000,1325.60090000,1779190199999999,2804619.98498900,17414,350.34850000,741176.77599700,0
1779190200000000,2114.82000000,2115.85000000,2109.22000000,2109.41000000,1556.58470000,1779191099999999,3287906.44220300,19285,517.59160000,1093002.59250100,0
1779191100000000,2109.41000000,2112.92000000,2109.26000000,2110.85000000,1276.99780000,1779191999999999,2696043.09554300,15582,588.14870000,1241621.79810900,0
1779192000000000,2110.85000000,2113.96000000,2108.64000000,2113.95000000,1888.71030000,1779192899999999,3988583.11913500,20916,755.66870000,1595982.43850600,0
1779192900000000,2113.96000000,2117.01000000,2113.12000000,2117.01000000,1416.35460000,1779193799999999,2996028.47729300,13288,867.47110000,1835038.42740500,0
1779193800000000,2117.01000000,2119.35000000,2116.72000000,2117.63000000,1545.49460000,1779194699999999,3273134.46125200,19307,663.43450000,1405051.54190800,0
1779194700000000,2117.64000000,2119.25000000,2116.94000000,2118.49000000,972.09600000,1779195599999999,2059210.03688200,14252,362.17100000,767182.27439000,0
1779195600000000,2118.50000000,2119.73000000,2111.10000000,2114.67000000,2836.19780000,1779196499999999,5999932.31373000,29679,1027.24170000,2173232.86835400,0
1779196500000000,2114.67000000,2114.83000000,2107.65000000,2108.05000000,2990.34370000,1779197399999999,6313164.38303500,36252,1144.32900000,2416027.67271400,0
1779197400000000,2108.06000000,2127.53000000,2107.70000000,2112.80000000,7588.12840000,1779198299999999,16072397.55724500,91196,3568.28700000,7558814.91005600,0
1779198300000000,2112.80000000,2125.44000000,2112.63000000,2119.03000000,4293.33050000,1779199199999999,9102213.79713800,62559,2134.72580000,4525864.75147300,0
1779199200000000,2119.02000000,2123.60000000,2110.35000000,2110.36000000,6075.57300000,1779200099999999,12851206.46838400,66946,2040.05700000,4316271.21159300,0
1779200100000000,2110.35000000,2111.71000000,2098.58000000,2107.10000000,9310.15150000,1779200999999999,19599822.52385700,96140,3382.21580000,7120957.91699000,0
1779201000000000,2107.10000000,2112.02000000,2100.50000000,2106.78000000,4044.62880000,1779201899999999,8519536.96755100,65832,1905.45540000,4014979.85528800,0
1779201900000000,2106.78000000,2107.64000000,2094.47000000,2106.55000000,4280.47660000,1779202799999999,8993232.80613300,67876,1875.94520000,3941829.80828900,0
1779202800000000,2106.54000000,2111.48000000,2104.52000000,2110.19000000,2514.08140000,1779203699999999,5301459.71030600,39688,1393.77590000,2939016.02456000,0
1779203700000000,2110.20000000,2112.80000000,2103.58000000,2106.52000000,2157.50140000,1779204599999999,4547839.18452700,34263,1004.45780000,2117759.39882700,0
1779204600000000,2106.51000000,2113.42000000,2105.84000000,2109.89000000,2508.51010000,1779205499999999,5295156.62690500,35238,1425.44020000,3008810.13671000,0
1779205500000000,2109.89000000,2112.24000000,2107.35000000,2110.19000000,1457.75930000,1779206399999999,3075665.00126700,27071,700.07560000,1476986.07446400,0
1779206400000000,2110.20000000,2112.16000000,2107.12000000,2108.07000000,1871.11870000,1779207299999999,3947377.00226700,30615,1017.37500000,2146286.54847200,0
1779207300000000,2108.07000000,2112.64000000,2108.07000000,2112.16000000,1296.64850000,1779208199999999,2737193.95963700,21518,734.40940000,1550222.89493000,0
1779208200000000,2112.16000000,2118.04000000,2112.07000000,2118.04000000,1929.09080000,1779209099999999,4080448.39194700,30022,1352.79010000,2861496.24110300,0
1779209100000000,2118.05000000,2122.45000000,2116.62000000,2121.12000000,1748.71230000,1779209999999999,3706495.10685800,21937,839.71350000,1779861.59242500,0
1779210000000000,2121.11000000,2123.37000000,2119.31000000,2122.91000000,1704.21320000,1779210899999999,3615294.44815800,20695,1066.25330000,2262173.43946300,0
1779210900000000,2122.91000000,2125.07000000,2119.11000000,2119.60000000,1700.90130000,1779211799999999,3610074.07984800,20104,679.15260000,1441363.29659300,0
1779211800000000,2119.59000000,2120.59000000,2113.91000000,2116.99000000,1896.61540000,1779212699999999,4016208.45130000,21084,624.54050000,1322380.82342600,0
1779212700000000,2116.99000000,2116.99000000,2112.92000000,2115.75000000,1072.09650000,1779213599999999,2267608.28596300,13793,509.01580000,1076660.56174900,0
1779213600000000,2115.75000000,2119.06000000,2113.86000000,2117.95000000,1082.07800000,1779214499999999,2290961.68580700,12411,696.36370000,1474537.51903000,0
1779214500000000,2117.95000000,2119.62000000,2111.72000000,2112.66000000,1945.64790000,1779215399999999,4116348.57754400,18765,752.28510000,1591774.75164000,0
1779215400000000,2112.66000000,2116.52000000,2110.74000000,2115.58000000,1056.89110000,1779216299999999,2234906.27368900,12036,487.41360000,1030662.09197900,0
1779216300000000,2115.58000000,2117.58000000,2113.78000000,2115.28000000,933.87780000,1779217199999999,1976066.23549400,11640,499.38450000,1056662.47082000,0
1779217200000000,2115.27000000,2122.39000000,2115.27000000,2122.39000000,1400.54140000,1779218099999999,2968020.63655100,12814,698.91660000,1480813.30393300,0
1779218100000000,2122.39000000,2123.16000000,2111.61000000,2112.52000000,2031.52950000,1779218999999999,4300229.49757900,15898,746.53900000,1580349.40355300,0
1779219000000000,2112.52000000,2115.94000000,2110.14000000,2114.12000000,1443.53850000,1779219899999999,3050358.31017400,18987,507.12720000,1071956.58749600,0
1779219900000000,2114.12000000,2114.72000000,2110.75000000,2113.15000000,1561.36110000,1779220799999999,3299321.42035100,21326,574.35800000,1213547.56869300,0
1779220800000000,2113.14000000,2116.82000000,2112.41000000,2115.41000000,507.53080000,1779221699999999,1073312.45245200,10013,227.96060000,482091.47528300,0
1779221700000000,2115.41000000,2116.30000000,2114.56000000,2115.61000000,421.87490000,1779222599999999,892404.76353600,6131,113.85100000,240826.84000200,0
1779222600000000,2115.61000000,2118.23000000,2115.37000000,2116.22000000,850.14160000,1779223499999999,1799649.57370800,6716,275.79210000,583748.97916400,0
1779223500000000,2116.22000000,2118.82000000,2116.21000000,2118.39000000,582.64070000,1779224399999999,1234189.72927600,5928,239.65500000,507639.78589100,0
1779224400000000,2118.38000000,2120.59000000,2116.69000000,2119.51000000,781.46540000,1779225299999999,1655562.24498100,10281,373.32790000,790921.40322000,0
1779225300000000,2119.51000000,2120.13000000,2117.77000000,2118.47000000,1225.46500000,1779226199999999,2596655.43425600,9526,347.44150000,736128.84931900,0
1779226200000000,2118.47000000,2120.45000000,2118.28000000,2118.42000000,602.08590000,1779227099999999,1276165.01637000,10283,256.18480000,542949.71000800,0
1779227100000000,2118.42000000,2119.81000000,2116.87000000,2116.97000000,805.51880000,1779227999999999,1706686.66259200,11389,303.59640000,643198.35718000,0
1779228000000000,2116.97000000,2116.97000000,2109.42000000,2109.60000000,2393.67480000,1779228899999999,5055493.79766700,27224,879.97020000,1858225.84746900,0
1779228900000000,2109.59000000,2109.78000000,2103.38000000,2104.30000000,2381.70220000,1779229799999999,5016880.00516300,25458,941.87000000,1983751.35981300,0
1779229800000000,2104.30000000,2108.24000000,2102.09000000,2107.58000000,1638.18990000,1779230699999999,3448976.80385100,16579,763.43550000,1607424.93480600,0
1779230700000000,2107.57000000,2108.28000000,2106.34000000,2106.40000000,767.40630000,1779231599999999,1617159.55814900,9694,322.31570000,679185.37318600,0
1779231600000000,2106.40000000,2112.18000000,2104.66000000,2111.16000000,1245.22590000,1779232499999999,2625534.50969700,12507,750.80600000,1583066.75839900,0
1779232500000000,2111.16000000,2116.35000000,2110.93000000,2115.85000000,1110.41940000,1779233399999999,2346980.88169400,13384,676.69240000,1430269.04961500,0
1779233400000000,2115.86000000,2118.68000000,2114.93000000,2115.62000000,1503.46850000,1779234299999999,3182442.09467100,20227,834.72760000,1766835.07901900,0
1779234300000000,2115.63000000,2115.70000000,2111.51000000,2111.93000000,1140.26330000,1779235199999999,2409688.72695900,16636,379.53000000,801965.26753800,0
1779235200000000,2111.93000000,2114.11000000,2104.96000000,2104.96000000,1509.24870000,1779236099999999,3184495.83113100,28486,617.54530000,1303427.84536400,0
1779236100000000,2104.97000000,2109.02000000,2103.30000000,2108.96000000,1427.50930000,1779236999999999,3005999.11474100,26863,613.06550000,1290963.40849000,0
1779237000000000,2108.97000000,2115.95000000,2107.18000000,2110.17000000,2023.46690000,1779237899999999,4270646.21707200,32895,1259.31670000,2658212.96561000,0
1779237900000000,2110.17000000,2112.36000000,2109.13000000,2111.29000000,1019.29300000,1779238799999999,2151485.45384600,19680,483.20020000,1019872.02916300,0
1779238800000000,2111.29000000,2116.94000000,2108.36000000,2115.42000000,1489.11470000,1779239699999999,3145921.78279000,35363,915.44820000,1934358.09772600,0
1779239700000000,2115.41000000,2115.41000000,2103.29000000,2103.83000000,1787.84100000,1779240599999999,3771385.85501400,26081,651.09920000,1374433.40456400,0
1779240600000000,2103.84000000,2109.48000000,2103.42000000,2107.10000000,1638.31730000,1779241499999999,3450651.16267700,30492,874.74280000,1842465.07615900,0
1779241500000000,2107.10000000,2119.24000000,2106.36000000,2115.28000000,2063.52080000,1779242399999999,4360864.18325500,43335,1250.10010000,2641702.24317300,0
1779242400000000,2115.28000000,2116.26000000,2111.47000000,2113.53000000,809.74280000,1779243299999999,1711638.88698800,20014,352.22970000,744650.08412700,0
1779243300000000,2113.54000000,2117.14000000,2112.28000000,2112.36000000,716.38110000,1779244199999999,1514614.62639500,15356,347.11220000,733918.85922400,0
1779244200000000,2112.35000000,2112.36000000,2106.01000000,2107.43000000,1098.70390000,1779245099999999,2317026.65060100,24788,406.80610000,857845.06104500,0
1779245100000000,2107.42000000,2110.09000000,2106.50000000,2109.43000000,569.85570000,1779245999999999,1201319.58611600,14327,296.80590000,625683.28679200,0
1779246000000000,2109.42000000,2109.42000000,2106.10000000,2107.75000000,702.74380000,1779246899999999,1480919.65963600,14445,276.85930000,583481.57507900,0
1779246900000000,2107.75000000,2116.30000000,2107.59000000,2115.29000000,1163.74450000,1779247799999999,2458411.52079600,16521,902.33760000,1906341.24167100,0
1779247800000000,2115.30000000,2115.30000000,2111.73000000,2112.40000000,783.71450000,1779248699999999,1656489.15199200,16568,292.81450000,618918.76389400,0
1779248700000000,2112.40000000,2112.66000000,2110.45000000,2111.60000000,511.28150000,1779249599999999,1079561.12504000,9387,201.48420000,425416.21414100,0
1779249600000000,2111.60000000,2114.71000000,2111.60000000,2114.59000000,980.65350000,1779250499999999,2072592.60483700,17735,397.07840000,839183.32955400,0
1779250500000000,2114.59000000,2114.78000000,2112.65000000,2113.00000000,918.99160000,1779251399999999,1942770.51545500,11362,275.01770000,581326.07529700,0
1779251400000000,2113.00000000,2113.29000000,2107.30000000,2110.82000000,1526.10700000,1779252299999999,3219633.47418200,11942,461.78020000,974352.78071500,0
1779252300000000,2110.82000000,2113.21000000,2110.81000000,2113.20000000,434.09750000,1779253199999999,916935.97383900,7283,291.63690000,615999.95495500,0
1779253200000000,2113.20000000,2127.01000000,2113.20000000,2124.58000000,7870.08580000,1779254099999999,16691197.13079100,40334,6147.61170000,13036102.93443100,0
1779254100000000,2124.59000000,2125.66000000,2122.15000000,2124.22000000,2249.46750000,1779254999999999,4777240.95147100,20592,1074.90450000,2282770.43118600,0
1779255000000000,2124.23000000,2130.38000000,2124.23000000,2126.33000000,2797.48270000,1779255899999999,5952893.61205900,29210,1454.45460000,3095031.06541800,0
1779255900000000,2126.34000000,2127.14000000,2124.76000000,2125.63000000,1292.97160000,1779256799999999,2748452.13418400,16664,420.17490000,893129.72247900,0
1779256800000000,2125.63000000,2127.99000000,2125.62000000,2127.12000000,813.44220000,1779257699999999,1730275.90095100,15365,314.56110000,669107.98150000,0
1779257700000000,2127.13000000,2133.00000000,2127.13000000,2129.41000000,5381.63080000,1779258599999999,11469602.33215600,18906,1671.11820000,3560622.29271400,0
1779258600000000,2129.41000000,2131.74000000,2126.83000000,2131.50000000,1784.05020000,1779259499999999,3798498.60336400,16505,947.64130000,2018069.99583500,0
1779259500000000,2131.50000000,2134.41000000,2129.26000000,2133.75000000,2076.23060000,1779260399999999,4427645.96844900,17555,1299.42200000,2771179.40317300,0
1779260400000000,2133.76000000,2134.50000000,2130.31000000,2131.66000000,1415.84950000,1779261299999999,3018895.03335500,17102,663.08640000,1413864.08016000,0
1779261300000000,2131.67000000,2136.50000000,2129.84000000,2134.37000000,3160.65280000,1779262199999999,6744999.90688000,17911,1419.72620000,3030218.71168200,0
1779262200000000,2134.37000000,2134.79000000,2131.85000000,2133.07000000,1142.45180000,1779263099999999,2437048.35632700,12019,551.23700000,1175798.21293500,0
1779263100000000,2133.06000000,2133.34000000,2128.51000000,2129.74000000,1270.12430000,1779263999999999,2705875.25481000,7919,410.78710000,875142.41590300,0
1779264000000000,2129.75000000,2132.50000000,2128.87000000,2130.26000000,1890.52870000,1779264899999999,4027366.92923400,12984,832.83210000,1774195.49805000,0
1779264900000000,2130.26000000,2131.93000000,2128.91000000,2131.49000000,1388.15380000,1779265799999999,2958156.11400900,15434,450.16640000,959176.97070600,0
1779265800000000,2131.49000000,2138.00000000,2131.35000000,2136.65000000,3332.46830000,1779266699999999,7115217.41083300,28809,2090.94860000,4464441.87031700,0
1779266700000000,2136.65000000,2137.00000000,2131.36000000,2131.91000000,1504.48540000,1779267599999999,3210467.53863900,14228,515.30310000,1099628.67101500,0
1779267600000000,2131.91000000,2132.57000000,2128.53000000,2129.48000000,1510.48850000,1779268499999999,3217290.89538700,13764,680.70150000,1449871.95245500,0
1779268500000000,2129.48000000,2132.13000000,2127.70000000,2131.64000000,1048.41400000,1779269399999999,2233103.06489900,12041,529.14070000,1127183.85753500,0
1779269400000000,2131.64000000,2133.00000000,2131.04000000,2131.05000000,754.38790000,1779270299999999,1608289.91736300,9696,311.18020000,663436.86094300,0
1779270300000000,2131.05000000,2131.05000000,2128.50000000,2129.36000000,1024.12390000,1779271199999999,2180911.19705600,9343,735.75910000,1566771.22995500,0
1779271200000000,2129.36000000,2134.18000000,2129.36000000,2132.49000000,1277.33980000,1779272099999999,2723537.29407700,15018,872.26460000,1859708.67038300,0
1779272100000000,2132.49000000,2134.12000000,2131.58000000,2133.34000000,990.65030000,1779272999999999,2112971.20198900,11616,528.48240000,1127151.53907600,0
1779273000000000,2133.33000000,2137.02000000,2132.18000000,2132.59000000,1702.38000000,1779273899999999,3634141.64141200,15566,1050.12720000,2241723.79939600,0
1779273900000000,2132.60000000,2133.64000000,2130.81000000,2130.82000000,836.59890000,1779274799999999,1783726.01362600,10408,454.67800000,969455.38217900,0
1779274800000000,2130.82000000,2132.24000000,2129.59000000,2129.59000000,721.15570000,1779275699999999,1536567.90267300,9058,278.09200000,592527.30181400,0
1779275700000000,2129.59000000,2130.69000000,2128.09000000,2128.11000000,931.52060000,1779276599999999,1983740.39040800,8364,410.50210000,874233.75842800,0
1779276600000000,2128.11000000,2130.48000000,2125.00000000,2126.53000000,2051.99190000,1779277499999999,4365676.98021700,14032,770.36430000,1639117.48987800,0
1779277500000000,2126.53000000,2128.48000000,2124.28000000,2128.30000000,1218.73700000,1779278399999999,2591520.37072500,10361,651.04780000,1384293.33754700,0
1779278400000000,2128.31000000,2132.31000000,2127.02000000,2130.88000000,1282.78710000,1779279299999999,2732619.99304200,14070,826.49380000,1760440.99948700,0
1779279300000000,2130.89000000,2133.13000000,2127.36000000,2131.14000000,1431.54120000,1779280199999999,3050662.52278600,13740,620.10000000,1321332.32441100,0
1779280200000000,2131.13000000,2133.48000000,2131.13000000,2132.03000000,998.69600000,1779281099999999,2129353.30661100,10548,561.82200000,1197821.18368300,0
1779281100000000,2132.03000000,2140.00000000,2131.44000000,2134.01000000,2129.33920000,1779281999999999,4546488.57637900,19464,1129.89260000,2413229.92489200,0
1779282000000000,2134.02000000,2135.73000000,2130.35000000,2131.13000000,1101.24310000,1779282899999999,2349195.83926400,14636,348.21480000,742962.86574100,0
1779282900000000,2131.14000000,2131.50000000,2124.71000000,2126.74000000,2917.04430000,1779283799999999,6207199.80993800,20100,936.88630000,1994741.24706900,0
1779283800000000,2126.74000000,2128.02000000,2115.69000000,2121.15000000,7854.66680000,1779284699999999,16661805.37599600,78925,2828.50340000,6000899.20489100,0
1779284700000000,2121.15000000,2128.60000000,2117.67000000,2120.61000000,4536.10670000,1779285599999999,9628892.69985100,61022,1867.46870000,3965451.05045600,0
1779285600000000,2120.62000000,2126.30000000,2113.87000000,2122.69000000,4033.89670000,1779286499999999,8551555.27014100,59551,2090.86100000,4432983.46620300,0
1779286500000000,2122.70000000,2139.63000000,2122.70000000,2131.31000000,6530.95900000,1779287399999999,13926268.06725700,110577,3312.42620000,7062398.54103500,0
1779287400000000,2131.32000000,2136.72000000,2128.64000000,2133.53000000,4124.46420000,1779288299999999,8795890.84003600,54206,2170.26350000,4628659.67885400,0
1779288300000000,2133.53000000,2138.57000000,2132.66000000,2135.25000000,4822.67760000,1779289199999999,10302576.80429500,44211,2474.34910000,5286262.46386400,0
1779289200000000,2135.24000000,2136.01000000,2129.02000000,2129.67000000,1787.79630000,1779290099999999,3812313.58331500,28983,702.26140000,1497700.56413600,0
1779290100000000,2129.67000000,2149.00000000,2129.67000000,2138.99000000,10051.50130000,1779290999999999,21537898.73678000,108794,5527.36880000,11841818.43246400,0
1779291000000000,2138.99000000,2140.98000000,2132.79000000,2135.69000000,2243.30580000,1779291899999999,4794603.89453200,33774,822.60830000,1758438.88623800,0
1779291900000000,2135.68000000,2140.73000000,2134.21000000,2136.75000000,3070.95840000,1779292799999999,6565828.94244800,29951,1444.59660000,3088563.17839800,0
1779292800000000,2136.76000000,2140.51000000,2136.69000000,2138.18000000,1826.85050000,1779293699999999,3907172.67238400,23038,1004.45080000,2148301.72718400,0
1779293700000000,2138.17000000,2138.17000000,2124.10000000,2127.00000000,3547.75230000,1779294599999999,7559106.13167400,51365,1339.38800000,2853896.43863600,0
1779294600000000,2127.00000000,2136.26000000,2125.21000000,2135.52000000,2106.92470000,1779295499999999,4491250.08747100,36017,1222.79090000,2606725.35825800,0
1779295500000000,2135.53000000,2137.78000000,2133.16000000,2135.46000000,1856.10040000,1779296399999999,3963542.76492900,30783,855.69490000,1827283.91680400,0
1779296400000000,2135.46000000,2140.88000000,2132.14000000,2138.97000000,2765.89090000,1779297299999999,5909932.13717500,31413,1481.85600000,3166748.31819000,0
1779297300000000,2138.97000000,2148.70000000,2137.24000000,2145.30000000,3705.71250000,1779298199999999,7942613.29420400,43536,2333.47460000,5002061.04564300,0
1779298200000000,2145.30000000,2148.77000000,2141.98000000,2144.63000000,2503.06600000,1779299099999999,5368648.05740800,29692,1239.45710000,2658645.44778700,0
1779299100000000,2144.63000000,2146.05000000,2139.81000000,2140.50000000,1804.44320000,1779299999999999,3866009.45126700,19647,829.25380000,1777043.93809100,0
1779300000000000,2140.50000000,2140.95000000,2137.00000000,2137.91000000,2016.74530000,1779300899999999,4313358.78481700,20816,867.76660000,1855938.00635700,0
1779300900000000,2137.91000000,2140.42000000,2133.54000000,2135.74000000,1817.11540000,1779301799999999,3882698.04842000,24108,666.65730000,1424589.44170800,0
1779301800000000,2135.74000000,2137.48000000,2133.99000000,2134.76000000,965.62220000,1779302699999999,2062517.88142000,16775,485.71250000,1037529.17330400,0
1779302700000000,2134.75000000,2134.94000000,2131.30000000,2132.10000000,1223.96580000,1779303599999999,2610325.47671900,17945,594.62070000,1267990.24455100,0
1779303600000000,2132.10000000,2133.69000000,2129.11000000,2131.94000000,1450.88530000,1779304499999999,3091515.21092200,19869,909.06400000,1937065.00236700,0
1779304500000000,2131.93000000,2137.63000000,2131.04000000,2137.62000000,1505.91140000,1779305399999999,3215159.84980000,20589,994.37720000,2122748.62390200,0
1779305400000000,2137.63000000,2141.45000000,2136.79000000,2140.22000000,1868.22480000,1779306299999999,3997236.12484700,20227,1114.07500000,2383563.99164600,0
1779306300000000,2140.22000000,2141.17000000,2137.55000000,2139.12000000,1190.45330000,1779307199999999,2546962.10199100,17172,568.86900000,1217063.72389700,0
1779307200000000,2139.12000000,2140.76000000,2135.72000000,2140.25000000,908.90470000,1779308099999999,1943309.94269700,16015,410.96940000,878572.30787200,0
1779308100000000,2140.25000000,2140.50000000,2129.51000000,2136.57000000,2447.09120000,1779308999999999,5224925.74263400,38707,934.00470000,1994114.94093500,0
1779309000000000,2136.57000000,2137.02000000,2133.83000000,2135.57000000,793.54800000,1779309899999999,1694785.78616600,15468,454.36980000,970427.65849700,0
1779309900000000,2135.57000000,2137.03000000,2134.54000000,2135.93000000,808.30540000,1779310799999999,1726724.25996400,11651,385.38010000,823336.83944100,0
1779310800000000,2135.92000000,2138.59000000,2134.00000000,2137.78000000,430.63050000,1779311699999999,920177.72469300,10061,259.05410000,553502.47341800,0
1779311700000000,2137.77000000,2137.93000000,2133.02000000,2133.05000000,739.43070000,1779312599999999,1579115.36156700,10124,242.79460000,518313.88316000,0
1779312600000000,2133.04000000,2134.03000000,2131.59000000,2132.57000000,979.37450000,1779313499999999,2088723.41919900,8167,371.33380000,791977.29171900,0
1779313500000000,2132.56000000,2133.95000000,2130.61000000,2130.62000000,897.18300000,1779314399999999,1913092.25929900,10783,384.31090000,819489.85924700,0
1779314400000000,2130.61000000,2130.61000000,2119.58000000,2122.10000000,4983.67310000,1779315299999999,10586751.07648400,42570,2319.72950000,4926751.82508800,0
1779315300000000,2122.10000000,2126.98000000,2118.45000000,2126.43000000,3291.04360000,1779316199999999,6982502.69501500,26942,2301.10670000,4882129.48223700,0
1779316200000000,2126.44000000,2128.58000000,2123.22000000,2125.84000000,812.89480000,1779317099999999,1728327.11716200,15704,436.92950000,928943.64295400,0
1779317100000000,2125.85000000,2128.39000000,2125.70000000,2128.32000000,602.18320000,1779317999999999,1281031.69775700,8710,336.83570000,716505.36906600,0
1779318000000000,2128.32000000,2128.32000000,2124.10000000,2125.24000000,1205.60500000,1779318899999999,2563518.50423100,13832,696.59190000,1480962.62190300,0
1779318900000000,2125.24000000,2125.94000000,2122.59000000,2125.51000000,914.97940000,1779319799999999,1943686.64979300,12684,503.83310000,1070263.68030000,0
1779319800000000,2125.52000000,2128.17000000,2124.84000000,2127.28000000,794.40200000,1779320699999999,1689414.98700500,12662,484.76050000,1030898.87158100,0
1779320700000000,2127.27000000,2130.37000000,2126.11000000,2129.44000000,794.20360000,1779321599999999,1690811.25490400,13154,516.55740000,1099728.13012700,0
1779321600000000,2129.44000000,2133.00000000,2128.59000000,2132.56000000,1270.77840000,1779322499999999,2708227.96152300,23396,691.11510000,1472886.30181700,0
1779322500000000,2132.56000000,2135.19000000,2130.94000000,2135.18000000,1778.11080000,1779323399999999,3794455.38661700,21374,1482.75280000,3164301.60677000,0
1779323400000000,2135.19000000,2137.47000000,2133.90000000,2136.82000000,1152.48580000,1779324299999999,2461942.21396900,16288,450.40310000,962059.19855400,0
1779324300000000,2136.82000000,2145.32000000,2136.55000000,2142.92000000,3445.09950000,1779325199999999,7377457.82101900,36460,1995.30200000,4272779.32543100,0
1779325200000000,2142.93000000,2148.74000000,2142.93000000,2148.73000000,2599.14840000,1779326099999999,5576735.19178300,35412,1509.37180000,3238819.64870100,0
1779326100000000,2148.74000000,2157.50000000,2142.05000000,2143.25000000,6135.24730000,1779326999999999,13193913.77935000,58359,3094.36770000,6656699.14428800,0
1779327000000000,2143.25000000,2144.73000000,2140.00000000,2142.11000000,1484.23530000,1779327899999999,3178607.21000800,23963,632.12530000,1353836.04659000,0
1779327900000000,2142.12000000,2146.59000000,2139.31000000,2141.07000000,1606.87120000,1779328799999999,3443379.68031200,21725,942.34360000,2019467.79841800,0
1779328800000000,2141.08000000,2142.98000000,2139.50000000,2141.55000000,851.84730000,1779329699999999,1824003.11219300,17503,351.86190000,753351.97207900,0
1779329700000000,2141.55000000,2148.04000000,2140.98000000,2145.31000000,2137.88680000,1779330599999999,4587452.64527000,25515,1472.25070000,3159283.57116300,0
1779330600000000,2145.31000000,2146.59000000,2143.85000000,2144.76000000,824.12540000,1779331499999999,1767582.46828400,12625,402.14330000,862506.15327800,0
1779331500000000,2144.75000000,2144.75000000,2141.49000000,2141.50000000,955.02480000,1779332399999999,2046520.67123600,10881,483.22910000,1035443.32321000,0
1779332400000000,2141.50000000,2143.58000000,2140.85000000,2142.23000000,1203.16670000,1779333299999999,2577618.19535700,9621,635.00630000,1360282.79976000,0
1779333300000000,2142.24000000,2146.42000000,2141.04000000,2145.55000000,1121.10060000,1779334199999999,2404260.15399400,11909,702.26410000,1506154.94162200,0
1779334200000000,2145.55000000,2145.99000000,2144.68000000,2145.87000000,398.28200000,1779335099999999,854486.34339000,8816,164.65860000,353256.51775900,0
1779335100000000,2145.87000000,2146.85000000,2144.69000000,2145.76000000,801.56440000,1779335999999999,1719779.07703400,8813,396.63880000,851015.57001400,0
1779336000000000,2145.76000000,2148.75000000,2144.27000000,2144.79000000,1326.24280000,1779336899999999,2847404.43940700,13569,789.02280000,1694151.09664800,0
1779336900000000,2144.79000000,2146.63000000,2144.00000000,2145.28000000,721.50770000,1779337799999999,1548059.04303100,8358,371.18210000,796403.10237700,0
1779337800000000,2145.29000000,2146.05000000,2142.70000000,2143.58000000,674.20440000,1779338699999999,1445521.45794100,8959,331.01380000,709823.24633500,0
1779338700000000,2143.57000000,2145.62000000,2142.71000000,2145.00000000,830.74210000,1779339599999999,1781539.61306600,9610,384.69330000,824881.37485000,0
1779339600000000,2145.00000000,2148.19000000,2141.97000000,2142.33000000,1267.48570000,1779340499999999,2719280.28028800,15146,505.60970000,1085087.74811000,0
1779340500000000,2142.33000000,2144.67000000,2141.28000000,2141.70000000,887.92530000,1779341399999999,1902592.76104900,9421,389.52290000,834524.62081900,0
1779341400000000,2141.70000000,2141.79000000,2139.45000000,2140.16000000,1698.02660000,1779342299999999,3634659.87069600,10880,334.45360000,715808.66812000,0
1779342300000000,2140.15000000,2140.62000000,2133.21000000,2136.30000000,2438.16490000,1779343199999999,5208453.37614500,22276,704.82490000,1505330.25360100,0
1779343200000000,2136.31000000,2138.61000000,2134.01000000,2135.00000000,1459.97330000,1779344099999999,3119353.98847900,17784,468.41890000,1000616.41389000,0
1779344100000000,2135.01000000,2138.13000000,2132.83000000,2135.28000000,2214.83260000,1779344999999999,4729160.71255500,15791,924.69630000,1974583.90313100,0
1779345000000000,2135.29000000,2136.96000000,2131.02000000,2131.57000000,1897.31650000,1779345899999999,4048707.50178300,17350,669.72950000,1428977.62198100,0
1779345900000000,2131.57000000,2131.76000000,2127.64000000,2128.57000000,3025.58740000,1779346799999999,6442733.69605100,30447,1110.95020000,2365601.96689700,0
1779346800000000,2128.58000000,2130.93000000,2126.81000000,2129.15000000,2930.98310000,1779347699999999,6239306.85546800,24181,1441.04170000,3067662.01852300,0
1779347700000000,2129.15000000,2129.89000000,2124.25000000,2128.78000000,1875.16270000,1779348599999999,3988745.24728300,24279,628.83330000,1337761.65584600,0
1779348600000000,2128.78000000,2132.14000000,2128.76000000,2131.83000000,1577.54650000,1779349499999999,3360715.54887900,16447,1067.24890000,2273643.58244900,0
1779349500000000,2131.82000000,2137.00000000,2131.82000000,2135.06000000,2342.85110000,1779350399999999,5001260.04031900,9365,1663.32890000,3550478.41868600,0
1779350400000000,2135.07000000,2146.35000000,2135.01000000,2146.35000000,3179.69760000,1779351299999999,6810228.26878500,27416,2071.50530000,4436779.73381000,0
1779351300000000,2146.35000000,2148.33000000,2138.54000000,2141.48000000,2409.59110000,1779352199999999,5162995.00626400,35742,1208.02260000,2588031.13631100,0
1779352200000000,2141.49000000,2141.57000000,2136.27000000,2137.35000000,1501.39290000,1779353099999999,3209560.72769400,17003,484.41500000,1035471.88560300,0
1779353100000000,2137.36000000,2138.95000000,2135.88000000,2138.26000000,1192.26770000,1779353999999999,2548475.06901500,12954,511.59340000,1093557.31335600,0
1779354000000000,2138.26000000,2140.94000000,2136.53000000,2138.11000000,1787.84940000,1779354899999999,3822828.81298800,18134,692.40210000,1480425.49371100,0
1779354900000000,2138.11000000,2139.35000000,2137.06000000,2137.67000000,680.54710000,1779355799999999,1455194.77871000,13490,276.78510000,591830.19253000,0
1779355800000000,2137.67000000,2138.32000000,2128.00000000,2128.79000000,2741.65770000,1779356699999999,5842080.94726000,26027,1015.73180000,2164137.57907300,0
1779356700000000,2128.79000000,2130.74000000,2127.96000000,2127.98000000,1372.22540000,1779357599999999,2921902.22592500,14947,585.91850000,1247714.80260900,0
1779357600000000,2127.97000000,2129.47000000,2127.02000000,2128.49000000,2166.31770000,1779358499999999,4610038.74053800,18024,1243.50970000,2646243.83684900,0
1779358500000000,2128.49000000,2130.09000000,2111.86000000,2116.87000000,9870.75670000,1779359399999999,20936303.88550100,64609,4251.00730000,9020007.80529700,0
1779359400000000,2116.87000000,2120.42000000,2110.00000000,2116.14000000,5426.38730000,1779360299999999,11473901.42217700,59539,2571.43070000,5439083.05598300,0
1779360300000000,2116.13000000,2116.54000000,2111.90000000,2114.19000000,1638.08510000,1779361199999999,3463490.16158400,32246,740.03410000,1564707.72212400,0
1779361200000000,2114.20000000,2118.42000000,2112.17000000,2118.01000000,2188.51570000,1779362099999999,4628397.83874600,28776,1250.39660000,2644939.14815800,0
1779362100000000,2118.01000000,2119.69000000,2116.00000000,2117.96000000,1871.80770000,1779362999999999,3964396.90396900,18456,1024.44620000,2169778.12414400,0
1779363000000000,2117.96000000,2119.94000000,2115.32000000,2116.43000000,2065.90340000,1779363899999999,4372472.87068900,20659,1427.56790000,3021088.08477900,0
1779363900000000,2116.43000000,2117.67000000,2115.27000000,2115.27000000,1573.61620000,1779364799999999,3330104.17034200,15135,1057.93990000,2238652.63635200,0
1779364800000000,2115.28000000,2116.80000000,2112.81000000,2113.45000000,1386.53320000,1779365699999999,2932789.02093000,20249,602.27120000,1273861.31219700,0
1779365700000000,2113.45000000,2115.63000000,2112.44000000,2113.28000000,3058.74350000,1779366599999999,6465181.68384000,19762,2203.17820000,4656653.71844800,0
1779366600000000,2113.29000000,2119.70000000,2112.10000000,2117.55000000,4933.97810000,1779367499999999,10439591.85781000,39026,3447.14360000,7293116.78572800,0
1779367500000000,2117.54000000,2119.91000000,2117.08000000,2117.22000000,2283.14000000,1779368399999999,4836054.12996200,20946,1701.96750000,3604900.75743200,0
1779368400000000,2117.22000000,2120.00000000,2116.46000000,2117.68000000,2412.78720000,1779369299999999,5111665.66551800,23189,1715.93810000,3635315.02879200,0
1779369300000000,2117.68000000,2119.35000000,2115.30000000,2119.35000000,1042.94350000,1779370199999999,2207882.14778300,17865,574.75370000,1216678.80651200,0
1779370200000000,2119.36000000,2119.62000000,2105.15000000,2106.59000000,9147.59110000,1779371099999999,19309324.30831200,99727,3244.16600000,6851699.66612000,0
1779371100000000,2106.59000000,2124.09000000,2106.52000000,2120.46000000,5503.42390000,1779371999999999,11644548.52676100,77646,3150.86300000,6667255.17834400,0
1779372000000000,2120.47000000,2124.87000000,2117.46000000,2120.59000000,3637.65500000,1779372899999999,7717235.10587400,50744,1779.36670000,3774704.70297900,0
1779372900000000,2120.60000000,2120.75000000,2110.68000000,2120.21000000,2951.75500000,1779373799999999,6244728.17859500,53879,1375.63790000,2910997.47226000,0
1779373800000000,2120.20000000,2125.59000000,2118.00000000,2119.24000000,3826.88060000,1779374699999999,8121467.87896000,43285,1741.54240000,3695901.04843200,0
1779374700000000,2119.23000000,2123.20000000,2115.87000000,2121.96000000,4500.46460000,1779375599999999,9532710.86182700,40292,2836.15960000,6006665.93556600,0
1779375600000000,2121.97000000,2134.26000000,2119.44000000,2130.22000000,5231.60920000,1779376499999999,11119457.21538900,54247,3371.17810000,7165112.13665800,0
1779376500000000,2130.23000000,2137.35000000,2129.24000000,2135.86000000,5640.30930000,1779377399999999,12034508.74384700,48049,3265.53100000,6968349.40039200,0
1779377400000000,2135.87000000,2136.42000000,2126.49000000,2131.51000000,5789.66680000,1779378299999999,12340675.98862800,38286,2066.21740000,4403938.06169700,0
1779378300000000,2131.52000000,2138.05000000,2130.37000000,2132.65000000,4524.19690000,1779379199999999,9654480.47737800,29862,3141.56080000,6703459.32664900,0
1779379200000000,2132.64000000,2136.66000000,2131.53000000,2133.39000000,3996.03240000,1779380099999999,8530158.44525000,31668,2215.51800000,4729487.20639600,0
1779380100000000,2133.39000000,2134.01000000,2128.36000000,2130.85000000,1937.70180000,1779380999999999,4128953.84928800,22984,766.85670000,1634059.83811000,0
1779381000000000,2130.85000000,2134.26000000,2123.66000000,2123.93000000,2624.12020000,1779381899999999,5585902.05309600,27781,1070.84990000,2280159.82196300,0
1779381900000000,2123.93000000,2127.92000000,2122.82000000,2127.79000000,1529.42930000,1779382799999999,3250776.56538500,20811,653.70690000,1389422.02874000,0
1779382800000000,2127.80000000,2139.00000000,2126.00000000,2135.75000000,4915.60170000,1779383699999999,10486867.45036400,50153,2610.63550000,5569343.45202700,0
1779383700000000,2135.76000000,2148.00000000,2135.24000000,2147.41000000,10214.25260000,1779384599999999,21894346.62056900,105861,5775.00750000,12378403.04261800,0
1779384600000000,2147.40000000,2151.73000000,2144.21000000,2147.00000000,4400.56010000,1779385499999999,9451372.27553700,53607,2107.91950000,4528174.10863600,0
1779385500000000,2147.00000000,2153.75000000,2142.39000000,2146.60000000,3654.03720000,1779386399999999,7849475.06306100,42733,1511.41130000,3248185.61013100,0
1779386400000000,2146.60000000,2148.00000000,2139.41000000,2140.29000000,3796.27270000,1779387299999999,8136028.23609400,48964,1414.85560000,3031874.49508800,0
1779387300000000,2140.29000000,2144.04000000,2138.61000000,2139.57000000,1529.57420000,1779388199999999,3275342.83077400,25028,606.15840000,1298080.41406500,0
1779388200000000,2139.56000000,2141.26000000,2138.19000000,2139.39000000,1005.19630000,1779389099999999,2150881.97416300,18952,367.40350000,786127.92119600,0
1779389100000000,2139.39000000,2139.68000000,2121.79000000,2126.87000000,6947.90320000,1779389999999999,14792072.33276400,80792,2676.47180000,5697432.25056300,0
1779390000000000,2126.87000000,2134.81000000,2126.48000000,2132.93000000,2925.18260000,1779390899999999,6231731.77108100,36501,1668.50120000,3554495.99723200,0
1779390900000000,2132.94000000,2135.15000000,2132.21000000,2133.36000000,1280.84650000,1779391799999999,2732656.26277800,19717,650.19090000,1387157.03965900,0
1779391800000000,2133.37000000,2138.94000000,2133.37000000,2137.33000000,1496.24150000,1779392699999999,3197181.91501500,21471,1028.20090000,2197037.76412100,0
1779392700000000,2137.33000000,2145.78000000,2137.20000000,2142.83000000,3719.05500000,1779393599999999,7966912.00452700,32968,2733.69680000,5855856.91919500,0
1779393600000000,2142.84000000,2143.46000000,2139.73000000,2140.96000000,1557.59740000,1779394499999999,3336250.81701300,18653,974.22840000,2086811.54443300,0
1779394500000000,2140.96000000,2141.20000000,2138.15000000,2138.49000000,1188.72050000,1779395399999999,2543339.05402500,9511,732.45160000,1567152.40622600,0
1779395400000000,2138.49000000,2141.35000000,2137.13000000,2138.55000000,1637.54530000,1779396299999999,3503619.84218800,10491,997.13580000,2133792.75564000,0
1779396300000000,2138.56000000,2141.87000000,2137.40000000,2138.62000000,1026.66900000,1779397199999999,2196532.94458100,12486,414.99260000,887874.80646200,0
1779397200000000,2138.63000000,2141.00000000,2137.88000000,2138.55000000,665.09560000,1779398099999999,1422625.95717200,10246,303.60730000,649395.94264800,0
1779398100000000,2138.55000000,2138.97000000,2137.67000000,2138.90000000,457.82610000,1779398999999999,978994.58128100,5563,285.53000000,610552.28957200,0
1779399000000000,2138.89000000,2139.15000000,2136.28000000,2136.87000000,574.83490000,1779399899999999,1228850.64227900,7484,167.08530000,357177.61653000,0
1779399900000000,2136.88000000,2136.88000000,2134.21000000,2135.42000000,629.92930000,1779400799999999,1345285.74299500,14490,234.46540000,500690.17534900,0
1779400800000000,2135.43000000,2136.87000000,2132.84000000,2134.75000000,997.80930000,1779401699999999,2130243.08235500,20247,411.32380000,878216.23309400,0
1779401700000000,2134.74000000,2135.07000000,2132.98000000,2134.76000000,682.53120000,1779402599999999,1456368.12843400,10506,337.72230000,720601.38594400,0
1779402600000000,2134.75000000,2135.95000000,2131.03000000,2132.79000000,603.18770000,1779403499999999,1286631.71976200,12147,251.46040000,536317.58147500,0
1779403500000000,2132.80000000,2133.52000000,2131.35000000,2131.85000000,465.13900000,1779404399999999,991840.07703700,8106,213.13950000,454453.35656300,0
1779404400000000,2131.84000000,2134.30000000,2128.83000000,2129.19000000,922.42630000,1779405299999999,1966414.04460100,12149,380.83520000,811946.31103200,0
1779405300000000,2129.20000000,2133.39000000,2127.27000000,2132.86000000,990.60110000,1779406199999999,2110319.07369900,13984,539.29930000,1149097.96827600,0
1779406200000000,2132.87000000,2136.77000000,2132.67000000,2135.78000000,1010.17390000,1779407099999999,2157097.55514400,11349,513.07040000,1095500.41842000,0
1779407100000000,2135.79000000,2136.56000000,2133.14000000,2133.76000000,1035.19380000,1779407999999999,2210302.06671100,12013,521.74990000,1114109.00416500,0
1779408000000000,2133.77000000,2134.22000000,2130.25000000,2130.66000000,852.10830000,1779408899999999,1816889.40037600,20049,447.78360000,954793.07463600,0
1779408900000000,2130.66000000,2133.87000000,2129.93000000,2131.46000000,727.38200000,1779409799999999,1550738.78377700,17700,386.20810000,823327.75209200,0
1779409800000000,2131.47000000,2134.99000000,2130.02000000,2131.60000000,629.97670000,1779410699999999,1343544.92741700,17365,299.97940000,639769.48525200,0
1779410700000000,2131.60000000,2132.90000000,2129.28000000,2129.33000000,639.21380000,1779411599999999,1362184.31839000,13133,305.52830000,651051.83339200,0
1779411600000000,2129.32000000,2133.71000000,2127.56000000,2133.39000000,1154.68860000,1779412499999999,2458681.12695400,20671,672.81260000,1432623.63073500,0
1779412500000000,2133.39000000,2133.87000000,2128.55000000,2129.72000000,917.85180000,1779413399999999,1956430.64696600,12515,267.83930000,570870.42233500,0
1779413400000000,2129.71000000,2131.66000000,2125.68000000,2131.66000000,1665.88090000,1779414299999999,3546478.06925400,18923,852.89700000,1815590.71919700,0
1779414300000000,2131.66000000,2137.00000000,2131.66000000,2135.88000000,1215.13860000,1779415199999999,2594444.28882700,18534,656.39950000,1401272.05979600,0
1779415200000000,2135.89000000,2139.08000000,2135.89000000,2137.99000000,937.34530000,1779416099999999,2003766.00714100,18594,429.30890000,917726.77893900,0
1779416100000000,2137.99000000,2140.01000000,2135.42000000,2136.87000000,731.58960000,1779416999999999,1564453.00030900,15330,426.17810000,911426.68895200,0
1779417000000000,2136.86000000,2137.98000000,2134.47000000,2136.76000000,1070.79040000,1779417899999999,2287315.81084700,18287,474.42450000,1013450.54927100,0
1779417900000000,2136.76000000,2139.56000000,2135.58000000,2137.98000000,1158.99060000,1779418799999999,2477122.78628500,12228,658.93140000,1408305.26126100,0
1779418800000000,2137.97000000,2141.39000000,2136.41000000,2136.69000000,735.16810000,1779419699999999,1572446.86120900,10105,493.85660000,1056337.23353800,0
1779419700000000,2136.69000000,2138.11000000,2135.29000000,2137.69000000,548.34710000,1779420599999999,1171531.34580600,8024,319.24700000,682022.36121200,0
1779420600000000,2137.69000000,2139.03000000,2137.18000000,2137.60000000,720.89630000,1779421499999999,1541453.93972000,8861,381.04700000,814733.94016800,0
1779421500000000,2137.61000000,2138.88000000,2137.10000000,2137.88000000,333.73430000,1779422399999999,713544.93496900,6999,216.28790000,462435.73936800,0
1779422400000000,2137.89000000,2140.94000000,2137.89000000,2140.54000000,579.08200000,1779423299999999,1239138.31613800,7578,340.75080000,729094.02815600,0
1779423300000000,2140.54000000,2141.34000000,2137.62000000,2137.62000000,504.07940000,1779424199999999,1078293.59288600,8181,231.29050000,494760.53075400,0
1779424200000000,2137.62000000,2137.88000000,2134.48000000,2134.48000000,373.96690000,1779425099999999,798804.66597100,6679,98.22330000,209831.64199700,0
1779425100000000,2134.48000000,2135.11000000,2132.56000000,2134.00000000,937.76730000,1779425999999999,2000894.09044400,9300,151.72050000,323743.39992700,0
1779426000000000,2134.01000000,2135.95000000,2131.73000000,2134.56000000,1082.64050000,1779426899999999,2310329.63099700,11122,547.65570000,1168949.79547100,0
1779426900000000,2134.57000000,2135.51000000,2130.84000000,2132.24000000,954.72910000,1779427799999999,2035837.87295900,9123,320.50830000,683477.27381100,0
1779427800000000,2132.24000000,2133.10000000,2128.06000000,2131.36000000,1322.76930000,1779428699999999,2818256.96074700,14701,518.84120000,1105577.09315000,0
1779428700000000,2131.35000000,2134.00000000,2127.39000000,2129.21000000,1084.50570000,1779429599999999,2310701.45860200,13777,390.96030000,833104.74294900,0
1779429600000000,2129.21000000,2130.86000000,2127.28000000,2130.20000000,1740.77430000,1779430499999999,3706688.76651200,20731,958.57810000,2041273.10080200,0
1779430500000000,2130.19000000,2130.67000000,2126.84000000,2127.96000000,1784.39610000,1779431399999999,3798404.96145000,16533,788.71440000,1678846.31472800,0
1779431400000000,2127.96000000,2128.39000000,2125.80000000,2127.75000000,1739.94420000,1779432299999999,3700375.09040300,16211,1006.94720000,2141425.02419900,0
1779432300000000,2127.75000000,2128.29000000,2123.95000000,2125.68000000,1899.83720000,1779433199999999,4040057.31203400,17522,831.95040000,1769343.93429000,0
1779433200000000,2125.68000000,2128.66000000,2122.22000000,2127.44000000,1977.70480000,1779434099999999,4202406.64529300,22296,911.29820000,1936513.36091400,0
1779434100000000,2127.44000000,2132.08000000,2127.44000000,2131.37000000,1844.83160000,1779434999999999,3931187.51521700,12602,757.51720000,1613928.15590900,0
1779435000000000,2131.37000000,2132.73000000,2129.28000000,2130.85000000,2397.87040000,1779435899999999,5109227.77502000,14857,1731.57590000,3689530.61410900,0
1779435900000000,2130.84000000,2130.95000000,2128.69000000,2128.70000000,3209.96400000,1779436799999999,6837338.59090100,10447,2365.67400000,5039121.63275200,0
1779436800000000,2128.70000000,2130.15000000,2125.99000000,2128.29000000,4656.69520000,1779437699999999,9907717.66392200,12578,2105.88410000,4480555.93517200,0
1779437700000000,2128.29000000,2133.34000000,2128.29000000,2132.11000000,2475.14080000,1779438599999999,5275072.52547300,18917,1463.45370000,3118909.82912200,0
1779438600000000,2132.11000000,2132.39000000,2119.94000000,2124.18000000,6051.32170000,1779439499999999,12856195.55411300,39248,1965.71460000,4174995.83276700,0
1779439500000000,2124.18000000,2125.71000000,2121.62000000,2122.30000000,1801.27170000,1779440399999999,3825933.32549300,17305,1038.11110000,2205106.32204900,0
1779440400000000,2122.29000000,2123.78000000,2120.22000000,2120.66000000,2419.41340000,1779441299999999,5133329.33179700,17459,1878.20810000,3985022.46439300,0
1779441300000000,2120.66000000,2124.45000000,2119.18000000,2122.23000000,1294.06170000,1779442199999999,2745505.32526500,15885,800.73220000,1699013.10807100,0
1779442200000000,2122.23000000,2123.99000000,2119.82000000,2123.38000000,1031.58120000,1779443099999999,2188830.17550800,13373,577.69960000,1225803.72091900,0
1779443100000000,2123.38000000,2125.24000000,2120.96000000,2123.98000000,926.34430000,1779443999999999,1967263.61192600,10766,498.85380000,1059371.96698600,0
1779444000000000,2123.97000000,2124.96000000,2121.99000000,2123.60000000,618.35380000,1779444899999999,1313034.16414100,12228,297.23970000,631191.24276500,0
1779444900000000,2123.59000000,2124.40000000,2120.81000000,2124.27000000,881.69270000,1779445799999999,1871650.93915100,11847,392.54690000,833286.40240000,0
1779445800000000,2124.27000000,2125.40000000,2122.18000000,2124.41000000,685.73070000,1779446699999999,1456520.82656300,14652,411.97580000,875051.09164800,0
1779446700000000,2124.41000000,2124.46000000,2122.43000000,2123.00000000,829.16710000,1779447599999999,1760779.39603900,9023,439.00290000,932236.75333700,0
1779447600000000,2123.00000000,2125.00000000,2122.80000000,2123.00000000,935.20620000,1779448499999999,1985965.45065000,12731,573.70970000,1218376.44470900,0
1779448500000000,2122.99000000,2125.19000000,2120.10000000,2124.61000000,1724.59530000,1779449399999999,3658873.78882300,18682,1330.95210000,2823527.41855300,0
1779449400000000,2124.61000000,2127.67000000,2124.52000000,2126.36000000,1468.93850000,1779450299999999,3123691.88645700,12859,1075.51060000,2287107.41421900,0
1779450300000000,2126.37000000,2131.01000000,2125.86000000,2130.78000000,3033.70230000,1779451199999999,6461307.34483300,18452,1747.10170000,3720354.89801100,0
1779451200000000,2130.78000000,2137.20000000,2129.31000000,2135.42000000,2617.16020000,1779452099999999,5583606.83180500,28734,1674.98800000,3573285.99502700,0
1779452100000000,2135.42000000,2138.00000000,2131.11000000,2131.63000000,2907.49760000,1779452999999999,6203542.71971600,30428,1809.66400000,3860865.28522900,0
1779453000000000,2131.62000000,2132.67000000,2130.14000000,2132.55000000,1113.58880000,1779453899999999,2373560.86622000,13281,605.95150000,1291620.52666900,0
1779453900000000,2132.55000000,2135.42000000,2132.54000000,2134.99000000,967.35370000,1779454799999999,2064273.26418400,11073,503.19750000,1073747.36147700,0
1779454800000000,2135.00000000,2135.75000000,2131.91000000,2133.96000000,2354.48620000,1779455699999999,5025054.67872000,20810,1476.08400000,3150343.79136300,0
1779455700000000,2133.96000000,2135.75000000,2129.66000000,2129.66000000,2304.90850000,1779456599999999,4914465.12936600,21377,1039.37380000,2216412.62448700,0
1779456600000000,2129.66000000,2132.71000000,2124.01000000,2128.37000000,4749.40570000,1779457499999999,10108611.45018100,62664,2046.35470000,4355340.28414600,0
1779457500000000,2128.38000000,2130.72000000,2126.38000000,2130.23000000,2535.28610000,1779458399999999,5396518.05937200,38749,1845.44480000,3928211.05116400,0
1779458400000000,2130.23000000,2130.23000000,2120.68000000,2123.99000000,6939.40600000,1779459299999999,14747547.83675100,61486,4733.04910000,10058843.02102200,0
1779459300000000,2124.00000000,2125.31000000,2112.58000000,2118.24000000,5482.22170000,1779460199999999,11614724.58918800,58264,2840.89360000,6021734.96239500,0
1779460200000000,2118.24000000,2121.58000000,2117.43000000,2119.77000000,1611.23440000,1779461099999999,3415262.51507400,29539,950.26080000,2014142.44923900,0
1779461100000000,2119.77000000,2120.43000000,2116.21000000,2116.94000000,1810.99990000,1779461999999999,3836232.65367200,22073,667.16430000,1413139.78758500,0
1779462000000000,2116.94000000,2123.08000000,2114.93000000,2117.07000000,1684.79610000,1779462899999999,3569987.23427300,29291,880.69230000,1866178.09548800,0
1779462900000000,2117.07000000,2121.00000000,2112.47000000,2121.00000000,1882.39160000,1779463799999999,3985619.18077500,31986,803.27770000,1701214.29507700,0
1779463800000000,2121.00000000,2125.49000000,2117.00000000,2118.11000000,2151.90790000,1779464699999999,4565446.06426700,33172,1095.12000000,2323863.19925900,0
1779464700000000,2118.12000000,2121.03000000,2116.23000000,2119.48000000,1273.31410000,1779465599999999,2697446.63098100,17419,732.12720000,1550921.27711500,0
1779465600000000,2119.49000000,2122.60000000,2118.39000000,2120.70000000,2172.46020000,1779466499999999,4605423.02490000,21762,1135.19090000,2406331.92750900,0
1779466500000000,2120.69000000,2122.22000000,2118.11000000,2120.76000000,1331.06250000,1779467399999999,2821226.29525500,22525,726.90370000,1540606.25384900,0
1779467400000000,2120.77000000,2122.51000000,2119.20000000,2119.66000000,731.59060000,1779468299999999,1551753.37195900,15717,321.60040000,682098.14994200,0
1779468300000000,2119.67000000,2124.00000000,2119.67000000,2122.78000000,890.63950000,1779469199999999,1890608.62441700,13766,406.35000000,862421.66235700,0
1779469200000000,2122.78000000,2127.28000000,2122.78000000,2125.28000000,1211.94130000,1779470099999999,2575683.46070600,17108,670.94430000,1425949.72477300,0
1779470100000000,2125.29000000,2129.32000000,2119.43000000,2128.69000000,3506.04130000,1779470999999999,7448951.21009000,34056,1767.52620000,3756085.89733100,0
1779471000000000,2128.70000000,2130.00000000,2124.10000000,2126.38000000,1309.68360000,1779471899999999,2785369.30332000,25519,464.09080000,986952.04887600,0
1779471900000000,2126.38000000,2126.38000000,2119.43000000,2119.60000000,1871.76770000,1779472799999999,3971623.13628100,18881,443.56220000,941053.33696800,0
1779472800000000,2119.61000000,2119.92000000,2115.04000000,2119.70000000,2031.74940000,1779473699999999,4301709.36753700,23623,897.81670000,1900612.86576700,0
1779473700000000,2119.70000000,2121.57000000,2118.22000000,2118.63000000,849.35160000,1779474599999999,1800922.38437700,14757,365.43920000,774762.14777300,0
1779474600000000,2118.62000000,2118.85000000,2107.75000000,2108.05000000,4148.42840000,1779475499999999,8758475.25016000,41366,1411.19410000,2979813.44836300,0
1779475500000000,2108.05000000,2108.05000000,2084.51000000,2099.99000000,14275.85600000,1779476399999999,29915330.17836700,103567,5533.96340000,11588592.33173500,0
1779476400000000,2099.99000000,2103.10000000,2086.58000000,2089.58000000,5292.63530000,1779477299999999,11087402.50277600,69722,2011.36590000,4213449.84658000,0
1779477300000000,2089.58000000,2093.58000000,2083.01000000,2085.52000000,3220.14760000,1779478199999999,6726954.75876100,40413,1368.78700000,2858576.69794600,0
1779478200000000,2085.53000000,2086.01000000,2058.00000000,2065.59000000,24413.98130000,1779479099999999,50493402.93693900,167188,11555.58740000,23893735.03346700,0
1779479100000000,2065.59000000,2069.70000000,2061.61000000,2065.54000000,4267.32160000,1779479999999999,8816028.99512200,57903,2337.21450000,4828337.03142800,0
1779480000000000,2065.54000000,2075.92000000,2064.31000000,2071.91000000,2808.23090000,1779480899999999,5818669.51959300,43893,1669.48780000,3459269.82236300,0
1779480900000000,2071.91000000,2074.72000000,2069.32000000,2072.85000000,2468.39240000,1779481799999999,5114862.41948500,30664,1089.61680000,2257839.35730100,0
1779481800000000,2072.84000000,2074.20000000,2066.58000000,2072.29000000,4397.27600000,1779482699999999,9104401.96897000,38204,2157.27940000,4467277.07893000,0
1779482700000000,2072.28000000,2078.85000000,2070.10000000,2073.40000000,3268.30430000,1779483599999999,6783146.44435100,34923,1802.49720000,3741161.33583700,0
1779483600000000,2073.40000000,2075.03000000,2071.52000000,2072.70000000,2134.38460000,1779484499999999,4424552.60126100,22732,919.08520000,1905122.12806800,0
1779484500000000,2072.71000000,2075.63000000,2071.75000000,2075.62000000,1185.98460000,1779485399999999,2459595.15809700,14452,800.64260000,1660368.08646300,0
1779485400000000,2075.63000000,2079.03000000,2075.01000000,2076.47000000,1497.69570000,1779486299999999,3111206.52900600,16797,850.91800000,1767605.12831500,0
1779486300000000,2076.47000000,2079.59000000,2076.47000000,2078.18000000,1156.90600000,1779487199999999,2404852.60830600,20366,559.70830000,1163377.63091300,0
1779487200000000,2078.17000000,2079.58000000,2075.62000000,2077.22000000,1950.36600000,1779488099999999,4051504.07250300,32977,932.69440000,1937463.17082900,0
1779488100000000,2077.22000000,2077.31000000,2072.27000000,2072.83000000,1320.68620000,1779488999999999,2739216.16593400,14973,439.01990000,910470.56161900,0
1779489000000000,2072.84000000,2074.75000000,2066.55000000,2069.29000000,3456.20120000,1779489899999999,7157174.79666900,26791,1483.30930000,3072169.76274200,0
1779489900000000,2069.30000000,2073.70000000,2068.80000000,2072.71000000,1806.78940000,1779490799999999,3743413.23130500,20136,1004.99440000,2082088.42641500,0
1779490800000000,2072.72000000,2077.24000000,2072.72000000,2077.17000000,963.33410000,1779491699999999,1999667.58124800,13354,547.48270000,1136280.93390500,0
1779491700000000,2077.18000000,2077.18000000,2069.11000000,2069.11000000,1755.29810000,1779492599999999,3638105.36020900,18103,788.57210000,1634251.18852800,0
1779492600000000,2069.11000000,2074.62000000,2068.00000000,2073.41000000,1706.02360000,1779493499999999,3533669.61156500,18170,813.39550000,1685043.66454300,0
1779493500000000,2073.41000000,2073.41000000,2057.79000000,2065.85000000,7689.58350000,1779494399999999,15869809.16260100,74481,3171.86100000,6545268.84674100,0
1779494400000000,2065.86000000,2070.61000000,2063.32000000,2066.76000000,4232.88290000,1779495299999999,8749687.81491300,49351,2539.39390000,5249213.89831400,0
1779495300000000,2066.77000000,2068.73000000,2063.58000000,2068.18000000,4463.47560000,1779496199999999,9222641.79143200,40129,1836.08990000,3793265.96832500,0
1779496200000000,2068.18000000,2068.18000000,2053.00000000,2060.55000000,10543.14740000,1779497099999999,21725598.58842400,71435,3611.56550000,7440591.46877100,0
1779497100000000,2060.55000000,2066.09000000,2060.17000000,2064.63000000,2411.10350000,1779497999999999,4975281.95716200,27864,1514.45810000,3125081.66076300,0
1779498000000000,2064.63000000,2069.42000000,2063.53000000,2064.13000000,2946.79960000,1779498899999999,6088818.74070800,23362,1123.29100000,2322018.15874700,0
1779498900000000,2064.13000000,2068.68000000,2062.67000000,2068.57000000,1540.40450000,1779499799999999,3182376.56648700,18849,859.62170000,1776026.12277200,0
1779499800000000,2068.57000000,2068.75000000,2066.00000000,2067.42000000,743.06300000,1779500699999999,1536442.93641800,12417,410.26670000,848286.86868900,0
1779500700000000,2067.42000000,2069.92000000,2063.72000000,2068.93000000,1372.12430000,1779501599999999,2836421.77689300,17441,892.95880000,1846229.63342400,0
1779501600000000,2068.93000000,2070.37000000,2066.19000000,2066.53000000,1359.99240000,1779502499999999,2812632.28814600,16107,724.59710000,1498687.51760400,0
1779502500000000,2066.53000000,2068.52000000,2065.66000000,2066.51000000,592.67820000,1779503399999999,1225131.14641500,11643,313.56960000,648169.26494300,0
1779503400000000,2066.52000000,2067.56000000,2064.90000000,2066.92000000,989.38850000,1779504299999999,2044376.17813400,11081,514.93730000,1064012.78996000,0
1779504300000000,2066.92000000,2069.16000000,2066.71000000,2068.52000000,656.36520000,1779505199999999,1357547.04709200,8591,444.81670000,919965.85744300,0
1779505200000000,2068.52000000,2069.90000000,2068.21000000,2069.75000000,1258.55590000,1779506099999999,2604349.37540600,11089,619.15020000,1281262.30377400,0
1779506100000000,2069.75000000,2070.31000000,2068.92000000,2069.89000000,906.64910000,1779506999999999,1876568.59781100,10014,573.42680000,1186861.75915500,0
1779507000000000,2069.90000000,2071.53000000,2069.74000000,2071.34000000,641.90890000,1779507899999999,1329406.38226200,7639,409.77980000,848647.97921100,0
1779507900000000,2071.34000000,2072.00000000,2070.40000000,2070.78000000,1015.00850000,1779508799999999,2102242.41059900,8575,359.86890000,745419.44724500,0
1779508800000000,2070.78000000,2071.19000000,2069.80000000,2071.03000000,506.36220000,1779509699999999,1048415.94363400,7177,254.26590000,526456.05771400,0
1779509700000000,2071.03000000,2071.03000000,2066.80000000,2067.31000000,961.78060000,1779510599999999,1989152.44963200,8389,344.21360000,711771.40643400,0
1779510600000000,2067.30000000,2069.65000000,2065.55000000,2065.74000000,551.45200000,1779511499999999,1140064.32992900,10964,334.25180000,691057.64492900,0
1779511500000000,2065.75000000,2067.70000000,2065.75000000,2067.30000000,694.97650000,1779512399999999,1436410.42821300,8632,288.15050000,595587.09232100,0
1779512400000000,2067.29000000,2068.00000000,2065.37000000,2065.92000000,996.21470000,1779513299999999,2058737.87203500,8425,349.38290000,722066.61366100,0
1779513300000000,2065.92000000,2067.59000000,2061.90000000,2063.69000000,5568.12950000,1779514199999999,11490430.67261500,15056,3080.37770000,6356360.14524400,0
1779514200000000,2063.69000000,2066.23000000,2063.48000000,2066.23000000,810.50500000,1779515099999999,1673374.40884800,8220,472.50230000,975548.63869100,0
1779515100000000,2066.23000000,2066.41000000,2064.00000000,2064.85000000,768.01600000,1779515999999999,1586145.93185900,8249,252.43730000,521302.27455300,0
1779516000000000,2064.85000000,2065.81000000,2063.33000000,2064.10000000,552.69370000,1779516899999999,1141090.62879600,9183,339.49290000,700914.24832000,0
1779516900000000,2064.09000000,2064.62000000,2062.18000000,2062.26000000,1097.64510000,1779517799999999,2265004.53355100,8466,335.74840000,692789.22989800,0
1779517800000000,2062.26000000,2064.00000000,2061.42000000,2063.04000000,1637.82810000,1779518699999999,3378275.97980800,11413,1001.86690000,2066536.47743200,0
1779518700000000,2063.05000000,2063.27000000,2060.71000000,2061.69000000,2777.63270000,1779519599999999,5726992.84151600,10069,2015.62040000,4155889.80900300,0
1779519600000000,2061.70000000,2063.06000000,2057.00000000,2060.64000000,2409.76170000,1779520499999999,4963183.14380600,18567,981.09710000,2020814.39111900,0
1779520500000000,2060.64000000,2060.64000000,2056.94000000,2058.12000000,1473.50130000,1779521399999999,3033236.31498400,15176,659.88680000,1358415.60125700,0
1779521400000000,2058.12000000,2060.00000000,2053.89000000,2057.75000000,2996.54430000,1779522299999999,6162696.81002000,30389,1457.83970000,2998678.44146800,0
1779522300000000,2057.75000000,2057.76000000,2009.30000000,2028.59000000,51996.16930000,1779523199999999,105498876.03489100,131869,23418.69960000,47494431.61449500,0
1779523200000000,2028.58000000,2032.10000000,2022.76000000,2029.68000000,6328.87370000,1779524099999999,12830085.53272100,40568,3338.53580000,6769466.75784600,0
1779524100000000,2029.68000000,2031.92000000,2027.31000000,2027.48000000,3739.16260000,1779524999999999,7590296.58526900,33342,2087.15810000,4237153.01933400,0
1779525000000000,2027.48000000,2028.00000000,2021.07000000,2023.82000000,3701.64910000,1779525899999999,7493191.42272600,37140,1670.81140000,3382618.91192100,0
1779525900000000,2023.83000000,2030.67000000,2022.83000000,2030.32000000,2375.07350000,1779526799999999,4815254.75891200,22853,1693.19930000,3433291.80456300,0
1779526800000000,2030.32000000,2031.00000000,2028.31000000,2028.33000000,1478.46610000,1779527699999999,3000698.84489500,17996,712.05270000,1445250.70086900,0
1779527700000000,2028.32000000,2030.55000000,2028.32000000,2029.16000000,885.54500000,1779528599999999,1797055.38449000,11197,609.86820000,1237588.65876600,0
1779528600000000,2029.17000000,2030.32000000,2027.10000000,2029.17000000,1479.85960000,1779529499999999,3002536.24057600,16424,838.38960000,1701060.43570400,0
1779529500000000,2029.16000000,2030.52000000,2027.12000000,2027.29000000,1734.17770000,1779530399999999,3518560.08373700,12158,1027.54300000,2084774.00224500,0
1779530400000000,2027.29000000,2030.55000000,2027.11000000,2030.05000000,1255.21640000,1779531299999999,2546007.11738000,10110,702.67220000,1425298.29510100,0
1779531300000000,2030.06000000,2030.76000000,2028.49000000,2029.90000000,791.94600000,1779532199999999,1607264.84020600,7440,393.27390000,798130.38668500,0
1779532200000000,2029.90000000,2032.60000000,2029.19000000,2032.53000000,1538.57270000,1779533099999999,3125191.80615000,13128,1157.15170000,2350412.89021100,0
1779533100000000,2032.53000000,2033.79000000,2030.95000000,2031.57000000,1324.64380000,1779533999999999,2691635.86283900,7775,994.39220000,2020533.50204500,0
1779534000000000,2031.56000000,2036.01000000,2030.86000000,2033.45000000,3259.82680000,1779534899999999,6628138.88007000,14710,2575.47000000,5236711.94905900,0
1779534900000000,2033.46000000,2035.30000000,2033.23000000,2033.92000000,1087.10200000,1779535799999999,2210921.38276300,9209,722.57220000,1469525.20298300,0
1779535800000000,2033.93000000,2034.08000000,2030.84000000,2031.41000000,2680.37150000,1779536699999999,5447303.37657200,13451,2211.12780000,4493644.52358600,0
1779536700000000,2031.41000000,2033.10000000,2030.94000000,2031.48000000,664.88510000,1779537599999999,1350787.03329400,7286,441.98260000,897896.54583300,0
1779537600000000,2031.48000000,2032.07000000,2028.81000000,2029.18000000,2942.85380000,1779538499999999,5976391.23840900,16898,2255.50260000,4580690.51358500,0
1779538500000000,2029.19000000,2030.25000000,2027.35000000,2029.29000000,1154.78720000,1779539399999999,2342418.07561600,10630,728.02430000,1476700.68875700,0
1779539400000000,2029.29000000,2031.40000000,2029.29000000,2030.68000000,1779.29610000,1779540299999999,3612747.28716500,9222,1514.36870000,3074804.73864600,0
1779540300000000,2030.68000000,2031.47000000,2029.88000000,2031.07000000,1330.31550000,1779541199999999,2701216.24248600,7902,1042.54290000,2116813.22113900,0
1779541200000000,2031.08000000,2039.85000000,2031.07000000,2039.06000000,6079.90380000,1779542099999999,12390751.73484800,31823,3628.26400000,7392979.03303800,0
1779542100000000,2039.05000000,2046.10000000,2039.05000000,2042.80000000,5451.64190000,1779542999999999,11138504.78872900,36198,3741.24780000,7643861.89352600,0
1779543000000000,2042.81000000,2044.41000000,2038.30000000,2039.95000000,1736.60350000,1779543899999999,3544061.11516000,17935,789.93870000,1611918.11124500,0
1779543900000000,2039.96000000,2045.91000000,2039.96000000,2044.89000000,4379.22410000,1779544799999999,8950509.41056400,31125,2823.46370000,5770646.55220700,0
1779544800000000,2044.88000000,2046.93000000,2041.12000000,2046.08000000,3324.09690000,1779545699999999,6796176.93101100,24123,2187.27070000,4471868.57888500,0
1779545700000000,2046.09000000,2047.50000000,2044.88000000,2046.68000000,3008.73700000,1779546599999999,6155164.82081600,18945,2019.58820000,4131475.84013900,0
1779546600000000,2046.68000000,2053.90000000,2046.06000000,2053.32000000,4272.65680000,1779547499999999,8759473.71406900,32100,2584.59380000,5298416.00556800,0
1779547500000000,2053.32000000,2065.32000000,2052.54000000,2061.64000000,6015.77140000,1779548399999999,12387216.57665000,54701,3283.97260000,6760099.48470500,0
1779548400000000,2061.64000000,2068.68000000,2060.16000000,2067.28000000,4497.85170000,1779549299999999,9289084.62190900,46290,2802.23150000,5787547.53329900,0
1779549300000000,2067.28000000,2067.66000000,2060.75000000,2061.58000000,3239.14250000,1779550199999999,6684217.48107600,28478,1445.19820000,2982504.03254400,0
1779550200000000,2061.58000000,2061.59000000,2055.67000000,2057.38000000,3396.18620000,1779551099999999,6988844.84291700,29583,1341.97210000,2761165.80198800,0
1779551100000000,2057.38000000,2061.13000000,2057.38000000,2060.27000000,1981.19970000,1779551999999999,4079866.41988900,18676,1314.26140000,2706378.81423900,0
1779552000000000,2060.27000000,2065.00000000,2059.23000000,2059.30000000,2218.50640000,1779552899999999,4573025.17447200,26116,1099.01000000,2265589.27764500,0
1779552900000000,2059.30000000,2060.80000000,2057.25000000,2058.98000000,1223.06060000,1779553799999999,2518473.03924200,17344,526.33660000,1083692.54170100,0
1779553800000000,2058.99000000,2064.16000000,2058.63000000,2062.16000000,1215.17390000,1779554699999999,2504874.37566600,14229,806.24370000,1661841.01762600,0
1779554700000000,2062.16000000,2064.70000000,2060.17000000,2061.65000000,2256.75740000,1779555599999999,4653984.40305000,18969,981.92550000,2024977.52501500,0
1779555600000000,2061.66000000,2063.48000000,2059.28000000,2063.23000000,1649.80370000,1779556499999999,3401695.20970700,18591,891.97770000,1839174.94669300,0
1779556500000000,2063.23000000,2064.68000000,2060.80000000,2064.15000000,1431.49750000,1779557399999999,2952496.21767800,15154,771.82350000,1591604.76460200,0
1779557400000000,2064.15000000,2065.17000000,2061.78000000,2062.45000000,1082.93950000,1779558299999999,2234717.71514100,13328,671.71550000,1386057.79853300,0
1779558300000000,2062.45000000,2065.87000000,2060.59000000,2063.98000000,1382.76640000,1779559199999999,2853169.34834600,15687,856.16560000,1766734.03425300,0
1779559200000000,2063.98000000,2079.93000000,2063.74000000,2074.59000000,4734.93090000,1779560099999999,9811210.82732600,41949,2845.75420000,5896220.18676600,0
1779560100000000,2074.58000000,2083.64000000,2072.51000000,2076.17000000,5422.59660000,1779560999999999,11266561.68460200,58289,2695.11180000,5599824.70224700,0
1779561000000000,2076.18000000,2082.06000000,2076.18000000,2078.18000000,2595.34600000,1779561899999999,5395817.26294800,34057,1266.85800000,2634073.22223400,0
1779561900000000,2078.17000000,2078.42000000,2073.39000000,2074.27000000,2147.99480000,1779562799999999,4459182.66917400,21134,835.77940000,1734860.91763000,0
1779562800000000,2074.27000000,2074.93000000,2069.86000000,2071.99000000,1577.64750000,1779563699999999,3269106.30445000,16269,524.73770000,1087193.72830400,0
1779563700000000,2071.98000000,2080.60000000,2071.98000000,2079.34000000,3364.80050000,1779564599999999,6989403.38538600,23554,2540.50140000,5277129.20636200,0
1779564600000000,2079.34000000,2081.00000000,2075.83000000,2077.14000000,3821.49100000,1779565499999999,7941673.61247200,19611,1963.14270000,4079352.58417000,0
1779565500000000,2077.14000000,2078.99000000,2075.62000000,2077.33000000,3737.07240000,1779566399999999,7763037.92871700,13403,1433.74930000,2978366.87416600,0
1779566400000000,2077.34000000,2083.32000000,2074.84000000,2080.09000000,2840.41990000,1779567299999999,5904791.11899300,19804,2132.07530000,4432824.60466900,0
1779567300000000,2080.09000000,2083.35000000,2077.21000000,2077.21000000,2804.79760000,1779568199999999,5835951.19635200,28166,1411.62100000,2937068.81566300,0
1779568200000000,2077.21000000,2132.45000000,2076.43000000,2130.59000000,32162.39470000,1779569099999999,67933219.65933000,223800,17401.19390000,36720879.66606600,0
1779569100000000,2130.59000000,2147.00000000,2124.85000000,2146.30000000,22239.31310000,1779569999999999,47527016.01469600,156079,12234.47930000,26146392.16838400,0
1779570000000000,2146.30000000,2149.95000000,2126.58000000,2126.87000000,13836.63220000,1779570899999999,29573284.66683400,108350,6441.43620000,13766810.53917800,0
1779570900000000,2126.88000000,2131.10000000,2115.91000000,2115.91000000,7473.14800000,1779571799999999,15880797.86033400,65654,3438.55540000,7307622.39670700,0
1779571800000000,2115.91000000,2124.11000000,2106.27000000,2114.48000000,9098.34210000,1779572699999999,19240288.31470000,78259,4795.12520000,10141519.65600000,0
1779572700000000,2114.48000000,2118.70000000,2109.94000000,2116.84000000,3174.86130000,1779573599999999,6713712.70451300,43595,1633.07270000,3453647.10983000,0
1779573600000000,2116.84000000,2120.28000000,2115.36000000,2115.57000000,2318.03600000,1779574499999999,4909674.56634200,29038,1187.99800000,2516379.60166000,0
1779574500000000,2115.58000000,2117.00000000,2111.04000000,2112.13000000,1968.28520000,1779575399999999,4160910.30423200,22333,1021.30300000,2159192.36313000,0
1779575400000000,2112.13000000,2114.55000000,2102.65000000,2114.03000000,4740.34620000,1779576299999999,9994306.65223500,51816,2040.96830000,4305626.38627000,0
1779576300000000,2114.04000000,2118.00000000,2111.94000000,2116.83000000,1855.68720000,1779577199999999,3926219.88548600,25497,1071.91050000,2267901.26287000,0
1779577200000000,2116.84000000,2119.69000000,2114.42000000,2118.17000000,1786.82770000,1779578099999999,3783444.63668300,21676,1170.07410000,2477493.47089500,0
1779578100000000,2118.16000000,2120.67000000,2116.38000000,2116.98000000,1395.31740000,1779578999999999,2955958.36347300,17843,723.21500000,1532161.34752500,0
1779579000000000,2116.98000000,2121.84000000,2116.97000000,2119.16000000,1502.83050000,1779579899999999,3185686.86914200,23601,935.88690000,1983733.44324400,0
1779579900000000,2119.16000000,2120.33000000,2117.16000000,2117.68000000,1098.20480000,1779580799999999,2326820.22971700,13290,654.06720000,1385914.18667000,0
1779580800000000,2117.69000000,2118.70000000,2115.21000000,2115.89000000,1313.02070000,1779581699999999,2779664.51493400,18673,538.91380000,1140772.62520200,0
1779581700000000,2115.88000000,2117.43000000,2113.10000000,2115.71000000,1129.63220000,1779582599999999,2388843.87524400,15986,478.04560000,1010964.59912700,0
1779582600000000,2115.71000000,2120.21000000,2115.46000000,2116.73000000,1055.72940000,1779583499999999,2236049.44950900,19428,755.03980000,1599118.13007400,0
1779583500000000,2116.73000000,2121.50000000,2116.28000000,2119.45000000,1767.35280000,1779584399999999,3744857.59627900,18133,1144.14730000,2424180.37325600,0
1779584400000000,2119.45000000,2121.44000000,2118.31000000,2120.49000000,2012.34360000,1779585299999999,4266699.41539600,13963,969.20160000,2054899.55949600,0
1779585300000000,2120.50000000,2125.51000000,2119.14000000,2123.12000000,2388.71350000,1779586199999999,5069572.49294900,22537,1542.33370000,3273026.56765800,0
1779586200000000,2123.12000000,2124.00000000,2119.69000000,2120.50000000,2577.29960000,1779587099999999,5467753.89297200,16367,1312.20170000,2783466.05676200,0
1779587100000000,2120.51000000,2122.88000000,2119.96000000,2122.56000000,853.39820000,1779587999999999,1810350.39123400,14332,556.04410000,1179547.91357600,0
1779588000000000,2122.56000000,2125.16000000,2120.96000000,2123.96000000,2890.27680000,1779588899999999,6137492.73074400,16170,1241.02000000,2635269.82102300,0
1779588900000000,2123.97000000,2125.45000000,2118.30000000,2120.21000000,2933.02200000,1779589799999999,6220996.26332400,19008,1798.74350000,3814384.36252100,0
1779589800000000,2120.22000000,2124.03000000,2120.01000000,2123.52000000,806.44000000,1779590699999999,1711093.45233900,15279,506.98270000,1075797.34725000,0
1779590700000000,2123.52000000,2125.09000000,2122.35000000,2122.53000000,2361.78240000,1779591599999999,5014929.62075100,11843,1332.65170000,2829725.12804100,0
1779591600000000,2122.54000000,2127.28000000,2121.36000000,2123.90000000,3344.03510000,1779592499999999,7105868.76634600,16785,2010.71880000,4272857.24837500,0
1779592500000000,2123.91000000,2124.01000000,2122.60000000,2123.81000000,427.83050000,1779593399999999,908518.17907900,9793,224.60460000,476981.93191700,0
1779593400000000,2123.81000000,2123.82000000,2116.74000000,2117.63000000,1886.11570000,1779594299999999,3997658.61180500,13977,358.64290000,760301.67735500,0
1779594300000000,2117.63000000,2120.03000000,2117.62000000,2119.04000000,1356.05840000,1779595199999999,2872717.70593200,9682,876.06670000,1855644.72106500,0
1779595200000000,2119.05000000,2122.91000000,2119.05000000,2122.69000000,1169.73570000,1779596099999999,2481717.72404600,11140,876.26710000,1859106.15496200,0
1779596100000000,2122.70000000,2123.86000000,2121.02000000,2121.07000000,998.75400000,1779596999999999,2119851.78111900,8329,351.92560000,746992.85168300,0
1779597000000000,2121.08000000,2122.34000000,2120.32000000,2121.58000000,627.40210000,1779597899999999,1330790.55148500,6029,226.43010000,480298.67186500,0
1779597900000000,2121.58000000,2121.65000000,2119.76000000,2120.21000000,571.61540000,1779598799999999,1212324.52900500,7461,193.28400000,409934.06885100,0
1779598800000000,2120.22000000,2120.33000000,2118.30000000,2118.97000000,1205.92130000,1779599699999999,2555974.13874400,7654,480.94250000,1019412.08102900,0
1779599700000000,2118.97000000,2118.97000000,2114.69000000,2116.55000000,1931.98590000,1779600599999999,4089960.18136000,10976,506.70680000,1072538.38096300,0
1779600600000000,2116.55000000,2117.38000000,2113.65000000,2113.79000000,3300.53790000,1779601499999999,6984277.62154800,12077,938.55340000,1986130.27192600,0
1779601500000000,2113.79000000,2121.39000000,2113.71000000,2119.98000000,1824.99060000,1779602399999999,3865142.89034100,13500,1299.32250000,2751857.20235900,0
1779602400000000,2119.98000000,2123.06000000,2119.81000000,2122.00000000,938.06430000,1779603299999999,1990221.01802900,13003,523.06350000,1109632.29865400,0
1779603300000000,2122.00000000,2122.00000000,2118.47000000,2118.90000000,1779.16130000,1779604199999999,3771081.78152000,8247,721.84410000,1529720.34922300,0
1779604200000000,2118.90000000,2121.51000000,2117.60000000,2120.69000000,5008.00870000,1779605099999999,10613506.73224800,12347,2660.28860000,5637049.28073700,0
1779605100000000,2120.70000000,2129.93000000,2120.50000000,2128.13000000,4081.65530000,1779605999999999,8677654.34544700,28835,2281.52970000,4848835.41231500,0
1779606000000000,2128.13000000,2129.79000000,2124.36000000,2124.61000000,1343.60490000,1779606899999999,2857882.67057600,17539,696.24110000,1481092.73250000,0
1779606900000000,2124.62000000,2125.34000000,2122.80000000,2123.55000000,750.31830000,1779607799999999,1593605.41890800,9652,392.94380000,834594.66908700,0
1779607800000000,2123.56000000,2123.88000000,2121.52000000,2122.01000000,1423.68950000,1779608699999999,3021675.75080800,12449,477.70560000,1013908.43949100,0
1779608700000000,2122.02000000,2122.25000000,2119.49000000,2121.01000000,1507.90280000,1779609599999999,3197084.84706200,6853,505.73360000,1072219.73695400,0
1779609600000000,2121.02000000,2122.00000000,2119.35000000,2119.35000000,915.36400000,1779610499999999,1941010.31667400,7643,369.91400000,784381.32214000,0
1779610500000000,2119.35000000,2123.23000000,2119.25000000,2121.46000000,906.69980000,1779611399999999,1923001.41196000,10783,443.95790000,941644.14355200,0
1779611400000000,2121.47000000,2123.23000000,2120.19000000,2120.19000000,857.07870000,1779612299999999,1817914.56561200,10091,488.18620000,1035446.60159900,0
1779612300000000,2120.18000000,2121.41000000,2119.91000000,2120.32000000,583.53840000,1779613199999999,1237385.74429400,7421,281.03820000,595938.05428000,0
1779613200000000,2120.33000000,2123.00000000,2119.05000000,2121.11000000,600.74990000,1779614099999999,1274090.91947000,10292,302.29320000,641180.76200900,0
1779614100000000,2121.11000000,2124.37000000,2119.82000000,2121.35000000,1755.99170000,1779614999999999,3725463.74976100,11811,677.73200000,1438325.58798100,0
1779615000000000,2121.35000000,2124.33000000,2119.86000000,2122.98000000,1425.82750000,1779615899999999,3025996.74716700,10477,674.33540000,1431196.52594500,0
1779615900000000,2122.98000000,2123.73000000,2122.00000000,2123.41000000,848.22820000,1779616799999999,1800794.04574400,6267,510.41570000,1083681.07474500,0
1779616800000000,2123.42000000,2123.50000000,2119.46000000,2120.45000000,997.14850000,1779617699999999,2115300.22211400,12219,275.67060000,584667.21288600,0
1779617700000000,2120.45000000,2132.14000000,2119.38000000,2125.51000000,4713.28300000,1779618599999999,10020920.93607500,34780,2761.38720000,5870942.15812200,0
1779618600000000,2125.52000000,2125.52000000,2120.01000000,2120.90000000,1627.37290000,1779619499999999,3453746.60345600,19807,667.25380000,1415888.62800100,0
1779619500000000,2120.89000000,2122.66000000,2119.75000000,2122.35000000,787.15400000,1779620399999999,1669631.82209100,9415,389.68150000,826569.35187300,0
1779620400000000,2122.34000000,2126.96000000,2122.23000000,2125.76000000,1734.64650000,1779621299999999,3685466.35710200,14750,897.06260000,1905960.09677300,0
1779621300000000,2125.76000000,2127.82000000,2124.04000000,2125.12000000,1381.20880000,1779622199999999,2936266.15696700,13744,707.31620000,1503590.25534600,0
1779622200000000,2125.12000000,2127.35000000,2124.44000000,2125.51000000,782.29110000,1779623099999999,1663161.01498400,11857,320.07340000,680429.15228400,0
1779623100000000,2125.51000000,2127.32000000,2124.36000000,2126.18000000,1061.61590000,1779623999999999,2256916.03261300,15812,553.74980000,1177253.11425100,0
1779624000000000,2126.19000000,2126.58000000,2122.52000000,2124.14000000,1464.32460000,1779624899999999,3110016.69272500,11102,1070.41140000,2273353.51339600,0
1779624900000000,2124.15000000,2124.35000000,2118.69000000,2118.69000000,2467.01790000,1779625799999999,5230751.89556400,18605,1289.49600000,2734208.94926500,0
1779625800000000,2118.68000000,2121.76000000,2117.32000000,2121.49000000,2335.94300000,1779626699999999,4950886.61591600,21199,1708.11930000,3620524.86476500,0
1779626700000000,2121.49000000,2121.60000000,2119.37000000,2119.97000000,823.01090000,1779627599999999,1745151.14408900,7409,520.44840000,1103494.34453100,0
1779627600000000,2119.97000000,2121.05000000,2118.17000000,2118.87000000,721.32830000,1779628499999999,1528674.94308400,13140,400.28220000,848262.10552300,0
1779628500000000,2118.86000000,2120.87000000,2116.00000000,2117.98000000,1744.93700000,1779629399999999,3696618.39657200,13933,968.23660000,2050851.39602100,0
1779629400000000,2117.98000000,2120.62000000,2115.40000000,2119.13000000,1692.94150000,1779630299999999,3584468.83704900,21973,528.06660000,1118372.63280900,0
1779630300000000,2119.13000000,2119.86000000,2105.79000000,2110.14000000,8539.73470000,1779631199999999,18035118.43480500,43534,5184.39270000,10949797.74935800,0
1779631200000000,2110.14000000,2112.52000000,2091.17000000,2095.36000000,11095.32040000,1779632099999999,23300824.14620300,77067,4405.32430000,9251075.02291700,0
1779632100000000,2095.35000000,2100.92000000,2079.52000000,2094.17000000,13683.94600000,1779632999999999,28607169.99827300,112617,5731.17150000,11984427.25371900,0
1779633000000000,2094.18000000,2097.80000000,2093.31000000,2095.20000000,2552.11480000,1779633899999999,5348274.55510400,31878,1164.52480000,2440542.08112900,0
1779633900000000,2095.20000000,2098.95000000,2094.10000000,2097.98000000,1446.53770000,1779634799999999,3032726.59377900,22362,715.78330000,1500800.75983000,0
1779634800000000,2097.98000000,2100.00000000,2096.10000000,2099.05000000,1345.46410000,1779635699999999,2822979.09061700,18612,739.21040000,1551076.78524500,0
1779635700000000,2099.05000000,2099.94000000,2094.75000000,2097.25000000,1053.56650000,1779636599999999,2209211.58248100,18440,386.53710000,810484.87823500,0
1779636600000000,2097.25000000,2099.00000000,2094.22000000,2095.89000000,786.72290000,1779637499999999,1649074.10733900,12976,335.82250000,704023.90832600,0
1779637500000000,2095.90000000,2097.52000000,2094.14000000,2095.84000000,1428.57620000,1779638399999999,2994648.70276900,14279,1022.20370000,2142886.22634400,0
1779638400000000,2095.83000000,2103.69000000,2095.22000000,2103.37000000,3229.50500000,1779639299999999,6786153.67242600,29765,1860.21850000,3909034.80502700,0
1779639300000000,2103.36000000,2109.00000000,2100.13000000,2102.10000000,2038.49670000,1779640199999999,4291568.52228200,25917,1180.23650000,2485087.99547600,0
1779640200000000,2102.10000000,2102.16000000,2095.60000000,2098.11000000,1198.40770000,1779641099999999,2514651.35720000,18809,422.71460000,887004.70730000,0
1779641100000000,2098.11000000,2105.00000000,2097.65000000,2103.62000000,926.92080000,1779641999999999,1948192.89716300,14468,638.86430000,1342687.35514600,0
1779642000000000,2103.61000000,2106.01000000,2102.67000000,2103.42000000,887.42230000,1779642899999999,1867554.97357400,18270,431.29080000,907578.16640900,0
1779642900000000,2103.42000000,2104.63000000,2101.54000000,2102.10000000,806.63830000,1779643799999999,1696534.72802000,13204,502.79130000,1057551.79624100,0
1779643800000000,2102.11000000,2105.76000000,2101.40000000,2105.59000000,449.63490000,1779644699999999,946062.05011600,10560,259.52670000,546034.23907400,0
1779644700000000,2105.59000000,2106.68000000,2102.88000000,2102.88000000,882.49840000,1779645599999999,1857320.45575300,9911,299.75380000,630904.56384000,0
1779645600000000,2102.89000000,2104.50000000,2102.15000000,2103.32000000,640.50460000,1779646499999999,1347177.21143500,10915,276.65490000,581845.57314100,0
1779646500000000,2103.33000000,2104.78000000,2100.54000000,2100.54000000,816.67870000,1779647399999999,1717325.84033500,11352,193.09020000,406020.80659500,0
1779647400000000,2100.54000000,2101.80000000,2097.80000000,2099.41000000,711.27710000,1779648299999999,1493418.16569300,12254,329.78250000,692419.05932400,0
1779648300000000,2099.41000000,2100.50000000,2097.80000000,2099.97000000,796.36710000,1779649199999999,1671572.95923700,9864,388.46350000,815411.10217300,0
1779649200000000,2099.97000000,2102.58000000,2098.64000000,2098.64000000,791.49980000,1779650099999999,1662899.15623600,14227,300.25820000,630731.26841200,0
1779650100000000,2098.64000000,2100.39000000,2096.58000000,2097.17000000,1297.38000000,1779650999999999,2722172.10418100,14650,696.10690000,1460666.24756600,0
1779651000000000,2097.17000000,2098.86000000,2096.34000000,2098.11000000,421.02690000,1779651899999999,883086.34429400,9483,240.28070000,503958.15419100,0
1779651900000000,2098.12000000,2101.69000000,2097.84000000,2100.87000000,495.74350000,1779652799999999,1041438.85298300,8267,327.54460000,688049.56405900,0
1779652800000000,2100.87000000,2102.11000000,2093.79000000,2095.37000000,1921.30380000,1779653699999999,4029560.43643100,20182,711.26290000,1491417.82326900,0
1779653700000000,2095.36000000,2096.88000000,2091.51000000,2094.80000000,1177.24600000,1779654599999999,2465332.42651000,16179,521.02140000,1091234.70902200,0
1779654600000000,2094.81000000,2096.53000000,2093.40000000,2095.26000000,1891.68260000,1779655499999999,3962120.30634300,15664,553.02730000,1158412.95775100,0
1779655500000000,2095.26000000,2096.77000000,2091.60000000,2093.15000000,2074.20870000,1779656399999999,4342243.45949300,14548,688.91100000,1441872.24436200,0
1779656400000000,2093.15000000,2098.63000000,2092.82000000,2098.63000000,838.95260000,1779657299999999,1758478.78943800,12989,464.90440000,974400.61254100,0
1779657300000000,2098.62000000,2098.63000000,2086.74000000,2088.92000000,2276.14540000,1779658199999999,4761470.02190400,18693,541.06250000,1130745.53063600,0
1779658200000000,2088.91000000,2090.60000000,2067.08000000,2069.48000000,9758.63640000,1779659099999999,20264229.19519700,101742,3515.13790000,7297368.40343100,0
1779659100000000,2069.49000000,2075.00000000,2063.00000000,2070.59000000,6133.32880000,1779659999999999,12692929.18490100,62050,3064.56620000,6342219.71003600,0
1779660000000000,2070.59000000,2099.47000000,2070.56000000,2097.99000000,8354.97780000,1779660899999999,17434294.31458600,124157,4590.22510000,9575333.32469600,0
1779660900000000,2097.98000000,2099.08000000,2093.34000000,2095.63000000,1621.76120000,1779661799999999,3399716.93430400,31739,707.75590000,1483674.01721900,0
1779661800000000,2095.63000000,2099.49000000,2086.77000000,2091.38000000,2915.31530000,1779662699999999,6099298.53871600,39238,1157.95960000,2422567.93283500,0
1779662700000000,2091.38000000,2098.20000000,2091.19000000,2092.37000000,2174.02700000,1779663599999999,4552725.14413200,24873,1360.67630000,2849000.56978600,0
1779663600000000,2092.38000000,2097.13000000,2092.38000000,2094.93000000,1513.29200000,1779664499999999,3169289.26610100,25761,863.60470000,1808497.79991300,0
1779664500000000,2094.92000000,2096.67000000,2091.67000000,2093.06000000,1091.22940000,1779665399999999,2285042.97516900,17098,449.86440000,942001.36268600,0
1779665400000000,2093.07000000,2107.00000000,2093.07000000,2105.93000000,3966.86600000,1779666299999999,8333823.99822300,41143,2316.41160000,4866806.35513800,0
1779666300000000,2105.93000000,2106.00000000,2099.60000000,2099.85000000,1923.70140000,1779667199999999,4045618.11934000,25702,838.42020000,1763365.49395100,0
1779667200000000,2099.86000000,2107.93000000,2099.70000000,2105.00000000,2113.96400000,1779668099999999,4447765.93085100,30740,1319.57820000,2776597.22919800,0
1779668100000000,2104.99000000,2107.15000000,2103.09000000,2106.24000000,1100.80680000,1779668999999999,2317181.24432100,24445,458.04430000,964153.04269400,0
1779669000000000,2106.24000000,2109.00000000,2104.15000000,2104.87000000,980.16250000,1779669899999999,2064613.15625500,22072,561.45390000,1182711.25345900,0
1779669900000000,2104.88000000,2109.40000000,2103.12000000,2104.95000000,1228.37700000,1779670799999999,2586172.93154700,20558,528.41190000,1112644.84468800,0
1779670800000000,2104.96000000,2106.49000000,2102.15000000,2106.39000000,1086.52410000,1779671699999999,2286929.37475700,24436,515.48820000,1085045.95834700,0
1779671700000000,2106.39000000,2107.99000000,2104.59000000,2105.89000000,697.69210000,1779672599999999,1469530.94945900,17896,361.35020000,761139.67211000,0
1779672600000000,2105.89000000,2106.60000000,2102.16000000,2102.43000000,747.88780000,1779673499999999,1573299.58218400,15557,281.86440000,593009.21636900,0
1779673500000000,2102.43000000,2103.77000000,2093.22000000,2094.13000000,1462.44700000,1779674399999999,3069487.24077200,19277,462.92060000,972078.49123200,0
1779674400000000,2094.13000000,2113.25000000,2094.13000000,2108.12000000,4825.11100000,1779675299999999,10171081.96314800,50669,2703.81130000,5696128.81930800,0
1779675300000000,2108.12000000,2108.12000000,2096.72000000,2100.26000000,2512.23600000,1779676199999999,5279974.29227900,27465,1137.61460000,2390198.47536800,0
1779676200000000,2100.26000000,2101.81000000,2096.43000000,2099.17000000,1495.21690000,1779677099999999,3138833.52096600,20618,756.93490000,1588944.44951200,0
1779677100000000,2099.17000000,2099.94000000,2097.02000000,2098.35000000,793.18000000,1779677999999999,1664737.66516100,15776,396.20290000,831499.93999500,0
1779678000000000,2098.35000000,2100.00000000,2094.76000000,2096.02000000,1670.53650000,1779678899999999,3503442.95845300,23638,601.93870000,1262517.47902900,0
1779678900000000,2096.03000000,2097.53000000,2094.56000000,2095.59000000,1241.38220000,1779679799999999,2602060.10017800,17718,451.25180000,945797.27874200,0
1779679800000000,2095.60000000,2097.34000000,2092.57000000,2096.75000000,1045.89800000,1779680699999999,2191870.62691600,15519,269.69470000,565240.38633500,0
1779680700000000,2096.76000000,2097.18000000,2093.76000000,2095.58000000,1129.68610000,1779681599999999,2367603.78592500,14231,524.93090000,1100053.58774200,0
1779681600000000,2095.59000000,2097.03000000,2093.23000000,2094.15000000,1226.95330000,1779682499999999,2570599.79381000,14293,453.28800000,949670.50890700,0
1779682500000000,2094.15000000,2098.57000000,2092.26000000,2098.56000000,1043.04120000,1779683399999999,2186452.65344300,13668,570.76250000,1196516.76640700,0
1779683400000000,2098.57000000,2103.14000000,2097.71000000,2103.12000000,2283.01940000,1779684299999999,4793948.40622100,17517,1168.76250000,2454753.98730200,0
1779684300000000,2103.13000000,2108.14000000,2102.25000000,2105.83000000,2319.55830000,1779685199999999,4883033.34517300,22820,1206.11600000,2538869.84596500,0
1779685200000000,2105.83000000,2111.00000000,2104.39000000,2109.91000000,3037.50560000,1779686099999999,6401557.68401300,22943,1814.24450000,3823835.64363000,0
1779686100000000,2109.90000000,2111.70000000,2108.32000000,2109.18000000,1581.83740000,1779686999999999,3337308.35476700,15161,872.30520000,1840389.00212600,0
1779687000000000,2109.18000000,2110.98000000,2108.14000000,2110.30000000,1142.67280000,1779687899999999,2410656.28115400,17037,499.44850000,1053673.18322300,0
1779687900000000,2110.30000000,2110.46000000,2107.77000000,2108.22000000,919.73650000,1779688799999999,1939967.42356900,10253,318.83050000,672475.97644500,0
1779688800000000,2108.21000000,2111.42000000,2102.88000000,2103.02000000,2887.21310000,1779689699999999,6083261.74939100,25767,1247.27610000,2628688.56942100,0
1779689700000000,2103.02000000,2103.64000000,2099.27000000,2101.27000000,4225.16770000,1779690599999999,8876856.63979700,21480,1404.21660000,2950334.39245100,0
1779690600000000,2101.27000000,2108.00000000,2101.19000000,2106.57000000,3863.68750000,1779691499999999,8134971.81533200,21683,1831.47810000,3856897.10789600,0
1779691500000000,2106.56000000,2109.67000000,2105.90000000,2108.99000000,2318.32130000,1779692399999999,4886982.76607900,16747,1256.15780000,2648073.35441200,0
1779692400000000,2109.00000000,2117.55000000,2109.00000000,2111.89000000,5810.39100000,1779693299999999,12279987.10968100,29042,4023.40030000,8502408.52032800,0
1779693300000000,2111.90000000,2114.27000000,2106.50000000,2107.67000000,2302.27440000,1779694199999999,4856475.85893100,26101,816.30100000,1721863.54828300,0
1779694200000000,2107.66000000,2111.45000000,2106.61000000,2110.05000000,4198.50970000,1779695099999999,8856814.46622400,19664,2272.22860000,4792955.59931400,0
1779695100000000,2110.04000000,2116.50000000,2109.75000000,2116.28000000,2840.44130000,1779695999999999,6001967.08498200,12632,1780.02560000,3762061.14228500,0
1779696000000000,2116.29000000,2116.29000000,2111.86000000,2112.24000000,1396.00700000,1779696899999999,2951726.90635200,11492,574.79780000,1215206.98862300,0
1779696900000000,2112.24000000,2113.43000000,2111.70000000,2112.52000000,927.88840000,1779697799999999,1960124.19642800,10235,523.57940000,1106104.53224400,0
1779697800000000,2112.53000000,2115.69000000,2112.53000000,2115.14000000,1094.30910000,1779698699999999,2313792.35635300,11281,642.04540000,1357484.90319000,0
1779698700000000,2115.13000000,2117.79000000,2114.06000000,2116.82000000,1087.62910000,1779699599999999,2301765.62525500,13475,633.50640000,1340670.35071500,0
1779699600000000,2116.83000000,2121.88000000,2116.17000000,2118.66000000,2225.25070000,1779700499999999,4715426.73472500,24677,1439.43360000,3050289.30429200,0
1779700500000000,2118.66000000,2119.81000000,2117.50000000,2119.53000000,1107.33050000,1779701399999999,2345868.86366600,12200,615.72910000,1304439.95734400,0
1779701400000000,2119.54000000,2124.10000000,2118.08000000,2118.54000000,2342.41550000,1779702299999999,4968289.02823100,22825,1280.86980000,2716697.78332400,0
1779702300000000,2118.53000000,2120.82000000,2117.02000000,2117.02000000,1211.84740000,1779703199999999,2567048.20163600,11490,592.71500000,1255580.56446800,0
1779703200000000,2117.03000000,2119.15000000,2115.74000000,2118.86000000,1030.35340000,1779704099999999,2181756.71643300,12113,580.66850000,1229556.87834700,0
1779704100000000,2118.86000000,2121.23000000,2115.48000000,2117.18000000,1291.91790000,1779704999999999,2735803.05066500,13199,661.40210000,1400702.45446800,0
1779705000000000,2117.18000000,2118.05000000,2115.62000000,2116.20000000,588.23930000,1779705899999999,1245128.18306600,7909,356.20960000,753955.64182300,0
1779705900000000,2116.21000000,2117.64000000,2114.86000000,2117.03000000,807.54130000,1779706799999999,1709088.17762000,9623,439.36510000,929843.40333300,0
1779706800000000,2117.02000000,2117.13000000,2115.00000000,2115.90000000,875.39460000,1779707699999999,1852276.73151800,10455,389.12490000,823301.87889500,0
1779707700000000,2115.91000000,2116.45000000,2115.08000000,2115.92000000,691.39740000,1779708599999999,1462772.69140100,7082,410.86270000,869229.72481000,0
1779708600000000,2115.92000000,2120.30000000,2115.65000000,2118.94000000,2591.54070000,1779709499999999,5490643.95820400,17465,2041.19700000,4324706.46439300,0
1779709500000000,2118.94000000,2120.29000000,2114.26000000,2114.95000000,2397.96930000,1779710399999999,5078931.96570300,16317,1504.98910000,3188572.45115000,0
1779710400000000,2114.95000000,2115.16000000,2112.25000000,2115.12000000,1633.05550000,1779711299999999,3452020.63568200,15592,901.90700000,1906480.01809500,0
1779711300000000,2115.12000000,2118.37000000,2113.84000000,2117.90000000,1539.88260000,1779712199999999,3258430.24379100,18486,964.93340000,2041788.30909000,0
1779712200000000,2117.90000000,2118.82000000,2116.28000000,2117.52000000,848.22840000,1779713099999999,1796261.94481100,12364,517.22440000,1095311.55250200,0
1779713100000000,2117.53000000,2119.61000000,2114.52000000,2117.34000000,1431.69220000,1779713999999999,3030265.48675100,16574,600.63580000,1271394.02390200,0
1779714000000000,2117.35000000,2120.00000000,2114.75000000,2115.97000000,1308.65530000,1779714899999999,2770403.51822500,15104,720.04660000,1524279.53501000,0
1779714900000000,2115.97000000,2117.06000000,2114.27000000,2115.11000000,921.38750000,1779715799999999,1949418.50968600,11137,507.95680000,1074644.59848500,0
1779715800000000,2115.12000000,2116.82000000,2115.12000000,2116.80000000,852.05770000,1779716699999999,1802984.51904000,14178,446.57960000,944951.92341700,0
1779716700000000,2116.81000000,2117.07000000,2115.27000000,2116.28000000,937.02530000,1779717599999999,1982826.81123600,11103,460.91970000,975323.52456800,0
1779717600000000,2116.28000000,2122.67000000,2115.77000000,2119.83000000,2240.91710000,1779718499999999,4750099.71950300,26801,1338.84030000,2837727.70099000,0
1779718500000000,2119.84000000,2127.77000000,2118.87000000,2127.77000000,3707.05370000,1779719399999999,7872750.15488800,33407,2151.97580000,4570870.63690500,0
1779719400000000,2127.76000000,2127.77000000,2122.65000000,2124.55000000,1541.85610000,1779720299999999,3276468.80935400,18949,661.25520000,1404999.42570900,0
1779720300000000,2124.55000000,2130.24000000,2124.54000000,2128.34000000,2251.77270000,1779721199999999,4791405.57785500,26954,1275.08940000,2712811.35536700,0
1779721200000000,2128.35000000,2138.28000000,2127.77000000,2130.27000000,4734.53440000,1779722099999999,10099492.69374100,49802,2979.38200000,6355572.80554400,0
1779722100000000,2130.28000000,2131.71000000,2124.45000000,2125.04000000,2046.73020000,1779722999999999,4354307.20029600,26864,621.28160000,1321876.30829300,0
1779723000000000,2125.04000000,2127.59000000,2122.90000000,2125.47000000,1469.74320000,1779723899999999,3123704.82497300,16656,723.79360000,1538296.37047900,0
1779723900000000,2125.48000000,2128.72000000,2123.00000000,2127.12000000,2223.39360000,1779724799999999,4727523.20388400,15451,1576.48670000,3352119.75884300,0
1779724800000000,2127.13000000,2127.85000000,2125.14000000,2125.14000000,1001.96840000,1779725699999999,2131021.61916200,14429,432.05210000,918908.09455700,0
1779725700000000,2125.15000000,2128.37000000,2125.14000000,2127.49000000,1248.83530000,1779726599999999,2655807.69428200,15803,760.97950000,1618234.82204400,0
1779726600000000,2127.49000000,2130.49000000,2126.65000000,2130.00000000,1509.38230000,1779727499999999,3212941.14289900,16792,1073.47130000,2284999.75581200,0
1779727500000000,2129.99000000,2141.98000000,2129.37000000,2136.40000000,3992.83390000,1779728399999999,8530771.65598400,42039,2638.09660000,5635842.82752900,0
1779728400000000,2136.40000000,2140.52000000,2134.46000000,2134.51000000,2718.64510000,1779729299999999,5811993.69571900,29138,1077.59750000,2303804.70657300,0
1779729300000000,2134.52000000,2135.29000000,2131.47000000,2135.28000000,1240.78340000,1779730199999999,2646277.07768600,14093,555.40140000,1184549.91275800,0
1779730200000000,2135.28000000,2136.00000000,2131.51000000,2132.31000000,805.78230000,1779731099999999,1719218.66490100,11667,204.77520000,436883.41267700,0
1779731100000000,2132.31000000,2132.31000000,2128.24000000,2128.55000000,987.50080000,1779731999999999,2103301.17450400,10616,222.13410000,473105.40838400,0
1779732000000000,2128.54000000,2133.81000000,2128.24000000,2131.87000000,1084.25210000,1779732899999999,2310830.23168700,14952,530.72680000,1131043.24670000,0
1779732900000000,2131.87000000,2132.28000000,2129.87000000,2131.89000000,609.79770000,1779733799999999,1299617.66072700,10289,420.48250000,896131.81439800,0
1779733800000000,2131.89000000,2131.89000000,2127.28000000,2128.38000000,824.45350000,1779734699999999,1755586.05552900,14184,443.80850000,944994.40975100,0
1779734700000000,2128.38000000,2128.89000000,2126.64000000,2126.85000000,997.50360000,1779735599999999,2122275.62577300,11366,477.27550000,1015389.61831400,0
1779735600000000,2126.86000000,2126.86000000,2122.10000000,2125.33000000,1841.95460000,1779736499999999,3912887.01775100,21893,773.11020000,1642094.60952800,0
1779736500000000,2125.33000000,2125.59000000,2123.37000000,2125.42000000,996.08230000,1779737399999999,2116507.48724700,11606,370.67060000,787596.79707700,0
1779737400000000,2125.43000000,2125.65000000,2116.55000000,2119.97000000,2654.95650000,1779738299999999,5627801.19977500,26194,1072.76740000,2273638.84758900,0
1779738300000000,2119.97000000,2121.76000000,2119.79000000,2121.43000000,991.73250000,1779739199999999,2103161.25763700,10547,570.74280000,1210332.25571300,0
1779739200000000,2121.42000000,2123.16000000,2120.54000000,2121.33000000,586.47900000,1779740099999999,1244508.18814300,6110,317.55630000,673838.06438000,0
1779740100000000,2121.33000000,2122.38000000,2118.77000000,2118.78000000,815.18200000,1779740999999999,1728915.77539500,11310,392.04360000,831418.18416700,0
1779741000000000,2118.78000000,2119.72000000,2110.42000000,2112.68000000,3537.04900000,1779741899999999,7482443.52696000,34110,1786.98450000,3780536.42883200,0
1779741900000000,2112.68000000,2115.85000000,2107.38000000,2108.64000000,3846.12010000,1779742799999999,8120563.43832400,28084,1677.53050000,3541853.02760100,0
1779742800000000,2108.64000000,2113.04000000,2108.00000000,2111.36000000,2302.48300000,1779743699999999,4861140.32222600,24451,1604.10850000,3386500.57615900,0
1779743700000000,2111.36000000,2111.93000000,2108.60000000,2111.91000000,1560.15500000,1779744599999999,3292277.00214500,13246,756.72520000,1596735.80679900,0
1779744600000000,2111.92000000,2112.38000000,2108.61000000,2109.37000000,1176.75230000,1779745499999999,2483676.32669700,15931,544.36320000,1148936.94400700,0
1779745500000000,2109.37000000,2111.84000000,2108.71000000,2110.90000000,884.33810000,1779746399999999,1866447.62795400,15634,431.52820000,910705.20139200,0
1779746400000000,2110.90000000,2115.68000000,2107.90000000,2113.80000000,1834.76600000,1779747299999999,3874686.69622900,31183,894.37660000,1889041.66690200,0
1779747300000000,2113.79000000,2115.20000000,2109.91000000,2110.85000000,1634.24000000,1779748199999999,3452103.74967400,18191,839.72410000,1773586.22440300,0
1779748200000000,2110.85000000,2110.85000000,2102.35000000,2106.95000000,3526.33170000,1779749099999999,7425120.48243200,40549,1514.56760000,3189068.04264000,0
1779749100000000,2106.94000000,2109.13000000,2103.59000000,2103.61000000,954.06060000,1779749999999999,2010473.09787500,13728,264.89090000,558285.66018900,0
1779750000000000,2103.60000000,2109.46000000,2102.62000000,2108.88000000,665.82280000,1779750899999999,1402653.47353800,15654,345.73630000,728362.39145400,0
1779750900000000,2108.89000000,2110.07000000,2107.85000000,2108.61000000,781.86410000,1779751799999999,1648855.02237000,11981,474.14850000,999904.30205300,0
1779751800000000,2108.60000000,2112.85000000,2108.08000000,2111.59000000,623.26640000,1779752699999999,1315720.54132700,12121,384.82430000,812284.67466200,0
1779752700000000,2111.59000000,2113.85000000,2110.90000000,2113.01000000,706.76790000,1779753599999999,1493049.46323000,10047,403.82290000,853058.83033400,0
1779753600000000,2113.01000000,2113.89000000,2110.28000000,2110.86000000,827.47260000,1779754499999999,1747666.36006700,19523,310.23360000,655225.84287700,0
1779754500000000,2110.85000000,2111.93000000,2106.50000000,2106.50000000,1130.46830000,1779755399999999,2383695.11265400,17697,345.63470000,728785.46460500,0
1779755400000000,2106.50000000,2109.00000000,2094.80000000,2096.35000000,4525.68960000,1779756299999999,9504539.15978600,42095,1627.66950000,3418210.55695900,0
1779756300000000,2096.35000000,2099.78000000,2084.83000000,2097.75000000,6844.03730000,1779757199999999,14317523.26420400,70200,2407.36470000,5037656.51967400,0
1779757200000000,2097.74000000,2100.50000000,2090.58000000,2098.98000000,2256.70690000,1779758099999999,4727676.17414600,40637,1134.56530000,2377198.73068600,0
1779758100000000,2098.98000000,2100.30000000,2094.59000000,2097.14000000,1343.81200000,1779758999999999,2819001.96330700,24138,537.68410000,1127867.53765500,0
1779759000000000,2097.14000000,2097.14000000,2088.03000000,2090.83000000,2955.95600000,1779759899999999,6181575.22885200,32034,777.02680000,1624684.45621700,0
1779759900000000,2090.84000000,2096.37000000,2090.65000000,2094.35000000,1467.49340000,1779760799999999,3073559.36782300,26365,608.08600000,1273500.65456200,0
1779760800000000,2094.36000000,2095.80000000,2090.03000000,2093.73000000,2221.10270000,1779761699999999,4649307.74742100,26620,584.11230000,1222474.85254200,0
1779761700000000,2093.73000000,2094.04000000,2088.82000000,2089.26000000,2306.49550000,1779762599999999,4823419.80845600,27400,824.60770000,1724592.12485100,0
1779762600000000,2089.27000000,2092.10000000,2087.49000000,2087.81000000,1632.90910000,1779763499999999,3411737.14084400,22625,568.53770000,1187839.20587000,0
1779763500000000,2087.82000000,2091.45000000,2084.79000000,2088.83000000,2316.10620000,1779764399999999,4836059.36126700,24244,898.15310000,1875587.28001300,0
1779764400000000,2088.83000000,2089.83000000,2085.30000000,2085.48000000,1334.59540000,1779765299999999,2787125.09516000,19458,449.80900000,939388.03075200,0
1779765300000000,2085.48000000,2088.25000000,2084.52000000,2088.25000000,1605.71820000,1779766199999999,3350787.70738000,21691,446.02100000,930833.91535800,0
1779766200000000,2088.26000000,2093.84000000,2087.58000000,2092.12000000,1470.03270000,1779767099999999,3075304.73955900,18535,872.72730000,1825547.45355200,0
1779767100000000,2092.12000000,2093.47000000,2091.08000000,2093.12000000,456.50180000,1779767999999999,955125.70947400,9693,209.66920000,438713.39787800,0
1779768000000000,2093.11000000,2094.88000000,2089.87000000,2090.83000000,974.39200000,1779768899999999,2037930.64435800,14366,447.31480000,935629.92130100,0
1779768900000000,2090.84000000,2094.44000000,2088.82000000,2093.94000000,559.80760000,1779769799999999,1170290.86980300,13570,249.00150000,520547.44753700,0
1779769800000000,2093.95000000,2095.69000000,2093.38000000,2094.93000000,624.53110000,1779770699999999,1308063.84067500,8957,335.07200000,701793.17780800,0
1779770700000000,2094.93000000,2096.45000000,2093.59000000,2093.67000000,1490.42430000,1779771599999999,3122645.05518100,9663,446.75450000,935973.62195900,0
1779771600000000,2093.68000000,2095.82000000,2092.05000000,2095.17000000,1430.83540000,1779772499999999,2995375.08182300,12337,431.21240000,902773.33556800,0
1779772500000000,2095.16000000,2099.31000000,2095.16000000,2098.69000000,1401.27640000,1779773399999999,2938635.59187700,10977,647.37180000,1357732.96094300,0
1779773400000000,2098.68000000,2103.65000000,2098.25000000,2102.67000000,1992.55100000,1779774299999999,4186986.63296400,20144,707.66230000,1487043.97953400,0
1779774300000000,2102.67000000,2102.67000000,2098.31000000,2100.91000000,1104.40280000,1779775199999999,2319148.59098400,9906,391.16040000,821439.58681600,0
1779775200000000,2100.90000000,2101.34000000,2098.19000000,2100.19000000,732.81340000,1779776099999999,1538924.11937600,12951,382.59760000,803494.16797800,0
1779776100000000,2100.19000000,2100.55000000,2094.78000000,2096.98000000,1495.68750000,1779776999999999,3138636.53873700,15715,361.09280000,757509.50653000,0
1779777000000000,2096.99000000,2104.65000000,2096.99000000,2102.70000000,1267.40400000,1779777899999999,2662177.75775000,17661,651.80170000,1369142.55269000,0
1779777900000000,2102.70000000,2103.13000000,2101.26000000,2101.73000000,915.04100000,1779778799999999,1923674.94192400,10270,380.43810000,799815.22221100,0
1779778800000000,2101.73000000,2102.63000000,2093.47000000,2094.07000000,988.83480000,1779779699999999,2074060.12735200,18976,242.05760000,507823.33395100,0
1779779700000000,2094.08000000,2097.71000000,2090.65000000,2097.31000000,2440.52240000,1779780599999999,5110549.89763300,19258,1341.23860000,2808388.74968400,0
1779780600000000,2097.31000000,2097.70000000,2093.11000000,2095.83000000,2585.90120000,1779781499999999,5417976.82074600,22164,1151.06430000,2411733.80331000,0
1779781500000000,2095.84000000,2101.35000000,2093.61000000,2095.61000000,2933.53570000,1779782399999999,6153184.94040300,12566,1609.85850000,3376669.03117400,0
1779782400000000,2095.61000000,2099.63000000,2095.13000000,2098.62000000,965.68270000,1779783299999999,2025528.59780900,9778,696.85450000,1461882.66933000,0
1779783300000000,2098.62000000,2100.14000000,2097.23000000,2098.62000000,1480.38670000,1779784199999999,3106860.83901000,11463,1048.44900000,2200378.46951000,0
1779784200000000,2098.61000000,2100.14000000,2096.40000000,2099.48000000,1047.40240000,1779785099999999,2197681.88947500,10249,497.67170000,1044242.80485700,0
1779785100000000,2099.47000000,2099.49000000,2095.60000000,2097.25000000,1045.04060000,1779785999999999,2192570.07925000,12168,580.41500000,1217721.50460400,0
1779786000000000,2097.26000000,2097.94000000,2095.13000000,2095.53000000,1609.18740000,1779786899999999,3372793.84668500,15246,530.27300000,1111472.93200100,0
1779786900000000,2095.53000000,2099.62000000,2094.10000000,2097.84000000,1903.99050000,1779787799999999,3992190.95180800,16763,1032.41570000,2164550.51607000,0
1779787800000000,2097.85000000,2099.13000000,2095.54000000,2096.73000000,1238.60850000,1779788699999999,2597549.03226300,14046,624.74620000,1310299.07308900,0
1779788700000000,2096.72000000,2097.80000000,2095.11000000,2096.81000000,684.55440000,1779789599999999,1435235.32330500,9040,269.97810000,566053.62181500,0
1779789600000000,2096.80000000,2100.63000000,2094.23000000,2099.95000000,949.75780000,1779790499999999,1991635.18165400,16858,480.98460000,1008707.34372700,0
1779790500000000,2099.95000000,2122.68000000,2099.95000000,2121.30000000,6033.61550000,1779791399999999,12750260.65944400,83092,3539.18430000,7478527.32906700,0
1779791400000000,2121.29000000,2137.29000000,2121.15000000,2134.29000000,10721.05450000,1779792299999999,22834672.91521400,102082,5440.26240000,11585316.07087700,0
1779792300000000,2134.29000000,2135.54000000,2127.00000000,2127.56000000,5069.97700000,1779793199999999,10799485.27340800,47866,2024.24620000,4311308.37110600,0
1779793200000000,2127.57000000,2130.60000000,2125.91000000,2126.20000000,2647.52700000,1779794099999999,5635117.65161900,32625,1292.38310000,2750861.32279500,0
1779794100000000,2126.19000000,2126.19000000,2118.84000000,2120.09000000,5726.29950000,1779794999999999,12152307.77541300,37197,2570.00330000,5455454.47245000,0
1779795000000000,2120.09000000,2123.64000000,2118.60000000,2121.68000000,2293.93000000,1779795899999999,4866167.66313100,23395,1009.11570000,2140643.83573700,0
1779795900000000,2121.68000000,2123.06000000,2120.85000000,2121.01000000,1171.56610000,1779796799999999,2486272.84984300,11459,612.29630000,1299368.05059400,0
1779796800000000,2121.00000000,2123.00000000,2111.01000000,2117.75000000,7274.20640000,1779797699999999,15394227.11764000,37519,2866.99500000,6065828.76097800,0
1779797700000000,2117.74000000,2119.30000000,2113.22000000,2116.62000000,2183.48940000,1779798599999999,4620355.73777800,21605,881.25020000,1864699.13788300,0
1779798600000000,2116.62000000,2120.86000000,2115.61000000,2119.34000000,1871.26410000,1779799499999999,3963328.30195600,19329,1100.96550000,2331869.50990400,0
1779799500000000,2119.35000000,2126.93000000,2119.32000000,2126.20000000,2863.16640000,1779800399999999,6079653.05975100,24901,1894.71600000,4022525.22145400,0
1779800400000000,2126.20000000,2126.44000000,2122.08000000,2123.02000000,1221.14090000,1779801299999999,2593829.23332400,17108,567.95250000,1206388.89565100,0
1779801300000000,2123.02000000,2123.11000000,2115.46000000,2115.84000000,2785.03600000,1779802199999999,5898880.54742500,26729,877.80110000,1859246.81238200,0
1779802200000000,2115.84000000,2120.71000000,2109.62000000,2117.76000000,4546.35160000,1779803099999999,9613134.07628700,61824,1842.68370000,3896611.64044700,0
1779803100000000,2117.76000000,2131.50000000,2117.76000000,2125.30000000,5532.34760000,1779803999999999,11759134.61264300,76153,3001.61860000,6380091.34216100,0
1779804000000000,2125.30000000,2131.57000000,2123.98000000,2131.56000000,3427.30270000,1779804899999999,7293394.77123600,44148,2051.46560000,4366367.34006300,0
1779804900000000,2131.55000000,2140.49000000,2129.51000000,2138.03000000,9428.53780000,1779805799999999,20139382.88539900,87294,4745.19330000,10136275.20889500,0
1779805800000000,2138.03000000,2138.95000000,2105.85000000,2111.63000000,13920.91780000,1779806699999999,29505329.39932800,134515,5362.12770000,11363039.79066400,0
1779806700000000,2111.66000000,2118.57000000,2107.15000000,2109.29000000,6431.89780000,1779807599999999,13586317.55776800,67433,2685.70320000,5672741.25290000,0
1779807600000000,2109.30000000,2112.20000000,2099.01000000,2110.89000000,7377.01350000,1779808499999999,15534998.78563800,82195,3152.13790000,6637955.68941400,0
1779808500000000,2110.90000000,2111.50000000,2095.05000000,2098.80000000,5960.88360000,1779809399999999,12533993.71883800,58524,2546.12280000,5352845.07283700,0
1779809400000000,2098.81000000,2099.62000000,2086.47000000,2092.05000000,11504.57550000,1779810299999999,24062235.40218100,97279,5796.16770000,12119749.38058400,0
1779810300000000,2092.05000000,2092.05000000,2078.75000000,2087.36000000,7356.78080000,1779811199999999,15331694.66299300,80299,2403.69500000,5008694.65534900,0
1779811200000000,2087.36000000,2089.97000000,2073.48000000,2078.80000000,7468.85860000,1779812099999999,15543800.38068100,59767,2917.69600000,6072127.15045600,0
1779812100000000,2078.81000000,2085.29000000,2078.19000000,2082.48000000,4549.35300000,1779812999999999,9474772.84795800,45562,2111.52670000,4397382.18350200,0
1779813000000000,2082.47000000,2085.02000000,2076.04000000,2080.06000000,7124.76560000,1779813899999999,14817259.26785700,47141,3103.25730000,6452443.40360600,0
1779813900000000,2080.06000000,2082.13000000,2074.35000000,2079.56000000,3163.93060000,1779814799999999,6576013.52943600,35378,1094.32690000,2274669.08455300,0
1779814800000000,2079.56000000,2083.84000000,2077.61000000,2079.87000000,2323.05610000,1779815699999999,4832838.07950900,27195,930.86670000,1936758.64336300,0
1779815700000000,2079.87000000,2079.92000000,2064.33000000,2064.51000000,6889.89330000,1779816599999999,14265320.93174200,77895,2330.16630000,4824360.11900600,0
1779816600000000,2064.50000000,2067.33000000,2055.06000000,2066.24000000,8929.87310000,1779817499999999,18411047.64140200,85703,3861.60760000,7963443.64154600,0
1779817500000000,2066.24000000,2073.95000000,2065.52000000,2070.84000000,5217.68930000,1779818399999999,10800949.64162400,39719,3008.85230000,6228182.93031500,0
1779818400000000,2070.84000000,2077.44000000,2068.60000000,2075.60000000,4056.32900000,1779819299999999,8406442.28932300,39938,2201.37530000,4561812.41250100,0
1779819300000000,2075.60000000,2081.21000000,2075.12000000,2075.90000000,3034.24190000,1779820199999999,6306346.33866800,34544,1564.38120000,3251343.08235100,0
1779820200000000,2075.90000000,2076.52000000,2067.52000000,2067.65000000,3856.64080000,1779821099999999,7995516.32049100,31742,950.30560000,1969916.73281700,0
1779821100000000,2067.66000000,2072.16000000,2066.80000000,2068.59000000,1840.92540000,1779821999999999,3809551.21738000,25607,814.53440000,1685711.62849200,0
1779822000000000,2068.60000000,2070.54000000,2067.09000000,2067.41000000,1595.99740000,1779822899999999,3301531.41503300,28249,736.72860000,1524002.85231900,0
1779822900000000,2067.41000000,2072.10000000,2065.72000000,2071.10000000,1906.88790000,1779823799999999,3944420.13122300,22755,765.71680000,1583816.52914600,0
1779823800000000,2071.10000000,2076.24000000,2071.10000000,2075.49000000,1914.08540000,1779824699999999,3968949.84176300,22397,1080.68770000,2240779.61702100,0
1779824700000000,2075.50000000,2076.85000000,2073.71000000,2074.29000000,2037.00030000,1779825599999999,4227605.56832000,24226,932.34170000,1934951.13738800,0
1779825600000000,2074.30000000,2076.97000000,2074.21000000,2076.24000000,1049.40460000,1779826499999999,2178162.17758200,18548,520.34280000,1079943.08800000,0
1779826500000000,2076.24000000,2078.00000000,2074.00000000,2077.72000000,1816.42090000,1779827399999999,3770086.68201900,15878,1150.86370000,2388308.61167500,0
1779827400000000,2077.72000000,2078.48000000,2073.90000000,2076.43000000,1262.33420000,1779828299999999,2620676.85502900,18096,575.73550000,1195278.41669000,0
1779828300000000,2076.42000000,2078.51000000,2076.15000000,2078.35000000,774.79580000,1779829199999999,1609709.35969800,11333,436.13010000,906113.72417400,0
1779829200000000,2078.35000000,2078.52000000,2069.45000000,2071.44000000,1419.64000000,1779830099999999,2943927.76499800,16810,429.37460000,890389.58931500,0
1779830100000000,2071.45000000,2075.67000000,2071.01000000,2075.59000000,1139.73250000,1779830999999999,2364109.18101100,10820,716.83540000,1487003.89431700,0
1779831000000000,2075.60000000,2078.78000000,2074.53000000,2077.21000000,1334.22220000,1779831899999999,2770957.53164100,13793,624.92180000,1297772.95797900,0
1779831900000000,2077.22000000,2078.63000000,2071.32000000,2072.85000000,1676.90020000,1779832799999999,3480385.14814500,21562,748.86000000,1554259.14260900,0
1779832800000000,2072.85000000,2076.52000000,2069.43000000,2071.92000000,1963.29270000,1779833699999999,4069144.05162900,28437,951.22430000,1971624.93766300,0
1779833700000000,2071.92000000,2072.32000000,2069.90000000,2070.34000000,1330.21380000,1779834599999999,2754874.64745400,16715,435.77140000,902419.18206100,0
1779834600000000,2070.33000000,2071.81000000,2067.90000000,2068.30000000,1163.33330000,1779835499999999,2407831.29563900,18828,562.67700000,1164691.17426300,0
1779835500000000,2068.30000000,2069.65000000,2065.98000000,2068.79000000,1054.70910000,1779836399999999,2180820.51386600,15794,450.87990000,932239.37478200,0
1779836400000000,2068.79000000,2074.33000000,2068.79000000,2073.66000000,1832.33670000,1779837299999999,3798346.11955700,18235,1100.95130000,2281987.12224400,0
1779837300000000,2073.65000000,2074.16000000,2072.21000000,2073.55000000,775.75200000,1779838199999999,1608469.94348100,9306,309.60120000,641875.04231200,0
1779838200000000,2073.55000000,2076.85000000,2073.55000000,2075.98000000,1567.99530000,1779839099999999,3254552.95433000,10688,1203.85410000,2498775.36297000,0
1779839100000000,2075.98000000,2076.75000000,2073.00000000,2073.77000000,576.14780000,1779839999999999,1195360.93006200,8427,258.97560000,537313.07049200,0
1779840000000000,2073.77000000,2080.42000000,2073.77000000,2078.85000000,1861.59530000,1779840899999999,3867959.73039600,20288,1133.55380000,2355394.02365600,0
1779840900000000,2078.85000000,2078.86000000,2074.27000000,2077.79000000,1082.36890000,1779841799999999,2246932.16906600,15145,454.02700000,942498.18623400,0
1779841800000000,2077.79000000,2082.50000000,2076.74000000,2079.46000000,1727.08890000,1779842699999999,3591853.58110800,20122,806.26640000,1676853.37770300,0
1779842700000000,2079.45000000,2084.23000000,2079.45000000,2083.36000000,1614.90610000,1779843599999999,3362113.64334500,17989,1053.95490000,2194306.38378900,0
1779843600000000,2083.35000000,2083.93000000,2080.00000000,2081.39000000,931.05790000,1779844499999999,1937946.61691100,14327,415.04710000,863822.48381000,0
1779844500000000,2081.40000000,2081.40000000,2072.73000000,2074.65000000,1810.49780000,1779845399999999,3757439.02290500,17237,669.33370000,1388677.59771100,0
1779845400000000,2074.66000000,2076.13000000,2071.86000000,2073.67000000,1293.03040000,1779846299999999,2682082.42203700,17525,572.33690000,1187143.24444800,0
1779846300000000,2073.68000000,2077.19000000,2073.46000000,2074.53000000,1093.70300000,1779847199999999,2269552.07734300,16632,738.89330000,1533095.76213400,0
1779847200000000,2074.53000000,2075.59000000,2071.33000000,2074.19000000,1123.26890000,1779848099999999,2329269.37942100,21651,609.26950000,1263508.73547200,0
1779848100000000,2074.19000000,2075.02000000,2069.11000000,2071.64000000,1552.34340000,1779848999999999,3215666.68655300,19404,503.78630000,1043611.67648000,0
1779849000000000,2071.64000000,2074.29000000,2069.23000000,2070.16000000,1139.51330000,1779849899999999,2360387.81974100,16975,549.26830000,1137941.73468500,0
1779849900000000,2070.17000000,2076.26000000,2070.17000000,2076.26000000,1070.59200000,1779850799999999,2218992.72533800,14783,715.75400000,1483707.47368600,0
1779850800000000,2076.25000000,2080.00000000,2075.41000000,2077.14000000,1455.12930000,1779851699999999,3023711.91641300,17141,912.13870000,1895367.19739900,0
1779851700000000,2077.14000000,2077.98000000,2075.23000000,2077.07000000,1071.49780000,1779852599999999,2225336.78289200,13705,614.41740000,1276126.74319100,0
1779852600000000,2077.06000000,2078.05000000,2073.06000000,2073.43000000,959.79560000,1779853499999999,1991527.09993500,13934,369.80930000,767232.31077300,0
1779853500000000,2073.44000000,2073.68000000,2068.90000000,2070.00000000,2200.61780000,1779854399999999,4557618.62816000,22481,716.02600000,1482776.29888200,0
1779854400000000,2070.01000000,2071.16000000,2068.45000000,2068.46000000,1849.66640000,1779855299999999,3828355.96611000,17578,509.59410000,1054763.28915400,0
1779855300000000,2068.45000000,2068.87000000,2063.00000000,2064.85000000,1796.64230000,1779856199999999,3711275.67191100,26545,664.56100000,1372645.13636200,0
1779856200000000,2064.84000000,2065.33000000,2056.31000000,2063.44000000,4070.43690000,1779857099999999,8388285.20455500,44210,1379.07000000,2842505.12471000,0
1779857100000000,2063.44000000,2073.08000000,2063.44000000,2072.21000000,1872.75150000,1779857999999999,3876682.27012300,19020,1161.29100000,2403368.00583100,0
1779858000000000,2072.21000000,2073.77000000,2071.90000000,2073.00000000,1192.12670000,1779858899999999,2471124.50577300,15150,421.49950000,873703.82643100,0
1779858900000000,2072.99000000,2077.45000000,2071.62000000,2075.87000000,1293.57990000,1779859799999999,2683700.36521800,16397,855.85260000,1775790.44756100,0
1779859800000000,2075.87000000,2077.51000000,2073.19000000,2074.57000000,1787.07500000,1779860699999999,3707954.67489800,17104,1000.62530000,2076349.05355500,0
1779860700000000,2074.57000000,2079.20000000,2074.01000000,2077.37000000,2485.78490000,1779861599999999,5162042.85364800,19800,1310.33680000,2721339.81544100,0
1779861600000000,2077.38000000,2079.46000000,2075.75000000,2076.12000000,1841.74340000,1779862499999999,3827063.03019100,19153,756.18630000,1571508.29438000,0
1779862500000000,2076.11000000,2078.19000000,2075.01000000,2077.80000000,770.26990000,1779863399999999,1599126.99970700,14528,349.30440000,725183.26368000,0
1779863400000000,2077.80000000,2080.98000000,2077.76000000,2080.66000000,1479.74290000,1779864299999999,3077400.32367800,16516,1030.43630000,2143066.24802800,0
1779864300000000,2080.67000000,2081.46000000,2077.55000000,2079.62000000,1116.44000000,1779865199999999,2322323.98343900,13342,318.31300000,662077.55757500,0
1779865200000000,2079.62000000,2080.65000000,2076.07000000,2077.41000000,1314.06380000,1779866099999999,2730167.23170100,17295,721.33620000,1498443.38811900,0
1779866100000000,2077.42000000,2080.00000000,2076.44000000,2080.00000000,1263.38510000,1779866999999999,2625293.65134800,12211,944.21100000,1961989.82977900,0
1779867000000000,2080.00000000,2082.64000000,2078.34000000,2079.75000000,1380.25420000,1779867899999999,2871333.26507900,15617,840.87400000,1749213.49376700,0
1779867900000000,2079.75000000,2084.16000000,2079.75000000,2083.78000000,1681.72880000,1779868799999999,3502041.96634900,9772,1007.91080000,2098873.04743800,0
1779868800000000,2083.77000000,2087.47000000,2083.56000000,2085.95000000,2481.57360000,1779869699999999,5175741.24071000,14496,1357.41410000,2831061.85324900,0
1779869700000000,2085.95000000,2096.71000000,2083.91000000,2093.89000000,3067.84070000,1779870599999999,6414517.85484700,36123,1907.28060000,3987558.00627100,0
1779870600000000,2093.89000000,2094.37000000,2091.58000000,2092.82000000,2465.70640000,1779871499999999,5160388.58142100,23175,1430.73330000,2994227.40824500,0
1779871500000000,2092.82000000,2093.00000000,2083.98000000,2085.05000000,2805.77470000,1779872399999999,5858947.18508100,22295,1007.02650000,2102308.16249700,0
1779872400000000,2085.06000000,2085.43000000,2079.24000000,2080.71000000,2338.85790000,1779873299999999,4867105.59796800,25877,820.78070000,1707770.48647300,0
1779873300000000,2080.72000000,2084.10000000,2078.26000000,2081.36000000,1532.61830000,1779874199999999,3190102.46355600,20192,695.26160000,1447290.30228200,0
1779874200000000,2081.36000000,2087.78000000,2080.77000000,2086.27000000,1364.55560000,1779875099999999,2845347.92825400,16119,972.01650000,2026936.97707800,0
1779875100000000,2086.28000000,2086.89000000,2082.07000000,2083.36000000,1489.02970000,1779875999999999,3103868.96866000,13005,563.35970000,1174339.56985000,0
1779876000000000,2083.36000000,2086.71000000,2081.16000000,2086.52000000,1464.59140000,1779876899999999,3050772.29811300,11193,719.30780000,1498466.13125100,0
1779876900000000,2086.53000000,2087.90000000,2084.84000000,2085.52000000,1758.92340000,1779877799999999,3669149.31555100,15820,1019.43990000,2126504.83384400,0
1779877800000000,2085.52000000,2086.55000000,2081.16000000,2081.48000000,1345.03600000,1779878699999999,2801359.11454000,14758,254.45310000,530021.27603900,0
1779878700000000,2081.49000000,2082.04000000,2079.47000000,2079.50000000,1167.59900000,1779879599999999,2428965.65752200,12586,289.58660000,602407.88950100,0
1779879600000000,2079.51000000,2084.51000000,2078.88000000,2082.21000000,1101.24950000,1779880499999999,2292717.27076300,16880,493.15980000,1026731.55107600,0
1779880500000000,2082.22000000,2085.29000000,2081.59000000,2083.14000000,1720.34170000,1779881399999999,3585007.05749400,16718,857.12550000,1786151.16107800,0
1779881400000000,2083.14000000,2085.00000000,2078.88000000,2082.34000000,1423.35170000,1779882299999999,2963403.81710400,19363,633.14810000,1318320.91479100,0
1779882300000000,2082.34000000,2082.34000000,2079.60000000,2080.55000000,1219.50620000,1779883199999999,2537441.08196800,13245,454.23340000,945055.86000800,0
1779883200000000,2080.56000000,2080.80000000,2073.84000000,2076.42000000,2564.82540000,1779884099999999,5327734.13503800,28525,1013.63430000,2105196.94343100,0
1779884100000000,2076.42000000,2097.40000000,2075.34000000,2084.96000000,9081.39530000,1779884999999999,18957685.76110100,86649,4372.27870000,9122696.83215600,0
1779885000000000,2084.96000000,2088.20000000,2083.38000000,2085.08000000,2732.55390000,1779885899999999,5698549.43849100,31793,1408.40870000,2937183.41352400,0
1779885900000000,2085.08000000,2085.08000000,2078.51000000,2078.76000000,2071.44130000,1779886799999999,4310479.53594700,25139,691.35370000,1438258.19757200,0
1779886800000000,2078.76000000,2080.64000000,2072.15000000,2075.04000000,2638.28620000,1779887699999999,5476138.50122300,40259,1068.00410000,2216398.28214900,0
1779887700000000,2075.04000000,2075.78000000,2068.01000000,2068.75000000,3598.39830000,1779888599999999,7454568.74214000,45394,1195.36470000,2476603.61163100,0
1779888600000000,2068.74000000,2072.25000000,2051.96000000,2053.35000000,17701.20880000,1779889499999999,36469308.96007000,148605,5694.21080000,11732532.92694500,0
1779889500000000,2053.35000000,2065.35000000,2053.35000000,2064.53000000,6511.67870000,1779890399999999,13408120.92061600,80460,3797.36330000,7819236.98107300,0
1779890400000000,2064.52000000,2071.86000000,2060.97000000,2062.23000000,4366.89380000,1779891299999999,9024634.01621600,69655,1899.09500000,3925121.68056500,0
1779891300000000,2062.24000000,2067.99000000,2054.99000000,2057.34000000,3623.84720000,1779892199999999,7464895.60383300,67229,1660.62060000,3421735.07274000,0
1779892200000000,2057.33000000,2063.31000000,2054.84000000,2060.04000000,4365.67400000,1779893099999999,8988837.80814400,64721,2205.73930000,4541749.26956500,0
1779893100000000,2060.03000000,2064.10000000,2059.64000000,2062.62000000,2413.40080000,1779893999999999,4977276.53952000,35172,973.33170000,2007006.74959500,0
1779894000000000,2062.62000000,2068.86000000,2061.21000000,2066.81000000,3221.48680000,1779894899999999,6653384.00120800,42605,1811.34130000,3741057.01387400,0
1779894900000000,2066.80000000,2076.51000000,2066.41000000,2073.08000000,4555.90280000,1779895799999999,9441060.05863900,47169,2825.33660000,5854934.38599800,0
1779895800000000,2073.08000000,2079.73000000,2068.80000000,2070.21000000,4719.71570000,1779896699999999,9795773.46925000,54380,2263.57950000,4698706.33657000,0
1779896700000000,2070.21000000,2076.38000000,2067.98000000,2071.38000000,4855.40770000,1779897599999999,10059512.16145900,40653,1788.64270000,3705971.17032300,0
1779897600000000,2071.39000000,2074.50000000,2067.65000000,2071.02000000,2827.66620000,1779898499999999,5855036.84058300,37118,1235.85780000,2558985.23442200,0
1779898500000000,2071.02000000,2071.02000000,2062.26000000,2065.40000000,2964.82180000,1779899399999999,6123805.88507300,36588,1122.69220000,2318428.43107100,0
1779899400000000,2065.39000000,2067.05000000,2060.00000000,2065.67000000,1987.32680000,1779900299999999,4101501.52013300,29867,844.22390000,1742689.72133200,0
1779900300000000,2065.67000000,2071.10000000,2064.54000000,2070.15000000,1952.87250000,1779901199999999,4039096.53232500,24618,918.84240000,1900699.91517900,0
1779901200000000,2070.14000000,2070.30000000,2055.00000000,2056.99000000,3628.76450000,1779902099999999,7485663.92024900,49508,1277.24790000,2635354.68301200,0
1779902100000000,2057.00000000,2061.95000000,2054.38000000,2058.83000000,4307.20660000,1779902999999999,8863001.52447100,43602,2156.81080000,4437689.44720600,0
1779903000000000,2058.82000000,2059.64000000,2052.44000000,2054.66000000,3342.71000000,1779903899999999,6874695.05953200,34049,1544.78270000,3177178.27253900,0
1779903900000000,2054.65000000,2058.04000000,2044.08000000,2052.28000000,7172.42190000,1779904799999999,14710781.94651300,51027,3110.23900000,6377505.00728700,0
1779904800000000,2052.27000000,2054.09000000,2043.31000000,2046.43000000,3921.54310000,1779905699999999,8033861.01826900,63069,1554.06410000,3184195.54881800,0
1779905700000000,2046.44000000,2052.83000000,2045.00000000,2052.22000000,2659.81660000,1779906599999999,5452688.50673500,37684,1610.85210000,3302168.43913200,0
1779906600000000,2052.21000000,2055.52000000,2050.01000000,2054.46000000,1874.84840000,1779907499999999,3848254.15986700,30902,917.10090000,1882295.80628100,0
1779907500000000,2054.47000000,2056.92000000,2053.81000000,2056.71000000,1230.96300000,1779908399999999,2530033.06746900,19358,636.64700000,1308456.14420800,0
1779908400000000,2056.72000000,2058.66000000,2054.69000000,2058.24000000,1787.65630000,1779909299999999,3677385.12211800,24411,1126.68630000,2317953.75636400,0
1779909300000000,2058.24000000,2060.43000000,2055.62000000,2058.09000000,1767.52770000,1779910199999999,3638482.79802100,18106,1215.07800000,2501458.16190300,0
1779910200000000,2058.09000000,2061.16000000,2056.03000000,2056.99000000,2107.53240000,1779911099999999,4339238.57563400,22092,1046.91430000,2155676.84039200,0
1779911100000000,2057.00000000,2058.47000000,2054.42000000,2057.47000000,1861.78930000,1779911999999999,3829032.31409900,19975,969.63840000,1994326.10355200,0
1779912000000000,2057.47000000,2063.51000000,2057.22000000,2063.41000000,2908.53300000,1779912899999999,5992033.53099000,26209,1838.24610000,3787297.50138900,0
1779912900000000,2063.42000000,2066.14000000,2059.49000000,2060.87000000,1964.42020000,1779913799999999,4053975.09823900,21157,946.28540000,1952521.27203400,0
1779913800000000,2060.88000000,2062.26000000,2058.67000000,2062.26000000,1039.65310000,1779914699999999,2141763.93647900,13550,576.96620000,1188584.44169500,0
1779914700000000,2062.26000000,2064.50000000,2062.26000000,2063.29000000,936.20330000,1779915599999999,1931806.15736200,11143,414.35980000,855009.64735700,0
1779915600000000,2063.30000000,2063.30000000,2058.65000000,2059.27000000,1373.32620000,1779916499999999,2829418.82228200,18538,621.93990000,1281313.56002300,0
1779916500000000,2059.27000000,2060.37000000,2056.35000000,2056.35000000,957.90530000,1779917399999999,1972132.29737000,12575,373.26580000,768463.47525700,0
1779917400000000,2056.35000000,2056.35000000,2024.50000000,2032.92000000,10647.82610000,1779918299999999,21713328.65788700,98908,4008.25700000,8178334.38019200,0
1779918300000000,2032.92000000,2034.59000000,2016.00000000,2021.04000000,14285.03920000,1779919199999999,28879282.45852200,150738,4986.26210000,10085340.52923100,0
1779919200000000,2021.04000000,2035.00000000,2016.27000000,2025.11000000,8481.90420000,1779920099999999,17183955.53235500,113373,3985.46340000,8074885.48027300,0
1779920100000000,2025.11000000,2030.63000000,2020.00000000,2029.04000000,4525.29720000,1779920999999999,9166841.97972100,61598,2486.28660000,5036777.26742600,0
1779921000000000,2029.04000000,2033.06000000,2025.60000000,2030.17000000,3299.49750000,1779921899999999,6697518.76909700,39412,1514.11750000,3073514.24515900,0
1779921900000000,2030.17000000,2031.07000000,2025.05000000,2025.34000000,2124.92510000,1779922799999999,4309601.75333200,30782,648.35420000,1314896.88603800,0
1779922800000000,2025.34000000,2027.08000000,2023.17000000,2026.67000000,2778.13420000,1779923699999999,5626174.89189500,37259,1155.58280000,2340088.16511200,0
1779923700000000,2026.67000000,2030.19000000,2018.17000000,2019.34000000,5054.19460000,1779924599999999,10230519.88180900,50800,1723.34390000,3486206.06930500,0
1779924600000000,2019.34000000,2024.11000000,2019.00000000,2022.76000000,2371.98840000,1779925499999999,4794714.33788700,30282,1157.99440000,2340658.07329600,0
1779925500000000,2022.76000000,2026.14000000,2020.62000000,2024.84000000,2867.47200000,1779926399999999,5803778.17052700,24834,1615.81890000,3270741.99610000,0
1779926400000000,2024.83000000,2026.62000000,2021.63000000,2021.93000000,2230.25820000,1779927299999999,4515062.80621700,34771,951.10560000,1925852.69996700,0
1779927300000000,2021.94000000,2027.99000000,2020.70000000,2024.59000000,2506.76660000,1779928199999999,5072507.33922300,28700,769.87470000,1558448.98787600,0
1779928200000000,2024.60000000,2027.92000000,2023.89000000,2027.68000000,1341.91240000,1779929099999999,2719130.62233800,24480,759.01970000,1538022.31811800,0
1779929100000000,2027.68000000,2029.20000000,2024.36000000,2028.23000000,1181.20020000,1779929999999999,2394239.88676500,22105,519.24430000,1052420.84808200,0
1779930000000000,2028.23000000,2029.20000000,2024.65000000,2026.67000000,1007.15510000,1779930899999999,2041883.40042500,24009,456.68030000,925869.75871000,0
1779930900000000,2026.67000000,2028.01000000,2012.70000000,2017.13000000,5409.73970000,1779931799999999,10924834.53130000,73405,2555.96050000,5162119.32332900,0
1779931800000000,2017.12000000,2022.65000000,2013.80000000,2019.48000000,3654.41140000,1779932699999999,7377639.93746400,56141,1852.17850000,3740353.68871500,0
1779932700000000,2019.48000000,2023.59000000,2018.63000000,2020.32000000,1581.21700000,1779933599999999,3195665.77426600,30104,753.98350000,1523821.81670500,0
1779933600000000,2020.32000000,2021.99000000,2016.21000000,2021.08000000,1861.21520000,1779934499999999,3759110.09486300,29485,820.53890000,1657249.28466800,0
1779934500000000,2021.08000000,2021.85000000,2016.00000000,2017.73000000,1699.62690000,1779935399999999,3430412.77419200,26298,724.63330000,1462511.81973600,0
1779935400000000,2017.73000000,2019.96000000,2014.77000000,2018.01000000,1964.77150000,1779936299999999,3964306.42157600,31787,686.31840000,1384539.72940600,0
1779936300000000,2018.01000000,2020.43000000,2017.00000000,2017.75000000,829.39750000,1779937199999999,1674318.41068000,19834,417.19800000,842215.88303000,0
1779937200000000,2017.75000000,2020.96000000,2010.37000000,2013.96000000,2764.83020000,1779938099999999,5571390.44058500,43212,1075.59610000,2167610.79955900,0
1779938100000000,2013.96000000,2014.66000000,1972.00000000,1988.60000000,39177.90410000,1779938999999999,77970674.34869400,186808,14645.98780000,29119070.80323300,0
1779939000000000,1988.59000000,1993.20000000,1983.26000000,1984.68000000,10786.39730000,1779939899999999,21432944.21425200,87097,5751.76250000,11427486.53797100,0
1779939900000000,1984.68000000,1989.08000000,1977.47000000,1981.55000000,12610.77400000,1779940799999999,24989119.30204600,87349,5471.01020000,10837123.89182300,0
1779940800000000,1981.55000000,1986.39000000,1967.00000000,1979.22000000,16888.44070000,1779941699999999,33406734.39421100,114495,6082.55140000,12029933.91564800,0
1779941700000000,1979.22000000,1980.79000000,1973.93000000,1980.39000000,5866.20530000,1779942599999999,11596976.22199400,63196,3012.91660000,5957134.59426500,0
1779942600000000,1980.39000000,1985.38000000,1979.33000000,1982.68000000,3754.28470000,1779943499999999,7442114.23449700,38470,1874.26090000,3715499.74315200,0
1779943500000000,1982.68000000,1982.68000000,1979.03000000,1982.33000000,2578.04120000,1779944399999999,5106626.25556700,25040,1544.16370000,3058881.95023300,0
1779944400000000,1982.33000000,1983.55000000,1979.06000000,1980.00000000,3464.97960000,1779945299999999,6864791.85589600,32285,1515.57810000,3002097.15441700,0
1779945300000000,1980.01000000,1980.47000000,1975.78000000,1975.92000000,4766.45340000,1779946199999999,9426192.27342300,33426,1670.02690000,3303248.11106400,0
1779946200000000,1975.92000000,1980.88000000,1975.66000000,1980.09000000,4187.69650000,1779947099999999,8285974.80669500,33859,1691.93540000,3347323.66727600,0
1779947100000000,1980.10000000,1980.83000000,1975.72000000,1978.52000000,2710.13780000,1779947999999999,5362430.61501600,21556,1293.00530000,2558074.06893000,0
1779948000000000,1978.52000000,1980.00000000,1977.50000000,1979.28000000,2562.32480000,1779948899999999,5070225.84649200,24023,1185.66240000,2346155.57702500,0
1779948900000000,1979.27000000,1981.00000000,1976.00000000,1977.87000000,2442.96690000,1779949799999999,4835040.57567800,22534,1602.05350000,3170867.67029300,0
1779949800000000,1977.87000000,1978.27000000,1972.50000000,1976.44000000,4824.80540000,1779950699999999,9529708.83944800,29449,2844.89430000,5619569.68362200,0
1779950700000000,1976.44000000,1984.83000000,1976.43000000,1984.07000000,3500.33870000,1779951599999999,6936002.13168300,31137,2141.60720000,4243242.09439900,0
1779951600000000,1984.07000000,1987.23000000,1982.41000000,1987.11000000,2430.52350000,1779952499999999,4823950.50001100,25680,1489.14100000,2955595.91598700,0
1779952500000000,1987.11000000,1991.61000000,1986.97000000,1989.23000000,3244.57540000,1779953399999999,6456742.92129100,22221,2198.70820000,4375413.67518700,0
1779953400000000,1989.23000000,1996.78000000,1989.23000000,1995.60000000,5858.26040000,1779954299999999,11680062.94520700,29027,4635.00880000,9240994.04388500,0
1779954300000000,1995.61000000,1995.87000000,1992.51000000,1995.56000000,5680.39560000,1779955199999999,11329183.23500000,17522,4193.44710000,8363656.11705100,0
1779955200000000,1995.56000000,1996.23000000,1990.38000000,1993.02000000,4165.47570000,1779956099999999,8297874.57384300,19342,2670.97650000,5320483.84633400,0
1779956100000000,1993.02000000,1993.02000000,1985.48000000,1986.91000000,3025.54790000,1779956999999999,6018550.98251100,17221,1457.02840000,2898914.81254100,0
1779957000000000,1986.91000000,1991.06000000,1985.00000000,1989.25000000,1998.79830000,1779957899999999,3974497.29834500,19300,1053.94700000,2095537.93065900,0
1779957900000000,1989.25000000,1991.68000000,1987.26000000,1988.26000000,1612.65050000,1779958799999999,3208780.69210600,13540,670.68320000,1334651.88164800,0
1779958800000000,1988.27000000,1991.19000000,1984.85000000,1987.97000000,1886.42110000,1779959699999999,3751120.03384200,23178,998.14980000,1984943.96772100,0
1779959700000000,1987.96000000,1991.36000000,1987.79000000,1991.18000000,1236.10510000,1779960599999999,2460165.50723300,16043,728.27110000,1449388.43214300,0
1779960600000000,1991.17000000,1993.77000000,1989.74000000,1993.61000000,2492.47330000,1779961499999999,4965064.89987600,19377,1184.52930000,2359655.69956100,0
1779961500000000,1993.61000000,1995.51000000,1993.23000000,1994.04000000,1567.52560000,1779962399999999,3126383.84042600,17766,895.76680000,1786620.13820500,0
1779962400000000,1994.04000000,1998.40000000,1993.90000000,1995.74000000,2361.51250000,1779963299999999,4713613.58114900,21070,1676.22910000,3345543.29532300,0
1779963300000000,1995.74000000,1996.37000000,1990.11000000,1992.85000000,2657.85790000,1779964199999999,5295230.32189800,18796,1674.34750000,3335739.16520000,0
1779964200000000,1992.86000000,1995.24000000,1992.16000000,1994.10000000,792.71260000,1779965099999999,1580281.48943000,10908,408.65210000,814648.77989000,0
1779965100000000,1994.11000000,1995.22000000,1988.71000000,1990.32000000,2572.37400000,1779965999999999,5122758.76774800,25390,1102.19820000,2195014.90025500,0
1779966000000000,1990.32000000,1992.72000000,1988.11000000,1990.95000000,2697.93450000,1779966899999999,5369788.97847000,24440,1142.93820000,2274723.52981600,0
1779966900000000,1990.96000000,1991.95000000,1987.14000000,1987.89000000,2117.28370000,1779967799999999,4211701.91829800,15538,793.36720000,1578258.40518600,0
1779967800000000,1987.88000000,1990.89000000,1986.53000000,1990.88000000,931.00340000,1779968699999999,1851966.45784000,13609,476.37460000,947548.22292200,0
1779968700000000,1990.89000000,1991.05000000,1987.72000000,1989.89000000,838.26680000,1779969599999999,1667866.70255800,10113,329.51950000,655591.66678400,0
1779969600000000,1989.88000000,1990.86000000,1986.53000000,1986.80000000,1270.51950000,1779970499999999,2526518.19437000,19337,567.42920000,1128469.65648900,0
1779970500000000,1986.79000000,1987.66000000,1981.57000000,1985.89000000,2540.51020000,1779971399999999,5041201.71738100,25229,1074.43810000,2132048.69369600,0
1779971400000000,1985.89000000,1993.35000000,1985.89000000,1991.19000000,2717.17960000,1779972299999999,5407200.53751500,36195,1607.99270000,3199620.15979100,0
1779972300000000,1991.19000000,1994.58000000,1990.75000000,1991.89000000,1742.32190000,1779973199999999,3471225.02901000,23944,922.63100000,1838143.38769800,0
1779973200000000,1991.88000000,1995.00000000,1986.56000000,1986.91000000,2531.34700000,1779974099999999,5036652.22460600,30047,1092.38920000,2174007.79924200,0
1779974100000000,1986.90000000,1988.50000000,1979.31000000,1986.84000000,3979.65760000,1779974999999999,7895473.92797500,42421,1586.22360000,3148102.24281400,0
1779975000000000,1986.84000000,1987.23000000,1975.35000000,1976.23000000,6851.83280000,1779975899999999,13572856.38277400,88888,3039.39650000,6020965.61773500,0
1779975900000000,1976.24000000,1985.50000000,1976.24000000,1981.55000000,6373.53660000,1779976799999999,12623899.79981500,68026,3377.03710000,6688940.87423300,0
1779976800000000,1981.55000000,1994.51000000,1967.38000000,1993.72000000,13924.34780000,1779977699999999,27589138.16822800,161388,6344.12470000,12573788.82816400,0
1779977700000000,1993.71000000,2002.50000000,1986.86000000,1989.71000000,10295.42140000,1779978599999999,20535324.97340200,134442,4911.67430000,9799276.12713600,0
1779978600000000,1989.71000000,1992.65000000,1981.35000000,1984.36000000,6207.94380000,1779979499999999,12340648.40217900,77997,3396.68130000,6752485.53375800,0
1779979500000000,1984.36000000,1994.10000000,1981.97000000,1993.62000000,4922.80750000,1779980399999999,9791191.78652900,62901,2864.48310000,5698090.00062900,0
1779980400000000,1993.61000000,1999.40000000,1988.92000000,1989.29000000,4378.28340000,1779981299999999,8728284.94641100,61419,2533.97550000,5051299.59013900,0
1779981300000000,1989.28000000,1992.95000000,1983.84000000,1992.81000000,3030.08970000,1779982199999999,6024854.88044300,56175,1559.95780000,3101638.15613500,0
1779982200000000,1992.81000000,1993.10000000,1987.50000000,1992.54000000,2469.70170000,1779983099999999,4915908.34608900,37689,1154.66840000,2298507.66420200,0
1779983100000000,1992.53000000,1995.80000000,1989.00000000,1990.65000000,2752.68590000,1779983999999999,5485231.37817000,34662,1349.70890000,2689991.72089300,0
1779984000000000,1990.65000000,1998.00000000,1985.22000000,1995.87000000,4723.73680000,1779984899999999,9404838.11797300,59193,2522.94960000,5023185.11275500,0
1779984900000000,1995.86000000,2004.81000000,1993.70000000,1998.80000000,5420.29170000,1779985799999999,10836680.76778900,58024,2975.17660000,5948644.85714800,0
1779985800000000,1998.80000000,2007.11000000,1998.80000000,2007.11000000,4893.25470000,1779986699999999,9800724.94843700,49733,3043.77960000,6097369.69686900,0
1779986700000000,2007.11000000,2015.00000000,2005.92000000,2013.19000000,6713.51150000,1779987599999999,13503930.06608500,66268,4030.11000000,8106216.36597700,0
1779987600000000,2013.18000000,2016.41000000,2009.26000000,2015.59000000,3202.52000000,1779988499999999,6448769.73308700,49362,1757.75510000,3539422.52915900,0
1779988500000000,2015.59000000,2016.97000000,2012.03000000,2014.62000000,3654.88270000,1779989399999999,7362411.50936100,45098,1349.42440000,2718446.08380100,0
1779989400000000,2014.61000000,2021.98000000,2013.89000000,2017.98000000,3641.46730000,1779990299999999,7351348.48491600,47576,1841.67670000,3718038.61822600,0
1779990300000000,2017.97000000,2027.14000000,2017.97000000,2019.51000000,4667.25170000,1779991199999999,9442818.56898200,45595,2287.74620000,4628399.06534900,0
1779991200000000,2019.51000000,2027.30000000,2018.24000000,2023.97000000,4919.77700000,1779992099999999,9958370.41730100,49760,2858.03730000,5785082.81543500,0
1779992100000000,2023.97000000,2026.70000000,2020.16000000,2021.78000000,2536.72200000,1779992999999999,5132456.78159200,36502,1043.22720000,2110529.87116100,0
1779993000000000,2021.77000000,2024.98000000,2021.77000000,2023.81000000,1948.90530000,1779993899999999,3943595.10015200,29145,1016.44510000,2056694.65776200,0
1779993900000000,2023.80000000,2030.00000000,2023.25000000,2025.00000000,2771.38540000,1779994799999999,5617905.63948500,28346,1432.30540000,2903044.86171000,0
1779994800000000,2025.00000000,2025.01000000,2018.11000000,2020.13000000,2915.86460000,1779995699999999,5893089.67720600,30927,1001.96790000,2024776.18004400,0
1779995700000000,2020.13000000,2023.44000000,2018.32000000,2023.32000000,1608.88570000,1779996599999999,3251714.96903200,18411,753.58020000,1523300.87701300,0
1779996600000000,2023.32000000,2024.35000000,2018.44000000,2018.60000000,1436.46880000,1779997499999999,2903130.92672800,19130,588.87010000,1190142.15566500,0
1779997500000000,2018.59000000,2020.60000000,2014.04000000,2014.55000000,2243.45220000,1779998399999999,4526450.47338500,24392,818.35790000,1651225.38045100,0
1779998400000000,2014.54000000,2016.50000000,2006.44000000,2013.29000000,4427.59390000,1779999299999999,8907284.19321200,43543,1974.03450000,3971264.54564400,0
1779999300000000,2013.28000000,2020.03000000,2012.68000000,2019.74000000,1711.81520000,1780000199999999,3453115.58613700,24357,1106.66210000,2232184.51922000,0
1780000200000000,2019.74000000,2020.03000000,2016.04000000,2019.26000000,1596.95300000,1780001099999999,3222489.48888700,18497,856.17040000,1727677.79504800,0
1780001100000000,2019.26000000,2019.26000000,2013.42000000,2014.11000000,1045.83490000,1780001999999999,2108786.92607600,16441,338.22420000,681969.10032500,0
1780002000000000,2014.12000000,2021.45000000,2013.42000000,2020.22000000,1830.70160000,1780002899999999,3693171.62504900,19139,1187.34890000,2395064.80042400,0
1780002900000000,2020.22000000,2023.58000000,2019.55000000,2021.22000000,5045.61010000,1780003799999999,10201850.25821600,14036,1819.39060000,3678169.75659300,0
1780003800000000,2021.21000000,2024.63000000,2020.84000000,2023.51000000,2313.39490000,1780004699999999,4679999.31821700,24879,1389.36070000,2810493.68402900,0
1780004700000000,2023.50000000,2023.59000000,2020.00000000,2020.17000000,1616.55930000,1780005599999999,3268450.19762000,19323,916.62250000,1853203.57587200,0
1780005600000000,2020.17000000,2022.90000000,2015.41000000,2016.19000000,1800.74990000,1780006499999999,3634055.08078700,29025,909.83450000,1836165.76529300,0
1780006500000000,2016.19000000,2016.20000000,2011.80000000,2011.80000000,1359.18920000,1780007399999999,2737094.39987600,19680,503.62400000,1014333.32362600,0
1780007400000000,2011.80000000,2011.98000000,2005.49000000,2006.24000000,1658.29130000,1780008299999999,3330443.38481900,25855,691.10780000,1387824.56859200,0
1780008300000000,2006.23000000,2010.39000000,2005.43000000,2005.60000000,2126.43950000,1780009199999999,4268164.14341900,19631,859.89280000,1726530.75095400,0
1780009200000000,2005.60000000,2008.59000000,2005.60000000,2008.45000000,1358.27470000,1780010099999999,2726825.92862400,16961,637.38730000,1279520.94506200,0
1780010100000000,2008.46000000,2011.22000000,2006.62000000,2010.71000000,1264.75240000,1780010999999999,2540289.31668300,15062,614.42290000,1234385.76458600,0
1780011000000000,2010.71000000,2011.96000000,2007.47000000,2009.02000000,1269.30100000,1780011899999999,2551468.65927300,16101,498.23310000,1001516.98455500,0
1780011900000000,2009.01000000,2010.57000000,2006.45000000,2009.90000000,1800.94630000,1780012799999999,3616368.43751900,13143,625.46070000,1255937.52044600,0
1780012800000000,2009.89000000,2016.73000000,2009.89000000,2015.06000000,1952.17790000,1780013699999999,3930656.15330200,28802,1280.72610000,2578414.09526200,0
1780013700000000,2015.05000000,2016.88000000,2012.79000000,2014.79000000,2226.90590000,1780014599999999,4488651.47663500,23011,849.22690000,1711676.32170000,0
1780014600000000,2014.78000000,2017.17000000,2013.03000000,2016.80000000,1066.12590000,1780015499999999,2148606.10032800,18517,657.81980000,1325722.93776900,0
1780015500000000,2016.79000000,2016.80000000,2011.47000000,2012.46000000,1035.08740000,1780016399999999,2084065.03931400,16752,468.31480000,942879.11151600,0
1780016400000000,2012.45000000,2016.47000000,2012.45000000,2013.40000000,1126.31840000,1780017299999999,2269047.61090900,20417,749.52050000,1509989.02013100,0
1780017300000000,2013.39000000,2014.78000000,2007.25000000,2007.87000000,1395.45600000,1780018199999999,2805656.92481000,24689,564.40580000,1134697.03111900,0
1780018200000000,2007.87000000,2008.94000000,2006.14000000,2008.60000000,1163.43470000,1780019099999999,2335085.87527900,20094,659.61670000,1323868.96991900,0
1780019100000000,2008.60000000,2010.77000000,2005.90000000,2008.23000000,1300.84020000,1780019999999999,2612590.31596400,19467,674.01190000,1353741.17952000,0
1780020000000000,2008.23000000,2010.62000000,2006.92000000,2009.51000000,1582.13770000,1780020899999999,3178518.36077400,19288,876.40310000,1760611.22887800,0
1780020900000000,2009.52000000,2010.21000000,2001.07000000,2001.56000000,2496.55740000,1780021799999999,5007361.77982100,28222,851.97060000,1708403.58848200,0
1780021800000000,2001.56000000,2006.07000000,1999.87000000,2000.67000000,2653.27170000,1780022699999999,5314950.36860600,30380,1120.75560000,2245200.65088200,0
1780022700000000,2000.67000000,2002.72000000,1997.24000000,1999.22000000,2433.06820000,1780023599999999,4867448.43768600,25908,1555.13580000,3111366.37597700,0
1780023600000000,1999.23000000,2007.86000000,1999.23000000,2007.06000000,1646.70490000,1780024499999999,3299399.08155400,22750,1120.60050000,2245188.07132700,0
1780024500000000,2007.06000000,2007.07000000,2003.95000000,2004.69000000,668.70270000,1780025399999999,1340996.03541700,12216,264.88510000,531146.98153800,0
1780025400000000,2004.69000000,2005.25000000,2002.14000000,2003.45000000,940.39050000,1780026299999999,1884059.26856200,12509,478.62810000,958900.26287100,0
1780026300000000,2003.44000000,2004.41000000,2001.20000000,2002.78000000,623.39520000,1780027199999999,1248749.79716900,12069,249.71130000,500214.39832200,0
1780027200000000,2002.79000000,2004.85000000,1998.40000000,2000.69000000,2065.39900000,1780028099999999,4132608.89334100,21793,1159.42300000,2319568.57176300,0
1780028100000000,2000.70000000,2004.84000000,1999.81000000,2004.72000000,1304.13570000,1780028999999999,2610048.72429800,12970,531.85310000,1064566.91104900,0
1780029000000000,2004.72000000,2007.32000000,2004.54000000,2006.08000000,1043.41870000,1780029899999999,2093144.11876000,15808,645.83140000,1295516.64926000,0
1780029900000000,2006.08000000,2008.51000000,2006.08000000,2008.51000000,1242.14130000,1780030799999999,2493266.85573900,14983,757.57830000,1520596.89817500,0
1780030800000000,2008.51000000,2015.30000000,2008.00000000,2012.45000000,2692.48580000,1780031699999999,5418290.29256700,28040,1805.38490000,3632980.81968600,0
1780031700000000,2012.45000000,2013.10000000,2010.25000000,2011.31000000,955.17060000,1780032599999999,1921317.70841500,10540,443.17180000,891432.04267900,0
1780032600000000,2011.31000000,2011.32000000,2008.25000000,2009.66000000,1660.79550000,1780033499999999,3337376.42619800,12790,459.96830000,924285.99848000,0
1780033500000000,2009.65000000,2015.00000000,2009.31000000,2014.56000000,1472.35970000,1780034399999999,2963925.99593700,15687,874.00030000,1759118.13214500,0
1780034400000000,2014.56000000,2015.48000000,2012.17000000,2015.33000000,1867.08850000,1780035299999999,3759728.30495600,16421,683.20090000,1375979.09386500,0
1780035300000000,2015.33000000,2021.51000000,2015.33000000,2015.34000000,2155.01840000,1780036199999999,4348340.67687400,24300,1159.20620000,2339164.81810500,0
1780036200000000,2015.33000000,2016.47000000,2013.92000000,2014.96000000,1148.21650000,1780037099999999,2313363.10552700,9142,603.14700000,1215209.78074900,0
1780037100000000,2014.96000000,2018.85000000,2014.67000000,2018.09000000,1677.82080000,1780037999999999,3384357.77160700,12492,1023.05370000,2063386.66628300,0
1780038000000000,2018.09000000,2019.81000000,2017.07000000,2019.27000000,1335.33180000,1780038899999999,2695156.31528500,10157,714.59320000,1442246.44099100,0
1780038900000000,2019.27000000,2019.32000000,2015.23000000,2016.14000000,1285.66000000,1780039799999999,2593632.45625500,13768,450.86470000,909554.27910500,0
1780039800000000,2016.15000000,2016.15000000,2003.94000000,2004.46000000,6645.21470000,1780040699999999,13343641.02612900,37373,3566.46950000,7160379.55844000,0
1780040700000000,2004.47000000,2007.93000000,2003.46000000,2007.62000000,5859.66120000,1780041599999999,11752053.60837700,17765,4038.15720000,8099158.19949100,0
1780041600000000,2007.61000000,2011.90000000,2007.15000000,2008.05000000,1955.21580000,1780042499999999,3928613.64090000,13577,1330.34290000,2672959.97725500,0
1780042500000000,2008.05000000,2013.91000000,2007.46000000,2010.00000000,3270.80210000,1780043399999999,6578531.76539900,17484,1671.85170000,3362098.77978100,0
1780043400000000,2010.00000000,2010.63000000,2008.53000000,2009.40000000,5977.58870000,1780044299999999,12010496.78045800,17378,2344.10670000,4709542.55873600,0
1780044300000000,2009.40000000,2009.70000000,2005.45000000,2006.11000000,989.62360000,1780045199999999,1986816.12331900,11667,265.57300000,533096.42054000,0
1780045200000000,2006.11000000,2013.47000000,2006.11000000,2013.28000000,2043.90690000,1780046099999999,4108730.87221900,15180,1640.55070000,3297925.89759700,0
1780046100000000,2013.29000000,2015.90000000,2013.18000000,2015.77000000,1487.08090000,1780046999999999,2995602.41501700,16143,960.58090000,1935010.21015500,0
1780047000000000,2015.76000000,2016.11000000,2011.28000000,2012.89000000,731.29000000,1780047899999999,1472101.41419200,11073,297.06520000,598024.73502400,0
1780047900000000,2012.89000000,2015.00000000,2011.76000000,2014.85000000,1961.85640000,1780048799999999,3949475.82192100,10667,1109.49600000,2233361.54540700,0
1780048800000000,2014.84000000,2014.85000000,2013.00000000,2013.73000000,1070.02210000,1780049699999999,2154790.62423900,11267,626.20560000,1261048.82281800,0
1780049700000000,2013.72000000,2013.73000000,2011.30000000,2011.81000000,1913.73230000,1780050599999999,3851665.93269800,9391,284.33490000,572128.48324600,0
1780050600000000,2011.82000000,2014.18000000,2009.77000000,2010.99000000,914.31320000,1780051499999999,1839265.12774000,12340,282.06150000,567390.33749800,0
1780051500000000,2010.99000000,2012.57000000,2010.31000000,2011.10000000,540.27290000,1780052399999999,1086957.12008900,8386,267.03860000,537245.73552100,0
1780052400000000,2011.11000000,2013.13000000,2009.41000000,2012.01000000,1271.94860000,1780053299999999,2559072.90827800,13667,603.67830000,1214538.47816300,0
1780053300000000,2012.01000000,2014.29000000,2009.50000000,2010.20000000,813.90780000,1780054199999999,1637476.44380600,9697,362.38210000,729160.99349900,0
1780054200000000,2010.19000000,2010.77000000,2005.84000000,2007.34000000,1428.32060000,1780055099999999,2868225.42081000,16911,611.83700000,1228746.80171300,0
1780055100000000,2007.34000000,2008.15000000,2002.35000000,2007.58000000,2354.19660000,1780055999999999,4721295.42586000,24260,1108.16900000,2222667.43410100,0
1780056000000000,2007.58000000,2007.58000000,2000.01000000,2001.71000000,2454.62870000,1780056899999999,4916580.64647700,28703,908.40540000,1819113.28315000,0
1780056900000000,2001.71000000,2004.35000000,1999.65000000,2001.49000000,1869.57990000,1780057799999999,3742500.86832700,22503,1083.66190000,2169493.61041600,0
1780057800000000,2001.48000000,2003.16000000,1995.10000000,1998.67000000,3483.66290000,1780058699999999,6964466.20733200,36805,1351.88100000,2702596.53348500,0
1780058700000000,1998.67000000,2002.26000000,1995.34000000,1999.78000000,1436.10650000,1780059599999999,2871305.58490900,22072,809.67010000,1619016.65360800,0
1780059600000000,1999.78000000,1999.78000000,1994.30000000,1996.16000000,1457.67060000,1780060499999999,2911115.94945400,28079,647.25620000,1292580.63584900,0
1780060500000000,1996.16000000,1997.29000000,1993.68000000,1996.90000000,1408.87750000,1780061399999999,2811648.23786400,24667,564.73120000,1126962.74546100,0
1780061400000000,1996.90000000,2002.89000000,1988.14000000,2002.89000000,8186.79080000,1780062299999999,16317052.49951400,88319,4433.83100000,8837262.36272200,0
1780062300000000,2002.89000000,2006.16000000,1997.20000000,1999.53000000,3063.94870000,1780063199999999,6131439.73732500,43470,1217.84650000,2437560.28303500,0
1780063200000000,1999.53000000,2001.89000000,1992.15000000,1995.36000000,4572.99600000,1780064099999999,9129554.97314100,48367,1341.10290000,2677965.30952300,0
1780064100000000,1995.37000000,1996.75000000,1976.48000000,1987.26000000,9302.76390000,1780064999999999,18470433.49820200,113389,3301.14460000,6551623.24455600,0
1780065000000000,1987.27000000,1993.79000000,1983.32000000,1985.80000000,4533.81450000,1780065899999999,9016451.78208200,72870,2325.26120000,4624578.76484600,0
1780065900000000,1985.79000000,2004.31000000,1984.41000000,2001.84000000,6983.13520000,1780066799999999,13955414.02160600,96345,4124.55660000,8242532.98876700,0
1780066800000000,2001.85000000,2022.40000000,1999.45000000,2019.93000000,9488.88070000,1780067699999999,19101870.28028900,104841,5927.02710000,11930972.95079200,0
1780067700000000,2019.94000000,2026.89000000,2013.01000000,2025.23000000,12110.97320000,1780068599999999,24464249.23167400,88580,5724.31460000,11564856.74073000,0
1780068600000000,2025.24000000,2046.59000000,2025.14000000,2031.33000000,24559.69480000,1780069499999999,50053930.79212600,193207,13010.33250000,26506740.02197100,0
1780069500000000,2031.33000000,2034.32000000,2027.10000000,2031.62000000,6154.22610000,1780070399999999,12500472.41268200,74389,3294.25920000,6691434.20689200,0
1780070400000000,2031.62000000,2040.70000000,2031.16000000,2036.95000000,4650.19610000,1780071299999999,9462390.19099300,59498,2956.41900000,6016082.77711100,0
1780071300000000,2036.95000000,2037.67000000,2022.24000000,2025.18000000,4917.33550000,1780072199999999,9969696.02048500,61693,2697.28070000,5467467.13253900,0
1780072200000000,2025.18000000,2043.00000000,2025.08000000,2042.21000000,7615.72590000,1780073099999999,15513001.80006000,86352,4667.84930000,9506482.75553400,0
1780073100000000,2042.20000000,2042.73000000,2035.76000000,2040.45000000,4462.48620000,1780073999999999,9104097.81341900,44447,2616.41720000,5337909.81777600,0
1780074000000000,2040.46000000,2043.45000000,2033.76000000,2042.48000000,5082.93650000,1780074899999999,10365247.33901500,48289,2912.10590000,5940802.74367800,0
1780074900000000,2042.49000000,2044.29000000,2037.92000000,2039.86000000,5282.14610000,1780075799999999,10778687.89718100,45581,2746.25520000,5603468.96227900,0
1780075800000000,2039.86000000,2041.33000000,2038.02000000,2038.35000000,2418.67090000,1780076699999999,4934144.59031800,31730,1565.45540000,3193631.43148400,0
1780076700000000,2038.36000000,2038.36000000,2026.21000000,2028.27000000,3581.06960000,1780077599999999,7273923.07816800,47578,1579.37070000,3206991.16908500,0
1780077600000000,2028.28000000,2031.64000000,2026.02000000,2029.82000000,2044.19720000,1780078499999999,4147313.97512100,37924,884.07080000,1793691.81205800,0
1780078500000000,2029.83000000,2030.04000000,2022.80000000,2024.26000000,8510.10280000,1780079399999999,17241469.16805400,45968,3843.64480000,7786508.24980600,0
1780079400000000,2024.26000000,2027.40000000,2022.57000000,2025.27000000,2720.60890000,1780080299999999,5509527.77969200,25528,1239.31250000,2509576.11338600,0
1780080300000000,2025.27000000,2025.27000000,2006.21000000,2011.41000000,7157.95510000,1780081199999999,14413695.44286800,84803,2501.68180000,5037481.95357300,0
1780081200000000,2011.41000000,2016.89000000,2009.17000000,2013.00000000,1874.60210000,1780082099999999,3775322.70977900,28524,1035.94740000,2086054.14215100,0
1780082100000000,2013.01000000,2013.31000000,2005.00000000,2010.83000000,2340.49680000,1780082999999999,4702116.91238200,34224,891.32320000,1790635.04772600,0
1780083000000000,2010.83000000,2022.20000000,2010.83000000,2021.01000000,3375.98130000,1780083899999999,6815890.78035100,36855,2253.88490000,4550283.48771900,0
1780083900000000,2021.01000000,2021.58000000,2016.90000000,2016.96000000,1325.90560000,1780084799999999,2677298.89823500,26020,512.93830000,1035740.87465300,0
1780084800000000,2016.96000000,2020.67000000,2015.00000000,2019.11000000,1309.09910000,1780085699999999,2642051.57073700,21734,671.58500000,1355556.68069700,0
1780085700000000,2019.10000000,2023.84000000,2017.30000000,2021.01000000,1682.11420000,1780086599999999,3400311.29865500,22059,1002.46450000,2026298.77744300,0
1780086600000000,2021.01000000,2022.69000000,2019.49000000,2020.91000000,827.78680000,1780087499999999,1672953.99641100,13456,484.09850000,978241.06464900,0
1780087500000000,2020.91000000,2021.85000000,2016.24000000,2018.17000000,856.63800000,1780088399999999,1729570.50250500,12103,421.23940000,850474.36967600,0
1780088400000000,2018.17000000,2023.99000000,2017.30000000,2021.69000000,1265.36130000,1780089299999999,2555793.62911800,16616,642.15320000,1296886.69396600,0
1780089300000000,2021.70000000,2021.70000000,2010.59000000,2012.22000000,2277.16630000,1780090199999999,4588660.51440400,14746,698.54390000,1407257.27746100,0
1780090200000000,2012.22000000,2015.67000000,2010.45000000,2015.38000000,1384.82290000,1780091099999999,2787864.75898600,14100,653.47240000,1315555.37116600,0
1780091100000000,2015.38000000,2016.17000000,2008.23000000,2009.40000000,1870.28290000,1780091999999999,3760681.68091300,26019,884.98980000,1779502.46643700,0
1780092000000000,2009.41000000,2011.40000000,2007.78000000,2010.06000000,2291.96730000,1780092899999999,4606083.00136900,15781,1611.34540000,3238564.17144400,0
1780092900000000,2010.05000000,2017.24000000,2009.64000000,2014.94000000,2167.05050000,1780093799999999,4364330.25622000,20101,1356.58960000,2732037.26697700,0
1780093800000000,2014.95000000,2016.09000000,2012.01000000,2014.15000000,1352.92300000,1780094699999999,2724683.64453400,11605,452.31920000,910833.32010200,0
1780094700000000,2014.15000000,2015.68000000,2011.18000000,2013.83000000,1303.99730000,1780095599999999,2625823.83014600,13610,462.66840000,931548.57718800,0
1780095600000000,2013.83000000,2014.44000000,2009.85000000,2010.74000000,3452.12520000,1780096499999999,6946661.90149700,19775,606.04160000,1219402.06070900,0
1780096500000000,2010.75000000,2012.69000000,2007.73000000,2009.12000000,2766.91730000,1780097399999999,5559073.16331500,18867,701.17770000,1408831.63564700,0
1780097400000000,2009.12000000,2012.47000000,2007.00000000,2012.47000000,1160.01090000,1780098299999999,2330595.11792200,13121,570.59120000,1146588.92804300,0
1780098300000000,2012.46000000,2015.60000000,2011.29000000,2014.54000000,1304.69400000,1780099199999999,2627223.11968500,11849,784.20300000,1579396.59901300,0
1780099200000000,2014.54000000,2015.97000000,2011.98000000,2014.20000000,904.83590000,1780100099999999,1822461.55407300,14748,517.07610000,1041410.30052100,0
1780100100000000,2014.19000000,2016.08000000,2012.69000000,2012.79000000,629.34270000,1780100999999999,1267977.68386500,13255,250.23900000,504200.86350600,0
1780101000000000,2012.79000000,2014.86000000,2010.69000000,2013.83000000,714.79330000,1780101899999999,1438570.86975100,11443,401.43470000,807867.79081300,0
1780101900000000,2013.83000000,2016.18000000,2013.59000000,2014.74000000,879.75640000,1780102799999999,1773103.03217500,11166,384.00330000,773945.57986200,0
1780102800000000,2014.75000000,2018.75000000,2013.67000000,2017.60000000,890.19150000,1780103699999999,1795218.73425900,13312,623.89800000,1258219.15747700,0
1780103700000000,2017.60000000,2020.35000000,2016.50000000,2020.35000000,651.46370000,1780104599999999,1315283.46629300,10937,448.13830000,904828.35566100,0
1780104600000000,2020.34000000,2021.55000000,2017.08000000,2017.48000000,2294.54560000,1780105499999999,4634083.44410400,16812,941.42090000,1902029.66676000,0
1780105500000000,2017.48000000,2019.70000000,2017.35000000,2019.46000000,886.66140000,1780106399999999,1789788.46526800,9497,430.11580000,868122.72311900,0
1780106400000000,2019.46000000,2021.11000000,2019.45000000,2020.02000000,723.45560000,1780107299999999,1461697.28534800,10231,303.00970000,612179.66301800,0
1780107300000000,2020.02000000,2020.75000000,2017.12000000,2017.79000000,462.50050000,1780108199999999,933786.00068000,7043,172.33710000,347934.42833900,0
1780108200000000,2017.79000000,2020.61000000,2017.79000000,2020.16000000,686.25820000,1780109099999999,1386053.22290500,7227,446.62170000,902034.91999800,0
1780109100000000,2020.15000000,2021.34000000,2019.28000000,2021.34000000,386.31280000,1780109999999999,780421.37951600,5376,268.56590000,542558.32088700,0
1780110000000000,2021.34000000,2022.79000000,2019.00000000,2022.60000000,1191.67190000,1780110899999999,2408196.22425600,12256,661.02560000,1335970.54355100,0
1780110900000000,2022.59000000,2023.55000000,2019.91000000,2019.92000000,813.72820000,1780111799999999,1644981.48738300,9359,356.48840000,720658.88537500,0
1780111800000000,2019.92000000,2019.92000000,2014.74000000,2015.52000000,1720.66520000,1780112699999999,3471180.17641200,10509,517.91320000,1044674.40089900,0
1780112700000000,2015.52000000,2017.48000000,2015.51000000,2016.83000000,809.10850000,1780113599999999,1631905.94046200,6878,348.41660000,702694.81317100,0
1780113600000000,2016.83000000,2018.44000000,2010.00000000,2015.20000000,1561.50800000,1780114499999999,3144408.76794500,17995,613.48510000,1235689.21948500,0
1780114500000000,2015.20000000,2015.21000000,2008.45000000,2009.11000000,1206.24530000,1780115399999999,2426004.32122400,15999,242.46540000,487770.87287700,0
1780115400000000,2009.10000000,2009.58000000,2002.00000000,2007.29000000,4318.39080000,1780116299999999,8659341.56967900,36770,1626.47670000,3261770.22382200,0
1780116300000000,2007.30000000,2010.81000000,2006.04000000,2010.80000000,1268.25920000,1780117199999999,2547433.78775600,10734,730.85420000,1468166.67952400,0
1780117200000000,2010.81000000,2019.50000000,2008.02000000,2014.76000000,4109.71330000,1780118099999999,8278100.22901700,27074,2729.04500000,5496713.41201000,0
1780118100000000,2014.76000000,2015.97000000,2013.26000000,2013.39000000,574.61440000,1780118999999999,1157891.67235000,8706,234.70160000,472892.30678700,0
1780119000000000,2013.39000000,2015.66000000,2013.00000000,2015.65000000,527.89100000,1780119899999999,1063393.30389500,6806,260.28810000,524414.49088800,0
1780119900000000,2015.66000000,2017.29000000,2015.25000000,2015.95000000,494.62670000,1780120799999999,997261.89779500,7554,284.91070000,574411.19534600,0
1780120800000000,2015.95000000,2015.95000000,2012.86000000,2014.54000000,343.78470000,1780121699999999,692492.03952500,5821,140.34510000,282684.04730000,0
1780121700000000,2014.53000000,2017.15000000,2014.02000000,2016.92000000,1246.98780000,1780122599999999,2513676.46167900,5548,874.58530000,1763007.18810800,0
1780122600000000,2016.92000000,2020.56000000,2016.92000000,2019.26000000,2446.61750000,1780123499999999,4940197.29815100,14530,1851.98940000,3739629.66922300,0
1780123500000000,2019.26000000,2019.82000000,2016.27000000,2016.98000000,2054.25750000,1780124399999999,4144373.76125600,14807,1187.25600000,2395282.08391900,0
1780124400000000,2016.99000000,2017.10000000,2015.00000000,2015.93000000,770.20330000,1780125299999999,1552550.07789700,6068,466.87050000,941138.77308200,0
1780125300000000,2015.93000000,2017.88000000,2015.12000000,2017.43000000,522.68570000,1780126199999999,1053903.51029400,7133,199.28510000,401830.95384900,0
1780126200000000,2017.42000000,2017.58000000,2013.81000000,2013.82000000,694.46220000,1780127099999999,1399411.67031700,6890,287.52090000,579378.20804700,0
1780127100000000,2013.82000000,2016.32000000,2013.62000000,2016.32000000,610.39900000,1780127999999999,1229987.70919700,4582,429.67780000,865823.45249400,0
1780128000000000,2016.32000000,2016.32000000,2014.46000000,2014.80000000,247.93220000,1780128899999999,499610.67166300,3575,101.43950000,204406.25544300,0
1780128900000000,2014.80000000,2016.11000000,2013.92000000,2015.16000000,444.21750000,1780129799999999,895039.60844400,4638,196.24270000,395410.50948000,0
1780129800000000,2015.16000000,2015.75000000,2014.24000000,2014.70000000,373.53350000,1780130699999999,752716.01702500,4490,118.83550000,239434.68107700,0
1780130700000000,2014.70000000,2015.39000000,2014.00000000,2014.16000000,351.84300000,1780131599999999,708793.38935800,3926,133.98280000,269919.69512100,0
1780131600000000,2014.16000000,2015.97000000,2013.92000000,2015.83000000,431.14240000,1780132499999999,868710.04640900,7128,300.97430000,606446.83673700,0
1780132500000000,2015.82000000,2017.05000000,2014.53000000,2016.25000000,401.11250000,1780133399999999,808521.32516800,7134,232.72180000,469087.48569500,0
1780133400000000,2016.25000000,2016.53000000,2015.07000000,2015.90000000,341.72790000,1780134299999999,688830.49280000,5793,172.22020000,347151.59711100,0
1780134300000000,2015.90000000,2017.27000000,2015.90000000,2016.79000000,430.41780000,1780135199999999,867946.82877400,6213,263.20040000,530747.68412500,0
1780135200000000,2016.79000000,2018.00000000,2016.34000000,2017.47000000,589.34920000,1780136099999999,1188937.20250400,4888,400.06220000,807144.91977800,0
1780136100000000,2017.47000000,2022.00000000,2017.46000000,2018.94000000,2908.36580000,1780136999999999,5875295.19974300,15537,1825.95030000,3688414.56217000,0
1780137000000000,2018.94000000,2020.46000000,2018.93000000,2020.31000000,450.15710000,1780137899999999,909212.31284700,4289,264.45630000,534122.79977500,0
1780137900000000,2020.31000000,2020.32000000,2017.45000000,2017.98000000,429.56620000,1780138799999999,867184.05341900,3595,137.24030000,277046.51092100,0
1780138800000000,2017.99000000,2018.03000000,2016.55000000,2016.83000000,438.13900000,1780139699999999,883864.88962400,4471,179.56450000,362208.79940400,0
1780139700000000,2016.83000000,2017.08000000,2015.19000000,2016.67000000,649.97510000,1780140599999999,1310424.67932100,6090,188.90450000,380843.99366500,0
1780140600000000,2016.67000000,2019.05000000,2016.66000000,2018.69000000,380.07650000,1780141499999999,767035.01811900,4929,190.94580000,385327.94855100,0
1780141500000000,2018.70000000,2018.70000000,2017.09000000,2017.40000000,461.75570000,1780142399999999,931590.63666600,3637,180.21560000,363586.70650700,0
1780142400000000,2017.40000000,2017.77000000,2017.14000000,2017.15000000,321.62510000,1780143299999999,648874.51771300,2501,175.18040000,353433.99760000,0
1780143300000000,2017.15000000,2019.71000000,2017.15000000,2018.99000000,759.54770000,1780144199999999,1533431.39482600,6848,563.05280000,1136703.64912400,0
1780144200000000,2019.00000000,2019.60000000,2017.68000000,2017.90000000,523.38770000,1780145099999999,1056419.02900200,4339,266.66890000,538296.63365300,0
1780145100000000,2017.91000000,2020.35000000,2017.14000000,2019.86000000,634.61390000,1780145999999999,1281140.74276500,7827,498.78890000,1006967.42673200,0
1780146000000000,2019.85000000,2021.49000000,2019.62000000,2020.22000000,689.48530000,1780146899999999,1393258.67781300,7216,441.66300000,892498.69799700,0
1780146900000000,2020.22000000,2022.77000000,2018.95000000,2020.62000000,1131.78850000,1780147799999999,2287372.28139900,8473,655.81170000,1325468.51046200,0
1780147800000000,2020.63000000,2020.63000000,2017.44000000,2019.81000000,840.12430000,1780148699999999,1695790.92651100,6686,281.15250000,567580.35326000,0
1780148700000000,2019.82000000,2020.78000000,2018.88000000,2020.73000000,504.90390000,1780149599999999,1019933.48485200,5266,237.46960000,479674.60615400,0
1780149600000000,2020.73000000,2026.02000000,2020.61000000,2023.43000000,1758.60560000,1780150499999999,3559365.08418400,18428,1227.94640000,2485385.04893400,0
1780150500000000,2023.42000000,2029.20000000,2022.07000000,2027.67000000,3069.07920000,1780151399999999,6218539.26079000,24684,2092.34060000,4239220.73584400,0
1780151400000000,2027.68000000,2030.62000000,2027.00000000,2028.62000000,4320.88260000,1780152299999999,8766781.29252800,37154,2950.10750000,5985614.90019800,0
1780152300000000,2028.62000000,2028.62000000,2025.38000000,2026.60000000,892.79090000,1780153199999999,1808978.32890700,12361,524.73930000,1063222.33599000,0
1780153200000000,2026.59000000,2032.00000000,2024.47000000,2031.03000000,2307.27650000,1780154099999999,4680653.27693800,20332,1417.21140000,2875466.38012500,0
1780154100000000,2031.03000000,2031.19000000,2024.75000000,2026.74000000,2113.99010000,1780154999999999,4286242.48630300,23319,862.58120000,1748779.13263400,0
1780155000000000,2026.75000000,2027.30000000,2024.20000000,2024.75000000,1038.16780000,1780155899999999,2103204.75448000,12516,365.43930000,740362.89550400,0
1780155900000000,2024.75000000,2027.74000000,2024.65000000,2026.61000000,1839.69730000,1780156799999999,3727319.26127200,11306,689.79230000,1397657.40438100,0
1780156800000000,2026.63000000,2028.13000000,2024.35000000,2027.52000000,900.35030000,1780157699999999,1824054.71936100,14005,372.01610000,753707.03620700,0
1780157700000000,2027.51000000,2027.80000000,2024.96000000,2025.64000000,753.84550000,1780158599999999,1527227.90602900,9126,337.61590000,683952.12473200,0
1780158600000000,2025.64000000,2028.33000000,2025.63000000,2026.70000000,1255.23770000,1780159499999999,2544034.57156700,10764,1028.28350000,2083939.59326400,0
1780159500000000,2026.71000000,2027.26000000,2025.35000000,2027.09000000,492.18730000,1780160399999999,997298.78900900,6239,165.44710000,335270.51773700,0
1780160400000000,2027.09000000,2027.22000000,2024.57000000,2026.19000000,856.56220000,1780161299999999,1735353.57932100,11880,426.03780000,863105.03459100,0
1780161300000000,2026.20000000,2029.01000000,2025.51000000,2026.40000000,637.39460000,1780162199999999,1292021.33266200,12168,268.78730000,544928.78558000,0
1780162200000000,2026.40000000,2026.40000000,2019.50000000,2024.37000000,3291.63610000,1780163099999999,6655950.79304400,24802,1777.77330000,3594798.06543300,0
1780163100000000,2024.37000000,2027.52000000,2024.37000000,2027.17000000,1016.14920000,1780163999999999,2059258.88686700,10558,556.13310000,1127010.26696900,0
1780164000000000,2027.17000000,2028.32000000,2026.22000000,2026.80000000,1471.08810000,1780164899999999,2982410.99286400,10532,936.72070000,1899116.88059700,0
1780164900000000,2026.81000000,2029.32000000,2024.56000000,2024.87000000,848.31690000,1780165799999999,1719525.66760500,9549,424.51940000,860544.72238100,0
1780165800000000,2024.87000000,2029.23000000,2024.86000000,2029.23000000,503.68240000,1780166699999999,1021102.96525500,7420,310.21410000,628893.30679100,0
1780166700000000,2029.23000000,2030.01000000,2026.51000000,2027.59000000,973.39720000,1780167599999999,1974325.05265700,10424,644.92080000,1308246.28164900,0
1780167600000000,2027.59000000,2027.59000000,2025.63000000,2026.22000000,641.11970000,1780168499999999,1299180.99351000,7088,366.80030000,743284.05558700,0
1780168500000000,2026.22000000,2027.85000000,2025.30000000,2025.30000000,359.60130000,1780169399999999,728719.79522800,6314,111.46150000,225878.66048600,0
1780169400000000,2025.31000000,2027.46000000,2024.54000000,2027.12000000,915.44720000,1780170299999999,1854855.24714500,6913,562.36990000,1139543.50408200,0
1780170300000000,2027.12000000,2029.12000000,2027.12000000,2028.76000000,754.40570000,1780171199999999,1530301.32319900,8086,497.08580000,1008286.14738000,0
1780171200000000,2028.77000000,2029.68000000,2027.54000000,2028.59000000,545.21340000,1780172099999999,1106166.40304700,6634,213.80230000,433772.51839000,0
1780172100000000,2028.59000000,2029.19000000,2028.00000000,2028.01000000,506.57100000,1780172999999999,1027624.54081300,3917,369.78940000,750160.88211400,0
1780173000000000,2028.00000000,2028.01000000,2026.11000000,2026.52000000,566.81290000,1780173899999999,1148784.95592600,6005,292.64350000,593078.29037600,0
1780173900000000,2026.52000000,2027.73000000,2025.70000000,2027.05000000,2648.95640000,1780174799999999,5368281.99588200,8113,423.64080000,858595.47487000,0
1780174800000000,2027.05000000,2029.87000000,2027.05000000,2029.52000000,421.65660000,1780175699999999,855418.05933100,4054,257.46430000,522314.95057200,0
1780175700000000,2029.52000000,2031.00000000,2028.92000000,2030.42000000,933.11480000,1780176599999999,1894178.13346700,5459,638.07440000,1295209.52091800,0
1780176600000000,2030.41000000,2031.41000000,2029.01000000,2029.58000000,543.32380000,1780177499999999,1103070.96328900,5502,254.68020000,517063.25879500,0
1780177500000000,2029.57000000,2030.81000000,2027.85000000,2028.15000000,835.28730000,1780178399999999,1695257.23850500,9816,321.26360000,651936.87553900,0
1780178400000000,2028.15000000,2028.15000000,2021.59000000,2024.66000000,1779.14220000,1780179299999999,3601807.86374000,23443,733.00240000,1483705.12918200,0
1780179300000000,2024.66000000,2026.40000000,2023.37000000,2024.52000000,653.55940000,1780180199999999,1323324.38141300,11167,314.74430000,637243.94835200,0
1780180200000000,2024.52000000,2024.69000000,2020.94000000,2020.94000000,677.68690000,1780181099999999,1370848.50316300,11248,263.74680000,533702.73544000,0
1780181100000000,2020.95000000,2023.69000000,2020.94000000,2023.57000000,526.62900000,1780181999999999,1065192.81694000,5311,282.88230000,572165.82270300,0
1780182000000000,2023.56000000,2026.10000000,2021.20000000,2021.24000000,715.97700000,1780182899999999,1449406.96640200,11509,368.66990000,746414.46509800,0
1780182900000000,2021.23000000,2023.23000000,2020.48000000,2022.19000000,510.39730000,1780183799999999,1031853.22985300,10365,195.83300000,395932.70606200,0
1780183800000000,2022.19000000,2022.20000000,2020.35000000,2020.53000000,406.26070000,1780184699999999,821060.12200900,7393,171.65170000,346898.05790600,0
1780184700000000,2020.53000000,2022.68000000,2020.53000000,2022.44000000,565.30920000,1780185599999999,1143071.85432200,6912,309.82340000,626453.10074500,0
1780185600000000,2022.44000000,2023.83000000,2020.83000000,2022.68000000,780.55960000,1780186499999999,1578865.70384500,9980,173.41330000,350712.95925700,0
1780186500000000,2022.67000000,2027.83000000,2022.28000000,2025.21000000,871.39770000,1780187399999999,1764235.23871000,13398,477.57270000,967005.75018800,0
1780187400000000,2025.20000000,2026.45000000,2024.15000000,2024.88000000,422.95280000,1780188299999999,856596.58609100,7324,283.95970000,575081.70736400,0
1780188300000000,2024.87000000,2027.30000000,2023.83000000,2027.12000000,473.41290000,1780189199999999,959018.70155600,9242,240.22760000,486682.55660200,0
1780189200000000,2027.11000000,2029.41000000,2026.85000000,2028.69000000,695.21260000,1780190099999999,1410230.59871000,11071,491.91280000,997806.89950100,0
1780190100000000,2028.70000000,2034.23000000,2028.70000000,2030.07000000,2430.43510000,1780190999999999,4938024.20315500,21155,1622.56560000,3296453.84120800,0
1780191000000000,2030.06000000,2033.62000000,2028.79000000,2029.05000000,848.46400000,1780191899999999,1723535.39226800,13220,466.41310000,947544.48904400,0
1780191900000000,2029.05000000,2031.68000000,2028.60000000,2029.11000000,422.32280000,1780192799999999,857374.87969100,9971,212.78760000,431975.98347700,0
1780192800000000,2029.11000000,2033.18000000,2029.10000000,2033.18000000,1292.45070000,1780193699999999,2625557.69592800,9408,857.98800000,1742924.24615600,0
1780193700000000,2033.17000000,2038.00000000,2027.81000000,2027.95000000,2951.13590000,1780194599999999,6002903.31174300,31091,1447.32090000,2945303.93607300,0
1780194600000000,2027.96000000,2033.09000000,2027.95000000,2030.21000000,2024.81200000,1780195499999999,4110392.21684000,17083,1271.54820000,2581282.40811700,0
1780195500000000,2030.20000000,2035.18000000,2029.00000000,2034.36000000,1521.47150000,1780196399999999,3091349.27243300,18223,1026.28950000,2085275.46535300,0
1780196400000000,2034.35000000,2035.54000000,2032.12000000,2034.03000000,671.93310000,1780197299999999,1366554.12387200,13018,421.44550000,857104.68676900,0
1780197300000000,2034.03000000,2036.88000000,2032.72000000,2036.21000000,1274.77960000,1780198199999999,2594330.60781800,14013,968.04000000,1970279.62853600,0
1780198200000000,2036.21000000,2036.56000000,2033.85000000,2034.86000000,579.09780000,1780199099999999,1178497.23038000,7472,326.32300000,664098.65279100,0
1780199100000000,2034.86000000,2035.48000000,2033.41000000,2033.41000000,445.96930000,1780199999999999,907254.18620400,6187,236.86500000,481879.45264700,0
1780200000000000,2033.41000000,2034.12000000,2031.36000000,2031.51000000,518.37410000,1780200899999999,1053617.76808500,7458,230.12820000,467766.05455700,0
1780200900000000,2031.52000000,2034.99000000,2031.27000000,2033.55000000,450.83180000,1780201799999999,916803.37765800,9611,209.81760000,426639.39365800,0
1780201800000000,2033.56000000,2034.04000000,2032.12000000,2033.54000000,634.88610000,1780202699999999,1290769.55198000,7904,336.40400000,683938.90270500,0
1780202700000000,2033.54000000,2034.42000000,2032.26000000,2033.91000000,361.17230000,1780203599999999,734435.27226500,5138,177.77300000,361495.14573300,0
1780203600000000,2033.90000000,2033.90000000,2032.12000000,2032.12000000,425.61570000,1780204499999999,865238.90316800,6895,246.41660000,500945.94976200,0
1780204500000000,2032.12000000,2032.61000000,2030.88000000,2032.18000000,615.93580000,1780205399999999,1251339.86208400,7339,432.79160000,879214.45862600,0
1780205400000000,2032.19000000,2032.92000000,2030.34000000,2030.56000000,585.67890000,1780206299999999,1189858.10310400,6436,202.27360000,410982.54126300,0
1780206300000000,2030.57000000,2030.93000000,2029.29000000,2030.18000000,1178.65750000,1780207199999999,2392186.95771000,7729,811.57060000,1647026.01723900,0
1780207200000000,2030.18000000,2030.18000000,2028.52000000,2029.21000000,748.25840000,1780208099999999,1518312.50062000,7759,403.13060000,817994.88271900,0
1780208100000000,2029.21000000,2030.90000000,2029.19000000,2029.47000000,596.56220000,1780208999999999,1211195.21832200,4892,438.00990000,889307.76193900,0
1780209000000000,2029.46000000,2030.66000000,2028.88000000,2030.30000000,343.60030000,1780209899999999,697490.64853800,6676,184.06050000,373653.28094000,0
1780209900000000,2030.31000000,2030.93000000,2029.42000000,2029.87000000,893.23510000,1780210799999999,1813232.51094800,4942,245.10420000,497605.90326900,0
1780210800000000,2029.87000000,2029.87000000,2025.59000000,2026.43000000,1046.77960000,1780211699999999,2122383.17305400,12231,477.96240000,969011.09559800,0
1780211700000000,2026.43000000,2027.31000000,2024.65000000,2025.31000000,772.91050000,1780212599999999,1565741.39914500,9049,374.69800000,759106.25479300,0
1780212600000000,2025.31000000,2025.32000000,2022.78000000,2023.39000000,1165.80970000,1780213499999999,2359526.41168200,12813,428.98740000,868269.83055800,0
1780213500000000,2023.39000000,2025.40000000,2023.00000000,2024.01000000,823.76720000,1780214399999999,1667617.84759800,7548,421.23170000,852775.50408900,0
1780214400000000,2024.02000000,2028.42000000,2024.01000000,2026.00000000,1064.14770000,1780215299999999,2156501.64010400,10295,695.91670000,1410295.69704100,0
1780215300000000,2026.00000000,2027.76000000,2026.00000000,2026.95000000,1691.44000000,1780216199999999,3428240.05768800,10010,1429.17540000,2896622.17712600,0
1780216200000000,2026.95000000,2026.95000000,2022.85000000,2023.93000000,1423.84160000,1780217099999999,2882815.42810900,9105,562.60630000,1138987.94079500,0
1780217100000000,2023.93000000,2029.11000000,2023.20000000,2027.63000000,1946.09070000,1780217999999999,3944398.17356000,11512,1580.55270000,3203831.45815500,0
1780218000000000,2027.64000000,2027.83000000,2025.00000000,2025.42000000,955.38890000,1780218899999999,1935979.40339100,8176,417.35560000,845532.66203000,0
1780218900000000,2025.41000000,2028.06000000,2024.65000000,2026.89000000,1233.40820000,1780219799999999,2499784.42237000,7712,988.95910000,2004388.57756600,0
1780219800000000,2026.89000000,2028.60000000,2026.09000000,2027.22000000,595.83700000,1780220699999999,1208160.84985200,7195,400.68920000,812504.36541600,0
1780220700000000,2027.21000000,2028.26000000,2018.35000000,2021.13000000,2533.67180000,1780221599999999,5124637.75944900,22345,1067.64150000,2160232.12546100,0
1780221600000000,2021.13000000,2021.65000000,2018.05000000,2020.04000000,2544.32230000,1780222499999999,5138722.71199000,19517,1149.63940000,2322025.72059200,0
1780222500000000,2020.05000000,2020.09000000,2015.34000000,2018.56000000,2434.43910000,1780223399999999,4911853.26679300,20095,1281.77650000,2586586.17406600,0
1780223400000000,2018.56000000,2019.46000000,2017.31000000,2018.27000000,820.37220000,1780224299999999,1655988.62959900,10244,557.88800000,1126179.43806100,0
1780224300000000,2018.27000000,2021.23000000,2017.24000000,2021.05000000,881.10110000,1780225199999999,1779475.37503500,8827,619.61790000,1251539.28342100,0
1780225200000000,2021.05000000,2024.12000000,2021.04000000,2021.97000000,809.29670000,1780226099999999,1636894.87103400,9136,457.13130000,924554.66121600,0
1780226100000000,2021.96000000,2023.20000000,2021.24000000,2023.19000000,274.45100000,1780226999999999,554962.79944400,6037,154.16330000,311723.37569500,0
1780227000000000,2023.20000000,2023.99000000,2021.95000000,2023.01000000,703.35560000,1780227899999999,1422815.65294300,6520,443.89400000,897970.38909500,0
1780227900000000,2023.02000000,2023.78000000,2022.03000000,2023.27000000,1087.97580000,1780228799999999,2200642.60975300,6505,890.95820000,1802120.09971600,0
1780228800000000,2023.28000000,2023.99000000,2019.69000000,2022.08000000,1144.16830000,1780229699999999,2312149.92647100,11990,367.93220000,743606.02211600,0
1780229700000000,2022.07000000,2025.16000000,2022.07000000,2023.53000000,1038.64440000,1780230599999999,2101876.01871200,8894,812.88650000,1644942.55648200,0
1780230600000000,2023.53000000,2024.90000000,2022.55000000,2024.88000000,821.70730000,1780231499999999,1662918.56899300,5574,631.76870000,1278482.15572500,0
1780231500000000,2024.88000000,2025.05000000,2021.35000000,2022.35000000,504.56870000,1780232399999999,1020895.89867700,6727,171.16570000,346334.38300200,0
1780232400000000,2022.35000000,2024.74000000,2021.42000000,2023.87000000,1107.88700000,1780233299999999,2240814.93621900,8798,795.50350000,1608962.00922900,0
1780233300000000,2023.86000000,2026.50000000,2023.30000000,2024.44000000,749.10700000,1780234199999999,1517152.61957600,9082,525.47490000,1064236.19177100,0
1780234200000000,2024.45000000,2025.31000000,2022.20000000,2022.57000000,871.55720000,1780235099999999,1763956.23988000,9819,459.31010000,929756.49128200,0
1780235100000000,2022.56000000,2023.58000000,2019.78000000,2020.50000000,1369.09970000,1780235999999999,2768130.47666100,9958,563.06830000,1138662.79939700,0
1780236000000000,2020.50000000,2021.69000000,2011.85000000,2015.81000000,2961.69250000,1780236899999999,5973033.58358600,21032,1019.15480000,2056256.49287000,0
1780236900000000,2015.80000000,2018.30000000,2005.83000000,2011.24000000,7031.21350000,1780237799999999,14134031.69218500,70116,2562.05140000,5149896.70132300,0
1780237800000000,2011.24000000,2013.50000000,2007.73000000,2009.03000000,2498.06670000,1780238699999999,5022649.90076000,28568,1138.67860000,2289315.07572000,0
1780238700000000,2009.03000000,2012.35000000,2006.13000000,2008.06000000,2016.57760000,1780239599999999,4050971.55223000,24492,885.60730000,1779137.92635100,0
1780239600000000,2008.06000000,2011.37000000,2007.57000000,2011.32000000,1810.17000000,1780240499999999,3637943.14175800,21054,1046.51520000,2103315.71635100,0
1780240500000000,2011.32000000,2015.22000000,2010.72000000,2013.54000000,1309.63000000,1780241399999999,2636355.05116100,15585,741.01340000,1491595.02807500,0
1780241400000000,2013.54000000,2014.60000000,2008.50000000,2009.57000000,1963.86370000,1780242299999999,3950538.37263200,14874,744.98430000,1498464.83963200,0
1780242300000000,2009.57000000,2013.34000000,2009.57000000,2010.52000000,1935.97450000,1780243199999999,3894045.25183000,16082,924.64930000,1859992.81996000,0
1780243200000000,2010.52000000,2012.42000000,2006.46000000,2007.14000000,2025.15430000,1780244099999999,4070516.31405600,16799,740.05480000,1487775.77271200,0
1780244100000000,2007.13000000,2009.26000000,2003.61000000,2007.15000000,2846.62120000,1780244999999999,5710687.71857000,30517,909.02100000,1823838.25320600,0
1780245000000000,2007.16000000,2007.16000000,1997.72000000,2000.69000000,6747.17800000,1780245899999999,13499235.35456100,50648,1725.97880000,3453034.98154600,0
1780245900000000,2000.68000000,2003.18000000,1999.05000000,2002.09000000,2451.60110000,1780246799999999,4905495.19741800,19321,852.22300000,1705119.40019300,0
1780246800000000,2002.09000000,2003.90000000,1996.21000000,2000.36000000,3891.67330000,1780247699999999,7784732.02833800,27226,1440.24220000,2880846.02481200,0
1780247700000000,2000.36000000,2002.81000000,1999.64000000,2002.60000000,2088.42840000,1780248599999999,4179885.98287800,11905,594.26210000,1189340.15390100,0
1780248600000000,2002.59000000,2007.33000000,2002.59000000,2005.35000000,2576.48340000,1780249499999999,5167072.12074300,17154,932.24330000,1869494.49861900,0
1780249500000000,2005.35000000,2007.69000000,2004.86000000,2006.00000000,1951.67010000,1780250399999999,3914822.24301900,11389,518.22960000,1039546.86268900,0
1780250400000000,2006.00000000,2006.07000000,2002.00000000,2002.70000000,2335.40570000,1780251299999999,4679009.23806400,15033,601.19680000,1204446.61156000,0
1780251300000000,2002.71000000,2003.97000000,2001.02000000,2002.84000000,1838.72470000,1780252199999999,3681820.91999600,10610,324.22980000,649339.71297000,0
1780252200000000,2002.84000000,2005.00000000,2000.90000000,2000.90000000,1585.05970000,1780253099999999,3174672.40678600,8799,233.49140000,467726.52949400,0
1780253100000000,2000.90000000,2001.15000000,1999.00000000,2000.68000000,1861.40100000,1780253999999999,3722904.88920100,10868,364.30880000,728567.84043000,0
1780254000000000,2000.69000000,2002.49000000,1998.41000000,1998.57000000,1593.20980000,1780254899999999,3186982.80603600,10402,237.94990000,475994.76139700,0
1780254900000000,1998.56000000,2000.20000000,1994.48000000,1997.38000000,2639.31850000,1780255799999999,5271892.94190600,15502,531.03880000,1060397.41641700,0
1780255800000000,1997.38000000,1998.78000000,1993.75000000,1997.96000000,2486.12780000,1780256699999999,4963367.37339900,18559,756.36130000,1510146.31977100,0
1780256700000000,1997.97000000,2000.00000000,1997.57000000,1999.59000000,1726.42800000,1780257599999999,3450634.70294700,9611,631.22470000,1261501.76907700,0
1780257600000000,1999.58000000,2003.62000000,1999.58000000,2001.50000000,2864.63030000,1780258499999999,5735612.53922500,18247,1351.08970000,2704983.22752900,0
1780258500000000,2001.50000000,2004.86000000,2000.97000000,2002.92000000,1517.67700000,1780259399999999,3040008.36192900,11265,339.97670000,681008.33560100,0
1780259400000000,2002.92000000,2004.04000000,2002.29000000,2003.26000000,1312.14140000,1780260299999999,2628777.43500400,7531,201.60640000,403901.42144800,0
1780260300000000,2003.26000000,2008.25000000,2003.26000000,2007.09000000,1908.86420000,1780261199999999,3828132.27559200,10342,704.44200000,1413024.46006800,0
1780261200000000,2007.09000000,2007.43000000,2005.00000000,2006.44000000,2115.44340000,1780262099999999,4243819.75452000,13885,630.96240000,1265786.08498600,0
1780262100000000,2006.44000000,2010.00000000,2006.41000000,2007.04000000,2209.66400000,1780262999999999,4437199.41850500,17366,699.52530000,1404861.92723100,0
1780263000000000,2007.04000000,2010.11000000,2006.48000000,2009.20000000,1812.50410000,1780263899999999,3640019.86575200,14088,435.68290000,875015.44983100,0
1780263900000000,2009.20000000,2014.28000000,2009.20000000,2012.18000000,5118.12390000,1780264799999999,10297422.69856100,54508,2240.61890000,4508098.99285200,0
1780264800000000,2012.18000000,2014.42000000,2004.47000000,2011.72000000,3913.92830000,1780265699999999,7864708.24402100,35632,1100.67160000,2211676.60827900,0
1780265700000000,2011.72000000,2013.70000000,2007.46000000,2009.88000000,2432.08010000,1780266599999999,4889716.69091200,23487,789.21540000,1586822.41354000,0
1780266600000000,2009.88000000,2014.17000000,2009.82000000,2011.27000000,2090.61650000,1780267499999999,4205689.48932700,22307,683.08060000,1374023.41026500,0
1780267500000000,2011.28000000,2014.17000000,2011.28000000,2012.43000000,2198.96630000,1780268399999999,4425191.89259300,19889,969.77000000,1951460.82274200,0
1780268400000000,2012.43000000,2023.00000000,2012.42000000,2013.91000000,5218.71400000,1780269299999999,10526302.67852700,45117,2532.42700000,5108147.75012200,0
1780269300000000,2013.91000000,2015.27000000,2008.29000000,2008.86000000,2610.59550000,1780270199999999,5249327.31037600,22642,831.40450000,1671215.25361100,0
1780270200000000,2008.86000000,2009.16000000,2000.11000000,2003.10000000,4213.96220000,1780271099999999,8443972.35191800,39124,1521.76370000,3048972.86722800,0
1780271100000000,2003.11000000,2007.74000000,2002.95000000,2007.01000000,2551.54920000,1780271999999999,5118406.31382600,22394,1185.44820000,2377892.02500500,0
